id,tour_id,content,language,rating,reviewer_name,created_at
1,1,"Khách sạn và di chuyển ổn, tour có nhiều hoạt động beach, đáng cân nhắc.",vi,8.8,Thu Hà,2025-07-22 08:00:00
2,1,"Đi Phú Quốc khá vui, điểm tham quan đẹp, phù hợp nhóm thích beach.",vi,8.2,Gia Huy,2026-03-19 08:00:00
3,1,"Gia đình mình hài lòng với tour Phú Quốc, nhịp đi vừa phải và dễ tham gia.",vi,8.9,Thu Hà,2025-10-02 08:00:00
4,1,"Mình thích phần family, giá phù hợp và dịch vụ ổn so với kỳ vọng.",vi,8.8,Thu Hà,2025-08-03 08:00:00
5,1,"Đi Phú Quốc khá vui, điểm tham quan đẹp, phù hợp nhóm thích nature.",vi,7.9,Quốc Bảo,2025-10-12 08:00:00
6,2,"Mình thích phần relax, giá phù hợp và dịch vụ ổn so với kỳ vọng.",vi,10.0,Quốc Bảo,2025-02-08 08:00:00
7,2,"Đi Phú Quốc khá vui, điểm tham quan đẹp, phù hợp nhóm thích water_sports.",vi,8.8,Phương Linh,2025-04-09 08:00:00
8,2,"Gia đình mình hài lòng với tour Phú Quốc, nhịp đi vừa phải và dễ tham gia.",vi,8.5,Hoàng Nam,2025-07-06 08:00:00
9,3,"Khách sạn và di chuyển ổn, tour có nhiều hoạt động luxury, đáng cân nhắc.",vi,8.4,Minh Anh,2025-12-04 08:00:00
10,3,"Tour Hạ Long lịch trình hợp lý, hướng dẫn viên nhiệt tình, trải nghiệm photography rất rõ.",vi,6.5,Phương Linh,2025-04-28 08:00:00
11,4,"Mình thích phần nightlife, giá phù hợp và dịch vụ ổn so với kỳ vọng.",vi,7.3,Hoàng Nam,2025-12-27 08:00:00
12,4,"Gia đình mình hài lòng với tour Phú Quốc, nhịp đi vừa phải và dễ tham gia.",vi,7.7,Gia Huy,2026-04-11 08:00:00
13,4,"Gia đình mình hài lòng với tour Phú Quốc, nhịp đi vừa phải và dễ tham gia.",vi,9.5,Quốc Bảo,2025-11-11 08:00:00
14,4,"Gia đình mình hài lòng với tour Phú Quốc, nhịp đi vừa phải và dễ tham gia.",vi,9.0,Minh Anh,2026-06-02 08:00:00
15,4,"Khách sạn và di chuyển ổn, tour có nhiều hoạt động relax, đáng cân nhắc.",vi,8.2,Quốc Bảo,2025-10-26 08:00:00
16,4,"Khách sạn và di chuyển ổn, tour có nhiều hoạt động luxury, đáng cân nhắc.",vi,9.4,Thu Hà,2025-07-14 08:00:00
17,5,"Khách sạn và di chuyển ổn, tour có nhiều hoạt động water_sports, đáng cân nhắc.",vi,8.6,Minh Anh,2025-11-03 08:00:00
18,5,"Tour Phú Quốc lịch trình hợp lý, hướng dẫn viên nhiệt tình, trải nghiệm family rất rõ.",vi,9.4,Minh Anh,2025-06-08 08:00:00
19,5,"Đi Phú Quốc khá vui, điểm tham quan đẹp, phù hợp nhóm thích shopping.",vi,8.8,Quốc Bảo,2025-12-01 08:00:00
20,6,"Mình thích phần mountain, giá phù hợp và dịch vụ ổn so với kỳ vọng.",vi,8.3,Hoàng Nam,2025-03-10 08:00:00
21,6,"Tour Đà Lạt lịch trình hợp lý, hướng dẫn viên nhiệt tình, trải nghiệm food rất rõ.",vi,8.4,Hoàng Nam,2026-06-21 08:00:00
22,6,"Gia đình mình hài lòng với tour Đà Lạt, nhịp đi vừa phải và dễ tham gia.",vi,7.8,Quốc Bảo,2026-06-23 08:00:00
23,7,"Khách sạn và di chuyển ổn, tour có nhiều hoạt động spiritual, đáng cân nhắc.",vi,9.5,Phương Linh,2025-03-20 08:00:00
24,7,"Khách sạn và di chuyển ổn, tour có nhiều hoạt động relax, đáng cân nhắc.",vi,8.9,Quốc Bảo,2026-08-03 08:00:00
25,8,"Mình thích phần beach, giá phù hợp và dịch vụ ổn so với kỳ vọng.",vi,8.3,Phương Linh,2025-10-07 08:00:00
26,8,"Đi Hạ Long khá vui, điểm tham quan đẹp, phù hợp nhóm thích shopping.",vi,10.0,Thu Hà,2025-03-09 08:00:00
27,8,"Tour Hạ Long lịch trình hợp lý, hướng dẫn viên nhiệt tình, trải nghiệm shopping rất rõ.",vi,10.0,Gia Huy,2025-03-12 08:00:00
28,8,"Tour Hạ Long lịch trình hợp lý, hướng dẫn viên nhiệt tình, trải nghiệm photography rất rõ.",vi,10.0,Thu Hà,2025-08-11 08:00:00
29,8,"Tour Hạ Long lịch trình hợp lý, hướng dẫn viên nhiệt tình, trải nghiệm beach rất rõ.",vi,9.4,Hoàng Nam,2026-07-15 08:00:00
30,8,"Tour Hạ Long lịch trình hợp lý, hướng dẫn viên nhiệt tình, trải nghiệm photography rất rõ.",vi,9.0,Quốc Bảo,2025-10-06 08:00:00
31,9,"Mình thích phần beach, giá phù hợp và dịch vụ ổn so với kỳ vọng.",vi,7.8,Phương Linh,2026-07-25 08:00:00
32,9,"Đi Hạ Long khá vui, điểm tham quan đẹp, phù hợp nhóm thích relax.",vi,6.3,Hoàng Nam,2026-01-18 08:00:00
33,9,"Tour Hạ Long lịch trình hợp lý, hướng dẫn viên nhiệt tình, trải nghiệm relax rất rõ.",vi,7.7,Hoàng Nam,2026-06-23 08:00:00
34,10,"Mình thích phần food, giá phù hợp và dịch vụ ổn so với kỳ vọng.",vi,10.0,Hoàng Nam,2026-08-01 08:00:00
35,10,"Tour Đà Lạt lịch trình hợp lý, hướng dẫn viên nhiệt tình, trải nghiệm culture rất rõ.",vi,10.0,Quốc Bảo,2025-01-09 08:00:00
36,10,"Khách sạn và di chuyển ổn, tour có nhiều hoạt động food, đáng cân nhắc.",vi,9.9,Quốc Bảo,2026-08-11 08:00:00
37,10,"Tour Đà Lạt lịch trình hợp lý, hướng dẫn viên nhiệt tình, trải nghiệm food rất rõ.",vi,9.7,Gia Huy,2025-10-05 08:00:00
38,10,"Khách sạn và di chuyển ổn, tour có nhiều hoạt động food, đáng cân nhắc.",vi,10.0,Gia Huy,2025-04-02 08:00:00
39,10,"Gia đình mình hài lòng với tour Đà Lạt, nhịp đi vừa phải và dễ tham gia.",vi,8.9,Gia Huy,2026-03-13 08:00:00
40,11,"Tour Nha Trang lịch trình hợp lý, hướng dẫn viên nhiệt tình, trải nghiệm beach rất rõ.",vi,9.0,Gia Huy,2026-07-15 08:00:00
41,11,"Mình thích phần photography, giá phù hợp và dịch vụ ổn so với kỳ vọng.",vi,8.2,Phương Linh,2026-03-03 08:00:00
42,11,"Đi Nha Trang khá vui, điểm tham quan đẹp, phù hợp nhóm thích family.",vi,9.4,Hoàng Nam,2025-07-09 08:00:00
43,11,"Mình thích phần beach, giá phù hợp và dịch vụ ổn so với kỳ vọng.",vi,9.2,Thu Hà,2025-05-12 08:00:00
44,11,"Mình thích phần family, giá phù hợp và dịch vụ ổn so với kỳ vọng.",vi,10.0,Gia Huy,2025-03-09 08:00:00
45,11,"Khách sạn và di chuyển ổn, tour có nhiều hoạt động family, đáng cân nhắc.",vi,8.5,Thu Hà,2025-12-01 08:00:00
46,12,"Mình thích phần mountain, giá phù hợp và dịch vụ ổn so với kỳ vọng.",vi,10.0,Hoàng Nam,2026-02-13 08:00:00
47,12,"Khách sạn và di chuyển ổn, tour có nhiều hoạt động budget, đáng cân nhắc.",vi,8.8,Gia Huy,2026-02-23 08:00:00
48,12,"Gia đình mình hài lòng với tour Đà Lạt, nhịp đi vừa phải và dễ tham gia.",vi,10.0,Gia Huy,2025-10-24 08:00:00
49,12,"Tour Đà Lạt lịch trình hợp lý, hướng dẫn viên nhiệt tình, trải nghiệm nature rất rõ.",vi,8.9,Thu Hà,2026-04-11 08:00:00
50,13,"Mình thích phần cruise, giá phù hợp và dịch vụ ổn so với kỳ vọng.",vi,10.0,Phương Linh,2025-08-01 08:00:00
51,13,"Khách sạn và di chuyển ổn, tour có nhiều hoạt động luxury, đáng cân nhắc.",vi,9.0,Phương Linh,2025-12-09 08:00:00
52,14,"Khách sạn và di chuyển ổn, tour có nhiều hoạt động family, đáng cân nhắc.",vi,9.8,Minh Anh,2025-12-02 08:00:00
53,14,"Gia đình mình hài lòng với tour Đà Nẵng, nhịp đi vừa phải và dễ tham gia.",vi,9.2,Hoàng Nam,2025-09-25 08:00:00
54,14,"Đi Đà Nẵng khá vui, điểm tham quan đẹp, phù hợp nhóm thích photography.",vi,9.2,Phương Linh,2025-08-14 08:00:00
55,14,"Đi Đà Nẵng khá vui, điểm tham quan đẹp, phù hợp nhóm thích beach.",vi,9.0,Minh Anh,2025-06-16 08:00:00
56,15,"Tour Huế lịch trình hợp lý, hướng dẫn viên nhiệt tình, trải nghiệm history rất rõ.",vi,8.8,Phương Linh,2026-01-10 08:00:00
57,15,"Gia đình mình hài lòng với tour Huế, nhịp đi vừa phải và dễ tham gia.",vi,9.3,Gia Huy,2025-12-31 08:00:00
58,15,"Đi Huế khá vui, điểm tham quan đẹp, phù hợp nhóm thích spiritual.",vi,6.9,Thu Hà,2025-12-31 08:00:00
59,15,"Mình thích phần spiritual, giá phù hợp và dịch vụ ổn so với kỳ vọng.",vi,9.1,Phương Linh,2025-05-11 08:00:00
60,15,"Gia đình mình hài lòng với tour Huế, nhịp đi vừa phải và dễ tham gia.",vi,8.7,Hoàng Nam,2026-06-10 08:00:00
61,15,"Gia đình mình hài lòng với tour Huế, nhịp đi vừa phải và dễ tham gia.",vi,9.8,Phương Linh,2025-08-28 08:00:00
62,16,"Đi TP. Hồ Chí Minh khá vui, điểm tham quan đẹp, phù hợp nhóm thích shopping.",vi,8.9,Hoàng Nam,2025-09-21 08:00:00
63,16,"Tour TP. Hồ Chí Minh lịch trình hợp lý, hướng dẫn viên nhiệt tình, trải nghiệm city rất rõ.",vi,9.6,Thu Hà,2025-11-02 08:00:00
64,16,"Tour TP. Hồ Chí Minh lịch trình hợp lý, hướng dẫn viên nhiệt tình, trải nghiệm nightlife rất rõ.",vi,9.9,Phương Linh,2026-03-19 08:00:00
65,17,"Gia đình mình hài lòng với tour Phú Quốc, nhịp đi vừa phải và dễ tham gia.",vi,9.6,Hoàng Nam,2025-06-01 08:00:00
66,17,"Khách sạn và di chuyển ổn, tour có nhiều hoạt động luxury, đáng cân nhắc.",vi,8.2,Minh Anh,2025-09-14 08:00:00
67,17,"Gia đình mình hài lòng với tour Phú Quốc, nhịp đi vừa phải và dễ tham gia.",vi,8.8,Quốc Bảo,2026-06-05 08:00:00
68,17,"Tour Phú Quốc lịch trình hợp lý, hướng dẫn viên nhiệt tình, trải nghiệm water_sports rất rõ.",vi,9.4,Gia Huy,2026-07-04 08:00:00
69,18,"Gia đình mình hài lòng với tour Huế, nhịp đi vừa phải và dễ tham gia.",vi,7.9,Hoàng Nam,2026-07-17 08:00:00
70,18,"Gia đình mình hài lòng với tour Huế, nhịp đi vừa phải và dễ tham gia.",vi,9.1,Thu Hà,2025-01-21 08:00:00
71,18,"Đi Huế khá vui, điểm tham quan đẹp, phù hợp nhóm thích food.",vi,7.6,Gia Huy,2026-01-06 08:00:00
72,19,"Mình thích phần beach, giá phù hợp và dịch vụ ổn so với kỳ vọng.",vi,9.8,Hoàng Nam,2025-06-07 08:00:00
73,19,"Khách sạn và di chuyển ổn, tour có nhiều hoạt động city, đáng cân nhắc.",vi,8.3,Quốc Bảo,2026-02-06 08:00:00
74,20,"Khách sạn và di chuyển ổn, tour có nhiều hoạt động photography, đáng cân nhắc.",vi,7.1,Thu Hà,2026-07-30 08:00:00
75,20,"Khách sạn và di chuyển ổn, tour có nhiều hoạt động history, đáng cân nhắc.",vi,9.3,Hoàng Nam,2025-06-08 08:00:00
76,20,"Đi Hội An khá vui, điểm tham quan đẹp, phù hợp nhóm thích romantic.",vi,7.5,Phương Linh,2026-06-08 08:00:00
77,20,"Tour Hội An lịch trình hợp lý, hướng dẫn viên nhiệt tình, trải nghiệm food rất rõ.",vi,7.3,Minh Anh,2026-08-06 08:00:00
78,20,"Tour Hội An lịch trình hợp lý, hướng dẫn viên nhiệt tình, trải nghiệm beach rất rõ.",vi,7.4,Quốc Bảo,2025-01-07 08:00:00
79,21,"Tour Nha Trang lịch trình hợp lý, hướng dẫn viên nhiệt tình, trải nghiệm beach rất rõ.",vi,9.0,Hoàng Nam,2025-09-09 08:00:00
80,21,"Khách sạn và di chuyển ổn, tour có nhiều hoạt động food, đáng cân nhắc.",vi,9.3,Quốc Bảo,2025-02-10 08:00:00
81,22,"Khách sạn và di chuyển ổn, tour có nhiều hoạt động food, đáng cân nhắc.",vi,8.8,Quốc Bảo,2026-03-17 08:00:00
82,22,"Tour Đà Lạt lịch trình hợp lý, hướng dẫn viên nhiệt tình, trải nghiệm spiritual rất rõ.",vi,6.5,Quốc Bảo,2025-08-05 08:00:00
83,23,"Tour Sa Pa lịch trình hợp lý, hướng dẫn viên nhiệt tình, trải nghiệm adventure rất rõ.",vi,7.9,Gia Huy,2025-07-30 08:00:00
84,23,"Tour Sa Pa lịch trình hợp lý, hướng dẫn viên nhiệt tình, trải nghiệm adventure rất rõ.",vi,8.6,Phương Linh,2026-03-04 08:00:00
85,24,"Đi Đà Nẵng khá vui, điểm tham quan đẹp, phù hợp nhóm thích city.",vi,7.1,Quốc Bảo,2025-06-10 08:00:00
86,24,"Gia đình mình hài lòng với tour Đà Nẵng, nhịp đi vừa phải và dễ tham gia.",vi,7.8,Thu Hà,2025-06-01 08:00:00
87,24,"Tour Đà Nẵng lịch trình hợp lý, hướng dẫn viên nhiệt tình, trải nghiệm romantic rất rõ.",vi,9.5,Minh Anh,2025-01-10 08:00:00
88,24,"Đi Đà Nẵng khá vui, điểm tham quan đẹp, phù hợp nhóm thích food.",vi,8.2,Minh Anh,2026-05-14 08:00:00
89,25,"Tour Đà Lạt lịch trình hợp lý, hướng dẫn viên nhiệt tình, trải nghiệm family rất rõ.",vi,9.7,Thu Hà,2025-06-20 08:00:00
90,25,"Đi Đà Lạt khá vui, điểm tham quan đẹp, phù hợp nhóm thích nature.",vi,8.7,Quốc Bảo,2025-06-11 08:00:00
91,25,"Gia đình mình hài lòng với tour Đà Lạt, nhịp đi vừa phải và dễ tham gia.",vi,10.0,Hoàng Nam,2025-01-17 08:00:00
92,25,"Mình thích phần romantic, giá phù hợp và dịch vụ ổn so với kỳ vọng.",vi,8.4,Thu Hà,2025-05-03 08:00:00
93,26,"Mình thích phần beach, giá phù hợp và dịch vụ ổn so với kỳ vọng.",vi,10.0,Phương Linh,2026-02-20 08:00:00
94,26,"Đi Đà Lạt khá vui, điểm tham quan đẹp, phù hợp nhóm thích history.",vi,8.9,Quốc Bảo,2025-08-06 08:00:00
95,26,"Gia đình mình hài lòng với tour Đà Lạt, nhịp đi vừa phải và dễ tham gia.",vi,10.0,Gia Huy,2026-03-22 08:00:00
96,27,"Mình thích phần photography, giá phù hợp và dịch vụ ổn so với kỳ vọng.",vi,9.1,Quốc Bảo,2026-03-13 08:00:00
97,27,"Đi Sa Pa khá vui, điểm tham quan đẹp, phù hợp nhóm thích mountain.",vi,8.2,Minh Anh,2026-04-02 08:00:00
98,27,"Đi Sa Pa khá vui, điểm tham quan đẹp, phù hợp nhóm thích mountain.",vi,8.4,Minh Anh,2026-05-07 08:00:00
99,27,"Tour Sa Pa lịch trình hợp lý, hướng dẫn viên nhiệt tình, trải nghiệm mountain rất rõ.",vi,8.0,Quốc Bảo,2026-02-04 08:00:00
100,27,"Gia đình mình hài lòng với tour Sa Pa, nhịp đi vừa phải và dễ tham gia.",vi,7.6,Phương Linh,2025-10-31 08:00:00
101,28,"Mình thích phần nightlife, giá phù hợp và dịch vụ ổn so với kỳ vọng.",vi,8.2,Phương Linh,2025-08-02 08:00:00
102,28,"Gia đình mình hài lòng với tour Côn Đảo, nhịp đi vừa phải và dễ tham gia.",vi,8.3,Hoàng Nam,2025-06-24 08:00:00
103,28,"Mình thích phần wildlife, giá phù hợp và dịch vụ ổn so với kỳ vọng.",vi,8.8,Thu Hà,2026-05-08 08:00:00
104,28,"Khách sạn và di chuyển ổn, tour có nhiều hoạt động relax, đáng cân nhắc.",vi,9.0,Thu Hà,2025-11-24 08:00:00
105,29,"Đi Phú Quốc khá vui, điểm tham quan đẹp, phù hợp nhóm thích luxury.",vi,6.9,Gia Huy,2026-01-02 08:00:00
106,29,"Khách sạn và di chuyển ổn, tour có nhiều hoạt động family, đáng cân nhắc.",vi,6.6,Minh Anh,2026-07-18 08:00:00
107,30,"Gia đình mình hài lòng với tour Sa Pa, nhịp đi vừa phải và dễ tham gia.",vi,8.5,Hoàng Nam,2025-08-26 08:00:00
108,30,"Khách sạn và di chuyển ổn, tour có nhiều hoạt động nature, đáng cân nhắc.",vi,7.0,Minh Anh,2026-02-21 08:00:00
109,30,"Tour Sa Pa lịch trình hợp lý, hướng dẫn viên nhiệt tình, trải nghiệm photography rất rõ.",vi,7.5,Hoàng Nam,2025-03-18 08:00:00
110,30,"Tour Sa Pa lịch trình hợp lý, hướng dẫn viên nhiệt tình, trải nghiệm mountain rất rõ.",vi,8.0,Phương Linh,2025-11-04 08:00:00
111,30,"Khách sạn và di chuyển ổn, tour có nhiều hoạt động spiritual, đáng cân nhắc.",vi,6.3,Hoàng Nam,2025-12-22 08:00:00
112,30,"Gia đình mình hài lòng với tour Sa Pa, nhịp đi vừa phải và dễ tham gia.",vi,8.4,Quốc Bảo,2026-07-19 08:00:00
113,31,"Mình thích phần photography, giá phù hợp và dịch vụ ổn so với kỳ vọng.",vi,9.1,Phương Linh,2025-04-25 08:00:00
114,31,"Khách sạn và di chuyển ổn, tour có nhiều hoạt động cruise, đáng cân nhắc.",vi,9.1,Quốc Bảo,2026-02-26 08:00:00
115,32,"Đi Phú Quốc khá vui, điểm tham quan đẹp, phù hợp nhóm thích spiritual.",vi,6.2,Hoàng Nam,2026-03-23 08:00:00
116,32,"Khách sạn và di chuyển ổn, tour có nhiều hoạt động family, đáng cân nhắc.",vi,6.5,Phương Linh,2025-01-22 08:00:00
117,32,"Khách sạn và di chuyển ổn, tour có nhiều hoạt động wildlife, đáng cân nhắc.",vi,7.7,Phương Linh,2025-11-09 08:00:00
118,32,"Mình thích phần wildlife, giá phù hợp và dịch vụ ổn so với kỳ vọng.",vi,8.5,Minh Anh,2025-10-07 08:00:00
119,33,"Gia đình mình hài lòng với tour Hội An, nhịp đi vừa phải và dễ tham gia.",vi,9.5,Hoàng Nam,2026-05-10 08:00:00
120,33,"Khách sạn và di chuyển ổn, tour có nhiều hoạt động culture, đáng cân nhắc.",vi,8.6,Minh Anh,2025-01-23 08:00:00
121,33,"Tour Hội An lịch trình hợp lý, hướng dẫn viên nhiệt tình, trải nghiệm mountain rất rõ.",vi,9.9,Phương Linh,2025-10-06 08:00:00
122,33,"Gia đình mình hài lòng với tour Hội An, nhịp đi vừa phải và dễ tham gia.",vi,8.9,Hoàng Nam,2025-08-21 08:00:00
123,34,"Tour Cao Bằng lịch trình hợp lý, hướng dẫn viên nhiệt tình, trải nghiệm mountain rất rõ.",vi,8.4,Quốc Bảo,2026-04-18 08:00:00
124,34,"Tour Cao Bằng lịch trình hợp lý, hướng dẫn viên nhiệt tình, trải nghiệm mountain rất rõ.",vi,6.4,Phương Linh,2026-01-31 08:00:00
125,34,"Khách sạn và di chuyển ổn, tour có nhiều hoạt động adventure, đáng cân nhắc.",vi,8.0,Thu Hà,2025-04-20 08:00:00
126,34,"Đi Cao Bằng khá vui, điểm tham quan đẹp, phù hợp nhóm thích budget.",vi,7.8,Gia Huy,2026-04-19 08:00:00
127,34,"Khách sạn và di chuyển ổn, tour có nhiều hoạt động shopping, đáng cân nhắc.",vi,7.5,Thu Hà,2026-07-20 08:00:00
128,34,"Khách sạn và di chuyển ổn, tour có nhiều hoạt động adventure, đáng cân nhắc.",vi,7.9,Phương Linh,2025-01-25 08:00:00
129,35,"Gia đình mình hài lòng với tour Hội An, nhịp đi vừa phải và dễ tham gia.",vi,7.7,Phương Linh,2025-06-23 08:00:00
130,35,"Mình thích phần food, giá phù hợp và dịch vụ ổn so với kỳ vọng.",vi,7.1,Gia Huy,2026-04-11 08:00:00
131,35,"Gia đình mình hài lòng với tour Hội An, nhịp đi vừa phải và dễ tham gia.",vi,6.9,Gia Huy,2025-03-01 08:00:00
132,36,"Mình thích phần mountain, giá phù hợp và dịch vụ ổn so với kỳ vọng.",vi,9.1,Hoàng Nam,2025-12-18 08:00:00
133,36,"Gia đình mình hài lòng với tour Đà Lạt, nhịp đi vừa phải và dễ tham gia.",vi,8.3,Thu Hà,2026-04-30 08:00:00
134,36,"Khách sạn và di chuyển ổn, tour có nhiều hoạt động food, đáng cân nhắc.",vi,7.9,Phương Linh,2025-07-05 08:00:00
135,36,"Mình thích phần nature, giá phù hợp và dịch vụ ổn so với kỳ vọng.",vi,8.6,Hoàng Nam,2025-09-24 08:00:00
136,36,"Gia đình mình hài lòng với tour Đà Lạt, nhịp đi vừa phải và dễ tham gia.",vi,8.9,Thu Hà,2025-04-19 08:00:00
137,37,"Gia đình mình hài lòng với tour Huế, nhịp đi vừa phải và dễ tham gia.",vi,10.0,Quốc Bảo,2025-07-30 08:00:00
138,37,"Khách sạn và di chuyển ổn, tour có nhiều hoạt động water_sports, đáng cân nhắc.",vi,9.1,Gia Huy,2025-07-03 08:00:00
139,37,"Khách sạn và di chuyển ổn, tour có nhiều hoạt động spiritual, đáng cân nhắc.",vi,10.0,Quốc Bảo,2025-03-11 08:00:00
140,37,"Gia đình mình hài lòng với tour Huế, nhịp đi vừa phải và dễ tham gia.",vi,7.6,Minh Anh,2025-03-16 08:00:00
141,37,"Tour Huế lịch trình hợp lý, hướng dẫn viên nhiệt tình, trải nghiệm water_sports rất rõ.",vi,10.0,Gia Huy,2025-12-07 08:00:00
142,38,"Gia đình mình hài lòng với tour Đà Nẵng, nhịp đi vừa phải và dễ tham gia.",vi,9.9,Hoàng Nam,2025-06-08 08:00:00
143,38,"Đi Đà Nẵng khá vui, điểm tham quan đẹp, phù hợp nhóm thích shopping.",vi,9.1,Hoàng Nam,2025-09-28 08:00:00
144,39,"Tour Côn Đảo lịch trình hợp lý, hướng dẫn viên nhiệt tình, trải nghiệm shopping rất rõ.",vi,8.0,Quốc Bảo,2025-01-22 08:00:00
145,39,"Đi Côn Đảo khá vui, điểm tham quan đẹp, phù hợp nhóm thích shopping.",vi,7.5,Hoàng Nam,2025-02-16 08:00:00
146,40,"Tour Đà Lạt lịch trình hợp lý, hướng dẫn viên nhiệt tình, trải nghiệm food rất rõ.",vi,8.0,Thu Hà,2025-11-01 08:00:00
147,40,"Gia đình mình hài lòng với tour Đà Lạt, nhịp đi vừa phải và dễ tham gia.",vi,8.8,Phương Linh,2026-02-22 08:00:00
148,40,"Gia đình mình hài lòng với tour Đà Lạt, nhịp đi vừa phải và dễ tham gia.",vi,6.9,Minh Anh,2024-12-23 08:00:00
149,40,"Khách sạn và di chuyển ổn, tour có nhiều hoạt động mountain, đáng cân nhắc.",vi,6.7,Quốc Bảo,2026-07-22 08:00:00
150,40,"Khách sạn và di chuyển ổn, tour có nhiều hoạt động photography, đáng cân nhắc.",vi,7.6,Hoàng Nam,2026-01-09 08:00:00
151,40,"Mình thích phần food, giá phù hợp và dịch vụ ổn so với kỳ vọng.",vi,7.1,Minh Anh,2025-02-06 08:00:00
152,41,"Gia đình mình hài lòng với tour Đà Nẵng, nhịp đi vừa phải và dễ tham gia.",vi,8.6,Quốc Bảo,2025-10-08 08:00:00
153,41,"Khách sạn và di chuyển ổn, tour có nhiều hoạt động family, đáng cân nhắc.",vi,9.6,Thu Hà,2026-04-23 08:00:00
154,42,"Tour Hà Nội lịch trình hợp lý, hướng dẫn viên nhiệt tình, trải nghiệm spiritual rất rõ.",vi,7.8,Gia Huy,2026-04-07 08:00:00
155,42,"Mình thích phần city, giá phù hợp và dịch vụ ổn so với kỳ vọng.",vi,10.0,Hoàng Nam,2025-02-02 08:00:00
156,42,"Gia đình mình hài lòng với tour Hà Nội, nhịp đi vừa phải và dễ tham gia.",vi,9.7,Gia Huy,2026-03-28 08:00:00
157,42,"Gia đình mình hài lòng với tour Hà Nội, nhịp đi vừa phải và dễ tham gia.",vi,9.7,Thu Hà,2026-01-24 08:00:00
158,42,"Khách sạn và di chuyển ổn, tour có nhiều hoạt động history, đáng cân nhắc.",vi,7.8,Gia Huy,2025-12-06 08:00:00
159,42,"Đi Hà Nội khá vui, điểm tham quan đẹp, phù hợp nhóm thích city.",vi,7.7,Phương Linh,2025-07-21 08:00:00
160,43,"Gia đình mình hài lòng với tour Hội An, nhịp đi vừa phải và dễ tham gia.",vi,7.6,Minh Anh,2026-01-04 08:00:00
161,43,"Mình thích phần culture, giá phù hợp và dịch vụ ổn so với kỳ vọng.",vi,8.3,Phương Linh,2026-05-09 08:00:00
162,43,"Đi Hội An khá vui, điểm tham quan đẹp, phù hợp nhóm thích photography.",vi,9.5,Gia Huy,2026-06-25 08:00:00
163,43,"Khách sạn và di chuyển ổn, tour có nhiều hoạt động nightlife, đáng cân nhắc.",vi,7.8,Phương Linh,2025-03-12 08:00:00
164,43,"Mình thích phần history, giá phù hợp và dịch vụ ổn so với kỳ vọng.",vi,9.3,Hoàng Nam,2025-06-27 08:00:00
165,43,"Tour Hội An lịch trình hợp lý, hướng dẫn viên nhiệt tình, trải nghiệm culture rất rõ.",vi,9.4,Phương Linh,2025-11-29 08:00:00
166,44,"Đi Côn Đảo khá vui, điểm tham quan đẹp, phù hợp nhóm thích adventure.",vi,7.6,Minh Anh,2025-01-21 08:00:00
167,44,"Tour Côn Đảo lịch trình hợp lý, hướng dẫn viên nhiệt tình, trải nghiệm beach rất rõ.",vi,7.3,Minh Anh,2025-11-20 08:00:00
168,45,"Khách sạn và di chuyển ổn, tour có nhiều hoạt động photography, đáng cân nhắc.",vi,7.9,Thu Hà,2025-06-02 08:00:00
169,45,"Gia đình mình hài lòng với tour Cao Bằng, nhịp đi vừa phải và dễ tham gia.",vi,8.7,Phương Linh,2025-05-20 08:00:00
170,45,"Tour Cao Bằng lịch trình hợp lý, hướng dẫn viên nhiệt tình, trải nghiệm mountain rất rõ.",vi,7.7,Hoàng Nam,2026-05-09 08:00:00
171,45,"Khách sạn và di chuyển ổn, tour có nhiều hoạt động mountain, đáng cân nhắc.",vi,7.6,Phương Linh,2025-07-11 08:00:00
172,46,"Đi Hội An khá vui, điểm tham quan đẹp, phù hợp nhóm thích food.",vi,9.4,Thu Hà,2025-07-10 08:00:00
173,46,"Mình thích phần festival, giá phù hợp và dịch vụ ổn so với kỳ vọng.",vi,10.0,Quốc Bảo,2025-10-19 08:00:00
174,46,"Gia đình mình hài lòng với tour Hội An, nhịp đi vừa phải và dễ tham gia.",vi,9.3,Quốc Bảo,2025-07-26 08:00:00
175,46,"Đi Hội An khá vui, điểm tham quan đẹp, phù hợp nhóm thích culture.",vi,8.6,Phương Linh,2025-03-12 08:00:00
176,46,"Gia đình mình hài lòng với tour Hội An, nhịp đi vừa phải và dễ tham gia.",vi,9.1,Phương Linh,2026-03-27 08:00:00
177,47,"Đi Côn Đảo khá vui, điểm tham quan đẹp, phù hợp nhóm thích city.",vi,9.2,Hoàng Nam,2026-05-11 08:00:00
178,47,"Mình thích phần spiritual, giá phù hợp và dịch vụ ổn so với kỳ vọng.",vi,8.9,Quốc Bảo,2025-02-17 08:00:00
179,47,"Đi Côn Đảo khá vui, điểm tham quan đẹp, phù hợp nhóm thích history.",vi,8.5,Phương Linh,2026-08-01 08:00:00
180,47,"Tour Côn Đảo lịch trình hợp lý, hướng dẫn viên nhiệt tình, trải nghiệm relax rất rõ.",vi,9.6,Phương Linh,2025-05-12 08:00:00
181,47,"Mình thích phần relax, giá phù hợp và dịch vụ ổn so với kỳ vọng.",vi,9.9,Gia Huy,2025-07-29 08:00:00
182,48,"Mình thích phần festival, giá phù hợp và dịch vụ ổn so với kỳ vọng.",vi,8.1,Thu Hà,2025-08-09 08:00:00
183,48,"Gia đình mình hài lòng với tour Hội An, nhịp đi vừa phải và dễ tham gia.",vi,10.0,Minh Anh,2026-04-09 08:00:00
184,48,"Mình thích phần photography, giá phù hợp và dịch vụ ổn so với kỳ vọng.",vi,9.1,Thu Hà,2025-09-29 08:00:00
185,48,"Đi Hội An khá vui, điểm tham quan đẹp, phù hợp nhóm thích wildlife.",vi,9.5,Quốc Bảo,2026-03-04 08:00:00
186,49,"Gia đình mình hài lòng với tour Phú Quốc, nhịp đi vừa phải và dễ tham gia.",vi,8.8,Quốc Bảo,2026-05-20 08:00:00
187,49,"Tour Phú Quốc lịch trình hợp lý, hướng dẫn viên nhiệt tình, trải nghiệm water_sports rất rõ.",vi,7.4,Gia Huy,2026-04-19 08:00:00
188,49,"Tour Phú Quốc lịch trình hợp lý, hướng dẫn viên nhiệt tình, trải nghiệm relax rất rõ.",vi,6.6,Minh Anh,2026-04-11 08:00:00
189,49,"Tour Phú Quốc lịch trình hợp lý, hướng dẫn viên nhiệt tình, trải nghiệm beach rất rõ.",vi,8.9,Gia Huy,2025-04-29 08:00:00
190,50,"Gia đình mình hài lòng với tour Sa Pa, nhịp đi vừa phải và dễ tham gia.",vi,8.3,Phương Linh,2025-09-21 08:00:00
191,50,"Gia đình mình hài lòng với tour Sa Pa, nhịp đi vừa phải và dễ tham gia.",vi,9.1,Phương Linh,2024-12-27 08:00:00
192,51,"Gia đình mình hài lòng với tour Côn Đảo, nhịp đi vừa phải và dễ tham gia.",vi,7.3,Quốc Bảo,2026-03-26 08:00:00
193,51,"Gia đình mình hài lòng với tour Côn Đảo, nhịp đi vừa phải và dễ tham gia.",vi,8.3,Quốc Bảo,2026-04-16 08:00:00
194,51,"Gia đình mình hài lòng với tour Côn Đảo, nhịp đi vừa phải và dễ tham gia.",vi,7.7,Thu Hà,2026-03-15 08:00:00
195,51,"Gia đình mình hài lòng với tour Côn Đảo, nhịp đi vừa phải và dễ tham gia.",vi,8.8,Phương Linh,2025-05-27 08:00:00
196,51,"Đi Côn Đảo khá vui, điểm tham quan đẹp, phù hợp nhóm thích family.",vi,9.1,Hoàng Nam,2025-12-08 08:00:00
197,51,"Đi Côn Đảo khá vui, điểm tham quan đẹp, phù hợp nhóm thích beach.",vi,7.6,Thu Hà,2025-04-18 08:00:00
198,52,"Mình thích phần adventure, giá phù hợp và dịch vụ ổn so với kỳ vọng.",vi,8.7,Gia Huy,2026-03-28 08:00:00
199,52,"Tour Hội An lịch trình hợp lý, hướng dẫn viên nhiệt tình, trải nghiệm romantic rất rõ.",vi,8.0,Phương Linh,2025-09-11 08:00:00
200,52,"Khách sạn và di chuyển ổn, tour có nhiều hoạt động family, đáng cân nhắc.",vi,7.0,Phương Linh,2025-11-15 08:00:00
201,52,"Đi Hội An khá vui, điểm tham quan đẹp, phù hợp nhóm thích history.",vi,8.0,Quốc Bảo,2026-05-19 08:00:00
202,52,"Khách sạn và di chuyển ổn, tour có nhiều hoạt động romantic, đáng cân nhắc.",vi,8.1,Quốc Bảo,2026-04-16 08:00:00
203,53,"Khách sạn và di chuyển ổn, tour có nhiều hoạt động food, đáng cân nhắc.",vi,9.0,Quốc Bảo,2026-02-03 08:00:00
204,53,"Khách sạn và di chuyển ổn, tour có nhiều hoạt động romantic, đáng cân nhắc.",vi,8.4,Thu Hà,2026-04-13 08:00:00
205,53,"Tour Hội An lịch trình hợp lý, hướng dẫn viên nhiệt tình, trải nghiệm history rất rõ.",vi,8.7,Hoàng Nam,2025-06-07 08:00:00
206,54,"Khách sạn và di chuyển ổn, tour có nhiều hoạt động food, đáng cân nhắc.",vi,6.4,Thu Hà,2025-01-16 08:00:00
207,54,"Tour Đà Nẵng lịch trình hợp lý, hướng dẫn viên nhiệt tình, trải nghiệm photography rất rõ.",vi,6.8,Gia Huy,2026-05-23 08:00:00
208,55,"Mình thích phần spiritual, giá phù hợp và dịch vụ ổn so với kỳ vọng.",vi,6.8,Minh Anh,2025-06-05 08:00:00
209,55,"Đi Sa Pa khá vui, điểm tham quan đẹp, phù hợp nhóm thích culture.",vi,7.8,Phương Linh,2025-02-26 08:00:00
210,55,"Đi Sa Pa khá vui, điểm tham quan đẹp, phù hợp nhóm thích adventure.",vi,8.8,Quốc Bảo,2026-05-09 08:00:00
211,55,"Đi Sa Pa khá vui, điểm tham quan đẹp, phù hợp nhóm thích nature.",vi,8.0,Thu Hà,2025-03-18 08:00:00
212,55,"Đi Sa Pa khá vui, điểm tham quan đẹp, phù hợp nhóm thích family.",vi,7.0,Phương Linh,2025-09-03 08:00:00
213,55,"Tour Sa Pa lịch trình hợp lý, hướng dẫn viên nhiệt tình, trải nghiệm culture rất rõ.",vi,7.8,Thu Hà,2025-09-17 08:00:00
214,56,"Đi Côn Đảo khá vui, điểm tham quan đẹp, phù hợp nhóm thích wildlife.",vi,10.0,Phương Linh,2026-04-28 08:00:00
215,56,"Tour Côn Đảo lịch trình hợp lý, hướng dẫn viên nhiệt tình, trải nghiệm wildlife rất rõ.",vi,10.0,Minh Anh,2026-07-29 08:00:00
216,56,"Đi Côn Đảo khá vui, điểm tham quan đẹp, phù hợp nhóm thích relax.",vi,8.5,Phương Linh,2026-06-29 08:00:00
217,57,"Mình thích phần shopping, giá phù hợp và dịch vụ ổn so với kỳ vọng.",vi,8.9,Thu Hà,2026-08-11 08:00:00
218,57,"Tour Hà Nội lịch trình hợp lý, hướng dẫn viên nhiệt tình, trải nghiệm spiritual rất rõ.",vi,7.3,Hoàng Nam,2025-09-30 08:00:00
219,58,"Đi TP. Hồ Chí Minh khá vui, điểm tham quan đẹp, phù hợp nhóm thích history.",vi,8.1,Quốc Bảo,2025-05-19 08:00:00
220,58,"Tour TP. Hồ Chí Minh lịch trình hợp lý, hướng dẫn viên nhiệt tình, trải nghiệm food rất rõ.",vi,6.9,Minh Anh,2025-10-16 08:00:00
221,58,"Khách sạn và di chuyển ổn, tour có nhiều hoạt động history, đáng cân nhắc.",vi,9.1,Hoàng Nam,2025-08-17 08:00:00
222,58,"Tour TP. Hồ Chí Minh lịch trình hợp lý, hướng dẫn viên nhiệt tình, trải nghiệm history rất rõ.",vi,7.1,Hoàng Nam,2025-07-24 08:00:00
223,58,"Đi TP. Hồ Chí Minh khá vui, điểm tham quan đẹp, phù hợp nhóm thích shopping.",vi,7.5,Minh Anh,2026-03-26 08:00:00
224,59,"Mình thích phần culture, giá phù hợp và dịch vụ ổn so với kỳ vọng.",vi,7.9,Quốc Bảo,2026-01-05 08:00:00
225,59,"Khách sạn và di chuyển ổn, tour có nhiều hoạt động spiritual, đáng cân nhắc.",vi,9.0,Quốc Bảo,2025-01-05 08:00:00
226,59,"Mình thích phần history, giá phù hợp và dịch vụ ổn so với kỳ vọng.",vi,8.1,Thu Hà,2026-03-24 08:00:00
227,59,"Đi Huế khá vui, điểm tham quan đẹp, phù hợp nhóm thích culture.",vi,7.6,Gia Huy,2025-01-03 08:00:00
228,59,"Gia đình mình hài lòng với tour Huế, nhịp đi vừa phải và dễ tham gia.",vi,7.9,Hoàng Nam,2026-01-28 08:00:00
229,60,"Mình thích phần water_sports, giá phù hợp và dịch vụ ổn so với kỳ vọng.",vi,8.3,Quốc Bảo,2025-10-03 08:00:00
230,60,"Đi Hà Nội khá vui, điểm tham quan đẹp, phù hợp nhóm thích city.",vi,10.0,Quốc Bảo,2025-03-27 08:00:00
231,60,"Mình thích phần city, giá phù hợp và dịch vụ ổn so với kỳ vọng.",vi,8.0,Minh Anh,2026-03-01 08:00:00
232,60,"Đi Hà Nội khá vui, điểm tham quan đẹp, phù hợp nhóm thích city.",vi,8.6,Thu Hà,2025-09-08 08:00:00
233,60,"Khách sạn và di chuyển ổn, tour có nhiều hoạt động budget, đáng cân nhắc.",vi,8.7,Phương Linh,2025-05-14 08:00:00
234,61,"Gia đình mình hài lòng với tour Sa Pa, nhịp đi vừa phải và dễ tham gia.",vi,7.3,Gia Huy,2026-06-08 08:00:00
235,61,"Khách sạn và di chuyển ổn, tour có nhiều hoạt động nature, đáng cân nhắc.",vi,7.3,Phương Linh,2025-03-15 08:00:00
236,61,"Mình thích phần adventure, giá phù hợp và dịch vụ ổn so với kỳ vọng.",vi,6.8,Gia Huy,2026-05-25 08:00:00
237,61,"Khách sạn và di chuyển ổn, tour có nhiều hoạt động mountain, đáng cân nhắc.",vi,6.8,Gia Huy,2025-02-13 08:00:00
238,61,"Tour Sa Pa lịch trình hợp lý, hướng dẫn viên nhiệt tình, trải nghiệm adventure rất rõ.",vi,7.0,Gia Huy,2025-05-10 08:00:00
239,62,"Khách sạn và di chuyển ổn, tour có nhiều hoạt động luxury, đáng cân nhắc.",vi,6.2,Phương Linh,2026-08-12 08:00:00
240,62,"Mình thích phần family, giá phù hợp và dịch vụ ổn so với kỳ vọng.",vi,7.8,Gia Huy,2026-04-27 08:00:00
241,62,"Mình thích phần culture, giá phù hợp và dịch vụ ổn so với kỳ vọng.",vi,8.2,Gia Huy,2026-03-06 08:00:00
242,62,"Tour Phú Quốc lịch trình hợp lý, hướng dẫn viên nhiệt tình, trải nghiệm beach rất rõ.",vi,8.1,Gia Huy,2025-02-19 08:00:00
243,63,"Khách sạn và di chuyển ổn, tour có nhiều hoạt động luxury, đáng cân nhắc.",vi,7.2,Thu Hà,2025-02-01 08:00:00
244,63,"Gia đình mình hài lòng với tour Phú Quốc, nhịp đi vừa phải và dễ tham gia.",vi,7.2,Quốc Bảo,2026-07-27 08:00:00
245,63,"Khách sạn và di chuyển ổn, tour có nhiều hoạt động romantic, đáng cân nhắc.",vi,5.2,Gia Huy,2026-01-15 08:00:00
246,63,"Gia đình mình hài lòng với tour Phú Quốc, nhịp đi vừa phải và dễ tham gia.",vi,8.1,Gia Huy,2026-04-04 08:00:00
247,63,"Đi Phú Quốc khá vui, điểm tham quan đẹp, phù hợp nhóm thích luxury.",vi,9.6,Gia Huy,2025-02-28 08:00:00
248,64,"Gia đình mình hài lòng với tour Đà Lạt, nhịp đi vừa phải và dễ tham gia.",vi,9.1,Thu Hà,2025-06-26 08:00:00
249,64,"Mình thích phần relax, giá phù hợp và dịch vụ ổn so với kỳ vọng.",vi,8.0,Quốc Bảo,2026-03-05 08:00:00
250,65,"Khách sạn và di chuyển ổn, tour có nhiều hoạt động nature, đáng cân nhắc.",vi,9.0,Minh Anh,2026-07-27 08:00:00
251,65,"Đi Sa Pa khá vui, điểm tham quan đẹp, phù hợp nhóm thích nature.",vi,7.1,Hoàng Nam,2026-02-22 08:00:00
252,65,"Gia đình mình hài lòng với tour Sa Pa, nhịp đi vừa phải và dễ tham gia.",vi,9.2,Phương Linh,2025-08-18 08:00:00
253,66,"Gia đình mình hài lòng với tour Nha Trang, nhịp đi vừa phải và dễ tham gia.",vi,8.1,Thu Hà,2026-03-17 08:00:00
254,66,"Đi Nha Trang khá vui, điểm tham quan đẹp, phù hợp nhóm thích city.",vi,8.4,Gia Huy,2025-09-07 08:00:00
255,67,"Đi Huế khá vui, điểm tham quan đẹp, phù hợp nhóm thích history.",vi,10.0,Minh Anh,2025-03-27 08:00:00
256,67,"Đi Huế khá vui, điểm tham quan đẹp, phù hợp nhóm thích culture.",vi,10.0,Minh Anh,2025-07-11 08:00:00
257,67,"Tour Huế lịch trình hợp lý, hướng dẫn viên nhiệt tình, trải nghiệm spiritual rất rõ.",vi,9.1,Thu Hà,2025-11-09 08:00:00
258,68,"Mình thích phần spiritual, giá phù hợp và dịch vụ ổn so với kỳ vọng.",vi,10.0,Quốc Bảo,2026-03-19 08:00:00
259,68,"Mình thích phần family, giá phù hợp và dịch vụ ổn so với kỳ vọng.",vi,10.0,Hoàng Nam,2025-06-06 08:00:00
260,68,"Mình thích phần family, giá phù hợp và dịch vụ ổn so với kỳ vọng.",vi,10.0,Thu Hà,2025-05-29 08:00:00
261,68,"Mình thích phần beach, giá phù hợp và dịch vụ ổn so với kỳ vọng.",vi,8.8,Quốc Bảo,2026-06-27 08:00:00
262,68,"Gia đình mình hài lòng với tour Nha Trang, nhịp đi vừa phải và dễ tham gia.",vi,10.0,Hoàng Nam,2025-01-29 08:00:00
263,68,"Gia đình mình hài lòng với tour Nha Trang, nhịp đi vừa phải và dễ tham gia.",vi,10.0,Quốc Bảo,2025-01-29 08:00:00
264,69,"Khách sạn và di chuyển ổn, tour có nhiều hoạt động romantic, đáng cân nhắc.",vi,7.3,Minh Anh,2026-04-02 08:00:00
265,69,"Đi Hội An khá vui, điểm tham quan đẹp, phù hợp nhóm thích food.",vi,7.1,Quốc Bảo,2025-06-20 08:00:00
266,69,"Tour Hội An lịch trình hợp lý, hướng dẫn viên nhiệt tình, trải nghiệm food rất rõ.",vi,8.1,Quốc Bảo,2025-05-30 08:00:00
267,69,"Tour Hội An lịch trình hợp lý, hướng dẫn viên nhiệt tình, trải nghiệm food rất rõ.",vi,8.0,Minh Anh,2026-01-16 08:00:00
268,69,"Khách sạn và di chuyển ổn, tour có nhiều hoạt động food, đáng cân nhắc.",vi,8.2,Gia Huy,2025-04-22 08:00:00
269,69,"Mình thích phần culture, giá phù hợp và dịch vụ ổn so với kỳ vọng.",vi,7.6,Phương Linh,2025-12-12 08:00:00
270,70,"Đi TP. Hồ Chí Minh khá vui, điểm tham quan đẹp, phù hợp nhóm thích city.",vi,9.2,Thu Hà,2025-02-01 08:00:00
271,70,"Gia đình mình hài lòng với tour TP. Hồ Chí Minh, nhịp đi vừa phải và dễ tham gia.",vi,8.9,Phương Linh,2025-05-26 08:00:00
272,70,"Mình thích phần food, giá phù hợp và dịch vụ ổn so với kỳ vọng.",vi,8.5,Quốc Bảo,2025-02-25 08:00:00
273,70,"Đi TP. Hồ Chí Minh khá vui, điểm tham quan đẹp, phù hợp nhóm thích luxury.",vi,9.0,Phương Linh,2025-03-13 08:00:00
274,70,"Tour TP. Hồ Chí Minh lịch trình hợp lý, hướng dẫn viên nhiệt tình, trải nghiệm nightlife rất rõ.",vi,8.6,Hoàng Nam,2025-11-06 08:00:00
275,70,"Gia đình mình hài lòng với tour TP. Hồ Chí Minh, nhịp đi vừa phải và dễ tham gia.",vi,8.2,Quốc Bảo,2026-07-16 08:00:00
276,71,"Khách sạn và di chuyển ổn, tour có nhiều hoạt động wildlife, đáng cân nhắc.",vi,10.0,Phương Linh,2025-05-21 08:00:00
277,71,"Gia đình mình hài lòng với tour TP. Hồ Chí Minh, nhịp đi vừa phải và dễ tham gia.",vi,8.8,Minh Anh,2025-03-05 08:00:00
278,71,"Tour TP. Hồ Chí Minh lịch trình hợp lý, hướng dẫn viên nhiệt tình, trải nghiệm history rất rõ.",vi,10.0,Minh Anh,2025-03-21 08:00:00
279,72,"Khách sạn và di chuyển ổn, tour có nhiều hoạt động food, đáng cân nhắc.",vi,8.7,Gia Huy,2025-07-15 08:00:00
280,72,"Mình thích phần family, giá phù hợp và dịch vụ ổn so với kỳ vọng.",vi,9.3,Thu Hà,2025-02-11 08:00:00
281,72,"Đi Đà Lạt khá vui, điểm tham quan đẹp, phù hợp nhóm thích food.",vi,8.7,Minh Anh,2026-03-09 08:00:00
282,73,"Đi Đà Lạt khá vui, điểm tham quan đẹp, phù hợp nhóm thích food.",vi,8.1,Gia Huy,2026-02-21 08:00:00
283,73,"Khách sạn và di chuyển ổn, tour có nhiều hoạt động mountain, đáng cân nhắc.",vi,8.1,Phương Linh,2026-08-05 08:00:00
284,73,"Mình thích phần mountain, giá phù hợp và dịch vụ ổn so với kỳ vọng.",vi,8.1,Quốc Bảo,2025-04-23 08:00:00
285,73,"Gia đình mình hài lòng với tour Đà Lạt, nhịp đi vừa phải và dễ tham gia.",vi,9.0,Quốc Bảo,2025-08-13 08:00:00
286,73,"Khách sạn và di chuyển ổn, tour có nhiều hoạt động food, đáng cân nhắc.",vi,9.3,Gia Huy,2025-06-21 08:00:00
287,73,"Tour Đà Lạt lịch trình hợp lý, hướng dẫn viên nhiệt tình, trải nghiệm food rất rõ.",vi,8.1,Gia Huy,2026-05-14 08:00:00
288,74,"Mình thích phần beach, giá phù hợp và dịch vụ ổn so với kỳ vọng.",vi,8.5,Hoàng Nam,2026-02-19 08:00:00
289,74,"Gia đình mình hài lòng với tour Nha Trang, nhịp đi vừa phải và dễ tham gia.",vi,8.9,Thu Hà,2025-07-17 08:00:00
290,75,"Khách sạn và di chuyển ổn, tour có nhiều hoạt động luxury, đáng cân nhắc.",vi,9.5,Gia Huy,2026-04-12 08:00:00
291,75,"Gia đình mình hài lòng với tour Phú Quốc, nhịp đi vừa phải và dễ tham gia.",vi,8.1,Quốc Bảo,2026-08-05 08:00:00
292,76,"Gia đình mình hài lòng với tour Đà Lạt, nhịp đi vừa phải và dễ tham gia.",vi,9.3,Hoàng Nam,2026-05-07 08:00:00
293,76,"Gia đình mình hài lòng với tour Đà Lạt, nhịp đi vừa phải và dễ tham gia.",vi,7.1,Minh Anh,2025-01-04 08:00:00
294,77,"Tour Sa Pa lịch trình hợp lý, hướng dẫn viên nhiệt tình, trải nghiệm adventure rất rõ.",vi,9.6,Hoàng Nam,2026-03-06 08:00:00
295,77,"Gia đình mình hài lòng với tour Sa Pa, nhịp đi vừa phải và dễ tham gia.",vi,8.5,Thu Hà,2026-01-26 08:00:00
296,77,"Khách sạn và di chuyển ổn, tour có nhiều hoạt động photography, đáng cân nhắc.",vi,10.0,Phương Linh,2025-04-15 08:00:00
297,77,"Gia đình mình hài lòng với tour Sa Pa, nhịp đi vừa phải và dễ tham gia.",vi,8.0,Hoàng Nam,2025-12-05 08:00:00
298,78,"Khách sạn và di chuyển ổn, tour có nhiều hoạt động culture, đáng cân nhắc.",vi,9.5,Thu Hà,2025-02-08 08:00:00
299,78,"Tour Hà Nội lịch trình hợp lý, hướng dẫn viên nhiệt tình, trải nghiệm culture rất rõ.",vi,9.7,Thu Hà,2026-04-13 08:00:00
300,78,"Mình thích phần history, giá phù hợp và dịch vụ ổn so với kỳ vọng.",vi,7.6,Minh Anh,2026-01-08 08:00:00
301,79,"Tour Côn Đảo lịch trình hợp lý, hướng dẫn viên nhiệt tình, trải nghiệm nature rất rõ.",vi,10.0,Phương Linh,2025-02-24 08:00:00
302,79,"Khách sạn và di chuyển ổn, tour có nhiều hoạt động beach, đáng cân nhắc.",vi,9.5,Phương Linh,2025-07-19 08:00:00
303,80,"Tour Hà Nội lịch trình hợp lý, hướng dẫn viên nhiệt tình, trải nghiệm shopping rất rõ.",vi,10.0,Phương Linh,2026-03-24 08:00:00
304,80,"Đi Hà Nội khá vui, điểm tham quan đẹp, phù hợp nhóm thích spiritual.",vi,9.7,Phương Linh,2026-08-11 08:00:00
305,80,"Gia đình mình hài lòng với tour Hà Nội, nhịp đi vừa phải và dễ tham gia.",vi,10.0,Quốc Bảo,2026-05-27 08:00:00
306,80,"Mình thích phần shopping, giá phù hợp và dịch vụ ổn so với kỳ vọng.",vi,9.7,Thu Hà,2026-05-21 08:00:00
307,80,"Khách sạn và di chuyển ổn, tour có nhiều hoạt động culture, đáng cân nhắc.",vi,9.5,Phương Linh,2025-10-23 08:00:00
308,80,"Đi Hà Nội khá vui, điểm tham quan đẹp, phù hợp nhóm thích food.",vi,9.1,Minh Anh,2026-04-20 08:00:00
309,81,"Mình thích phần food, giá phù hợp và dịch vụ ổn so với kỳ vọng.",vi,8.8,Gia Huy,2025-12-24 08:00:00
310,81,"Khách sạn và di chuyển ổn, tour có nhiều hoạt động shopping, đáng cân nhắc.",vi,10.0,Minh Anh,2025-12-22 08:00:00
311,81,"Tour Hà Nội lịch trình hợp lý, hướng dẫn viên nhiệt tình, trải nghiệm shopping rất rõ.",vi,9.3,Thu Hà,2025-11-30 08:00:00
312,81,"Mình thích phần history, giá phù hợp và dịch vụ ổn so với kỳ vọng.",vi,9.5,Thu Hà,2025-02-12 08:00:00
313,81,"Đi Hà Nội khá vui, điểm tham quan đẹp, phù hợp nhóm thích shopping.",vi,9.8,Gia Huy,2025-05-16 08:00:00
314,82,"Gia đình mình hài lòng với tour Hội An, nhịp đi vừa phải và dễ tham gia.",vi,8.4,Quốc Bảo,2026-02-01 08:00:00
315,82,"Khách sạn và di chuyển ổn, tour có nhiều hoạt động mountain, đáng cân nhắc.",vi,9.0,Thu Hà,2025-06-29 08:00:00
316,82,"Khách sạn và di chuyển ổn, tour có nhiều hoạt động budget, đáng cân nhắc.",vi,7.8,Gia Huy,2025-03-09 08:00:00
317,82,"Đi Hội An khá vui, điểm tham quan đẹp, phù hợp nhóm thích photography.",vi,8.1,Hoàng Nam,2025-12-07 08:00:00
318,82,"Khách sạn và di chuyển ổn, tour có nhiều hoạt động romantic, đáng cân nhắc.",vi,8.9,Minh Anh,2025-01-15 08:00:00
319,82,"Tour Hội An lịch trình hợp lý, hướng dẫn viên nhiệt tình, trải nghiệm culture rất rõ.",vi,9.2,Quốc Bảo,2025-04-29 08:00:00
320,83,"Khách sạn và di chuyển ổn, tour có nhiều hoạt động beach, đáng cân nhắc.",vi,9.1,Minh Anh,2025-07-09 08:00:00
321,83,"Tour Phú Quốc lịch trình hợp lý, hướng dẫn viên nhiệt tình, trải nghiệm relax rất rõ.",vi,10.0,Thu Hà,2025-04-24 08:00:00
322,83,"Mình thích phần shopping, giá phù hợp và dịch vụ ổn so với kỳ vọng.",vi,9.9,Minh Anh,2025-01-26 08:00:00
323,83,"Đi Phú Quốc khá vui, điểm tham quan đẹp, phù hợp nhóm thích beach.",vi,8.4,Hoàng Nam,2024-12-27 08:00:00
324,83,"Tour Phú Quốc lịch trình hợp lý, hướng dẫn viên nhiệt tình, trải nghiệm relax rất rõ.",vi,9.6,Hoàng Nam,2026-04-24 08:00:00
325,83,"Khách sạn và di chuyển ổn, tour có nhiều hoạt động beach, đáng cân nhắc.",vi,9.5,Minh Anh,2026-03-29 08:00:00
326,84,"Mình thích phần spiritual, giá phù hợp và dịch vụ ổn so với kỳ vọng.",vi,8.9,Phương Linh,2025-09-21 08:00:00
327,84,"Khách sạn và di chuyển ổn, tour có nhiều hoạt động nightlife, đáng cân nhắc.",vi,10.0,Gia Huy,2026-01-04 08:00:00
328,84,"Mình thích phần city, giá phù hợp và dịch vụ ổn so với kỳ vọng.",vi,9.0,Minh Anh,2026-02-11 08:00:00
329,84,"Đi TP. Hồ Chí Minh khá vui, điểm tham quan đẹp, phù hợp nhóm thích history.",vi,7.4,Gia Huy,2025-06-21 08:00:00
330,85,"Mình thích phần relax, giá phù hợp và dịch vụ ổn so với kỳ vọng.",vi,9.2,Gia Huy,2025-09-09 08:00:00
331,85,"Gia đình mình hài lòng với tour Côn Đảo, nhịp đi vừa phải và dễ tham gia.",vi,9.8,Minh Anh,2026-03-04 08:00:00
332,85,"Tour Côn Đảo lịch trình hợp lý, hướng dẫn viên nhiệt tình, trải nghiệm family rất rõ.",vi,9.4,Phương Linh,2025-03-13 08:00:00
333,85,"Gia đình mình hài lòng với tour Côn Đảo, nhịp đi vừa phải và dễ tham gia.",vi,9.3,Quốc Bảo,2026-01-09 08:00:00
334,86,"Mình thích phần relax, giá phù hợp và dịch vụ ổn so với kỳ vọng.",vi,9.2,Thu Hà,2025-07-12 08:00:00
335,86,"Tour Hạ Long lịch trình hợp lý, hướng dẫn viên nhiệt tình, trải nghiệm wildlife rất rõ.",vi,10.0,Minh Anh,2026-06-07 08:00:00
336,86,"Gia đình mình hài lòng với tour Hạ Long, nhịp đi vừa phải và dễ tham gia.",vi,10.0,Gia Huy,2025-08-16 08:00:00
337,86,"Đi Hạ Long khá vui, điểm tham quan đẹp, phù hợp nhóm thích photography.",vi,7.7,Gia Huy,2026-07-14 08:00:00
338,87,"Gia đình mình hài lòng với tour Đà Nẵng, nhịp đi vừa phải và dễ tham gia.",vi,8.8,Minh Anh,2025-12-05 08:00:00
339,87,"Tour Đà Nẵng lịch trình hợp lý, hướng dẫn viên nhiệt tình, trải nghiệm family rất rõ.",vi,7.0,Thu Hà,2026-08-04 08:00:00
340,88,"Khách sạn và di chuyển ổn, tour có nhiều hoạt động culture, đáng cân nhắc.",vi,9.4,Hoàng Nam,2026-05-22 08:00:00
341,88,"Gia đình mình hài lòng với tour Sa Pa, nhịp đi vừa phải và dễ tham gia.",vi,8.2,Hoàng Nam,2026-01-08 08:00:00
342,89,"Đi Sa Pa khá vui, điểm tham quan đẹp, phù hợp nhóm thích city.",vi,7.9,Gia Huy,2025-01-07 08:00:00
343,89,"Đi Sa Pa khá vui, điểm tham quan đẹp, phù hợp nhóm thích mountain.",vi,7.2,Gia Huy,2025-02-10 08:00:00
344,89,"Khách sạn và di chuyển ổn, tour có nhiều hoạt động culture, đáng cân nhắc.",vi,10.0,Minh Anh,2025-07-14 08:00:00
345,89,"Tour Sa Pa lịch trình hợp lý, hướng dẫn viên nhiệt tình, trải nghiệm water_sports rất rõ.",vi,7.8,Thu Hà,2026-06-27 08:00:00
346,90,"Đi TP. Hồ Chí Minh khá vui, điểm tham quan đẹp, phù hợp nhóm thích nightlife.",vi,10.0,Gia Huy,2025-03-21 08:00:00
347,90,"Khách sạn và di chuyển ổn, tour có nhiều hoạt động nightlife, đáng cân nhắc.",vi,8.9,Hoàng Nam,2025-04-25 08:00:00
348,90,"Tour TP. Hồ Chí Minh lịch trình hợp lý, hướng dẫn viên nhiệt tình, trải nghiệm history rất rõ.",vi,9.4,Minh Anh,2025-12-10 08:00:00
349,90,"Mình thích phần adventure, giá phù hợp và dịch vụ ổn so với kỳ vọng.",vi,9.5,Minh Anh,2025-07-27 08:00:00
350,90,"Gia đình mình hài lòng với tour TP. Hồ Chí Minh, nhịp đi vừa phải và dễ tham gia.",vi,7.5,Quốc Bảo,2026-02-13 08:00:00
351,90,"Tour TP. Hồ Chí Minh lịch trình hợp lý, hướng dẫn viên nhiệt tình, trải nghiệm adventure rất rõ.",vi,9.8,Phương Linh,2025-10-10 08:00:00
352,91,"Gia đình mình hài lòng với tour Phú Quốc, nhịp đi vừa phải và dễ tham gia.",vi,9.8,Hoàng Nam,2025-08-30 08:00:00
353,91,"Tour Phú Quốc lịch trình hợp lý, hướng dẫn viên nhiệt tình, trải nghiệm shopping rất rõ.",vi,8.9,Hoàng Nam,2025-09-17 08:00:00
354,92,"Khách sạn và di chuyển ổn, tour có nhiều hoạt động wildlife, đáng cân nhắc.",vi,8.6,Phương Linh,2025-03-10 08:00:00
355,92,"Gia đình mình hài lòng với tour TP. Hồ Chí Minh, nhịp đi vừa phải và dễ tham gia.",vi,8.9,Thu Hà,2025-07-04 08:00:00
356,92,"Mình thích phần nightlife, giá phù hợp và dịch vụ ổn so với kỳ vọng.",vi,8.4,Thu Hà,2025-05-13 08:00:00
357,92,"Mình thích phần food, giá phù hợp và dịch vụ ổn so với kỳ vọng.",vi,6.9,Hoàng Nam,2026-05-22 08:00:00
358,92,"Mình thích phần food, giá phù hợp và dịch vụ ổn so với kỳ vọng.",vi,7.3,Quốc Bảo,2024-12-24 08:00:00
359,92,"Mình thích phần history, giá phù hợp và dịch vụ ổn so với kỳ vọng.",vi,6.0,Phương Linh,2025-07-09 08:00:00
360,93,"Tour Sa Pa lịch trình hợp lý, hướng dẫn viên nhiệt tình, trải nghiệm photography rất rõ.",vi,9.3,Hoàng Nam,2025-01-21 08:00:00
361,93,"Khách sạn và di chuyển ổn, tour có nhiều hoạt động festival, đáng cân nhắc.",vi,8.8,Thu Hà,2025-09-11 08:00:00
362,93,"Gia đình mình hài lòng với tour Sa Pa, nhịp đi vừa phải và dễ tham gia.",vi,9.9,Hoàng Nam,2025-03-17 08:00:00
363,94,"Gia đình mình hài lòng với tour Hà Nội, nhịp đi vừa phải và dễ tham gia.",vi,9.8,Phương Linh,2024-12-24 08:00:00
364,94,"Tour Hà Nội lịch trình hợp lý, hướng dẫn viên nhiệt tình, trải nghiệm history rất rõ.",vi,9.1,Hoàng Nam,2026-02-09 08:00:00
365,94,"Đi Hà Nội khá vui, điểm tham quan đẹp, phù hợp nhóm thích nightlife.",vi,9.0,Quốc Bảo,2026-01-17 08:00:00
366,94,"Gia đình mình hài lòng với tour Hà Nội, nhịp đi vừa phải và dễ tham gia.",vi,9.6,Gia Huy,2026-04-24 08:00:00
367,94,"Khách sạn và di chuyển ổn, tour có nhiều hoạt động city, đáng cân nhắc.",vi,7.9,Gia Huy,2025-06-02 08:00:00
368,95,"Mình thích phần romantic, giá phù hợp và dịch vụ ổn so với kỳ vọng.",vi,7.2,Hoàng Nam,2025-02-26 08:00:00
369,95,"Khách sạn và di chuyển ổn, tour có nhiều hoạt động relax, đáng cân nhắc.",vi,7.5,Thu Hà,2026-03-26 08:00:00
370,95,"Đi Phú Quốc khá vui, điểm tham quan đẹp, phù hợp nhóm thích food.",vi,7.5,Minh Anh,2025-03-07 08:00:00
371,96,"Gia đình mình hài lòng với tour Đà Lạt, nhịp đi vừa phải và dễ tham gia.",vi,5.8,Minh Anh,2025-06-22 08:00:00
372,96,"Gia đình mình hài lòng với tour Đà Lạt, nhịp đi vừa phải và dễ tham gia.",vi,7.7,Quốc Bảo,2026-04-26 08:00:00
373,96,"Đi Đà Lạt khá vui, điểm tham quan đẹp, phù hợp nhóm thích nature.",vi,8.5,Minh Anh,2026-03-03 08:00:00
374,96,"Mình thích phần photography, giá phù hợp và dịch vụ ổn so với kỳ vọng.",vi,8.9,Phương Linh,2025-01-01 08:00:00
375,97,"Khách sạn và di chuyển ổn, tour có nhiều hoạt động luxury, đáng cân nhắc.",vi,8.1,Minh Anh,2025-02-01 08:00:00
376,97,"Gia đình mình hài lòng với tour Côn Đảo, nhịp đi vừa phải và dễ tham gia.",vi,7.9,Hoàng Nam,2026-04-23 08:00:00
377,97,"Tour Côn Đảo lịch trình hợp lý, hướng dẫn viên nhiệt tình, trải nghiệm nature rất rõ.",vi,8.0,Minh Anh,2025-03-18 08:00:00
378,98,"Gia đình mình hài lòng với tour Đà Lạt, nhịp đi vừa phải và dễ tham gia.",vi,8.1,Minh Anh,2026-03-24 08:00:00
379,98,"Khách sạn và di chuyển ổn, tour có nhiều hoạt động photography, đáng cân nhắc.",vi,7.5,Quốc Bảo,2026-08-10 08:00:00
380,98,"Gia đình mình hài lòng với tour Đà Lạt, nhịp đi vừa phải và dễ tham gia.",vi,8.4,Quốc Bảo,2025-12-01 08:00:00
381,98,"Đi Đà Lạt khá vui, điểm tham quan đẹp, phù hợp nhóm thích mountain.",vi,7.8,Quốc Bảo,2025-11-22 08:00:00
382,98,"Mình thích phần romantic, giá phù hợp và dịch vụ ổn so với kỳ vọng.",vi,8.7,Phương Linh,2025-10-02 08:00:00
383,99,"Tour Nha Trang lịch trình hợp lý, hướng dẫn viên nhiệt tình, trải nghiệm water_sports rất rõ.",vi,10.0,Gia Huy,2025-05-26 08:00:00
384,99,"Đi Nha Trang khá vui, điểm tham quan đẹp, phù hợp nhóm thích history.",vi,9.3,Thu Hà,2025-04-13 08:00:00
385,100,"Gia đình mình hài lòng với tour Hà Nội, nhịp đi vừa phải và dễ tham gia.",vi,9.0,Quốc Bảo,2026-02-24 08:00:00
386,100,"Gia đình mình hài lòng với tour Hà Nội, nhịp đi vừa phải và dễ tham gia.",vi,9.4,Thu Hà,2025-11-29 08:00:00
387,100,"Đi Hà Nội khá vui, điểm tham quan đẹp, phù hợp nhóm thích food.",vi,9.5,Hoàng Nam,2026-06-17 08:00:00
388,100,"Gia đình mình hài lòng với tour Hà Nội, nhịp đi vừa phải và dễ tham gia.",vi,10.0,Quốc Bảo,2025-02-01 08:00:00
389,101,"Mình thích phần city, giá phù hợp và dịch vụ ổn so với kỳ vọng.",vi,6.0,Phương Linh,2026-01-11 08:00:00
390,101,"Đi Đà Nẵng khá vui, điểm tham quan đẹp, phù hợp nhóm thích food.",vi,7.6,Minh Anh,2025-11-20 08:00:00
391,102,"Gia đình mình hài lòng với tour Sa Pa, nhịp đi vừa phải và dễ tham gia.",vi,8.7,Quốc Bảo,2025-03-09 08:00:00
392,102,"Đi Sa Pa khá vui, điểm tham quan đẹp, phù hợp nhóm thích mountain.",vi,9.7,Quốc Bảo,2025-10-07 08:00:00
393,103,"Gia đình mình hài lòng với tour Đà Lạt, nhịp đi vừa phải và dễ tham gia.",vi,9.3,Gia Huy,2025-07-08 08:00:00
394,103,"Mình thích phần cruise, giá phù hợp và dịch vụ ổn so với kỳ vọng.",vi,9.3,Phương Linh,2026-01-08 08:00:00
395,103,"Khách sạn và di chuyển ổn, tour có nhiều hoạt động cruise, đáng cân nhắc.",vi,9.9,Thu Hà,2026-01-05 08:00:00
396,103,"Gia đình mình hài lòng với tour Đà Lạt, nhịp đi vừa phải và dễ tham gia.",vi,8.6,Gia Huy,2025-03-06 08:00:00
397,104,"Gia đình mình hài lòng với tour Cao Bằng, nhịp đi vừa phải và dễ tham gia.",vi,7.2,Hoàng Nam,2026-08-01 08:00:00
398,104,"Khách sạn và di chuyển ổn, tour có nhiều hoạt động wildlife, đáng cân nhắc.",vi,8.4,Quốc Bảo,2025-10-08 08:00:00
399,104,"Khách sạn và di chuyển ổn, tour có nhiều hoạt động mountain, đáng cân nhắc.",vi,7.8,Minh Anh,2025-05-06 08:00:00
400,104,"Khách sạn và di chuyển ổn, tour có nhiều hoạt động family, đáng cân nhắc.",vi,8.2,Gia Huy,2025-03-11 08:00:00
401,104,"Gia đình mình hài lòng với tour Cao Bằng, nhịp đi vừa phải và dễ tham gia.",vi,8.1,Thu Hà,2025-03-31 08:00:00
402,104,"Gia đình mình hài lòng với tour Cao Bằng, nhịp đi vừa phải và dễ tham gia.",vi,7.3,Gia Huy,2025-08-05 08:00:00
403,105,"Mình thích phần luxury, giá phù hợp và dịch vụ ổn so với kỳ vọng.",vi,9.7,Gia Huy,2025-06-24 08:00:00
404,105,"Khách sạn và di chuyển ổn, tour có nhiều hoạt động beach, đáng cân nhắc.",vi,9.1,Phương Linh,2026-05-23 08:00:00
405,105,"Mình thích phần luxury, giá phù hợp và dịch vụ ổn so với kỳ vọng.",vi,9.0,Phương Linh,2025-03-07 08:00:00
406,106,"Đi TP. Hồ Chí Minh khá vui, điểm tham quan đẹp, phù hợp nhóm thích family.",vi,8.7,Quốc Bảo,2025-02-24 08:00:00
407,106,"Đi TP. Hồ Chí Minh khá vui, điểm tham quan đẹp, phù hợp nhóm thích family.",vi,8.4,Quốc Bảo,2026-05-09 08:00:00
408,107,"Đi Phú Quốc khá vui, điểm tham quan đẹp, phù hợp nhóm thích beach.",vi,9.9,Quốc Bảo,2025-09-09 08:00:00
409,107,"Đi Phú Quốc khá vui, điểm tham quan đẹp, phù hợp nhóm thích spiritual.",vi,9.8,Hoàng Nam,2026-04-17 08:00:00
410,107,"Khách sạn và di chuyển ổn, tour có nhiều hoạt động luxury, đáng cân nhắc.",vi,8.5,Thu Hà,2025-10-03 08:00:00
411,107,"Gia đình mình hài lòng với tour Phú Quốc, nhịp đi vừa phải và dễ tham gia.",vi,8.6,Phương Linh,2025-07-31 08:00:00
412,107,"Gia đình mình hài lòng với tour Phú Quốc, nhịp đi vừa phải và dễ tham gia.",vi,8.3,Gia Huy,2025-05-21 08:00:00
413,107,"Mình thích phần luxury, giá phù hợp và dịch vụ ổn so với kỳ vọng.",vi,10.0,Thu Hà,2025-06-09 08:00:00
414,108,"Khách sạn và di chuyển ổn, tour có nhiều hoạt động relax, đáng cân nhắc.",vi,8.1,Hoàng Nam,2025-09-16 08:00:00
415,108,"Đi Côn Đảo khá vui, điểm tham quan đẹp, phù hợp nhóm thích mountain.",vi,7.7,Quốc Bảo,2025-12-26 08:00:00
416,108,"Mình thích phần nature, giá phù hợp và dịch vụ ổn so với kỳ vọng.",vi,8.1,Gia Huy,2026-03-17 08:00:00
417,108,"Gia đình mình hài lòng với tour Côn Đảo, nhịp đi vừa phải và dễ tham gia.",vi,7.8,Minh Anh,2026-03-12 08:00:00
418,108,"Khách sạn và di chuyển ổn, tour có nhiều hoạt động beach, đáng cân nhắc.",vi,9.4,Phương Linh,2025-08-23 08:00:00
419,109,"Khách sạn và di chuyển ổn, tour có nhiều hoạt động family, đáng cân nhắc.",vi,7.1,Minh Anh,2025-03-23 08:00:00
420,109,"Mình thích phần nightlife, giá phù hợp và dịch vụ ổn so với kỳ vọng.",vi,9.0,Gia Huy,2025-11-07 08:00:00
421,109,"Đi Hạ Long khá vui, điểm tham quan đẹp, phù hợp nhóm thích luxury.",vi,8.2,Minh Anh,2026-06-01 08:00:00
422,109,"Mình thích phần luxury, giá phù hợp và dịch vụ ổn so với kỳ vọng.",vi,7.9,Minh Anh,2025-05-14 08:00:00
423,110,"Đi Hội An khá vui, điểm tham quan đẹp, phù hợp nhóm thích food.",vi,8.6,Minh Anh,2025-04-01 08:00:00
424,110,"Đi Hội An khá vui, điểm tham quan đẹp, phù hợp nhóm thích romantic.",vi,10.0,Minh Anh,2025-11-24 08:00:00
425,110,"Đi Hội An khá vui, điểm tham quan đẹp, phù hợp nhóm thích culture.",vi,7.7,Minh Anh,2026-06-13 08:00:00
426,110,"Tour Hội An lịch trình hợp lý, hướng dẫn viên nhiệt tình, trải nghiệm culture rất rõ.",vi,8.2,Phương Linh,2025-05-10 08:00:00
427,110,"Khách sạn và di chuyển ổn, tour có nhiều hoạt động culture, đáng cân nhắc.",vi,8.3,Phương Linh,2026-08-06 08:00:00
428,111,"Đi Sa Pa khá vui, điểm tham quan đẹp, phù hợp nhóm thích culture.",vi,6.8,Quốc Bảo,2025-03-05 08:00:00
429,111,"Đi Sa Pa khá vui, điểm tham quan đẹp, phù hợp nhóm thích nature.",vi,7.0,Minh Anh,2025-04-14 08:00:00
430,111,"Đi Sa Pa khá vui, điểm tham quan đẹp, phù hợp nhóm thích festival.",vi,8.2,Gia Huy,2026-06-11 08:00:00
431,111,"Mình thích phần mountain, giá phù hợp và dịch vụ ổn so với kỳ vọng.",vi,7.7,Gia Huy,2025-06-28 08:00:00
432,111,"Khách sạn và di chuyển ổn, tour có nhiều hoạt động culture, đáng cân nhắc.",vi,5.5,Hoàng Nam,2025-01-08 08:00:00
433,111,"Mình thích phần nature, giá phù hợp và dịch vụ ổn so với kỳ vọng.",vi,7.6,Quốc Bảo,2025-10-06 08:00:00
434,112,"Khách sạn và di chuyển ổn, tour có nhiều hoạt động photography, đáng cân nhắc.",vi,8.3,Hoàng Nam,2026-06-10 08:00:00
435,112,"Khách sạn và di chuyển ổn, tour có nhiều hoạt động romantic, đáng cân nhắc.",vi,8.8,Quốc Bảo,2026-03-17 08:00:00
436,112,"Gia đình mình hài lòng với tour Hạ Long, nhịp đi vừa phải và dễ tham gia.",vi,9.7,Phương Linh,2025-10-04 08:00:00
437,112,"Tour Hạ Long lịch trình hợp lý, hướng dẫn viên nhiệt tình, trải nghiệm budget rất rõ.",vi,8.9,Hoàng Nam,2025-07-31 08:00:00
438,113,"Gia đình mình hài lòng với tour Hạ Long, nhịp đi vừa phải và dễ tham gia.",vi,9.4,Thu Hà,2026-05-31 08:00:00
439,113,"Đi Hạ Long khá vui, điểm tham quan đẹp, phù hợp nhóm thích cruise.",vi,10.0,Thu Hà,2026-03-09 08:00:00
440,113,"Khách sạn và di chuyển ổn, tour có nhiều hoạt động photography, đáng cân nhắc.",vi,10.0,Gia Huy,2026-06-13 08:00:00
441,114,"Mình thích phần adventure, giá phù hợp và dịch vụ ổn so với kỳ vọng.",vi,8.9,Gia Huy,2026-03-09 08:00:00
442,114,"Mình thích phần adventure, giá phù hợp và dịch vụ ổn so với kỳ vọng.",vi,9.3,Hoàng Nam,2024-12-28 08:00:00
443,114,"Mình thích phần relax, giá phù hợp và dịch vụ ổn so với kỳ vọng.",vi,9.0,Thu Hà,2025-06-21 08:00:00
444,114,"Gia đình mình hài lòng với tour Côn Đảo, nhịp đi vừa phải và dễ tham gia.",vi,8.8,Minh Anh,2026-06-17 08:00:00
445,114,"Đi Côn Đảo khá vui, điểm tham quan đẹp, phù hợp nhóm thích wildlife.",vi,9.7,Thu Hà,2025-07-16 08:00:00
446,115,"Khách sạn và di chuyển ổn, tour có nhiều hoạt động family, đáng cân nhắc.",vi,7.6,Minh Anh,2025-04-22 08:00:00
447,115,"Gia đình mình hài lòng với tour Hạ Long, nhịp đi vừa phải và dễ tham gia.",vi,8.8,Minh Anh,2025-09-17 08:00:00
448,115,"Gia đình mình hài lòng với tour Hạ Long, nhịp đi vừa phải và dễ tham gia.",vi,9.7,Phương Linh,2026-07-09 08:00:00
449,116,"Mình thích phần family, giá phù hợp và dịch vụ ổn so với kỳ vọng.",vi,7.4,Thu Hà,2024-12-24 08:00:00
450,116,"Mình thích phần history, giá phù hợp và dịch vụ ổn so với kỳ vọng.",vi,7.4,Hoàng Nam,2026-06-17 08:00:00
451,116,"Tour Hội An lịch trình hợp lý, hướng dẫn viên nhiệt tình, trải nghiệm history rất rõ.",vi,7.3,Quốc Bảo,2026-03-08 08:00:00
452,116,"Khách sạn và di chuyển ổn, tour có nhiều hoạt động romantic, đáng cân nhắc.",vi,8.4,Gia Huy,2026-03-14 08:00:00
453,116,"Khách sạn và di chuyển ổn, tour có nhiều hoạt động culture, đáng cân nhắc.",vi,8.0,Minh Anh,2025-08-11 08:00:00
454,117,"Tour Hà Nội lịch trình hợp lý, hướng dẫn viên nhiệt tình, trải nghiệm budget rất rõ.",vi,9.3,Phương Linh,2025-09-09 08:00:00
455,117,"Tour Hà Nội lịch trình hợp lý, hướng dẫn viên nhiệt tình, trải nghiệm food rất rõ.",vi,7.7,Gia Huy,2025-09-26 08:00:00
456,118,"Gia đình mình hài lòng với tour Đà Lạt, nhịp đi vừa phải và dễ tham gia.",vi,7.7,Phương Linh,2025-04-16 08:00:00
457,118,"Khách sạn và di chuyển ổn, tour có nhiều hoạt động spiritual, đáng cân nhắc.",vi,7.6,Quốc Bảo,2026-01-12 08:00:00
458,118,"Tour Đà Lạt lịch trình hợp lý, hướng dẫn viên nhiệt tình, trải nghiệm festival rất rõ.",vi,6.7,Minh Anh,2026-06-13 08:00:00
459,118,"Khách sạn và di chuyển ổn, tour có nhiều hoạt động festival, đáng cân nhắc.",vi,8.4,Gia Huy,2025-02-15 08:00:00
460,118,"Mình thích phần food, giá phù hợp và dịch vụ ổn so với kỳ vọng.",vi,7.9,Gia Huy,2025-09-24 08:00:00
461,118,"Mình thích phần festival, giá phù hợp và dịch vụ ổn so với kỳ vọng.",vi,8.9,Gia Huy,2025-06-29 08:00:00
462,119,"Khách sạn và di chuyển ổn, tour có nhiều hoạt động spiritual, đáng cân nhắc.",vi,7.2,Quốc Bảo,2026-05-26 08:00:00
463,119,"Tour Huế lịch trình hợp lý, hướng dẫn viên nhiệt tình, trải nghiệm spiritual rất rõ.",vi,6.0,Gia Huy,2026-01-06 08:00:00
464,119,"Tour Huế lịch trình hợp lý, hướng dẫn viên nhiệt tình, trải nghiệm food rất rõ.",vi,8.5,Minh Anh,2025-10-23 08:00:00
465,120,"Tour Đà Nẵng lịch trình hợp lý, hướng dẫn viên nhiệt tình, trải nghiệm city rất rõ.",vi,6.6,Quốc Bảo,2026-03-31 08:00:00
466,120,"Tour Đà Nẵng lịch trình hợp lý, hướng dẫn viên nhiệt tình, trải nghiệm luxury rất rõ.",vi,9.5,Quốc Bảo,2025-09-06 08:00:00
467,120,"Gia đình mình hài lòng với tour Đà Nẵng, nhịp đi vừa phải và dễ tham gia.",vi,9.4,Gia Huy,2026-08-10 08:00:00
468,120,"Tour Đà Nẵng lịch trình hợp lý, hướng dẫn viên nhiệt tình, trải nghiệm family rất rõ.",vi,9.4,Thu Hà,2025-02-06 08:00:00
469,121,"Gia đình mình hài lòng với tour Hội An, nhịp đi vừa phải và dễ tham gia.",vi,7.6,Quốc Bảo,2025-06-23 08:00:00
470,121,"Mình thích phần family, giá phù hợp và dịch vụ ổn so với kỳ vọng.",vi,7.6,Thu Hà,2026-06-17 08:00:00
471,121,"Gia đình mình hài lòng với tour Hội An, nhịp đi vừa phải và dễ tham gia.",vi,7.2,Phương Linh,2025-02-14 08:00:00
472,122,"Mình thích phần photography, giá phù hợp và dịch vụ ổn so với kỳ vọng.",vi,9.4,Gia Huy,2025-02-12 08:00:00
473,122,"Đi Hội An khá vui, điểm tham quan đẹp, phù hợp nhóm thích photography.",vi,9.4,Minh Anh,2026-07-17 08:00:00
474,122,"Gia đình mình hài lòng với tour Hội An, nhịp đi vừa phải và dễ tham gia.",vi,9.1,Quốc Bảo,2025-09-07 08:00:00
475,122,"Gia đình mình hài lòng với tour Hội An, nhịp đi vừa phải và dễ tham gia.",vi,9.6,Thu Hà,2026-05-20 08:00:00
476,123,"Khách sạn và di chuyển ổn, tour có nhiều hoạt động beach, đáng cân nhắc.",vi,9.0,Thu Hà,2025-04-15 08:00:00
477,123,"Đi Nha Trang khá vui, điểm tham quan đẹp, phù hợp nhóm thích wildlife.",vi,7.8,Hoàng Nam,2025-12-10 08:00:00
478,123,"Gia đình mình hài lòng với tour Nha Trang, nhịp đi vừa phải và dễ tham gia.",vi,8.6,Phương Linh,2025-12-10 08:00:00
479,123,"Gia đình mình hài lòng với tour Nha Trang, nhịp đi vừa phải và dễ tham gia.",vi,7.3,Phương Linh,2026-08-04 08:00:00
480,124,"Tour Cao Bằng lịch trình hợp lý, hướng dẫn viên nhiệt tình, trải nghiệm nightlife rất rõ.",vi,8.4,Hoàng Nam,2025-04-17 08:00:00
481,124,"Khách sạn và di chuyển ổn, tour có nhiều hoạt động nightlife, đáng cân nhắc.",vi,8.7,Phương Linh,2025-09-05 08:00:00
482,124,"Khách sạn và di chuyển ổn, tour có nhiều hoạt động culture, đáng cân nhắc.",vi,8.1,Quốc Bảo,2024-12-29 08:00:00
483,124,"Khách sạn và di chuyển ổn, tour có nhiều hoạt động nightlife, đáng cân nhắc.",vi,8.0,Gia Huy,2025-08-10 08:00:00
484,124,"Mình thích phần nature, giá phù hợp và dịch vụ ổn so với kỳ vọng.",vi,6.7,Minh Anh,2025-07-27 08:00:00
485,125,"Gia đình mình hài lòng với tour Nha Trang, nhịp đi vừa phải và dễ tham gia.",vi,7.4,Thu Hà,2026-05-16 08:00:00
486,125,"Đi Nha Trang khá vui, điểm tham quan đẹp, phù hợp nhóm thích relax.",vi,8.3,Minh Anh,2025-06-14 08:00:00
487,125,"Gia đình mình hài lòng với tour Nha Trang, nhịp đi vừa phải và dễ tham gia.",vi,8.2,Gia Huy,2025-10-13 08:00:00
488,126,"Khách sạn và di chuyển ổn, tour có nhiều hoạt động culture, đáng cân nhắc.",vi,7.7,Quốc Bảo,2026-01-24 08:00:00
489,126,"Mình thích phần family, giá phù hợp và dịch vụ ổn so với kỳ vọng.",vi,8.3,Thu Hà,2026-05-06 08:00:00
490,126,"Khách sạn và di chuyển ổn, tour có nhiều hoạt động food, đáng cân nhắc.",vi,8.6,Quốc Bảo,2026-03-29 08:00:00
491,127,"Đi Huế khá vui, điểm tham quan đẹp, phù hợp nhóm thích nightlife.",vi,7.2,Gia Huy,2025-04-19 08:00:00
492,127,"Tour Huế lịch trình hợp lý, hướng dẫn viên nhiệt tình, trải nghiệm history rất rõ.",vi,7.7,Gia Huy,2025-09-19 08:00:00
493,127,"Gia đình mình hài lòng với tour Huế, nhịp đi vừa phải và dễ tham gia.",vi,7.4,Gia Huy,2025-12-04 08:00:00
494,127,"Mình thích phần photography, giá phù hợp và dịch vụ ổn so với kỳ vọng.",vi,8.2,Quốc Bảo,2026-07-13 08:00:00
495,128,"Gia đình mình hài lòng với tour Phú Quốc, nhịp đi vừa phải và dễ tham gia.",vi,9.1,Phương Linh,2025-05-27 08:00:00
496,128,"Tour Phú Quốc lịch trình hợp lý, hướng dẫn viên nhiệt tình, trải nghiệm mountain rất rõ.",vi,9.4,Quốc Bảo,2025-07-19 08:00:00
497,128,"Gia đình mình hài lòng với tour Phú Quốc, nhịp đi vừa phải và dễ tham gia.",vi,8.9,Quốc Bảo,2025-02-01 08:00:00
498,128,"Khách sạn và di chuyển ổn, tour có nhiều hoạt động mountain, đáng cân nhắc.",vi,8.1,Thu Hà,2025-06-30 08:00:00
499,128,"Gia đình mình hài lòng với tour Phú Quốc, nhịp đi vừa phải và dễ tham gia.",vi,8.8,Quốc Bảo,2025-11-23 08:00:00
500,128,"Đi Phú Quốc khá vui, điểm tham quan đẹp, phù hợp nhóm thích romantic.",vi,8.3,Thu Hà,2025-11-03 08:00:00
501,129,"Tour Cao Bằng lịch trình hợp lý, hướng dẫn viên nhiệt tình, trải nghiệm mountain rất rõ.",vi,8.9,Quốc Bảo,2025-05-05 08:00:00
502,129,"Gia đình mình hài lòng với tour Cao Bằng, nhịp đi vừa phải và dễ tham gia.",vi,9.0,Thu Hà,2026-08-01 08:00:00
503,129,"Đi Cao Bằng khá vui, điểm tham quan đẹp, phù hợp nhóm thích adventure.",vi,8.5,Phương Linh,2025-07-12 08:00:00
504,129,"Gia đình mình hài lòng với tour Cao Bằng, nhịp đi vừa phải và dễ tham gia.",vi,8.7,Thu Hà,2025-10-17 08:00:00
505,130,"Gia đình mình hài lòng với tour Cao Bằng, nhịp đi vừa phải và dễ tham gia.",vi,8.4,Quốc Bảo,2026-08-11 08:00:00
506,130,"Gia đình mình hài lòng với tour Cao Bằng, nhịp đi vừa phải và dễ tham gia.",vi,8.6,Thu Hà,2026-02-03 08:00:00
507,130,"Gia đình mình hài lòng với tour Cao Bằng, nhịp đi vừa phải và dễ tham gia.",vi,8.3,Minh Anh,2025-11-28 08:00:00
508,130,"Đi Cao Bằng khá vui, điểm tham quan đẹp, phù hợp nhóm thích photography.",vi,7.1,Hoàng Nam,2026-07-21 08:00:00
509,130,"Mình thích phần adventure, giá phù hợp và dịch vụ ổn so với kỳ vọng.",vi,8.3,Gia Huy,2025-06-21 08:00:00
510,130,"Tour Cao Bằng lịch trình hợp lý, hướng dẫn viên nhiệt tình, trải nghiệm luxury rất rõ.",vi,9.1,Phương Linh,2026-03-07 08:00:00
511,131,"Tour Hà Nội lịch trình hợp lý, hướng dẫn viên nhiệt tình, trải nghiệm history rất rõ.",vi,8.8,Phương Linh,2026-01-18 08:00:00
512,131,"Gia đình mình hài lòng với tour Hà Nội, nhịp đi vừa phải và dễ tham gia.",vi,8.6,Gia Huy,2025-03-03 08:00:00
513,132,"Đi TP. Hồ Chí Minh khá vui, điểm tham quan đẹp, phù hợp nhóm thích history.",vi,9.6,Gia Huy,2025-11-24 08:00:00
514,132,"Tour TP. Hồ Chí Minh lịch trình hợp lý, hướng dẫn viên nhiệt tình, trải nghiệm cruise rất rõ.",vi,8.0,Hoàng Nam,2025-01-06 08:00:00
515,133,"Tour Huế lịch trình hợp lý, hướng dẫn viên nhiệt tình, trải nghiệm spiritual rất rõ.",vi,10.0,Gia Huy,2026-02-26 08:00:00
516,133,"Gia đình mình hài lòng với tour Huế, nhịp đi vừa phải và dễ tham gia.",vi,9.3,Phương Linh,2025-07-06 08:00:00
517,133,"Mình thích phần city, giá phù hợp và dịch vụ ổn so với kỳ vọng.",vi,9.8,Hoàng Nam,2026-01-02 08:00:00
518,133,"Gia đình mình hài lòng với tour Huế, nhịp đi vừa phải và dễ tham gia.",vi,9.5,Gia Huy,2025-11-10 08:00:00
519,133,"Tour Huế lịch trình hợp lý, hướng dẫn viên nhiệt tình, trải nghiệm spiritual rất rõ.",vi,10.0,Gia Huy,2025-06-09 08:00:00
520,134,"Đi Đà Lạt khá vui, điểm tham quan đẹp, phù hợp nhóm thích food.",vi,7.7,Gia Huy,2025-08-23 08:00:00
521,134,"Gia đình mình hài lòng với tour Đà Lạt, nhịp đi vừa phải và dễ tham gia.",vi,7.0,Quốc Bảo,2026-01-23 08:00:00
522,134,"Khách sạn và di chuyển ổn, tour có nhiều hoạt động mountain, đáng cân nhắc.",vi,7.9,Hoàng Nam,2026-07-27 08:00:00
523,134,"Tour Đà Lạt lịch trình hợp lý, hướng dẫn viên nhiệt tình, trải nghiệm wildlife rất rõ.",vi,7.2,Quốc Bảo,2025-05-29 08:00:00
524,134,"Đi Đà Lạt khá vui, điểm tham quan đẹp, phù hợp nhóm thích romantic.",vi,7.1,Minh Anh,2025-05-25 08:00:00
525,135,"Tour Nha Trang lịch trình hợp lý, hướng dẫn viên nhiệt tình, trải nghiệm food rất rõ.",vi,7.4,Quốc Bảo,2026-07-13 08:00:00
526,135,"Khách sạn và di chuyển ổn, tour có nhiều hoạt động beach, đáng cân nhắc.",vi,7.9,Minh Anh,2026-06-15 08:00:00
527,135,"Đi Nha Trang khá vui, điểm tham quan đẹp, phù hợp nhóm thích food.",vi,8.5,Minh Anh,2025-07-30 08:00:00
528,136,"Tour Hội An lịch trình hợp lý, hướng dẫn viên nhiệt tình, trải nghiệm food rất rõ.",vi,8.6,Thu Hà,2026-05-24 08:00:00
529,136,"Tour Hội An lịch trình hợp lý, hướng dẫn viên nhiệt tình, trải nghiệm culture rất rõ.",vi,6.9,Hoàng Nam,2025-05-28 08:00:00
530,136,"Đi Hội An khá vui, điểm tham quan đẹp, phù hợp nhóm thích history.",vi,7.3,Phương Linh,2025-04-04 08:00:00
531,136,"Đi Hội An khá vui, điểm tham quan đẹp, phù hợp nhóm thích romantic.",vi,9.2,Minh Anh,2025-01-04 08:00:00
532,137,"Đi Hội An khá vui, điểm tham quan đẹp, phù hợp nhóm thích romantic.",vi,8.0,Hoàng Nam,2026-01-20 08:00:00
533,137,"Gia đình mình hài lòng với tour Hội An, nhịp đi vừa phải và dễ tham gia.",vi,8.4,Phương Linh,2025-05-02 08:00:00
534,137,"Đi Hội An khá vui, điểm tham quan đẹp, phù hợp nhóm thích photography.",vi,8.0,Hoàng Nam,2024-12-24 08:00:00
535,137,"Gia đình mình hài lòng với tour Hội An, nhịp đi vừa phải và dễ tham gia.",vi,9.8,Quốc Bảo,2026-03-07 08:00:00
536,137,"Khách sạn và di chuyển ổn, tour có nhiều hoạt động history, đáng cân nhắc.",vi,7.7,Phương Linh,2025-12-22 08:00:00
537,137,"Tour Hội An lịch trình hợp lý, hướng dẫn viên nhiệt tình, trải nghiệm culture rất rõ.",vi,9.0,Phương Linh,2025-09-19 08:00:00
538,138,"Tour Côn Đảo lịch trình hợp lý, hướng dẫn viên nhiệt tình, trải nghiệm festival rất rõ.",vi,9.8,Minh Anh,2025-01-05 08:00:00
539,138,"Gia đình mình hài lòng với tour Côn Đảo, nhịp đi vừa phải và dễ tham gia.",vi,8.4,Thu Hà,2025-08-06 08:00:00
540,138,"Đi Côn Đảo khá vui, điểm tham quan đẹp, phù hợp nhóm thích nature.",vi,7.8,Hoàng Nam,2025-03-24 08:00:00
541,138,"Gia đình mình hài lòng với tour Côn Đảo, nhịp đi vừa phải và dễ tham gia.",vi,7.3,Gia Huy,2026-04-13 08:00:00
542,138,"Đi Côn Đảo khá vui, điểm tham quan đẹp, phù hợp nhóm thích relax.",vi,8.8,Quốc Bảo,2025-02-11 08:00:00
543,138,"Gia đình mình hài lòng với tour Côn Đảo, nhịp đi vừa phải và dễ tham gia.",vi,7.9,Thu Hà,2026-08-01 08:00:00
544,139,"Đi Đà Lạt khá vui, điểm tham quan đẹp, phù hợp nhóm thích food.",vi,8.9,Quốc Bảo,2024-12-21 08:00:00
545,139,"Khách sạn và di chuyển ổn, tour có nhiều hoạt động romantic, đáng cân nhắc.",vi,9.7,Thu Hà,2025-10-29 08:00:00
546,139,"Đi Đà Lạt khá vui, điểm tham quan đẹp, phù hợp nhóm thích city.",vi,9.4,Thu Hà,2025-11-23 08:00:00
547,140,"Tour Đà Lạt lịch trình hợp lý, hướng dẫn viên nhiệt tình, trải nghiệm relax rất rõ.",vi,9.2,Gia Huy,2025-03-20 08:00:00
548,140,"Mình thích phần food, giá phù hợp và dịch vụ ổn so với kỳ vọng.",vi,10.0,Gia Huy,2025-12-04 08:00:00
549,140,"Đi Đà Lạt khá vui, điểm tham quan đẹp, phù hợp nhóm thích photography.",vi,10.0,Hoàng Nam,2025-12-31 08:00:00
550,141,"Gia đình mình hài lòng với tour Hà Nội, nhịp đi vừa phải và dễ tham gia.",vi,6.8,Quốc Bảo,2025-02-12 08:00:00
551,141,"Đi Hà Nội khá vui, điểm tham quan đẹp, phù hợp nhóm thích shopping.",vi,7.7,Phương Linh,2025-12-23 08:00:00
552,141,"Tour Hà Nội lịch trình hợp lý, hướng dẫn viên nhiệt tình, trải nghiệm city rất rõ.",vi,8.6,Phương Linh,2025-10-15 08:00:00
553,141,"Gia đình mình hài lòng với tour Hà Nội, nhịp đi vừa phải và dễ tham gia.",vi,8.8,Gia Huy,2025-05-13 08:00:00
554,141,"Tour Hà Nội lịch trình hợp lý, hướng dẫn viên nhiệt tình, trải nghiệm nightlife rất rõ.",vi,9.2,Thu Hà,2025-07-26 08:00:00
555,142,"Khách sạn và di chuyển ổn, tour có nhiều hoạt động food, đáng cân nhắc.",vi,9.4,Quốc Bảo,2026-02-06 08:00:00
556,142,"Mình thích phần shopping, giá phù hợp và dịch vụ ổn so với kỳ vọng.",vi,8.8,Quốc Bảo,2026-08-02 08:00:00
557,142,"Mình thích phần beach, giá phù hợp và dịch vụ ổn so với kỳ vọng.",vi,9.6,Thu Hà,2025-09-30 08:00:00
558,143,"Tour Hội An lịch trình hợp lý, hướng dẫn viên nhiệt tình, trải nghiệm food rất rõ.",vi,7.4,Thu Hà,2026-05-11 08:00:00
559,143,"Gia đình mình hài lòng với tour Hội An, nhịp đi vừa phải và dễ tham gia.",vi,8.0,Thu Hà,2025-07-04 08:00:00
560,143,"Tour Hội An lịch trình hợp lý, hướng dẫn viên nhiệt tình, trải nghiệm culture rất rõ.",vi,6.1,Phương Linh,2026-03-14 08:00:00
561,144,"Tour Sa Pa lịch trình hợp lý, hướng dẫn viên nhiệt tình, trải nghiệm adventure rất rõ.",vi,8.4,Phương Linh,2025-03-19 08:00:00
562,144,"Đi Sa Pa khá vui, điểm tham quan đẹp, phù hợp nhóm thích wildlife.",vi,9.8,Quốc Bảo,2025-04-21 08:00:00
563,144,"Tour Sa Pa lịch trình hợp lý, hướng dẫn viên nhiệt tình, trải nghiệm nature rất rõ.",vi,9.6,Phương Linh,2025-05-18 08:00:00
564,144,"Khách sạn và di chuyển ổn, tour có nhiều hoạt động culture, đáng cân nhắc.",vi,9.8,Hoàng Nam,2025-10-27 08:00:00
565,144,"Đi Sa Pa khá vui, điểm tham quan đẹp, phù hợp nhóm thích culture.",vi,8.5,Hoàng Nam,2026-01-24 08:00:00
566,145,"Gia đình mình hài lòng với tour Phú Quốc, nhịp đi vừa phải và dễ tham gia.",vi,9.1,Thu Hà,2025-03-23 08:00:00
567,145,"Khách sạn và di chuyển ổn, tour có nhiều hoạt động city, đáng cân nhắc.",vi,7.7,Hoàng Nam,2025-08-26 08:00:00
568,146,"Khách sạn và di chuyển ổn, tour có nhiều hoạt động history, đáng cân nhắc.",vi,9.9,Gia Huy,2026-02-09 08:00:00
569,146,"Khách sạn và di chuyển ổn, tour có nhiều hoạt động adventure, đáng cân nhắc.",vi,9.9,Hoàng Nam,2026-06-06 08:00:00
570,146,"Tour Cao Bằng lịch trình hợp lý, hướng dẫn viên nhiệt tình, trải nghiệm adventure rất rõ.",vi,10.0,Quốc Bảo,2025-03-31 08:00:00
571,147,"Đi Đà Nẵng khá vui, điểm tham quan đẹp, phù hợp nhóm thích beach.",vi,7.0,Thu Hà,2025-01-09 08:00:00
572,147,"Mình thích phần city, giá phù hợp và dịch vụ ổn so với kỳ vọng.",vi,8.7,Phương Linh,2026-07-15 08:00:00
573,147,"Khách sạn và di chuyển ổn, tour có nhiều hoạt động culture, đáng cân nhắc.",vi,6.9,Minh Anh,2025-05-01 08:00:00
574,147,"Tour Đà Nẵng lịch trình hợp lý, hướng dẫn viên nhiệt tình, trải nghiệm city rất rõ.",vi,8.3,Quốc Bảo,2026-04-21 08:00:00
575,148,"Đi Côn Đảo khá vui, điểm tham quan đẹp, phù hợp nhóm thích spiritual.",vi,9.9,Thu Hà,2025-03-08 08:00:00
576,148,"Mình thích phần culture, giá phù hợp và dịch vụ ổn so với kỳ vọng.",vi,10.0,Quốc Bảo,2025-12-28 08:00:00
577,149,"Khách sạn và di chuyển ổn, tour có nhiều hoạt động beach, đáng cân nhắc.",vi,7.8,Gia Huy,2025-02-22 08:00:00
578,149,"Mình thích phần water_sports, giá phù hợp và dịch vụ ổn so với kỳ vọng.",vi,6.4,Gia Huy,2025-06-10 08:00:00
579,149,"Mình thích phần food, giá phù hợp và dịch vụ ổn so với kỳ vọng.",vi,7.4,Quốc Bảo,2025-03-11 08:00:00
580,150,"Mình thích phần beach, giá phù hợp và dịch vụ ổn so với kỳ vọng.",vi,8.3,Thu Hà,2025-10-18 08:00:00
581,150,"Mình thích phần photography, giá phù hợp và dịch vụ ổn so với kỳ vọng.",vi,8.2,Minh Anh,2025-09-07 08:00:00
582,150,"Mình thích phần family, giá phù hợp và dịch vụ ổn so với kỳ vọng.",vi,8.0,Gia Huy,2025-09-25 08:00:00
583,151,"Gia đình mình hài lòng với tour Đà Lạt, nhịp đi vừa phải và dễ tham gia.",vi,7.3,Hoàng Nam,2026-06-02 08:00:00
584,151,"Tour Đà Lạt lịch trình hợp lý, hướng dẫn viên nhiệt tình, trải nghiệm mountain rất rõ.",vi,6.6,Minh Anh,2025-04-19 08:00:00
585,151,"Tour Đà Lạt lịch trình hợp lý, hướng dẫn viên nhiệt tình, trải nghiệm culture rất rõ.",vi,8.4,Gia Huy,2026-08-03 08:00:00
586,151,"Khách sạn và di chuyển ổn, tour có nhiều hoạt động nature, đáng cân nhắc.",vi,8.1,Minh Anh,2026-05-03 08:00:00
587,151,"Đi Đà Lạt khá vui, điểm tham quan đẹp, phù hợp nhóm thích culture.",vi,7.6,Gia Huy,2026-02-26 08:00:00
588,151,"Khách sạn và di chuyển ổn, tour có nhiều hoạt động nature, đáng cân nhắc.",vi,8.6,Thu Hà,2026-03-09 08:00:00
589,152,"Mình thích phần beach, giá phù hợp và dịch vụ ổn so với kỳ vọng.",vi,9.4,Hoàng Nam,2025-06-28 08:00:00
590,152,"Tour Côn Đảo lịch trình hợp lý, hướng dẫn viên nhiệt tình, trải nghiệm beach rất rõ.",vi,7.4,Hoàng Nam,2024-12-28 08:00:00
591,153,"Mình thích phần photography, giá phù hợp và dịch vụ ổn so với kỳ vọng.",vi,8.4,Gia Huy,2025-10-26 08:00:00
592,153,"Gia đình mình hài lòng với tour Đà Nẵng, nhịp đi vừa phải và dễ tham gia.",vi,7.5,Hoàng Nam,2025-05-22 08:00:00
593,153,"Tour Đà Nẵng lịch trình hợp lý, hướng dẫn viên nhiệt tình, trải nghiệm mountain rất rõ.",vi,9.4,Phương Linh,2025-03-14 08:00:00
594,153,"Khách sạn và di chuyển ổn, tour có nhiều hoạt động beach, đáng cân nhắc.",vi,10.0,Gia Huy,2025-08-28 08:00:00
595,154,"Tour Nha Trang lịch trình hợp lý, hướng dẫn viên nhiệt tình, trải nghiệm food rất rõ.",vi,6.4,Thu Hà,2025-01-12 08:00:00
596,154,"Tour Nha Trang lịch trình hợp lý, hướng dẫn viên nhiệt tình, trải nghiệm budget rất rõ.",vi,6.9,Minh Anh,2026-01-13 08:00:00
597,154,"Mình thích phần nightlife, giá phù hợp và dịch vụ ổn so với kỳ vọng.",vi,8.0,Gia Huy,2026-03-21 08:00:00
598,154,"Mình thích phần water_sports, giá phù hợp và dịch vụ ổn so với kỳ vọng.",vi,8.4,Phương Linh,2026-07-03 08:00:00
599,154,"Gia đình mình hài lòng với tour Nha Trang, nhịp đi vừa phải và dễ tham gia.",vi,8.5,Minh Anh,2025-09-23 08:00:00
600,155,"Tour Nha Trang lịch trình hợp lý, hướng dẫn viên nhiệt tình, trải nghiệm beach rất rõ.",vi,10.0,Thu Hà,2025-12-24 08:00:00
601,155,"Mình thích phần nature, giá phù hợp và dịch vụ ổn so với kỳ vọng.",vi,8.9,Minh Anh,2026-06-24 08:00:00
602,155,"Gia đình mình hài lòng với tour Nha Trang, nhịp đi vừa phải và dễ tham gia.",vi,9.0,Thu Hà,2025-03-02 08:00:00
603,155,"Khách sạn và di chuyển ổn, tour có nhiều hoạt động cruise, đáng cân nhắc.",vi,9.6,Phương Linh,2025-07-01 08:00:00
604,155,"Khách sạn và di chuyển ổn, tour có nhiều hoạt động family, đáng cân nhắc.",vi,8.4,Thu Hà,2025-02-06 08:00:00
605,156,"Khách sạn và di chuyển ổn, tour có nhiều hoạt động festival, đáng cân nhắc.",vi,9.5,Minh Anh,2025-08-11 08:00:00
606,156,"Khách sạn và di chuyển ổn, tour có nhiều hoạt động nature, đáng cân nhắc.",vi,8.8,Minh Anh,2026-04-24 08:00:00
607,156,"Khách sạn và di chuyển ổn, tour có nhiều hoạt động photography, đáng cân nhắc.",vi,9.3,Phương Linh,2025-06-06 08:00:00
608,156,"Mình thích phần photography, giá phù hợp và dịch vụ ổn so với kỳ vọng.",vi,8.7,Quốc Bảo,2025-05-16 08:00:00
609,156,"Khách sạn và di chuyển ổn, tour có nhiều hoạt động mountain, đáng cân nhắc.",vi,7.5,Quốc Bảo,2025-07-29 08:00:00
610,156,"Tour Sa Pa lịch trình hợp lý, hướng dẫn viên nhiệt tình, trải nghiệm mountain rất rõ.",vi,9.5,Gia Huy,2025-11-24 08:00:00
611,157,"Khách sạn và di chuyển ổn, tour có nhiều hoạt động food, đáng cân nhắc.",vi,10.0,Minh Anh,2025-05-18 08:00:00
612,157,"Gia đình mình hài lòng với tour Côn Đảo, nhịp đi vừa phải và dễ tham gia.",vi,9.0,Thu Hà,2025-12-21 08:00:00
613,157,"Mình thích phần history, giá phù hợp và dịch vụ ổn so với kỳ vọng.",vi,8.7,Phương Linh,2026-06-17 08:00:00
614,158,"Mình thích phần cruise, giá phù hợp và dịch vụ ổn so với kỳ vọng.",vi,9.6,Thu Hà,2025-05-24 08:00:00
615,158,"Tour Phú Quốc lịch trình hợp lý, hướng dẫn viên nhiệt tình, trải nghiệm relax rất rõ.",vi,8.8,Quốc Bảo,2025-10-06 08:00:00
616,158,"Khách sạn và di chuyển ổn, tour có nhiều hoạt động beach, đáng cân nhắc.",vi,9.5,Quốc Bảo,2026-01-13 08:00:00
617,159,"Gia đình mình hài lòng với tour Hạ Long, nhịp đi vừa phải và dễ tham gia.",vi,9.3,Minh Anh,2024-12-28 08:00:00
618,159,"Khách sạn và di chuyển ổn, tour có nhiều hoạt động festival, đáng cân nhắc.",vi,9.7,Thu Hà,2025-06-15 08:00:00
619,159,"Đi Hạ Long khá vui, điểm tham quan đẹp, phù hợp nhóm thích festival.",vi,10.0,Hoàng Nam,2026-06-24 08:00:00
620,159,"Gia đình mình hài lòng với tour Hạ Long, nhịp đi vừa phải và dễ tham gia.",vi,9.3,Hoàng Nam,2026-01-05 08:00:00
621,159,"Gia đình mình hài lòng với tour Hạ Long, nhịp đi vừa phải và dễ tham gia.",vi,9.2,Quốc Bảo,2025-10-31 08:00:00
622,159,"Mình thích phần festival, giá phù hợp và dịch vụ ổn so với kỳ vọng.",vi,9.0,Gia Huy,2026-08-11 08:00:00
623,160,"Tour Đà Lạt lịch trình hợp lý, hướng dẫn viên nhiệt tình, trải nghiệm relax rất rõ.",vi,10.0,Hoàng Nam,2025-01-12 08:00:00
624,160,"Khách sạn và di chuyển ổn, tour có nhiều hoạt động relax, đáng cân nhắc.",vi,9.8,Phương Linh,2026-05-06 08:00:00
625,160,"Mình thích phần food, giá phù hợp và dịch vụ ổn so với kỳ vọng.",vi,8.0,Quốc Bảo,2025-08-05 08:00:00
626,161,"Đi Đà Lạt khá vui, điểm tham quan đẹp, phù hợp nhóm thích photography.",vi,7.5,Minh Anh,2025-09-23 08:00:00
627,161,"Gia đình mình hài lòng với tour Đà Lạt, nhịp đi vừa phải và dễ tham gia.",vi,7.1,Quốc Bảo,2025-04-15 08:00:00
628,162,"Khách sạn và di chuyển ổn, tour có nhiều hoạt động food, đáng cân nhắc.",vi,9.1,Hoàng Nam,2025-03-27 08:00:00
629,162,"Tour Đà Nẵng lịch trình hợp lý, hướng dẫn viên nhiệt tình, trải nghiệm beach rất rõ.",vi,8.8,Minh Anh,2026-05-16 08:00:00
630,162,"Gia đình mình hài lòng với tour Đà Nẵng, nhịp đi vừa phải và dễ tham gia.",vi,8.5,Gia Huy,2026-05-18 08:00:00
631,162,"Gia đình mình hài lòng với tour Đà Nẵng, nhịp đi vừa phải và dễ tham gia.",vi,9.0,Hoàng Nam,2025-06-25 08:00:00
632,162,"Gia đình mình hài lòng với tour Đà Nẵng, nhịp đi vừa phải và dễ tham gia.",vi,9.5,Minh Anh,2026-05-07 08:00:00
633,163,"Mình thích phần beach, giá phù hợp và dịch vụ ổn so với kỳ vọng.",vi,8.4,Hoàng Nam,2026-06-13 08:00:00
634,163,"Khách sạn và di chuyển ổn, tour có nhiều hoạt động nature, đáng cân nhắc.",vi,8.1,Gia Huy,2026-05-18 08:00:00
635,163,"Đi Côn Đảo khá vui, điểm tham quan đẹp, phù hợp nhóm thích food.",vi,7.3,Gia Huy,2025-04-27 08:00:00
636,163,"Mình thích phần beach, giá phù hợp và dịch vụ ổn so với kỳ vọng.",vi,8.8,Phương Linh,2025-10-05 08:00:00
637,163,"Gia đình mình hài lòng với tour Côn Đảo, nhịp đi vừa phải và dễ tham gia.",vi,5.8,Hoàng Nam,2025-12-15 08:00:00
638,163,"Đi Côn Đảo khá vui, điểm tham quan đẹp, phù hợp nhóm thích spiritual.",vi,7.2,Gia Huy,2025-05-23 08:00:00
639,164,"Tour TP. Hồ Chí Minh lịch trình hợp lý, hướng dẫn viên nhiệt tình, trải nghiệm water_sports rất rõ.",vi,9.6,Minh Anh,2025-12-19 08:00:00
640,164,"Đi TP. Hồ Chí Minh khá vui, điểm tham quan đẹp, phù hợp nhóm thích city.",vi,9.9,Hoàng Nam,2025-08-27 08:00:00
641,164,"Đi TP. Hồ Chí Minh khá vui, điểm tham quan đẹp, phù hợp nhóm thích shopping.",vi,8.1,Minh Anh,2025-09-15 08:00:00
642,165,"Tour Côn Đảo lịch trình hợp lý, hướng dẫn viên nhiệt tình, trải nghiệm spiritual rất rõ.",vi,7.4,Thu Hà,2026-08-02 08:00:00
643,165,"Tour Côn Đảo lịch trình hợp lý, hướng dẫn viên nhiệt tình, trải nghiệm festival rất rõ.",vi,8.0,Hoàng Nam,2025-08-02 08:00:00
644,165,"Gia đình mình hài lòng với tour Côn Đảo, nhịp đi vừa phải và dễ tham gia.",vi,6.5,Minh Anh,2025-12-23 08:00:00
645,165,"Tour Côn Đảo lịch trình hợp lý, hướng dẫn viên nhiệt tình, trải nghiệm nature rất rõ.",vi,7.9,Phương Linh,2025-01-23 08:00:00
646,165,"Mình thích phần festival, giá phù hợp và dịch vụ ổn so với kỳ vọng.",vi,7.3,Quốc Bảo,2026-08-09 08:00:00
647,166,"Đi Sa Pa khá vui, điểm tham quan đẹp, phù hợp nhóm thích photography.",vi,7.7,Quốc Bảo,2025-10-15 08:00:00
648,166,"Mình thích phần nature, giá phù hợp và dịch vụ ổn so với kỳ vọng.",vi,8.2,Minh Anh,2025-01-11 08:00:00
649,166,"Gia đình mình hài lòng với tour Sa Pa, nhịp đi vừa phải và dễ tham gia.",vi,7.4,Gia Huy,2025-12-16 08:00:00
650,166,"Khách sạn và di chuyển ổn, tour có nhiều hoạt động photography, đáng cân nhắc.",vi,7.9,Phương Linh,2025-01-16 08:00:00
651,166,"Tour Sa Pa lịch trình hợp lý, hướng dẫn viên nhiệt tình, trải nghiệm culture rất rõ.",vi,8.6,Minh Anh,2026-03-02 08:00:00
652,167,"Mình thích phần beach, giá phù hợp và dịch vụ ổn so với kỳ vọng.",vi,8.9,Quốc Bảo,2026-02-26 08:00:00
653,167,"Khách sạn và di chuyển ổn, tour có nhiều hoạt động cruise, đáng cân nhắc.",vi,9.9,Thu Hà,2025-10-22 08:00:00
654,167,"Khách sạn và di chuyển ổn, tour có nhiều hoạt động cruise, đáng cân nhắc.",vi,8.6,Minh Anh,2025-07-24 08:00:00
655,168,"Gia đình mình hài lòng với tour Phú Quốc, nhịp đi vừa phải và dễ tham gia.",vi,8.2,Phương Linh,2025-12-11 08:00:00
656,168,"Mình thích phần spiritual, giá phù hợp và dịch vụ ổn so với kỳ vọng.",vi,9.6,Thu Hà,2026-08-12 08:00:00
657,168,"Tour Phú Quốc lịch trình hợp lý, hướng dẫn viên nhiệt tình, trải nghiệm beach rất rõ.",vi,8.8,Quốc Bảo,2026-04-01 08:00:00
658,168,"Đi Phú Quốc khá vui, điểm tham quan đẹp, phù hợp nhóm thích beach.",vi,8.5,Quốc Bảo,2026-04-27 08:00:00
659,169,"Mình thích phần budget, giá phù hợp và dịch vụ ổn so với kỳ vọng.",vi,8.6,Hoàng Nam,2026-04-20 08:00:00
660,169,"Tour Phú Quốc lịch trình hợp lý, hướng dẫn viên nhiệt tình, trải nghiệm relax rất rõ.",vi,10.0,Gia Huy,2025-11-16 08:00:00
661,169,"Gia đình mình hài lòng với tour Phú Quốc, nhịp đi vừa phải và dễ tham gia.",vi,8.6,Gia Huy,2026-05-21 08:00:00
662,169,"Gia đình mình hài lòng với tour Phú Quốc, nhịp đi vừa phải và dễ tham gia.",vi,8.9,Gia Huy,2025-05-29 08:00:00
663,170,"Đi Phú Quốc khá vui, điểm tham quan đẹp, phù hợp nhóm thích water_sports.",vi,9.5,Phương Linh,2024-12-31 08:00:00
664,170,"Tour Phú Quốc lịch trình hợp lý, hướng dẫn viên nhiệt tình, trải nghiệm history rất rõ.",vi,8.5,Quốc Bảo,2025-09-02 08:00:00
665,171,"Đi Đà Nẵng khá vui, điểm tham quan đẹp, phù hợp nhóm thích city.",vi,10.0,Phương Linh,2025-07-08 08:00:00
666,171,"Gia đình mình hài lòng với tour Đà Nẵng, nhịp đi vừa phải và dễ tham gia.",vi,8.7,Gia Huy,2025-06-04 08:00:00
667,171,"Mình thích phần family, giá phù hợp và dịch vụ ổn so với kỳ vọng.",vi,8.6,Thu Hà,2025-01-23 08:00:00
668,172,"Mình thích phần relax, giá phù hợp và dịch vụ ổn so với kỳ vọng.",vi,9.1,Minh Anh,2025-06-02 08:00:00
669,172,"Đi Phú Quốc khá vui, điểm tham quan đẹp, phù hợp nhóm thích family.",vi,6.6,Gia Huy,2024-12-22 08:00:00
670,172,"Tour Phú Quốc lịch trình hợp lý, hướng dẫn viên nhiệt tình, trải nghiệm water_sports rất rõ.",vi,6.8,Minh Anh,2026-04-04 08:00:00
671,172,"Đi Phú Quốc khá vui, điểm tham quan đẹp, phù hợp nhóm thích family.",vi,7.3,Hoàng Nam,2025-11-21 08:00:00
672,172,"Khách sạn và di chuyển ổn, tour có nhiều hoạt động relax, đáng cân nhắc.",vi,7.2,Hoàng Nam,2025-10-30 08:00:00
673,172,"Mình thích phần relax, giá phù hợp và dịch vụ ổn so với kỳ vọng.",vi,6.4,Hoàng Nam,2026-06-20 08:00:00
674,173,"Tour Sa Pa lịch trình hợp lý, hướng dẫn viên nhiệt tình, trải nghiệm culture rất rõ.",vi,8.8,Minh Anh,2026-07-10 08:00:00
675,173,"Tour Sa Pa lịch trình hợp lý, hướng dẫn viên nhiệt tình, trải nghiệm mountain rất rõ.",vi,9.9,Gia Huy,2025-06-30 08:00:00
676,173,"Khách sạn và di chuyển ổn, tour có nhiều hoạt động mountain, đáng cân nhắc.",vi,8.9,Thu Hà,2025-12-07 08:00:00
677,173,"Mình thích phần mountain, giá phù hợp và dịch vụ ổn so với kỳ vọng.",vi,9.7,Gia Huy,2025-02-11 08:00:00
678,173,"Gia đình mình hài lòng với tour Sa Pa, nhịp đi vừa phải và dễ tham gia.",vi,10.0,Hoàng Nam,2025-09-14 08:00:00
679,174,"Đi Đà Nẵng khá vui, điểm tham quan đẹp, phù hợp nhóm thích food.",vi,8.4,Thu Hà,2026-02-15 08:00:00
680,174,"Mình thích phần family, giá phù hợp và dịch vụ ổn so với kỳ vọng.",vi,8.0,Quốc Bảo,2026-04-07 08:00:00
681,174,"Gia đình mình hài lòng với tour Đà Nẵng, nhịp đi vừa phải và dễ tham gia.",vi,9.3,Thu Hà,2026-01-07 08:00:00
682,175,"Mình thích phần food, giá phù hợp và dịch vụ ổn so với kỳ vọng.",vi,7.9,Minh Anh,2026-07-21 08:00:00
683,175,"Gia đình mình hài lòng với tour Nha Trang, nhịp đi vừa phải và dễ tham gia.",vi,9.0,Phương Linh,2026-03-02 08:00:00
684,175,"Gia đình mình hài lòng với tour Nha Trang, nhịp đi vừa phải và dễ tham gia.",vi,8.6,Phương Linh,2025-07-20 08:00:00
685,175,"Gia đình mình hài lòng với tour Nha Trang, nhịp đi vừa phải và dễ tham gia.",vi,8.2,Phương Linh,2026-04-19 08:00:00
686,175,"Gia đình mình hài lòng với tour Nha Trang, nhịp đi vừa phải và dễ tham gia.",vi,7.8,Phương Linh,2025-05-24 08:00:00
687,175,"Khách sạn và di chuyển ổn, tour có nhiều hoạt động spiritual, đáng cân nhắc.",vi,6.7,Quốc Bảo,2026-03-19 08:00:00
688,176,"Gia đình mình hài lòng với tour Phú Quốc, nhịp đi vừa phải và dễ tham gia.",vi,9.2,Gia Huy,2026-07-04 08:00:00
689,176,"Mình thích phần water_sports, giá phù hợp và dịch vụ ổn so với kỳ vọng.",vi,9.2,Quốc Bảo,2026-04-22 08:00:00
690,176,"Đi Phú Quốc khá vui, điểm tham quan đẹp, phù hợp nhóm thích water_sports.",vi,10.0,Quốc Bảo,2025-11-02 08:00:00
691,177,"Mình thích phần photography, giá phù hợp và dịch vụ ổn so với kỳ vọng.",vi,6.9,Hoàng Nam,2025-04-15 08:00:00
692,177,"Đi Hạ Long khá vui, điểm tham quan đẹp, phù hợp nhóm thích cruise.",vi,7.5,Minh Anh,2026-02-09 08:00:00
693,177,"Tour Hạ Long lịch trình hợp lý, hướng dẫn viên nhiệt tình, trải nghiệm luxury rất rõ.",vi,7.1,Quốc Bảo,2026-05-12 08:00:00
694,177,"Mình thích phần beach, giá phù hợp và dịch vụ ổn so với kỳ vọng.",vi,6.7,Gia Huy,2026-05-31 08:00:00
695,177,"Mình thích phần photography, giá phù hợp và dịch vụ ổn so với kỳ vọng.",vi,7.9,Quốc Bảo,2025-04-26 08:00:00
696,177,"Khách sạn và di chuyển ổn, tour có nhiều hoạt động luxury, đáng cân nhắc.",vi,6.5,Quốc Bảo,2025-11-11 08:00:00
697,178,"Mình thích phần beach, giá phù hợp và dịch vụ ổn so với kỳ vọng.",vi,10.0,Hoàng Nam,2025-01-12 08:00:00
698,178,"Đi Nha Trang khá vui, điểm tham quan đẹp, phù hợp nhóm thích romantic.",vi,8.6,Minh Anh,2025-07-19 08:00:00
699,178,"Mình thích phần nightlife, giá phù hợp và dịch vụ ổn so với kỳ vọng.",vi,10.0,Hoàng Nam,2025-10-14 08:00:00
700,178,"Mình thích phần food, giá phù hợp và dịch vụ ổn so với kỳ vọng.",vi,8.3,Minh Anh,2025-06-15 08:00:00
701,179,"Đi Phú Quốc khá vui, điểm tham quan đẹp, phù hợp nhóm thích water_sports.",vi,8.4,Quốc Bảo,2025-09-14 08:00:00
702,179,"Đi Phú Quốc khá vui, điểm tham quan đẹp, phù hợp nhóm thích nightlife.",vi,10.0,Thu Hà,2025-11-05 08:00:00
703,179,"Khách sạn và di chuyển ổn, tour có nhiều hoạt động relax, đáng cân nhắc.",vi,9.5,Quốc Bảo,2025-03-22 08:00:00
704,179,"Mình thích phần nightlife, giá phù hợp và dịch vụ ổn so với kỳ vọng.",vi,9.1,Phương Linh,2026-05-31 08:00:00
705,179,"Tour Phú Quốc lịch trình hợp lý, hướng dẫn viên nhiệt tình, trải nghiệm mountain rất rõ.",vi,8.3,Hoàng Nam,2025-10-15 08:00:00
706,180,"Mình thích phần photography, giá phù hợp và dịch vụ ổn so với kỳ vọng.",vi,8.8,Phương Linh,2025-12-24 08:00:00
707,180,"Mình thích phần photography, giá phù hợp và dịch vụ ổn so với kỳ vọng.",vi,8.6,Phương Linh,2024-12-24 08:00:00
708,180,"Gia đình mình hài lòng với tour Đà Lạt, nhịp đi vừa phải và dễ tham gia.",vi,9.3,Minh Anh,2025-09-02 08:00:00
709,180,"Tour Đà Lạt lịch trình hợp lý, hướng dẫn viên nhiệt tình, trải nghiệm nature rất rõ.",vi,9.5,Phương Linh,2026-05-13 08:00:00
710,181,"Khách sạn và di chuyển ổn, tour có nhiều hoạt động beach, đáng cân nhắc.",vi,8.0,Quốc Bảo,2025-09-12 08:00:00
711,181,"Mình thích phần photography, giá phù hợp và dịch vụ ổn so với kỳ vọng.",vi,8.0,Gia Huy,2026-05-04 08:00:00
712,181,"Tour Đà Nẵng lịch trình hợp lý, hướng dẫn viên nhiệt tình, trải nghiệm beach rất rõ.",vi,7.1,Phương Linh,2025-08-28 08:00:00
713,182,"Đi TP. Hồ Chí Minh khá vui, điểm tham quan đẹp, phù hợp nhóm thích city.",vi,9.1,Minh Anh,2025-10-16 08:00:00
714,182,"Đi TP. Hồ Chí Minh khá vui, điểm tham quan đẹp, phù hợp nhóm thích food.",vi,10.0,Phương Linh,2026-02-01 08:00:00
715,182,"Khách sạn và di chuyển ổn, tour có nhiều hoạt động city, đáng cân nhắc.",vi,9.3,Quốc Bảo,2026-07-26 08:00:00
716,182,"Đi TP. Hồ Chí Minh khá vui, điểm tham quan đẹp, phù hợp nhóm thích food.",vi,9.9,Thu Hà,2025-10-21 08:00:00
717,182,"Mình thích phần shopping, giá phù hợp và dịch vụ ổn so với kỳ vọng.",vi,9.4,Hoàng Nam,2025-12-17 08:00:00
718,183,"Mình thích phần nightlife, giá phù hợp và dịch vụ ổn so với kỳ vọng.",vi,9.7,Quốc Bảo,2026-07-28 08:00:00
719,183,"Gia đình mình hài lòng với tour Côn Đảo, nhịp đi vừa phải và dễ tham gia.",vi,10.0,Phương Linh,2026-03-24 08:00:00
720,183,"Tour Côn Đảo lịch trình hợp lý, hướng dẫn viên nhiệt tình, trải nghiệm nature rất rõ.",vi,8.5,Phương Linh,2025-11-04 08:00:00
721,183,"Mình thích phần relax, giá phù hợp và dịch vụ ổn so với kỳ vọng.",vi,8.7,Hoàng Nam,2026-06-27 08:00:00
722,183,"Gia đình mình hài lòng với tour Côn Đảo, nhịp đi vừa phải và dễ tham gia.",vi,10.0,Gia Huy,2025-10-06 08:00:00
723,184,"Mình thích phần photography, giá phù hợp và dịch vụ ổn so với kỳ vọng.",vi,7.5,Phương Linh,2025-07-01 08:00:00
724,184,"Tour Hạ Long lịch trình hợp lý, hướng dẫn viên nhiệt tình, trải nghiệm food rất rõ.",vi,7.2,Phương Linh,2025-02-16 08:00:00
725,184,"Khách sạn và di chuyển ổn, tour có nhiều hoạt động beach, đáng cân nhắc.",vi,9.5,Minh Anh,2025-12-29 08:00:00
726,185,"Đi Đà Lạt khá vui, điểm tham quan đẹp, phù hợp nhóm thích romantic.",vi,8.8,Quốc Bảo,2026-05-02 08:00:00
727,185,"Tour Đà Lạt lịch trình hợp lý, hướng dẫn viên nhiệt tình, trải nghiệm relax rất rõ.",vi,9.2,Phương Linh,2026-06-24 08:00:00
728,185,"Gia đình mình hài lòng với tour Đà Lạt, nhịp đi vừa phải và dễ tham gia.",vi,9.9,Gia Huy,2025-01-05 08:00:00
729,185,"Mình thích phần mountain, giá phù hợp và dịch vụ ổn so với kỳ vọng.",vi,8.9,Quốc Bảo,2024-12-25 08:00:00
730,186,"Gia đình mình hài lòng với tour Huế, nhịp đi vừa phải và dễ tham gia.",vi,8.7,Thu Hà,2025-08-18 08:00:00
731,186,"Đi Huế khá vui, điểm tham quan đẹp, phù hợp nhóm thích food.",vi,9.0,Gia Huy,2026-05-15 08:00:00
732,186,"Mình thích phần history, giá phù hợp và dịch vụ ổn so với kỳ vọng.",vi,10.0,Thu Hà,2025-12-19 08:00:00
733,187,"Khách sạn và di chuyển ổn, tour có nhiều hoạt động history, đáng cân nhắc.",vi,9.6,Quốc Bảo,2026-06-24 08:00:00
734,187,"Đi Huế khá vui, điểm tham quan đẹp, phù hợp nhóm thích city.",vi,8.4,Thu Hà,2026-03-13 08:00:00
735,187,"Tour Huế lịch trình hợp lý, hướng dẫn viên nhiệt tình, trải nghiệm nightlife rất rõ.",vi,8.8,Gia Huy,2025-12-28 08:00:00
736,187,"Đi Huế khá vui, điểm tham quan đẹp, phù hợp nhóm thích spiritual.",vi,10.0,Phương Linh,2026-04-30 08:00:00
737,187,"Đi Huế khá vui, điểm tham quan đẹp, phù hợp nhóm thích history.",vi,9.7,Quốc Bảo,2025-05-03 08:00:00
738,188,"Gia đình mình hài lòng với tour Hà Nội, nhịp đi vừa phải và dễ tham gia.",vi,8.2,Phương Linh,2026-01-25 08:00:00
739,188,"Đi Hà Nội khá vui, điểm tham quan đẹp, phù hợp nhóm thích food.",vi,8.1,Thu Hà,2026-05-12 08:00:00
740,188,"Đi Hà Nội khá vui, điểm tham quan đẹp, phù hợp nhóm thích photography.",vi,6.3,Minh Anh,2026-01-23 08:00:00
741,188,"Đi Hà Nội khá vui, điểm tham quan đẹp, phù hợp nhóm thích shopping.",vi,7.5,Hoàng Nam,2026-05-27 08:00:00
742,188,"Mình thích phần shopping, giá phù hợp và dịch vụ ổn so với kỳ vọng.",vi,6.6,Quốc Bảo,2025-07-23 08:00:00
743,188,"Tour Hà Nội lịch trình hợp lý, hướng dẫn viên nhiệt tình, trải nghiệm culture rất rõ.",vi,6.1,Quốc Bảo,2025-09-24 08:00:00
744,189,"Mình thích phần history, giá phù hợp và dịch vụ ổn so với kỳ vọng.",vi,9.8,Quốc Bảo,2025-02-03 08:00:00
745,189,"Khách sạn và di chuyển ổn, tour có nhiều hoạt động mountain, đáng cân nhắc.",vi,6.0,Thu Hà,2026-04-10 08:00:00
746,189,"Mình thích phần mountain, giá phù hợp và dịch vụ ổn so với kỳ vọng.",vi,7.3,Thu Hà,2025-05-08 08:00:00
747,190,"Đi Nha Trang khá vui, điểm tham quan đẹp, phù hợp nhóm thích food.",vi,10.0,Minh Anh,2025-11-01 08:00:00
748,190,"Mình thích phần culture, giá phù hợp và dịch vụ ổn so với kỳ vọng.",vi,9.2,Phương Linh,2025-12-20 08:00:00
749,190,"Khách sạn và di chuyển ổn, tour có nhiều hoạt động culture, đáng cân nhắc.",vi,9.3,Hoàng Nam,2026-03-28 08:00:00
750,190,"Gia đình mình hài lòng với tour Nha Trang, nhịp đi vừa phải và dễ tham gia.",vi,9.0,Phương Linh,2026-01-16 08:00:00
751,190,"Khách sạn và di chuyển ổn, tour có nhiều hoạt động beach, đáng cân nhắc.",vi,9.9,Thu Hà,2026-07-21 08:00:00
752,190,"Gia đình mình hài lòng với tour Nha Trang, nhịp đi vừa phải và dễ tham gia.",vi,9.5,Thu Hà,2026-05-23 08:00:00
753,191,"Đi Hội An khá vui, điểm tham quan đẹp, phù hợp nhóm thích culture.",vi,7.2,Quốc Bảo,2025-01-21 08:00:00
754,191,"Mình thích phần food, giá phù hợp và dịch vụ ổn so với kỳ vọng.",vi,7.0,Minh Anh,2025-11-12 08:00:00
755,191,"Khách sạn và di chuyển ổn, tour có nhiều hoạt động culture, đáng cân nhắc.",vi,6.8,Gia Huy,2025-11-03 08:00:00
756,191,"Khách sạn và di chuyển ổn, tour có nhiều hoạt động water_sports, đáng cân nhắc.",vi,6.2,Thu Hà,2026-05-23 08:00:00
757,192,"Tour TP. Hồ Chí Minh lịch trình hợp lý, hướng dẫn viên nhiệt tình, trải nghiệm food rất rõ.",vi,8.4,Hoàng Nam,2026-07-22 08:00:00
758,192,"Gia đình mình hài lòng với tour TP. Hồ Chí Minh, nhịp đi vừa phải và dễ tham gia.",vi,9.2,Hoàng Nam,2026-03-05 08:00:00
759,193,"Khách sạn và di chuyển ổn, tour có nhiều hoạt động beach, đáng cân nhắc.",vi,8.4,Thu Hà,2025-07-21 08:00:00
760,193,"Tour Phú Quốc lịch trình hợp lý, hướng dẫn viên nhiệt tình, trải nghiệm city rất rõ.",vi,7.2,Phương Linh,2025-08-13 08:00:00
761,193,"Khách sạn và di chuyển ổn, tour có nhiều hoạt động beach, đáng cân nhắc.",vi,8.8,Quốc Bảo,2025-08-17 08:00:00
762,193,"Mình thích phần water_sports, giá phù hợp và dịch vụ ổn so với kỳ vọng.",vi,9.2,Hoàng Nam,2025-01-19 08:00:00
763,193,"Gia đình mình hài lòng với tour Phú Quốc, nhịp đi vừa phải và dễ tham gia.",vi,8.2,Quốc Bảo,2026-04-24 08:00:00
764,194,"Khách sạn và di chuyển ổn, tour có nhiều hoạt động water_sports, đáng cân nhắc.",vi,8.7,Thu Hà,2025-10-19 08:00:00
765,194,"Gia đình mình hài lòng với tour Phú Quốc, nhịp đi vừa phải và dễ tham gia.",vi,10.0,Gia Huy,2025-07-02 08:00:00
766,194,"Tour Phú Quốc lịch trình hợp lý, hướng dẫn viên nhiệt tình, trải nghiệm luxury rất rõ.",vi,9.8,Gia Huy,2025-10-04 08:00:00
767,194,"Gia đình mình hài lòng với tour Phú Quốc, nhịp đi vừa phải và dễ tham gia.",vi,8.8,Gia Huy,2026-04-04 08:00:00
768,195,"Tour Đà Lạt lịch trình hợp lý, hướng dẫn viên nhiệt tình, trải nghiệm nature rất rõ.",vi,8.9,Gia Huy,2025-03-16 08:00:00
769,195,"Đi Đà Lạt khá vui, điểm tham quan đẹp, phù hợp nhóm thích nature.",vi,7.8,Gia Huy,2025-09-12 08:00:00
770,196,"Gia đình mình hài lòng với tour Phú Quốc, nhịp đi vừa phải và dễ tham gia.",vi,9.1,Thu Hà,2025-06-18 08:00:00
771,196,"Mình thích phần family, giá phù hợp và dịch vụ ổn so với kỳ vọng.",vi,8.8,Quốc Bảo,2025-09-20 08:00:00
772,196,"Đi Phú Quốc khá vui, điểm tham quan đẹp, phù hợp nhóm thích romantic.",vi,8.1,Minh Anh,2025-02-09 08:00:00
773,196,"Mình thích phần beach, giá phù hợp và dịch vụ ổn so với kỳ vọng.",vi,8.0,Minh Anh,2025-11-25 08:00:00
774,196,"Khách sạn và di chuyển ổn, tour có nhiều hoạt động family, đáng cân nhắc.",vi,9.2,Phương Linh,2025-11-07 08:00:00
775,196,"Đi Phú Quốc khá vui, điểm tham quan đẹp, phù hợp nhóm thích family.",vi,9.4,Hoàng Nam,2026-05-07 08:00:00
776,197,"Đi Đà Nẵng khá vui, điểm tham quan đẹp, phù hợp nhóm thích beach.",vi,10.0,Gia Huy,2026-07-28 08:00:00
777,197,"Mình thích phần family, giá phù hợp và dịch vụ ổn so với kỳ vọng.",vi,9.8,Thu Hà,2025-04-28 08:00:00
778,197,"Đi Đà Nẵng khá vui, điểm tham quan đẹp, phù hợp nhóm thích luxury.",vi,8.8,Phương Linh,2025-04-19 08:00:00
779,197,"Mình thích phần photography, giá phù hợp và dịch vụ ổn so với kỳ vọng.",vi,9.1,Minh Anh,2026-05-23 08:00:00
780,197,"Gia đình mình hài lòng với tour Đà Nẵng, nhịp đi vừa phải và dễ tham gia.",vi,8.2,Minh Anh,2025-10-25 08:00:00
781,197,"Gia đình mình hài lòng với tour Đà Nẵng, nhịp đi vừa phải và dễ tham gia.",vi,9.0,Thu Hà,2025-02-18 08:00:00
782,198,"Tour Đà Lạt lịch trình hợp lý, hướng dẫn viên nhiệt tình, trải nghiệm romantic rất rõ.",vi,9.1,Thu Hà,2025-07-09 08:00:00
783,198,"Đi Đà Lạt khá vui, điểm tham quan đẹp, phù hợp nhóm thích romantic.",vi,9.7,Quốc Bảo,2025-05-22 08:00:00
784,199,"Gia đình mình hài lòng với tour Hội An, nhịp đi vừa phải và dễ tham gia.",vi,8.9,Quốc Bảo,2026-02-25 08:00:00
785,199,"Gia đình mình hài lòng với tour Hội An, nhịp đi vừa phải và dễ tham gia.",vi,8.5,Phương Linh,2025-10-19 08:00:00
786,199,"Gia đình mình hài lòng với tour Hội An, nhịp đi vừa phải và dễ tham gia.",vi,10.0,Quốc Bảo,2025-12-10 08:00:00
787,200,"Mình thích phần spiritual, giá phù hợp và dịch vụ ổn so với kỳ vọng.",vi,9.3,Gia Huy,2025-09-01 08:00:00
788,200,"Tour Đà Nẵng lịch trình hợp lý, hướng dẫn viên nhiệt tình, trải nghiệm photography rất rõ.",vi,9.8,Gia Huy,2025-02-06 08:00:00
789,200,"Đi Đà Nẵng khá vui, điểm tham quan đẹp, phù hợp nhóm thích beach.",vi,8.4,Minh Anh,2025-11-03 08:00:00
790,200,"Tour Đà Nẵng lịch trình hợp lý, hướng dẫn viên nhiệt tình, trải nghiệm beach rất rõ.",vi,8.5,Hoàng Nam,2025-04-02 08:00:00
791,201,"Đi Phú Quốc khá vui, điểm tham quan đẹp, phù hợp nhóm thích family.",vi,9.1,Gia Huy,2025-08-27 08:00:00
792,201,"Đi Phú Quốc khá vui, điểm tham quan đẹp, phù hợp nhóm thích beach.",vi,8.8,Quốc Bảo,2025-11-16 08:00:00
793,201,"Khách sạn và di chuyển ổn, tour có nhiều hoạt động relax, đáng cân nhắc.",vi,8.9,Phương Linh,2025-04-22 08:00:00
794,201,"Khách sạn và di chuyển ổn, tour có nhiều hoạt động luxury, đáng cân nhắc.",vi,9.7,Thu Hà,2024-12-26 08:00:00
795,201,"Mình thích phần romantic, giá phù hợp và dịch vụ ổn so với kỳ vọng.",vi,8.3,Phương Linh,2026-03-14 08:00:00
796,202,"Đi Huế khá vui, điểm tham quan đẹp, phù hợp nhóm thích spiritual.",vi,10.0,Hoàng Nam,2025-08-17 08:00:00
797,202,"Mình thích phần culture, giá phù hợp và dịch vụ ổn so với kỳ vọng.",vi,10.0,Thu Hà,2025-12-07 08:00:00
798,202,"Mình thích phần culture, giá phù hợp và dịch vụ ổn so với kỳ vọng.",vi,9.4,Minh Anh,2025-06-21 08:00:00
799,202,"Tour Huế lịch trình hợp lý, hướng dẫn viên nhiệt tình, trải nghiệm nightlife rất rõ.",vi,8.3,Hoàng Nam,2025-07-27 08:00:00
800,203,"Đi Huế khá vui, điểm tham quan đẹp, phù hợp nhóm thích city.",vi,8.9,Minh Anh,2025-05-30 08:00:00
801,203,"Mình thích phần food, giá phù hợp và dịch vụ ổn so với kỳ vọng.",vi,9.8,Hoàng Nam,2026-03-06 08:00:00
802,203,"Đi Huế khá vui, điểm tham quan đẹp, phù hợp nhóm thích water_sports.",vi,7.4,Gia Huy,2025-11-09 08:00:00
803,203,"Tour Huế lịch trình hợp lý, hướng dẫn viên nhiệt tình, trải nghiệm spiritual rất rõ.",vi,9.2,Phương Linh,2026-02-23 08:00:00
804,203,"Khách sạn và di chuyển ổn, tour có nhiều hoạt động culture, đáng cân nhắc.",vi,8.9,Gia Huy,2025-11-09 08:00:00
805,204,"Tour Phú Quốc lịch trình hợp lý, hướng dẫn viên nhiệt tình, trải nghiệm city rất rõ.",vi,9.0,Phương Linh,2025-07-17 08:00:00
806,204,"Gia đình mình hài lòng với tour Phú Quốc, nhịp đi vừa phải và dễ tham gia.",vi,8.3,Thu Hà,2025-06-15 08:00:00
807,204,"Khách sạn và di chuyển ổn, tour có nhiều hoạt động beach, đáng cân nhắc.",vi,8.9,Minh Anh,2026-02-04 08:00:00
808,204,"Gia đình mình hài lòng với tour Phú Quốc, nhịp đi vừa phải và dễ tham gia.",vi,8.7,Minh Anh,2025-06-30 08:00:00
809,204,"Đi Phú Quốc khá vui, điểm tham quan đẹp, phù hợp nhóm thích shopping.",vi,8.0,Minh Anh,2025-04-25 08:00:00
810,205,"Đi Huế khá vui, điểm tham quan đẹp, phù hợp nhóm thích wildlife.",vi,8.0,Gia Huy,2025-07-13 08:00:00
811,205,"Khách sạn và di chuyển ổn, tour có nhiều hoạt động history, đáng cân nhắc.",vi,7.8,Gia Huy,2025-09-15 08:00:00
812,206,"Khách sạn và di chuyển ổn, tour có nhiều hoạt động romantic, đáng cân nhắc.",vi,9.2,Quốc Bảo,2025-11-01 08:00:00
813,206,"Mình thích phần romantic, giá phù hợp và dịch vụ ổn so với kỳ vọng.",vi,9.0,Hoàng Nam,2025-11-26 08:00:00
814,206,"Mình thích phần food, giá phù hợp và dịch vụ ổn so với kỳ vọng.",vi,9.1,Gia Huy,2025-10-23 08:00:00
815,206,"Đi Hội An khá vui, điểm tham quan đẹp, phù hợp nhóm thích romantic.",vi,8.8,Minh Anh,2026-06-11 08:00:00
816,206,"Khách sạn và di chuyển ổn, tour có nhiều hoạt động romantic, đáng cân nhắc.",vi,8.7,Minh Anh,2024-12-24 08:00:00
817,206,"Khách sạn và di chuyển ổn, tour có nhiều hoạt động romantic, đáng cân nhắc.",vi,10.0,Quốc Bảo,2026-03-21 08:00:00
818,207,"Mình thích phần beach, giá phù hợp và dịch vụ ổn so với kỳ vọng.",vi,7.7,Phương Linh,2025-07-04 08:00:00
819,207,"Đi Nha Trang khá vui, điểm tham quan đẹp, phù hợp nhóm thích family.",vi,8.4,Thu Hà,2026-08-10 08:00:00
820,207,"Tour Nha Trang lịch trình hợp lý, hướng dẫn viên nhiệt tình, trải nghiệm food rất rõ.",vi,9.5,Phương Linh,2026-02-10 08:00:00
821,207,"Tour Nha Trang lịch trình hợp lý, hướng dẫn viên nhiệt tình, trải nghiệm family rất rõ.",vi,8.6,Gia Huy,2026-07-17 08:00:00
822,207,"Đi Nha Trang khá vui, điểm tham quan đẹp, phù hợp nhóm thích beach.",vi,7.6,Minh Anh,2025-02-11 08:00:00
823,207,"Đi Nha Trang khá vui, điểm tham quan đẹp, phù hợp nhóm thích family.",vi,7.8,Quốc Bảo,2024-12-23 08:00:00
824,208,"Gia đình mình hài lòng với tour TP. Hồ Chí Minh, nhịp đi vừa phải và dễ tham gia.",vi,9.1,Minh Anh,2026-06-26 08:00:00
825,208,"Mình thích phần photography, giá phù hợp và dịch vụ ổn so với kỳ vọng.",vi,9.0,Quốc Bảo,2025-08-19 08:00:00
826,208,"Khách sạn và di chuyển ổn, tour có nhiều hoạt động food, đáng cân nhắc.",vi,10.0,Hoàng Nam,2026-06-16 08:00:00
827,208,"Mình thích phần shopping, giá phù hợp và dịch vụ ổn so với kỳ vọng.",vi,8.1,Thu Hà,2025-05-12 08:00:00
828,208,"Tour TP. Hồ Chí Minh lịch trình hợp lý, hướng dẫn viên nhiệt tình, trải nghiệm nightlife rất rõ.",vi,8.6,Thu Hà,2025-12-22 08:00:00
829,208,"Khách sạn và di chuyển ổn, tour có nhiều hoạt động food, đáng cân nhắc.",vi,10.0,Thu Hà,2026-01-07 08:00:00
830,209,"Khách sạn và di chuyển ổn, tour có nhiều hoạt động photography, đáng cân nhắc.",vi,9.1,Minh Anh,2025-11-07 08:00:00
831,209,"Đi Côn Đảo khá vui, điểm tham quan đẹp, phù hợp nhóm thích spiritual.",vi,9.5,Gia Huy,2025-03-07 08:00:00
832,209,"Đi Côn Đảo khá vui, điểm tham quan đẹp, phù hợp nhóm thích nature.",vi,9.1,Quốc Bảo,2026-02-07 08:00:00
833,210,"Tour Cao Bằng lịch trình hợp lý, hướng dẫn viên nhiệt tình, trải nghiệm food rất rõ.",vi,7.5,Minh Anh,2025-05-09 08:00:00
834,210,"Khách sạn và di chuyển ổn, tour có nhiều hoạt động culture, đáng cân nhắc.",vi,7.3,Thu Hà,2026-06-29 08:00:00
835,210,"Tour Cao Bằng lịch trình hợp lý, hướng dẫn viên nhiệt tình, trải nghiệm photography rất rõ.",vi,7.5,Gia Huy,2026-06-16 08:00:00
836,210,"Đi Cao Bằng khá vui, điểm tham quan đẹp, phù hợp nhóm thích food.",vi,7.8,Phương Linh,2025-03-18 08:00:00
837,211,"Đi Hạ Long khá vui, điểm tham quan đẹp, phù hợp nhóm thích budget.",vi,9.8,Gia Huy,2025-09-25 08:00:00
838,211,"Tour Hạ Long lịch trình hợp lý, hướng dẫn viên nhiệt tình, trải nghiệm nature rất rõ.",vi,10.0,Hoàng Nam,2025-08-07 08:00:00
839,211,"Mình thích phần photography, giá phù hợp và dịch vụ ổn so với kỳ vọng.",vi,10.0,Quốc Bảo,2026-02-13 08:00:00
840,211,"Khách sạn và di chuyển ổn, tour có nhiều hoạt động luxury, đáng cân nhắc.",vi,6.9,Minh Anh,2025-03-10 08:00:00
841,212,"Tour Đà Lạt lịch trình hợp lý, hướng dẫn viên nhiệt tình, trải nghiệm cruise rất rõ.",vi,9.6,Minh Anh,2025-02-27 08:00:00
842,212,"Khách sạn và di chuyển ổn, tour có nhiều hoạt động romantic, đáng cân nhắc.",vi,8.7,Thu Hà,2026-04-10 08:00:00
843,212,"Gia đình mình hài lòng với tour Đà Lạt, nhịp đi vừa phải và dễ tham gia.",vi,9.1,Gia Huy,2025-05-27 08:00:00
844,212,"Tour Đà Lạt lịch trình hợp lý, hướng dẫn viên nhiệt tình, trải nghiệm cruise rất rõ.",vi,10.0,Hoàng Nam,2026-06-24 08:00:00
845,213,"Khách sạn và di chuyển ổn, tour có nhiều hoạt động photography, đáng cân nhắc.",vi,8.6,Gia Huy,2025-06-18 08:00:00
846,213,"Gia đình mình hài lòng với tour Hội An, nhịp đi vừa phải và dễ tham gia.",vi,9.0,Thu Hà,2026-02-04 08:00:00
847,213,"Tour Hội An lịch trình hợp lý, hướng dẫn viên nhiệt tình, trải nghiệm food rất rõ.",vi,8.6,Minh Anh,2025-02-10 08:00:00
848,213,"Khách sạn và di chuyển ổn, tour có nhiều hoạt động food, đáng cân nhắc.",vi,8.7,Thu Hà,2026-01-31 08:00:00
849,214,"Mình thích phần beach, giá phù hợp và dịch vụ ổn so với kỳ vọng.",vi,7.8,Phương Linh,2026-01-16 08:00:00
850,214,"Gia đình mình hài lòng với tour Đà Nẵng, nhịp đi vừa phải và dễ tham gia.",vi,7.1,Hoàng Nam,2025-06-23 08:00:00
851,214,"Tour Đà Nẵng lịch trình hợp lý, hướng dẫn viên nhiệt tình, trải nghiệm beach rất rõ.",vi,6.7,Minh Anh,2026-03-29 08:00:00
852,214,"Gia đình mình hài lòng với tour Đà Nẵng, nhịp đi vừa phải và dễ tham gia.",vi,8.4,Gia Huy,2025-04-04 08:00:00
853,215,"Mình thích phần shopping, giá phù hợp và dịch vụ ổn so với kỳ vọng.",vi,8.2,Minh Anh,2026-05-25 08:00:00
854,215,"Đi Hà Nội khá vui, điểm tham quan đẹp, phù hợp nhóm thích food.",vi,6.7,Minh Anh,2026-03-05 08:00:00
855,215,"Khách sạn và di chuyển ổn, tour có nhiều hoạt động food, đáng cân nhắc.",vi,7.0,Gia Huy,2025-04-13 08:00:00
856,215,"Tour Hà Nội lịch trình hợp lý, hướng dẫn viên nhiệt tình, trải nghiệm culture rất rõ.",vi,7.0,Gia Huy,2025-09-24 08:00:00
857,215,"Gia đình mình hài lòng với tour Hà Nội, nhịp đi vừa phải và dễ tham gia.",vi,8.2,Quốc Bảo,2025-07-27 08:00:00
858,215,"Gia đình mình hài lòng với tour Hà Nội, nhịp đi vừa phải và dễ tham gia.",vi,7.8,Minh Anh,2025-11-05 08:00:00
859,216,"Khách sạn và di chuyển ổn, tour có nhiều hoạt động food, đáng cân nhắc.",vi,9.8,Thu Hà,2025-08-16 08:00:00
860,216,"Gia đình mình hài lòng với tour Nha Trang, nhịp đi vừa phải và dễ tham gia.",vi,9.3,Minh Anh,2026-08-10 08:00:00
861,216,"Mình thích phần food, giá phù hợp và dịch vụ ổn so với kỳ vọng.",vi,10.0,Hoàng Nam,2026-02-16 08:00:00
862,216,"Đi Nha Trang khá vui, điểm tham quan đẹp, phù hợp nhóm thích spiritual.",vi,9.9,Gia Huy,2025-07-30 08:00:00
863,216,"Gia đình mình hài lòng với tour Nha Trang, nhịp đi vừa phải và dễ tham gia.",vi,8.8,Phương Linh,2025-10-26 08:00:00
864,216,"Gia đình mình hài lòng với tour Nha Trang, nhịp đi vừa phải và dễ tham gia.",vi,9.7,Thu Hà,2025-06-15 08:00:00
865,217,"Mình thích phần family, giá phù hợp và dịch vụ ổn so với kỳ vọng.",vi,7.9,Quốc Bảo,2025-12-14 08:00:00
866,217,"Đi Nha Trang khá vui, điểm tham quan đẹp, phù hợp nhóm thích food.",vi,8.4,Minh Anh,2025-10-01 08:00:00
867,217,"Tour Nha Trang lịch trình hợp lý, hướng dẫn viên nhiệt tình, trải nghiệm beach rất rõ.",vi,8.5,Minh Anh,2026-02-22 08:00:00
868,217,"Khách sạn và di chuyển ổn, tour có nhiều hoạt động relax, đáng cân nhắc.",vi,6.4,Minh Anh,2025-05-01 08:00:00
869,217,"Mình thích phần beach, giá phù hợp và dịch vụ ổn so với kỳ vọng.",vi,7.2,Thu Hà,2026-07-05 08:00:00
870,217,"Tour Nha Trang lịch trình hợp lý, hướng dẫn viên nhiệt tình, trải nghiệm relax rất rõ.",vi,8.4,Minh Anh,2026-02-17 08:00:00
871,218,"Mình thích phần family, giá phù hợp và dịch vụ ổn so với kỳ vọng.",vi,8.8,Phương Linh,2026-08-09 08:00:00
872,218,"Đi Hạ Long khá vui, điểm tham quan đẹp, phù hợp nhóm thích cruise.",vi,8.2,Quốc Bảo,2025-06-04 08:00:00
873,219,"Gia đình mình hài lòng với tour Hạ Long, nhịp đi vừa phải và dễ tham gia.",vi,8.5,Phương Linh,2026-01-01 08:00:00
874,219,"Mình thích phần luxury, giá phù hợp và dịch vụ ổn so với kỳ vọng.",vi,8.3,Hoàng Nam,2026-05-15 08:00:00
875,219,"Khách sạn và di chuyển ổn, tour có nhiều hoạt động relax, đáng cân nhắc.",vi,9.2,Phương Linh,2026-01-02 08:00:00
876,219,"Khách sạn và di chuyển ổn, tour có nhiều hoạt động beach, đáng cân nhắc.",vi,10.0,Thu Hà,2025-05-13 08:00:00
877,219,"Khách sạn và di chuyển ổn, tour có nhiều hoạt động beach, đáng cân nhắc.",vi,8.0,Thu Hà,2025-01-02 08:00:00
878,220,"Khách sạn và di chuyển ổn, tour có nhiều hoạt động culture, đáng cân nhắc.",vi,7.5,Quốc Bảo,2025-12-23 08:00:00
879,220,"Khách sạn và di chuyển ổn, tour có nhiều hoạt động romantic, đáng cân nhắc.",vi,8.6,Gia Huy,2025-08-07 08:00:00
880,221,"Tour Đà Lạt lịch trình hợp lý, hướng dẫn viên nhiệt tình, trải nghiệm food rất rõ.",vi,8.4,Thu Hà,2026-03-18 08:00:00
881,221,"Đi Đà Lạt khá vui, điểm tham quan đẹp, phù hợp nhóm thích nature.",vi,9.3,Phương Linh,2025-08-11 08:00:00
882,221,"Khách sạn và di chuyển ổn, tour có nhiều hoạt động spiritual, đáng cân nhắc.",vi,8.3,Thu Hà,2026-01-18 08:00:00
883,221,"Gia đình mình hài lòng với tour Đà Lạt, nhịp đi vừa phải và dễ tham gia.",vi,8.5,Hoàng Nam,2026-06-13 08:00:00
884,222,"Tour Côn Đảo lịch trình hợp lý, hướng dẫn viên nhiệt tình, trải nghiệm nature rất rõ.",vi,8.5,Hoàng Nam,2025-04-09 08:00:00
885,222,"Mình thích phần nature, giá phù hợp và dịch vụ ổn so với kỳ vọng.",vi,9.6,Phương Linh,2026-07-26 08:00:00
886,222,"Tour Côn Đảo lịch trình hợp lý, hướng dẫn viên nhiệt tình, trải nghiệm spiritual rất rõ.",vi,9.5,Gia Huy,2026-06-21 08:00:00
887,223,"Tour Hội An lịch trình hợp lý, hướng dẫn viên nhiệt tình, trải nghiệm romantic rất rõ.",vi,7.1,Minh Anh,2025-04-14 08:00:00
888,223,"Khách sạn và di chuyển ổn, tour có nhiều hoạt động shopping, đáng cân nhắc.",vi,8.3,Gia Huy,2026-06-27 08:00:00
889,223,"Đi Hội An khá vui, điểm tham quan đẹp, phù hợp nhóm thích romantic.",vi,7.6,Minh Anh,2025-12-30 08:00:00
890,223,"Tour Hội An lịch trình hợp lý, hướng dẫn viên nhiệt tình, trải nghiệm food rất rõ.",vi,7.3,Gia Huy,2026-01-18 08:00:00
891,223,"Khách sạn và di chuyển ổn, tour có nhiều hoạt động food, đáng cân nhắc.",vi,7.3,Thu Hà,2026-04-30 08:00:00
892,224,"Tour Côn Đảo lịch trình hợp lý, hướng dẫn viên nhiệt tình, trải nghiệm beach rất rõ.",vi,8.5,Thu Hà,2025-04-09 08:00:00
893,224,"Tour Côn Đảo lịch trình hợp lý, hướng dẫn viên nhiệt tình, trải nghiệm relax rất rõ.",vi,7.1,Hoàng Nam,2026-03-22 08:00:00
894,224,"Khách sạn và di chuyển ổn, tour có nhiều hoạt động beach, đáng cân nhắc.",vi,8.9,Gia Huy,2026-07-01 08:00:00
895,224,"Khách sạn và di chuyển ổn, tour có nhiều hoạt động nature, đáng cân nhắc.",vi,8.2,Quốc Bảo,2025-08-24 08:00:00
896,224,"Mình thích phần spiritual, giá phù hợp và dịch vụ ổn so với kỳ vọng.",vi,8.1,Thu Hà,2025-05-31 08:00:00
897,225,"Gia đình mình hài lòng với tour Đà Lạt, nhịp đi vừa phải và dễ tham gia.",vi,8.1,Hoàng Nam,2025-10-18 08:00:00
898,225,"Đi Đà Lạt khá vui, điểm tham quan đẹp, phù hợp nhóm thích food.",vi,7.7,Phương Linh,2025-12-10 08:00:00
899,226,"Khách sạn và di chuyển ổn, tour có nhiều hoạt động beach, đáng cân nhắc.",vi,7.4,Gia Huy,2025-11-08 08:00:00
900,226,"Đi Hạ Long khá vui, điểm tham quan đẹp, phù hợp nhóm thích cruise.",vi,8.7,Phương Linh,2026-02-18 08:00:00
901,227,"Gia đình mình hài lòng với tour Hạ Long, nhịp đi vừa phải và dễ tham gia.",vi,7.6,Thu Hà,2025-12-03 08:00:00
902,227,"Khách sạn và di chuyển ổn, tour có nhiều hoạt động history, đáng cân nhắc.",vi,9.4,Phương Linh,2025-11-10 08:00:00
903,228,"Đi Cao Bằng khá vui, điểm tham quan đẹp, phù hợp nhóm thích mountain.",vi,7.9,Thu Hà,2025-10-15 08:00:00
904,228,"Gia đình mình hài lòng với tour Cao Bằng, nhịp đi vừa phải và dễ tham gia.",vi,8.7,Phương Linh,2026-04-06 08:00:00
905,228,"Khách sạn và di chuyển ổn, tour có nhiều hoạt động adventure, đáng cân nhắc.",vi,8.3,Thu Hà,2025-10-29 08:00:00
906,228,"Tour Cao Bằng lịch trình hợp lý, hướng dẫn viên nhiệt tình, trải nghiệm adventure rất rõ.",vi,6.9,Minh Anh,2025-05-01 08:00:00
907,229,"Mình thích phần photography, giá phù hợp và dịch vụ ổn so với kỳ vọng.",vi,7.9,Phương Linh,2026-06-19 08:00:00
908,229,"Khách sạn và di chuyển ổn, tour có nhiều hoạt động wildlife, đáng cân nhắc.",vi,7.8,Phương Linh,2024-12-30 08:00:00
909,229,"Đi Hạ Long khá vui, điểm tham quan đẹp, phù hợp nhóm thích beach.",vi,9.8,Gia Huy,2026-03-02 08:00:00
910,229,"Khách sạn và di chuyển ổn, tour có nhiều hoạt động luxury, đáng cân nhắc.",vi,8.2,Quốc Bảo,2026-02-15 08:00:00
911,229,"Gia đình mình hài lòng với tour Hạ Long, nhịp đi vừa phải và dễ tham gia.",vi,7.7,Gia Huy,2025-09-02 08:00:00
912,229,"Tour Hạ Long lịch trình hợp lý, hướng dẫn viên nhiệt tình, trải nghiệm photography rất rõ.",vi,9.7,Phương Linh,2025-12-01 08:00:00
913,230,"Tour Đà Lạt lịch trình hợp lý, hướng dẫn viên nhiệt tình, trải nghiệm nature rất rõ.",vi,8.5,Thu Hà,2026-03-02 08:00:00
914,230,"Gia đình mình hài lòng với tour Đà Lạt, nhịp đi vừa phải và dễ tham gia.",vi,6.6,Phương Linh,2026-05-30 08:00:00
915,230,"Mình thích phần mountain, giá phù hợp và dịch vụ ổn so với kỳ vọng.",vi,6.9,Phương Linh,2026-06-07 08:00:00
916,230,"Khách sạn và di chuyển ổn, tour có nhiều hoạt động relax, đáng cân nhắc.",vi,8.0,Hoàng Nam,2025-09-05 08:00:00
917,230,"Khách sạn và di chuyển ổn, tour có nhiều hoạt động relax, đáng cân nhắc.",vi,6.9,Gia Huy,2026-02-26 08:00:00
918,230,"Khách sạn và di chuyển ổn, tour có nhiều hoạt động food, đáng cân nhắc.",vi,6.3,Thu Hà,2025-04-13 08:00:00
919,231,"Khách sạn và di chuyển ổn, tour có nhiều hoạt động adventure, đáng cân nhắc.",vi,8.7,Minh Anh,2025-03-03 08:00:00
920,231,"Tour Sa Pa lịch trình hợp lý, hướng dẫn viên nhiệt tình, trải nghiệm culture rất rõ.",vi,8.3,Quốc Bảo,2025-11-09 08:00:00
921,231,"Mình thích phần photography, giá phù hợp và dịch vụ ổn so với kỳ vọng.",vi,9.3,Quốc Bảo,2025-01-07 08:00:00
922,231,"Đi Sa Pa khá vui, điểm tham quan đẹp, phù hợp nhóm thích adventure.",vi,8.3,Gia Huy,2025-12-17 08:00:00
923,232,"Khách sạn và di chuyển ổn, tour có nhiều hoạt động nightlife, đáng cân nhắc.",vi,9.2,Phương Linh,2026-07-31 08:00:00
924,232,"Mình thích phần nightlife, giá phù hợp và dịch vụ ổn so với kỳ vọng.",vi,10.0,Gia Huy,2025-08-21 08:00:00
925,232,"Khách sạn và di chuyển ổn, tour có nhiều hoạt động budget, đáng cân nhắc.",vi,8.9,Minh Anh,2025-05-28 08:00:00
926,233,"Đi Nha Trang khá vui, điểm tham quan đẹp, phù hợp nhóm thích shopping.",vi,5.8,Phương Linh,2025-05-24 08:00:00
927,233,"Gia đình mình hài lòng với tour Nha Trang, nhịp đi vừa phải và dễ tham gia.",vi,9.0,Quốc Bảo,2025-03-06 08:00:00
928,233,"Đi Nha Trang khá vui, điểm tham quan đẹp, phù hợp nhóm thích family.",vi,7.8,Gia Huy,2025-06-20 08:00:00
929,234,"Đi Đà Lạt khá vui, điểm tham quan đẹp, phù hợp nhóm thích romantic.",vi,5.4,Thu Hà,2026-06-29 08:00:00
930,234,"Mình thích phần relax, giá phù hợp và dịch vụ ổn so với kỳ vọng.",vi,6.3,Phương Linh,2026-03-19 08:00:00
931,234,"Đi Đà Lạt khá vui, điểm tham quan đẹp, phù hợp nhóm thích nature.",vi,6.1,Minh Anh,2025-10-20 08:00:00
932,234,"Gia đình mình hài lòng với tour Đà Lạt, nhịp đi vừa phải và dễ tham gia.",vi,7.7,Hoàng Nam,2025-09-02 08:00:00
933,235,"Đi Hội An khá vui, điểm tham quan đẹp, phù hợp nhóm thích romantic.",vi,9.7,Thu Hà,2026-01-13 08:00:00
934,235,"Khách sạn và di chuyển ổn, tour có nhiều hoạt động photography, đáng cân nhắc.",vi,9.6,Quốc Bảo,2026-03-12 08:00:00
935,235,"Khách sạn và di chuyển ổn, tour có nhiều hoạt động photography, đáng cân nhắc.",vi,9.3,Phương Linh,2025-01-08 08:00:00
936,235,"Tour Hội An lịch trình hợp lý, hướng dẫn viên nhiệt tình, trải nghiệm beach rất rõ.",vi,10.0,Phương Linh,2025-10-29 08:00:00
937,236,"Đi Phú Quốc khá vui, điểm tham quan đẹp, phù hợp nhóm thích shopping.",vi,10.0,Minh Anh,2025-06-25 08:00:00
938,236,"Đi Phú Quốc khá vui, điểm tham quan đẹp, phù hợp nhóm thích relax.",vi,8.5,Quốc Bảo,2025-10-07 08:00:00
939,236,"Mình thích phần adventure, giá phù hợp và dịch vụ ổn so với kỳ vọng.",vi,7.5,Thu Hà,2025-12-26 08:00:00
940,237,"Tour Hà Nội lịch trình hợp lý, hướng dẫn viên nhiệt tình, trải nghiệm food rất rõ.",vi,8.7,Minh Anh,2026-05-29 08:00:00
941,237,"Đi Hà Nội khá vui, điểm tham quan đẹp, phù hợp nhóm thích city.",vi,9.9,Phương Linh,2025-10-04 08:00:00
942,237,"Tour Hà Nội lịch trình hợp lý, hướng dẫn viên nhiệt tình, trải nghiệm budget rất rõ.",vi,9.6,Phương Linh,2025-11-08 08:00:00
943,238,"Khách sạn và di chuyển ổn, tour có nhiều hoạt động photography, đáng cân nhắc.",vi,8.7,Minh Anh,2026-06-18 08:00:00
944,238,"Gia đình mình hài lòng với tour Phú Quốc, nhịp đi vừa phải và dễ tham gia.",vi,8.1,Phương Linh,2026-03-07 08:00:00
945,238,"Gia đình mình hài lòng với tour Phú Quốc, nhịp đi vừa phải và dễ tham gia.",vi,9.2,Thu Hà,2025-09-16 08:00:00
946,238,"Gia đình mình hài lòng với tour Phú Quốc, nhịp đi vừa phải và dễ tham gia.",vi,8.6,Gia Huy,2026-07-02 08:00:00
947,238,"Tour Phú Quốc lịch trình hợp lý, hướng dẫn viên nhiệt tình, trải nghiệm romantic rất rõ.",vi,8.5,Hoàng Nam,2025-11-08 08:00:00
948,239,"Khách sạn và di chuyển ổn, tour có nhiều hoạt động water_sports, đáng cân nhắc.",vi,7.2,Quốc Bảo,2025-01-16 08:00:00
949,239,"Tour Huế lịch trình hợp lý, hướng dẫn viên nhiệt tình, trải nghiệm culture rất rõ.",vi,8.3,Minh Anh,2026-03-15 08:00:00
950,239,"Đi Huế khá vui, điểm tham quan đẹp, phù hợp nhóm thích water_sports.",vi,7.4,Gia Huy,2026-05-11 08:00:00
951,239,"Gia đình mình hài lòng với tour Huế, nhịp đi vừa phải và dễ tham gia.",vi,6.3,Hoàng Nam,2025-11-30 08:00:00
952,239,"Tour Huế lịch trình hợp lý, hướng dẫn viên nhiệt tình, trải nghiệm photography rất rõ.",vi,6.8,Thu Hà,2025-02-02 08:00:00
953,240,"Gia đình mình hài lòng với tour Cao Bằng, nhịp đi vừa phải và dễ tham gia.",vi,7.3,Quốc Bảo,2025-03-09 08:00:00
954,240,"Tour Cao Bằng lịch trình hợp lý, hướng dẫn viên nhiệt tình, trải nghiệm mountain rất rõ.",vi,6.3,Thu Hà,2026-06-24 08:00:00
955,240,"Khách sạn và di chuyển ổn, tour có nhiều hoạt động nightlife, đáng cân nhắc.",vi,7.0,Phương Linh,2026-02-01 08:00:00
956,240,"Đi Cao Bằng khá vui, điểm tham quan đẹp, phù hợp nhóm thích culture.",vi,10.0,Hoàng Nam,2026-06-05 08:00:00
957,240,"Đi Cao Bằng khá vui, điểm tham quan đẹp, phù hợp nhóm thích mountain.",vi,6.2,Gia Huy,2026-08-09 08:00:00
