id,name,destination,price,duration,description,avg_rating,review_count,source,source_url,season,image_url,created_at,updated_at,duration_label,original_price,highlights,places,topics,gallery,itinerary,included,excluded,schedule,transport
1,Tour Phú Quốc 4N3Đ: Tiết Kiệm Romantic,Phú Quốc,14160000,4,"Hành trình Phú Quốc 4 ngày dành cho du khách yêu thích romantic, family, beach.",9.0,35,bestprice,https://synthetic.example.com/tours/1,summer,https://picsum.photos/seed/tour-1/900/600,2025-09-29 08:00:00,2025-10-28 08:00:00,4N3Đ,17319706,"[""Trải nghiệm romantic"", ""Trải nghiệm family"", ""Trải nghiệm beach""]","[""Phú Quốc""]","[""romantic"", ""family"", ""beach"", ""water_sports""]","[""https://picsum.photos/seed/tour-1-1/900/600"", ""https://picsum.photos/seed/tour-1-2/900/600"", ""https://picsum.photos/seed/tour-1-3/900/600""]","[{""day"": 1, ""title"": ""Ngày 1 tại Phú Quốc""}, {""day"": 2, ""title"": ""Ngày 2 tại Phú Quốc""}, {""day"": 3, ""title"": ""Ngày 3 tại Phú Quốc""}, {""day"": 4, ""title"": ""Ngày 4 tại Phú Quốc""}]","[""Xe đưa đón"", ""Hướng dẫn viên"", ""Vé tham quan""]","[""Chi phí cá nhân"", ""VAT""]","[{""month"": 3, ""available"": true}, {""month"": 6, ""available"": true}, {""month"": 9, ""available"": true}, {""month"": 12, ""available"": true}]","{""type"": ""flight""}"
2,Tour Phú Quốc 5N4Đ: Trọn Gói Relax,Phú Quốc,5410000,5,"Hành trình Phú Quốc 5 ngày dành cho du khách yêu thích relax, family, luxury.",9.1,111,bestprice,https://synthetic.example.com/tours/2,summer,https://picsum.photos/seed/tour-2/900/600,2024-12-18 08:00:00,2024-12-26 08:00:00,5N4Đ,5831665,"[""Trải nghiệm relax"", ""Trải nghiệm family"", ""Trải nghiệm luxury""]","[""Phú Quốc""]","[""relax"", ""family"", ""luxury"", ""romantic""]","[""https://picsum.photos/seed/tour-2-1/900/600"", ""https://picsum.photos/seed/tour-2-2/900/600"", ""https://picsum.photos/seed/tour-2-3/900/600""]","[{""day"": 1, ""title"": ""Ngày 1 tại Phú Quốc""}, {""day"": 2, ""title"": ""Ngày 2 tại Phú Quốc""}, {""day"": 3, ""title"": ""Ngày 3 tại Phú Quốc""}, {""day"": 4, ""title"": ""Ngày 4 tại Phú Quốc""}, {""day"": 5, ""title"": ""Ngày 5 tại Phú Quốc""}]","[""Xe đưa đón"", ""Hướng dẫn viên"", ""Vé tham quan""]","[""Chi phí cá nhân"", ""VAT""]","[{""month"": 3, ""available"": true}, {""month"": 6, ""available"": true}, {""month"": 9, ""available"": true}, {""month"": 12, ""available"": true}]","{""type"": ""flight""}"
3,Tour Hạ Long 4N3Đ: Khám Phá Luxury,Hạ Long,8200000,4,"Hành trình Hạ Long 4 ngày dành cho du khách yêu thích luxury, beach, photography.",7.5,120,klook,https://synthetic.example.com/tours/3,summer,https://picsum.photos/seed/tour-3/900/600,2025-11-03 08:00:00,2025-11-24 08:00:00,4N3Đ,9286400,"[""Trải nghiệm luxury"", ""Trải nghiệm beach"", ""Trải nghiệm photography""]","[""Hạ Long""]","[""luxury"", ""beach"", ""photography"", ""cruise""]","[""https://picsum.photos/seed/tour-3-1/900/600"", ""https://picsum.photos/seed/tour-3-2/900/600"", ""https://picsum.photos/seed/tour-3-3/900/600""]","[{""day"": 1, ""title"": ""Ngày 1 tại Hạ Long""}, {""day"": 2, ""title"": ""Ngày 2 tại Hạ Long""}, {""day"": 3, ""title"": ""Ngày 3 tại Hạ Long""}, {""day"": 4, ""title"": ""Ngày 4 tại Hạ Long""}]","[""Xe đưa đón"", ""Hướng dẫn viên"", ""Vé tham quan""]","[""Chi phí cá nhân"", ""VAT""]","[{""month"": 3, ""available"": true}, {""month"": 6, ""available"": true}, {""month"": 9, ""available"": true}, {""month"": 12, ""available"": true}]","{""type"": ""flight""}"
4,Tour Phú Quốc 5N4Đ: Ẩm Thực Family,Phú Quốc,6540000,5,"Hành trình Phú Quốc 5 ngày dành cho du khách yêu thích family, water_sports, relax.",8.5,51,bestprice,https://synthetic.example.com/tours/4,summer,https://picsum.photos/seed/tour-4/900/600,2026-06-20 08:00:00,2026-07-09 08:00:00,5N4Đ,7856174,"[""Trải nghiệm family"", ""Trải nghiệm water_sports"", ""Trải nghiệm relax""]","[""Phú Quốc""]","[""family"", ""water_sports"", ""relax"", ""romantic""]","[""https://picsum.photos/seed/tour-4-1/900/600"", ""https://picsum.photos/seed/tour-4-2/900/600"", ""https://picsum.photos/seed/tour-4-3/900/600""]","[{""day"": 1, ""title"": ""Ngày 1 tại Phú Quốc""}, {""day"": 2, ""title"": ""Ngày 2 tại Phú Quốc""}, {""day"": 3, ""title"": ""Ngày 3 tại Phú Quốc""}, {""day"": 4, ""title"": ""Ngày 4 tại Phú Quốc""}, {""day"": 5, ""title"": ""Ngày 5 tại Phú Quốc""}]","[""Xe đưa đón"", ""Hướng dẫn viên"", ""Vé tham quan""]","[""Chi phí cá nhân"", ""VAT""]","[{""month"": 3, ""available"": true}, {""month"": 6, ""available"": true}, {""month"": 9, ""available"": true}, {""month"": 12, ""available"": true}]","{""type"": ""car""}"
5,Tour Phú Quốc 5N4Đ: Nghỉ Dưỡng Water Sports,Phú Quốc,15690000,5,"Hành trình Phú Quốc 5 ngày dành cho du khách yêu thích water_sports, romantic, family.",8.2,115,traveloka,https://synthetic.example.com/tours/5,summer,https://picsum.photos/seed/tour-5/900/600,2025-02-22 08:00:00,2025-03-16 08:00:00,5N4Đ,17353755,"[""Trải nghiệm water_sports"", ""Trải nghiệm romantic"", ""Trải nghiệm family""]","[""Phú Quốc""]","[""water_sports"", ""romantic"", ""family"", ""relax""]","[""https://picsum.photos/seed/tour-5-1/900/600"", ""https://picsum.photos/seed/tour-5-2/900/600"", ""https://picsum.photos/seed/tour-5-3/900/600""]","[{""day"": 1, ""title"": ""Ngày 1 tại Phú Quốc""}, {""day"": 2, ""title"": ""Ngày 2 tại Phú Quốc""}, {""day"": 3, ""title"": ""Ngày 3 tại Phú Quốc""}, {""day"": 4, ""title"": ""Ngày 4 tại Phú Quốc""}, {""day"": 5, ""title"": ""Ngày 5 tại Phú Quốc""}]","[""Xe đưa đón"", ""Hướng dẫn viên"", ""Vé tham quan""]","[""Chi phí cá nhân"", ""VAT""]","[{""month"": 3, ""available"": true}, {""month"": 6, ""available"": true}, {""month"": 9, ""available"": true}, {""month"": 12, ""available"": true}]","{""type"": ""bus""}"
6,Tour Đà Lạt 5N4Đ: Check-in Romantic,Đà Lạt,4460000,5,"Hành trình Đà Lạt 5 ngày dành cho du khách yêu thích romantic, nature, photography.",8.8,16,bestprice,https://synthetic.example.com/tours/6,winter,https://picsum.photos/seed/tour-6/900/600,2026-04-10 08:00:00,2026-04-20 08:00:00,5N4Đ,5395946,"[""Trải nghiệm romantic"", ""Trải nghiệm nature"", ""Trải nghiệm photography""]","[""Đà Lạt""]","[""romantic"", ""nature"", ""photography"", ""mountain""]","[""https://picsum.photos/seed/tour-6-1/900/600"", ""https://picsum.photos/seed/tour-6-2/900/600"", ""https://picsum.photos/seed/tour-6-3/900/600""]","[{""day"": 1, ""title"": ""Ngày 1 tại Đà Lạt""}, {""day"": 2, ""title"": ""Ngày 2 tại Đà Lạt""}, {""day"": 3, ""title"": ""Ngày 3 tại Đà Lạt""}, {""day"": 4, ""title"": ""Ngày 4 tại Đà Lạt""}, {""day"": 5, ""title"": ""Ngày 5 tại Đà Lạt""}]","[""Xe đưa đón"", ""Hướng dẫn viên"", ""Vé tham quan""]","[""Chi phí cá nhân"", ""VAT""]","[{""month"": 3, ""available"": true}, {""month"": 6, ""available"": true}, {""month"": 9, ""available"": true}, {""month"": 12, ""available"": true}]","{""type"": ""cruise""}"
7,Tour Côn Đảo 5N4Đ: Gia Đình Beach,Côn Đảo,7910000,5,"Hành trình Côn Đảo 5 ngày dành cho du khách yêu thích beach, spiritual, history.",9.3,13,klook,https://synthetic.example.com/tours/7,summer,https://picsum.photos/seed/tour-7/900/600,2025-04-30 08:00:00,2025-05-18 08:00:00,5N4Đ,8461863,"[""Trải nghiệm beach"", ""Trải nghiệm spiritual"", ""Trải nghiệm history""]","[""Côn Đảo""]","[""beach"", ""spiritual"", ""history"", ""relax""]","[""https://picsum.photos/seed/tour-7-1/900/600"", ""https://picsum.photos/seed/tour-7-2/900/600"", ""https://picsum.photos/seed/tour-7-3/900/600""]","[{""day"": 1, ""title"": ""Ngày 1 tại Côn Đảo""}, {""day"": 2, ""title"": ""Ngày 2 tại Côn Đảo""}, {""day"": 3, ""title"": ""Ngày 3 tại Côn Đảo""}, {""day"": 4, ""title"": ""Ngày 4 tại Côn Đảo""}, {""day"": 5, ""title"": ""Ngày 5 tại Côn Đảo""}]","[""Xe đưa đón"", ""Hướng dẫn viên"", ""Vé tham quan""]","[""Chi phí cá nhân"", ""VAT""]","[{""month"": 3, ""available"": true}, {""month"": 6, ""available"": true}, {""month"": 9, ""available"": true}, {""month"": 12, ""available"": true}]","{""type"": ""flight""}"
8,Tour Hạ Long 3N2Đ: Trọn Gói Beach,Hạ Long,8190000,3,"Hành trình Hạ Long 3 ngày dành cho du khách yêu thích beach, cruise, luxury.",9.6,107,bestprice,https://synthetic.example.com/tours/8,summer,https://picsum.photos/seed/tour-8/900/600,2025-03-27 08:00:00,2025-04-06 08:00:00,3N2Đ,10071872,"[""Trải nghiệm beach"", ""Trải nghiệm cruise"", ""Trải nghiệm luxury""]","[""Hạ Long""]","[""beach"", ""cruise"", ""luxury"", ""family""]","[""https://picsum.photos/seed/tour-8-1/900/600"", ""https://picsum.photos/seed/tour-8-2/900/600"", ""https://picsum.photos/seed/tour-8-3/900/600""]","[{""day"": 1, ""title"": ""Ngày 1 tại Hạ Long""}, {""day"": 2, ""title"": ""Ngày 2 tại Hạ Long""}, {""day"": 3, ""title"": ""Ngày 3 tại Hạ Long""}]","[""Xe đưa đón"", ""Hướng dẫn viên"", ""Vé tham quan""]","[""Chi phí cá nhân"", ""VAT""]","[{""month"": 3, ""available"": true}, {""month"": 6, ""available"": true}, {""month"": 9, ""available"": true}, {""month"": 12, ""available"": true}]","{""type"": ""flight""}"
9,Tour Hạ Long 4N3Đ: Gia Đình Photography,Hạ Long,9390000,4,"Hành trình Hạ Long 4 ngày dành cho du khách yêu thích photography, beach, cruise.",8.0,60,bestprice,https://synthetic.example.com/tours/9,summer,https://picsum.photos/seed/tour-9/900/600,2024-11-02 08:00:00,2024-12-01 08:00:00,4N3Đ,9486952,"[""Trải nghiệm photography"", ""Trải nghiệm beach"", ""Trải nghiệm cruise""]","[""Hạ Long""]","[""photography"", ""beach"", ""cruise"", ""luxury""]","[""https://picsum.photos/seed/tour-9-1/900/600"", ""https://picsum.photos/seed/tour-9-2/900/600"", ""https://picsum.photos/seed/tour-9-3/900/600""]","[{""day"": 1, ""title"": ""Ngày 1 tại Hạ Long""}, {""day"": 2, ""title"": ""Ngày 2 tại Hạ Long""}, {""day"": 3, ""title"": ""Ngày 3 tại Hạ Long""}, {""day"": 4, ""title"": ""Ngày 4 tại Hạ Long""}]","[""Xe đưa đón"", ""Hướng dẫn viên"", ""Vé tham quan""]","[""Chi phí cá nhân"", ""VAT""]","[{""month"": 3, ""available"": true}, {""month"": 6, ""available"": true}, {""month"": 9, ""available"": true}, {""month"": 12, ""available"": true}]","{""type"": ""bus""}"
10,Tour Đà Lạt 4N3Đ: Nghỉ Dưỡng Romantic,Đà Lạt,3750000,4,"Hành trình Đà Lạt 4 ngày dành cho du khách yêu thích romantic, mountain, relax.",9.7,57,klook,https://synthetic.example.com/tours/10,winter,https://picsum.photos/seed/tour-10/900/600,2026-07-29 08:00:00,2026-08-13 08:00:00,4N3Đ,4576962,"[""Trải nghiệm romantic"", ""Trải nghiệm mountain"", ""Trải nghiệm relax""]","[""Đà Lạt""]","[""romantic"", ""mountain"", ""relax"", ""nature""]","[""https://picsum.photos/seed/tour-10-1/900/600"", ""https://picsum.photos/seed/tour-10-2/900/600"", ""https://picsum.photos/seed/tour-10-3/900/600""]","[{""day"": 1, ""title"": ""Ngày 1 tại Đà Lạt""}, {""day"": 2, ""title"": ""Ngày 2 tại Đà Lạt""}, {""day"": 3, ""title"": ""Ngày 3 tại Đà Lạt""}, {""day"": 4, ""title"": ""Ngày 4 tại Đà Lạt""}]","[""Xe đưa đón"", ""Hướng dẫn viên"", ""Vé tham quan""]","[""Chi phí cá nhân"", ""VAT""]","[{""month"": 3, ""available"": true}, {""month"": 6, ""available"": true}, {""month"": 9, ""available"": true}, {""month"": 12, ""available"": true}]","{""type"": ""flight""}"
11,Tour Nha Trang 4N3Đ: Tiết Kiệm Family,Nha Trang,8160000,4,"Hành trình Nha Trang 4 ngày dành cho du khách yêu thích family, food, beach.",8.8,13,traveloka,https://synthetic.example.com/tours/11,summer,https://picsum.photos/seed/tour-11/900/600,2025-08-01 08:00:00,2025-08-01 08:00:00,4N3Đ,10179625,"[""Trải nghiệm family"", ""Trải nghiệm food"", ""Trải nghiệm beach""]","[""Nha Trang""]","[""family"", ""food"", ""beach"", ""nightlife""]","[""https://picsum.photos/seed/tour-11-1/900/600"", ""https://picsum.photos/seed/tour-11-2/900/600"", ""https://picsum.photos/seed/tour-11-3/900/600""]","[{""day"": 1, ""title"": ""Ngày 1 tại Nha Trang""}, {""day"": 2, ""title"": ""Ngày 2 tại Nha Trang""}, {""day"": 3, ""title"": ""Ngày 3 tại Nha Trang""}, {""day"": 4, ""title"": ""Ngày 4 tại Nha Trang""}]","[""Xe đưa đón"", ""Hướng dẫn viên"", ""Vé tham quan""]","[""Chi phí cá nhân"", ""VAT""]","[{""month"": 3, ""available"": true}, {""month"": 6, ""available"": true}, {""month"": 9, ""available"": true}, {""month"": 12, ""available"": true}]","{""type"": ""bus""}"
12,Tour Đà Lạt 4N3Đ: Khám Phá Relax,Đà Lạt,5140000,4,"Hành trình Đà Lạt 4 ngày dành cho du khách yêu thích relax, food, photography.",9.6,114,klook,https://synthetic.example.com/tours/12,winter,https://picsum.photos/seed/tour-12/900/600,2026-05-01 08:00:00,2026-05-23 08:00:00,4N3Đ,6149817,"[""Trải nghiệm relax"", ""Trải nghiệm food"", ""Trải nghiệm photography""]","[""Đà Lạt""]","[""relax"", ""food"", ""photography"", ""romantic""]","[""https://picsum.photos/seed/tour-12-1/900/600"", ""https://picsum.photos/seed/tour-12-2/900/600"", ""https://picsum.photos/seed/tour-12-3/900/600""]","[{""day"": 1, ""title"": ""Ngày 1 tại Đà Lạt""}, {""day"": 2, ""title"": ""Ngày 2 tại Đà Lạt""}, {""day"": 3, ""title"": ""Ngày 3 tại Đà Lạt""}, {""day"": 4, ""title"": ""Ngày 4 tại Đà Lạt""}]","[""Xe đưa đón"", ""Hướng dẫn viên"", ""Vé tham quan""]","[""Chi phí cá nhân"", ""VAT""]","[{""month"": 3, ""available"": true}, {""month"": 6, ""available"": true}, {""month"": 9, ""available"": true}, {""month"": 12, ""available"": true}]","{""type"": ""flight""}"
13,Tour Hạ Long 3N2Đ: Trọn Gói Cruise,Hạ Long,10390000,3,"Hành trình Hạ Long 3 ngày dành cho du khách yêu thích cruise, luxury, photography.",8.6,44,traveloka,https://synthetic.example.com/tours/13,summer,https://picsum.photos/seed/tour-13/900/600,2025-06-23 08:00:00,2025-07-15 08:00:00,3N2Đ,11658566,"[""Trải nghiệm cruise"", ""Trải nghiệm luxury"", ""Trải nghiệm photography""]","[""Hạ Long""]","[""cruise"", ""luxury"", ""photography"", ""beach""]","[""https://picsum.photos/seed/tour-13-1/900/600"", ""https://picsum.photos/seed/tour-13-2/900/600"", ""https://picsum.photos/seed/tour-13-3/900/600""]","[{""day"": 1, ""title"": ""Ngày 1 tại Hạ Long""}, {""day"": 2, ""title"": ""Ngày 2 tại Hạ Long""}, {""day"": 3, ""title"": ""Ngày 3 tại Hạ Long""}]","[""Xe đưa đón"", ""Hướng dẫn viên"", ""Vé tham quan""]","[""Chi phí cá nhân"", ""VAT""]","[{""month"": 3, ""available"": true}, {""month"": 6, ""available"": true}, {""month"": 9, ""available"": true}, {""month"": 12, ""available"": true}]","{""type"": ""flight""}"
14,Tour Đà Nẵng 5N4Đ: Cao Cấp City,Đà Nẵng,4940000,5,"Hành trình Đà Nẵng 5 ngày dành cho du khách yêu thích city, food, water_sports.",8.9,82,bestprice,https://synthetic.example.com/tours/14,summer,https://picsum.photos/seed/tour-14/900/600,2025-04-20 08:00:00,2025-05-05 08:00:00,5N4Đ,5267746,"[""Trải nghiệm city"", ""Trải nghiệm food"", ""Trải nghiệm water_sports""]","[""Đà Nẵng""]","[""city"", ""food"", ""water_sports"", ""beach""]","[""https://picsum.photos/seed/tour-14-1/900/600"", ""https://picsum.photos/seed/tour-14-2/900/600"", ""https://picsum.photos/seed/tour-14-3/900/600""]","[{""day"": 1, ""title"": ""Ngày 1 tại Đà Nẵng""}, {""day"": 2, ""title"": ""Ngày 2 tại Đà Nẵng""}, {""day"": 3, ""title"": ""Ngày 3 tại Đà Nẵng""}, {""day"": 4, ""title"": ""Ngày 4 tại Đà Nẵng""}, {""day"": 5, ""title"": ""Ngày 5 tại Đà Nẵng""}]","[""Xe đưa đón"", ""Hướng dẫn viên"", ""Vé tham quan""]","[""Chi phí cá nhân"", ""VAT""]","[{""month"": 3, ""available"": true}, {""month"": 6, ""available"": true}, {""month"": 9, ""available"": true}, {""month"": 12, ""available"": true}]","{""type"": ""car""}"
15,Tour Huế 3N2Đ: Ẩm Thực Food,Huế,7150000,3,"Hành trình Huế 3 ngày dành cho du khách yêu thích food, spiritual, history.",8.9,23,traveloka,https://synthetic.example.com/tours/15,spring,https://picsum.photos/seed/tour-15/900/600,2025-05-28 08:00:00,2025-06-25 08:00:00,3N2Đ,7317558,"[""Trải nghiệm food"", ""Trải nghiệm spiritual"", ""Trải nghiệm history""]","[""Huế""]","[""food"", ""spiritual"", ""history"", ""culture""]","[""https://picsum.photos/seed/tour-15-1/900/600"", ""https://picsum.photos/seed/tour-15-2/900/600"", ""https://picsum.photos/seed/tour-15-3/900/600""]","[{""day"": 1, ""title"": ""Ngày 1 tại Huế""}, {""day"": 2, ""title"": ""Ngày 2 tại Huế""}, {""day"": 3, ""title"": ""Ngày 3 tại Huế""}]","[""Xe đưa đón"", ""Hướng dẫn viên"", ""Vé tham quan""]","[""Chi phí cá nhân"", ""VAT""]","[{""month"": 3, ""available"": true}, {""month"": 6, ""available"": true}, {""month"": 9, ""available"": true}, {""month"": 12, ""available"": true}]","{""type"": ""car""}"
16,Tour TP. Hồ Chí Minh 3N2Đ: Nghỉ Dưỡng History,TP. Hồ Chí Minh,6240000,3,"Hành trình TP. Hồ Chí Minh 3 ngày dành cho du khách yêu thích history, city, shopping.",9.3,113,traveloka,https://synthetic.example.com/tours/16,all,https://picsum.photos/seed/tour-16/900/600,2024-11-18 08:00:00,2024-12-13 08:00:00,3N2Đ,7124571,"[""Trải nghiệm history"", ""Trải nghiệm city"", ""Trải nghiệm shopping""]","[""TP. Hồ Chí Minh""]","[""history"", ""city"", ""shopping"", ""food""]","[""https://picsum.photos/seed/tour-16-1/900/600"", ""https://picsum.photos/seed/tour-16-2/900/600"", ""https://picsum.photos/seed/tour-16-3/900/600""]","[{""day"": 1, ""title"": ""Ngày 1 tại TP. Hồ Chí Minh""}, {""day"": 2, ""title"": ""Ngày 2 tại TP. Hồ Chí Minh""}, {""day"": 3, ""title"": ""Ngày 3 tại TP. Hồ Chí Minh""}]","[""Xe đưa đón"", ""Hướng dẫn viên"", ""Vé tham quan""]","[""Chi phí cá nhân"", ""VAT""]","[{""month"": 3, ""available"": true}, {""month"": 6, ""available"": true}, {""month"": 9, ""available"": true}, {""month"": 12, ""available"": true}]","{""type"": ""car""}"
17,Tour Phú Quốc 4N3Đ: Nghỉ Dưỡng Beach,Phú Quốc,11980000,4,"Hành trình Phú Quốc 4 ngày dành cho du khách yêu thích beach, luxury, water_sports.",8.3,109,bestprice,https://synthetic.example.com/tours/17,summer,https://picsum.photos/seed/tour-17/900/600,2025-03-23 08:00:00,2025-04-01 08:00:00,4N3Đ,13105478,"[""Trải nghiệm beach"", ""Trải nghiệm luxury"", ""Trải nghiệm water_sports""]","[""Phú Quốc""]","[""beach"", ""luxury"", ""water_sports"", ""relax""]","[""https://picsum.photos/seed/tour-17-1/900/600"", ""https://picsum.photos/seed/tour-17-2/900/600"", ""https://picsum.photos/seed/tour-17-3/900/600""]","[{""day"": 1, ""title"": ""Ngày 1 tại Phú Quốc""}, {""day"": 2, ""title"": ""Ngày 2 tại Phú Quốc""}, {""day"": 3, ""title"": ""Ngày 3 tại Phú Quốc""}, {""day"": 4, ""title"": ""Ngày 4 tại Phú Quốc""}]","[""Xe đưa đón"", ""Hướng dẫn viên"", ""Vé tham quan""]","[""Chi phí cá nhân"", ""VAT""]","[{""month"": 3, ""available"": true}, {""month"": 6, ""available"": true}, {""month"": 9, ""available"": true}, {""month"": 12, ""available"": true}]","{""type"": ""flight""}"
18,Tour Huế 2N1Đ: Ẩm Thực City,Huế,6100000,2,"Hành trình Huế 2 ngày dành cho du khách yêu thích city, history, food.",7.8,84,traveloka,https://synthetic.example.com/tours/18,spring,https://picsum.photos/seed/tour-18/900/600,2026-07-05 08:00:00,2026-07-17 08:00:00,2N1Đ,6314287,"[""Trải nghiệm city"", ""Trải nghiệm history"", ""Trải nghiệm food""]","[""Huế""]","[""city"", ""history"", ""food"", ""culture""]","[""https://picsum.photos/seed/tour-18-1/900/600"", ""https://picsum.photos/seed/tour-18-2/900/600"", ""https://picsum.photos/seed/tour-18-3/900/600""]","[{""day"": 1, ""title"": ""Ngày 1 tại Huế""}, {""day"": 2, ""title"": ""Ngày 2 tại Huế""}]","[""Xe đưa đón"", ""Hướng dẫn viên"", ""Vé tham quan""]","[""Chi phí cá nhân"", ""VAT""]","[{""month"": 3, ""available"": true}, {""month"": 6, ""available"": true}, {""month"": 9, ""available"": true}, {""month"": 12, ""available"": true}]","{""type"": ""cruise""}"
19,Tour Đà Nẵng 3N2Đ: Check-in Family,Đà Nẵng,5280000,3,"Hành trình Đà Nẵng 3 ngày dành cho du khách yêu thích family, beach, food.",9.2,81,klook,https://synthetic.example.com/tours/19,summer,https://picsum.photos/seed/tour-19/900/600,2025-07-03 08:00:00,2025-08-02 08:00:00,3N2Đ,5993032,"[""Trải nghiệm family"", ""Trải nghiệm beach"", ""Trải nghiệm food""]","[""Đà Nẵng""]","[""family"", ""beach"", ""food"", ""city""]","[""https://picsum.photos/seed/tour-19-1/900/600"", ""https://picsum.photos/seed/tour-19-2/900/600"", ""https://picsum.photos/seed/tour-19-3/900/600""]","[{""day"": 1, ""title"": ""Ngày 1 tại Đà Nẵng""}, {""day"": 2, ""title"": ""Ngày 2 tại Đà Nẵng""}, {""day"": 3, ""title"": ""Ngày 3 tại Đà Nẵng""}]","[""Xe đưa đón"", ""Hướng dẫn viên"", ""Vé tham quan""]","[""Chi phí cá nhân"", ""VAT""]","[{""month"": 3, ""available"": true}, {""month"": 6, ""available"": true}, {""month"": 9, ""available"": true}, {""month"": 12, ""available"": true}]","{""type"": ""cruise""}"
20,Tour Hội An 2N1Đ: Tiết Kiệm Food,Hội An,6490000,2,"Hành trình Hội An 2 ngày dành cho du khách yêu thích food, photography, history.",8.3,67,bestprice,https://synthetic.example.com/tours/20,autumn,https://picsum.photos/seed/tour-20/900/600,2025-10-27 08:00:00,2025-11-22 08:00:00,2N1Đ,7333846,"[""Trải nghiệm food"", ""Trải nghiệm photography"", ""Trải nghiệm history""]","[""Hội An""]","[""food"", ""photography"", ""history"", ""romantic""]","[""https://picsum.photos/seed/tour-20-1/900/600"", ""https://picsum.photos/seed/tour-20-2/900/600"", ""https://picsum.photos/seed/tour-20-3/900/600""]","[{""day"": 1, ""title"": ""Ngày 1 tại Hội An""}, {""day"": 2, ""title"": ""Ngày 2 tại Hội An""}]","[""Xe đưa đón"", ""Hướng dẫn viên"", ""Vé tham quan""]","[""Chi phí cá nhân"", ""VAT""]","[{""month"": 3, ""available"": true}, {""month"": 6, ""available"": true}, {""month"": 9, ""available"": true}, {""month"": 12, ""available"": true}]","{""type"": ""bus""}"
21,Tour Nha Trang 5N4Đ: Tiết Kiệm Water Sports,Nha Trang,7690000,5,"Hành trình Nha Trang 5 ngày dành cho du khách yêu thích water_sports, nightlife, food.",7.8,21,traveloka,https://synthetic.example.com/tours/21,summer,https://picsum.photos/seed/tour-21/900/600,2026-07-26 08:00:00,2026-08-22 08:00:00,5N4Đ,8495462,"[""Trải nghiệm water_sports"", ""Trải nghiệm nightlife"", ""Trải nghiệm food""]","[""Nha Trang""]","[""water_sports"", ""nightlife"", ""food"", ""family""]","[""https://picsum.photos/seed/tour-21-1/900/600"", ""https://picsum.photos/seed/tour-21-2/900/600"", ""https://picsum.photos/seed/tour-21-3/900/600""]","[{""day"": 1, ""title"": ""Ngày 1 tại Nha Trang""}, {""day"": 2, ""title"": ""Ngày 2 tại Nha Trang""}, {""day"": 3, ""title"": ""Ngày 3 tại Nha Trang""}, {""day"": 4, ""title"": ""Ngày 4 tại Nha Trang""}, {""day"": 5, ""title"": ""Ngày 5 tại Nha Trang""}]","[""Xe đưa đón"", ""Hướng dẫn viên"", ""Vé tham quan""]","[""Chi phí cá nhân"", ""VAT""]","[{""month"": 3, ""available"": true}, {""month"": 6, ""available"": true}, {""month"": 9, ""available"": true}, {""month"": 12, ""available"": true}]","{""type"": ""bus""}"
22,Tour Đà Lạt 3N2Đ: Check-in Food,Đà Lạt,8170000,3,"Hành trình Đà Lạt 3 ngày dành cho du khách yêu thích food, nature, romantic.",8.5,27,bestprice,https://synthetic.example.com/tours/22,winter,https://picsum.photos/seed/tour-22/900/600,2025-05-18 08:00:00,2025-05-21 08:00:00,3N2Đ,9984378,"[""Trải nghiệm food"", ""Trải nghiệm nature"", ""Trải nghiệm romantic""]","[""Đà Lạt""]","[""food"", ""nature"", ""romantic"", ""photography""]","[""https://picsum.photos/seed/tour-22-1/900/600"", ""https://picsum.photos/seed/tour-22-2/900/600"", ""https://picsum.photos/seed/tour-22-3/900/600""]","[{""day"": 1, ""title"": ""Ngày 1 tại Đà Lạt""}, {""day"": 2, ""title"": ""Ngày 2 tại Đà Lạt""}, {""day"": 3, ""title"": ""Ngày 3 tại Đà Lạt""}]","[""Xe đưa đón"", ""Hướng dẫn viên"", ""Vé tham quan""]","[""Chi phí cá nhân"", ""VAT""]","[{""month"": 3, ""available"": true}, {""month"": 6, ""available"": true}, {""month"": 9, ""available"": true}, {""month"": 12, ""available"": true}]","{""type"": ""cruise""}"
23,Tour Sa Pa 4N3Đ: Nghỉ Dưỡng Adventure,Sa Pa,7230000,4,"Hành trình Sa Pa 4 ngày dành cho du khách yêu thích adventure, mountain, photography.",8.5,118,traveloka,https://synthetic.example.com/tours/23,winter,https://picsum.photos/seed/tour-23/900/600,2025-05-09 08:00:00,2025-05-13 08:00:00,4N3Đ,7645061,"[""Trải nghiệm adventure"", ""Trải nghiệm mountain"", ""Trải nghiệm photography""]","[""Sa Pa""]","[""adventure"", ""mountain"", ""photography"", ""nature""]","[""https://picsum.photos/seed/tour-23-1/900/600"", ""https://picsum.photos/seed/tour-23-2/900/600"", ""https://picsum.photos/seed/tour-23-3/900/600""]","[{""day"": 1, ""title"": ""Ngày 1 tại Sa Pa""}, {""day"": 2, ""title"": ""Ngày 2 tại Sa Pa""}, {""day"": 3, ""title"": ""Ngày 3 tại Sa Pa""}, {""day"": 4, ""title"": ""Ngày 4 tại Sa Pa""}]","[""Xe đưa đón"", ""Hướng dẫn viên"", ""Vé tham quan""]","[""Chi phí cá nhân"", ""VAT""]","[{""month"": 3, ""available"": true}, {""month"": 6, ""available"": true}, {""month"": 9, ""available"": true}, {""month"": 12, ""available"": true}]","{""type"": ""cruise""}"
24,Tour Đà Nẵng 5N4Đ: Khám Phá Beach,Đà Nẵng,5890000,5,"Hành trình Đà Nẵng 5 ngày dành cho du khách yêu thích beach, water_sports, family.",8.1,9,bestprice,https://synthetic.example.com/tours/24,summer,https://picsum.photos/seed/tour-24/900/600,2024-11-03 08:00:00,2024-11-15 08:00:00,5N4Đ,5977202,"[""Trải nghiệm beach"", ""Trải nghiệm water_sports"", ""Trải nghiệm family""]","[""Đà Nẵng""]","[""beach"", ""water_sports"", ""family"", ""photography""]","[""https://picsum.photos/seed/tour-24-1/900/600"", ""https://picsum.photos/seed/tour-24-2/900/600"", ""https://picsum.photos/seed/tour-24-3/900/600""]","[{""day"": 1, ""title"": ""Ngày 1 tại Đà Nẵng""}, {""day"": 2, ""title"": ""Ngày 2 tại Đà Nẵng""}, {""day"": 3, ""title"": ""Ngày 3 tại Đà Nẵng""}, {""day"": 4, ""title"": ""Ngày 4 tại Đà Nẵng""}, {""day"": 5, ""title"": ""Ngày 5 tại Đà Nẵng""}]","[""Xe đưa đón"", ""Hướng dẫn viên"", ""Vé tham quan""]","[""Chi phí cá nhân"", ""VAT""]","[{""month"": 3, ""available"": true}, {""month"": 6, ""available"": true}, {""month"": 9, ""available"": true}, {""month"": 12, ""available"": true}]","{""type"": ""cruise""}"
25,Tour Đà Lạt 4N3Đ: Gia Đình Relax,Đà Lạt,5890000,4,"Hành trình Đà Lạt 4 ngày dành cho du khách yêu thích relax, nature, photography.",9.1,67,traveloka,https://synthetic.example.com/tours/25,winter,https://picsum.photos/seed/tour-25/900/600,2025-04-19 08:00:00,2025-05-11 08:00:00,4N3Đ,6108689,"[""Trải nghiệm relax"", ""Trải nghiệm nature"", ""Trải nghiệm photography""]","[""Đà Lạt""]","[""relax"", ""nature"", ""photography"", ""romantic""]","[""https://picsum.photos/seed/tour-25-1/900/600"", ""https://picsum.photos/seed/tour-25-2/900/600"", ""https://picsum.photos/seed/tour-25-3/900/600""]","[{""day"": 1, ""title"": ""Ngày 1 tại Đà Lạt""}, {""day"": 2, ""title"": ""Ngày 2 tại Đà Lạt""}, {""day"": 3, ""title"": ""Ngày 3 tại Đà Lạt""}, {""day"": 4, ""title"": ""Ngày 4 tại Đà Lạt""}]","[""Xe đưa đón"", ""Hướng dẫn viên"", ""Vé tham quan""]","[""Chi phí cá nhân"", ""VAT""]","[{""month"": 3, ""available"": true}, {""month"": 6, ""available"": true}, {""month"": 9, ""available"": true}, {""month"": 12, ""available"": true}]","{""type"": ""flight""}"
26,Tour Đà Lạt 4N3Đ: Tiết Kiệm Mountain,Đà Lạt,4310000,4,"Hành trình Đà Lạt 4 ngày dành cho du khách yêu thích mountain, romantic, relax.",9.7,29,traveloka,https://synthetic.example.com/tours/26,winter,https://picsum.photos/seed/tour-26/900/600,2026-02-26 08:00:00,2026-03-12 08:00:00,4N3Đ,4558730,"[""Trải nghiệm mountain"", ""Trải nghiệm romantic"", ""Trải nghiệm relax""]","[""Đà Lạt""]","[""mountain"", ""romantic"", ""relax"", ""photography""]","[""https://picsum.photos/seed/tour-26-1/900/600"", ""https://picsum.photos/seed/tour-26-2/900/600"", ""https://picsum.photos/seed/tour-26-3/900/600""]","[{""day"": 1, ""title"": ""Ngày 1 tại Đà Lạt""}, {""day"": 2, ""title"": ""Ngày 2 tại Đà Lạt""}, {""day"": 3, ""title"": ""Ngày 3 tại Đà Lạt""}, {""day"": 4, ""title"": ""Ngày 4 tại Đà Lạt""}]","[""Xe đưa đón"", ""Hướng dẫn viên"", ""Vé tham quan""]","[""Chi phí cá nhân"", ""VAT""]","[{""month"": 3, ""available"": true}, {""month"": 6, ""available"": true}, {""month"": 9, ""available"": true}, {""month"": 12, ""available"": true}]","{""type"": ""car""}"
27,Tour Sa Pa 2N1Đ: Check-in Photography,Sa Pa,6140000,2,"Hành trình Sa Pa 2 ngày dành cho du khách yêu thích photography, adventure, culture.",8.9,98,bestprice,https://synthetic.example.com/tours/27,winter,https://picsum.photos/seed/tour-27/900/600,2025-03-31 08:00:00,2025-04-04 08:00:00,2N1Đ,6736386,"[""Trải nghiệm photography"", ""Trải nghiệm adventure"", ""Trải nghiệm culture""]","[""Sa Pa""]","[""photography"", ""adventure"", ""culture"", ""nature""]","[""https://picsum.photos/seed/tour-27-1/900/600"", ""https://picsum.photos/seed/tour-27-2/900/600"", ""https://picsum.photos/seed/tour-27-3/900/600""]","[{""day"": 1, ""title"": ""Ngày 1 tại Sa Pa""}, {""day"": 2, ""title"": ""Ngày 2 tại Sa Pa""}]","[""Xe đưa đón"", ""Hướng dẫn viên"", ""Vé tham quan""]","[""Chi phí cá nhân"", ""VAT""]","[{""month"": 3, ""available"": true}, {""month"": 6, ""available"": true}, {""month"": 9, ""available"": true}, {""month"": 12, ""available"": true}]","{""type"": ""cruise""}"
28,Tour Côn Đảo 4N3Đ: Nghỉ Dưỡng Relax,Côn Đảo,12790000,4,"Hành trình Côn Đảo 4 ngày dành cho du khách yêu thích relax, nature, beach.",8.6,66,traveloka,https://synthetic.example.com/tours/28,summer,https://picsum.photos/seed/tour-28/900/600,2025-05-16 08:00:00,2025-05-30 08:00:00,4N3Đ,13270082,"[""Trải nghiệm relax"", ""Trải nghiệm nature"", ""Trải nghiệm beach""]","[""Côn Đảo""]","[""relax"", ""nature"", ""beach"", ""spiritual""]","[""https://picsum.photos/seed/tour-28-1/900/600"", ""https://picsum.photos/seed/tour-28-2/900/600"", ""https://picsum.photos/seed/tour-28-3/900/600""]","[{""day"": 1, ""title"": ""Ngày 1 tại Côn Đảo""}, {""day"": 2, ""title"": ""Ngày 2 tại Côn Đảo""}, {""day"": 3, ""title"": ""Ngày 3 tại Côn Đảo""}, {""day"": 4, ""title"": ""Ngày 4 tại Côn Đảo""}]","[""Xe đưa đón"", ""Hướng dẫn viên"", ""Vé tham quan""]","[""Chi phí cá nhân"", ""VAT""]","[{""month"": 3, ""available"": true}, {""month"": 6, ""available"": true}, {""month"": 9, ""available"": true}, {""month"": 12, ""available"": true}]","{""type"": ""cruise""}"
29,Tour Phú Quốc 3N2Đ: Ẩm Thực Relax,Phú Quốc,11690000,3,"Hành trình Phú Quốc 3 ngày dành cho du khách yêu thích relax, water_sports, romantic.",7.6,35,bestprice,https://synthetic.example.com/tours/29,summer,https://picsum.photos/seed/tour-29/900/600,2025-12-03 08:00:00,2025-12-21 08:00:00,3N2Đ,13652544,"[""Trải nghiệm relax"", ""Trải nghiệm water_sports"", ""Trải nghiệm romantic""]","[""Phú Quốc""]","[""relax"", ""water_sports"", ""romantic"", ""beach""]","[""https://picsum.photos/seed/tour-29-1/900/600"", ""https://picsum.photos/seed/tour-29-2/900/600"", ""https://picsum.photos/seed/tour-29-3/900/600""]","[{""day"": 1, ""title"": ""Ngày 1 tại Phú Quốc""}, {""day"": 2, ""title"": ""Ngày 2 tại Phú Quốc""}, {""day"": 3, ""title"": ""Ngày 3 tại Phú Quốc""}]","[""Xe đưa đón"", ""Hướng dẫn viên"", ""Vé tham quan""]","[""Chi phí cá nhân"", ""VAT""]","[{""month"": 3, ""available"": true}, {""month"": 6, ""available"": true}, {""month"": 9, ""available"": true}, {""month"": 12, ""available"": true}]","{""type"": ""cruise""}"
30,Tour Sa Pa 3N2Đ: Cao Cấp Photography,Sa Pa,3620000,3,"Hành trình Sa Pa 3 ngày dành cho du khách yêu thích photography, mountain, nature.",8.3,117,bestprice,https://synthetic.example.com/tours/30,winter,https://picsum.photos/seed/tour-30/900/600,2025-10-27 08:00:00,2025-11-18 08:00:00,3N2Đ,3753939,"[""Trải nghiệm photography"", ""Trải nghiệm mountain"", ""Trải nghiệm nature""]","[""Sa Pa""]","[""photography"", ""mountain"", ""nature"", ""adventure""]","[""https://picsum.photos/seed/tour-30-1/900/600"", ""https://picsum.photos/seed/tour-30-2/900/600"", ""https://picsum.photos/seed/tour-30-3/900/600""]","[{""day"": 1, ""title"": ""Ngày 1 tại Sa Pa""}, {""day"": 2, ""title"": ""Ngày 2 tại Sa Pa""}, {""day"": 3, ""title"": ""Ngày 3 tại Sa Pa""}]","[""Xe đưa đón"", ""Hướng dẫn viên"", ""Vé tham quan""]","[""Chi phí cá nhân"", ""VAT""]","[{""month"": 3, ""available"": true}, {""month"": 6, ""available"": true}, {""month"": 9, ""available"": true}, {""month"": 12, ""available"": true}]","{""type"": ""bus""}"
31,Tour Hạ Long 2N1Đ: Gia Đình Family,Hạ Long,9440000,2,"Hành trình Hạ Long 2 ngày dành cho du khách yêu thích family, luxury, beach.",9.1,25,traveloka,https://synthetic.example.com/tours/31,summer,https://picsum.photos/seed/tour-31/900/600,2025-01-13 08:00:00,2025-02-10 08:00:00,2N1Đ,10013016,"[""Trải nghiệm family"", ""Trải nghiệm luxury"", ""Trải nghiệm beach""]","[""Hạ Long""]","[""family"", ""luxury"", ""beach"", ""photography""]","[""https://picsum.photos/seed/tour-31-1/900/600"", ""https://picsum.photos/seed/tour-31-2/900/600"", ""https://picsum.photos/seed/tour-31-3/900/600""]","[{""day"": 1, ""title"": ""Ngày 1 tại Hạ Long""}, {""day"": 2, ""title"": ""Ngày 2 tại Hạ Long""}]","[""Xe đưa đón"", ""Hướng dẫn viên"", ""Vé tham quan""]","[""Chi phí cá nhân"", ""VAT""]","[{""month"": 3, ""available"": true}, {""month"": 6, ""available"": true}, {""month"": 9, ""available"": true}, {""month"": 12, ""available"": true}]","{""type"": ""cruise""}"
32,Tour Phú Quốc 3N2Đ: Gia Đình Luxury,Phú Quốc,6600000,3,"Hành trình Phú Quốc 3 ngày dành cho du khách yêu thích luxury, relax, romantic.",7.6,4,bestprice,https://synthetic.example.com/tours/32,summer,https://picsum.photos/seed/tour-32/900/600,2025-06-25 08:00:00,2025-07-08 08:00:00,3N2Đ,7618941,"[""Trải nghiệm luxury"", ""Trải nghiệm relax"", ""Trải nghiệm romantic""]","[""Phú Quốc""]","[""luxury"", ""relax"", ""romantic"", ""water_sports""]","[""https://picsum.photos/seed/tour-32-1/900/600"", ""https://picsum.photos/seed/tour-32-2/900/600"", ""https://picsum.photos/seed/tour-32-3/900/600""]","[{""day"": 1, ""title"": ""Ngày 1 tại Phú Quốc""}, {""day"": 2, ""title"": ""Ngày 2 tại Phú Quốc""}, {""day"": 3, ""title"": ""Ngày 3 tại Phú Quốc""}]","[""Xe đưa đón"", ""Hướng dẫn viên"", ""Vé tham quan""]","[""Chi phí cá nhân"", ""VAT""]","[{""month"": 3, ""available"": true}, {""month"": 6, ""available"": true}, {""month"": 9, ""available"": true}, {""month"": 12, ""available"": true}]","{""type"": ""cruise""}"
33,Tour Hội An 3N2Đ: Nghỉ Dưỡng Photography,Hội An,6090000,3,"Hành trình Hội An 3 ngày dành cho du khách yêu thích photography, culture, history.",8.9,45,bestprice,https://synthetic.example.com/tours/33,autumn,https://picsum.photos/seed/tour-33/900/600,2026-07-26 08:00:00,2026-08-11 08:00:00,3N2Đ,6675894,"[""Trải nghiệm photography"", ""Trải nghiệm culture"", ""Trải nghiệm history""]","[""Hội An""]","[""photography"", ""culture"", ""history"", ""romantic""]","[""https://picsum.photos/seed/tour-33-1/900/600"", ""https://picsum.photos/seed/tour-33-2/900/600"", ""https://picsum.photos/seed/tour-33-3/900/600""]","[{""day"": 1, ""title"": ""Ngày 1 tại Hội An""}, {""day"": 2, ""title"": ""Ngày 2 tại Hội An""}, {""day"": 3, ""title"": ""Ngày 3 tại Hội An""}]","[""Xe đưa đón"", ""Hướng dẫn viên"", ""Vé tham quan""]","[""Chi phí cá nhân"", ""VAT""]","[{""month"": 3, ""available"": true}, {""month"": 6, ""available"": true}, {""month"": 9, ""available"": true}, {""month"": 12, ""available"": true}]","{""type"": ""flight""}"
34,Tour Cao Bằng 5N4Đ: Cao Cấp Culture,Cao Bằng,4830000,5,"Hành trình Cao Bằng 5 ngày dành cho du khách yêu thích culture, nature, adventure.",7.8,107,klook,https://synthetic.example.com/tours/34,autumn,https://picsum.photos/seed/tour-34/900/600,2025-06-13 08:00:00,2025-06-16 08:00:00,5N4Đ,5548491,"[""Trải nghiệm culture"", ""Trải nghiệm nature"", ""Trải nghiệm adventure""]","[""Cao Bằng""]","[""culture"", ""nature"", ""adventure"", ""photography""]","[""https://picsum.photos/seed/tour-34-1/900/600"", ""https://picsum.photos/seed/tour-34-2/900/600"", ""https://picsum.photos/seed/tour-34-3/900/600""]","[{""day"": 1, ""title"": ""Ngày 1 tại Cao Bằng""}, {""day"": 2, ""title"": ""Ngày 2 tại Cao Bằng""}, {""day"": 3, ""title"": ""Ngày 3 tại Cao Bằng""}, {""day"": 4, ""title"": ""Ngày 4 tại Cao Bằng""}, {""day"": 5, ""title"": ""Ngày 5 tại Cao Bằng""}]","[""Xe đưa đón"", ""Hướng dẫn viên"", ""Vé tham quan""]","[""Chi phí cá nhân"", ""VAT""]","[{""month"": 3, ""available"": true}, {""month"": 6, ""available"": true}, {""month"": 9, ""available"": true}, {""month"": 12, ""available"": true}]","{""type"": ""flight""}"
35,Tour Hội An 3N2Đ: Trọn Gói Culture,Hội An,4230000,3,"Hành trình Hội An 3 ngày dành cho du khách yêu thích culture, photography, food.",7.8,93,bestprice,https://synthetic.example.com/tours/35,autumn,https://picsum.photos/seed/tour-35/900/600,2024-11-03 08:00:00,2024-11-09 08:00:00,3N2Đ,4745426,"[""Trải nghiệm culture"", ""Trải nghiệm photography"", ""Trải nghiệm food""]","[""Hội An""]","[""culture"", ""photography"", ""food"", ""history""]","[""https://picsum.photos/seed/tour-35-1/900/600"", ""https://picsum.photos/seed/tour-35-2/900/600"", ""https://picsum.photos/seed/tour-35-3/900/600""]","[{""day"": 1, ""title"": ""Ngày 1 tại Hội An""}, {""day"": 2, ""title"": ""Ngày 2 tại Hội An""}, {""day"": 3, ""title"": ""Ngày 3 tại Hội An""}]","[""Xe đưa đón"", ""Hướng dẫn viên"", ""Vé tham quan""]","[""Chi phí cá nhân"", ""VAT""]","[{""month"": 3, ""available"": true}, {""month"": 6, ""available"": true}, {""month"": 9, ""available"": true}, {""month"": 12, ""available"": true}]","{""type"": ""flight""}"
36,Tour Đà Lạt 4N3Đ: Trọn Gói Relax,Đà Lạt,4630000,4,"Hành trình Đà Lạt 4 ngày dành cho du khách yêu thích relax, food, romantic.",9.0,57,bestprice,https://synthetic.example.com/tours/36,winter,https://picsum.photos/seed/tour-36/900/600,2025-09-28 08:00:00,2025-10-07 08:00:00,4N3Đ,4681218,"[""Trải nghiệm relax"", ""Trải nghiệm food"", ""Trải nghiệm romantic""]","[""Đà Lạt""]","[""relax"", ""food"", ""romantic"", ""photography""]","[""https://picsum.photos/seed/tour-36-1/900/600"", ""https://picsum.photos/seed/tour-36-2/900/600"", ""https://picsum.photos/seed/tour-36-3/900/600""]","[{""day"": 1, ""title"": ""Ngày 1 tại Đà Lạt""}, {""day"": 2, ""title"": ""Ngày 2 tại Đà Lạt""}, {""day"": 3, ""title"": ""Ngày 3 tại Đà Lạt""}, {""day"": 4, ""title"": ""Ngày 4 tại Đà Lạt""}]","[""Xe đưa đón"", ""Hướng dẫn viên"", ""Vé tham quan""]","[""Chi phí cá nhân"", ""VAT""]","[{""month"": 3, ""available"": true}, {""month"": 6, ""available"": true}, {""month"": 9, ""available"": true}, {""month"": 12, ""available"": true}]","{""type"": ""cruise""}"
37,Tour Huế 4N3Đ: Khám Phá Culture,Huế,7470000,4,"Hành trình Huế 4 ngày dành cho du khách yêu thích culture, spiritual, city.",9.4,37,klook,https://synthetic.example.com/tours/37,spring,https://picsum.photos/seed/tour-37/900/600,2026-03-18 08:00:00,2026-04-03 08:00:00,4N3Đ,8127656,"[""Trải nghiệm culture"", ""Trải nghiệm spiritual"", ""Trải nghiệm city""]","[""Huế""]","[""culture"", ""spiritual"", ""city"", ""food""]","[""https://picsum.photos/seed/tour-37-1/900/600"", ""https://picsum.photos/seed/tour-37-2/900/600"", ""https://picsum.photos/seed/tour-37-3/900/600""]","[{""day"": 1, ""title"": ""Ngày 1 tại Huế""}, {""day"": 2, ""title"": ""Ngày 2 tại Huế""}, {""day"": 3, ""title"": ""Ngày 3 tại Huế""}, {""day"": 4, ""title"": ""Ngày 4 tại Huế""}]","[""Xe đưa đón"", ""Hướng dẫn viên"", ""Vé tham quan""]","[""Chi phí cá nhân"", ""VAT""]","[{""month"": 3, ""available"": true}, {""month"": 6, ""available"": true}, {""month"": 9, ""available"": true}, {""month"": 12, ""available"": true}]","{""type"": ""car""}"
38,Tour Đà Nẵng 3N2Đ: Cao Cấp Photography,Đà Nẵng,3520000,3,"Hành trình Đà Nẵng 3 ngày dành cho du khách yêu thích photography, beach, family.",8.5,21,klook,https://synthetic.example.com/tours/38,summer,https://picsum.photos/seed/tour-38/900/600,2026-04-26 08:00:00,2026-05-01 08:00:00,3N2Đ,4398287,"[""Trải nghiệm photography"", ""Trải nghiệm beach"", ""Trải nghiệm family""]","[""Đà Nẵng""]","[""photography"", ""beach"", ""family"", ""city""]","[""https://picsum.photos/seed/tour-38-1/900/600"", ""https://picsum.photos/seed/tour-38-2/900/600"", ""https://picsum.photos/seed/tour-38-3/900/600""]","[{""day"": 1, ""title"": ""Ngày 1 tại Đà Nẵng""}, {""day"": 2, ""title"": ""Ngày 2 tại Đà Nẵng""}, {""day"": 3, ""title"": ""Ngày 3 tại Đà Nẵng""}]","[""Xe đưa đón"", ""Hướng dẫn viên"", ""Vé tham quan""]","[""Chi phí cá nhân"", ""VAT""]","[{""month"": 3, ""available"": true}, {""month"": 6, ""available"": true}, {""month"": 9, ""available"": true}, {""month"": 12, ""available"": true}]","{""type"": ""bus""}"
39,Tour Côn Đảo 3N2Đ: Check-in Relax,Côn Đảo,7320000,3,"Hành trình Côn Đảo 3 ngày dành cho du khách yêu thích relax, beach, history.",8.0,80,bestprice,https://synthetic.example.com/tours/39,summer,https://picsum.photos/seed/tour-39/900/600,2024-08-31 08:00:00,2024-09-28 08:00:00,3N2Đ,8943186,"[""Trải nghiệm relax"", ""Trải nghiệm beach"", ""Trải nghiệm history""]","[""Côn Đảo""]","[""relax"", ""beach"", ""history"", ""spiritual""]","[""https://picsum.photos/seed/tour-39-1/900/600"", ""https://picsum.photos/seed/tour-39-2/900/600"", ""https://picsum.photos/seed/tour-39-3/900/600""]","[{""day"": 1, ""title"": ""Ngày 1 tại Côn Đảo""}, {""day"": 2, ""title"": ""Ngày 2 tại Côn Đảo""}, {""day"": 3, ""title"": ""Ngày 3 tại Côn Đảo""}]","[""Xe đưa đón"", ""Hướng dẫn viên"", ""Vé tham quan""]","[""Chi phí cá nhân"", ""VAT""]","[{""month"": 3, ""available"": true}, {""month"": 6, ""available"": true}, {""month"": 9, ""available"": true}, {""month"": 12, ""available"": true}]","{""type"": ""cruise""}"
40,Tour Đà Lạt 3N2Đ: Trọn Gói Food,Đà Lạt,5340000,3,"Hành trình Đà Lạt 3 ngày dành cho du khách yêu thích food, relax, romantic.",7.5,108,bestprice,https://synthetic.example.com/tours/40,winter,https://picsum.photos/seed/tour-40/900/600,2024-11-17 08:00:00,2024-12-04 08:00:00,3N2Đ,5353305,"[""Trải nghiệm food"", ""Trải nghiệm relax"", ""Trải nghiệm romantic""]","[""Đà Lạt""]","[""food"", ""relax"", ""romantic"", ""mountain""]","[""https://picsum.photos/seed/tour-40-1/900/600"", ""https://picsum.photos/seed/tour-40-2/900/600"", ""https://picsum.photos/seed/tour-40-3/900/600""]","[{""day"": 1, ""title"": ""Ngày 1 tại Đà Lạt""}, {""day"": 2, ""title"": ""Ngày 2 tại Đà Lạt""}, {""day"": 3, ""title"": ""Ngày 3 tại Đà Lạt""}]","[""Xe đưa đón"", ""Hướng dẫn viên"", ""Vé tham quan""]","[""Chi phí cá nhân"", ""VAT""]","[{""month"": 3, ""available"": true}, {""month"": 6, ""available"": true}, {""month"": 9, ""available"": true}, {""month"": 12, ""available"": true}]","{""type"": ""cruise""}"
41,Tour Đà Nẵng 4N3Đ: Nghỉ Dưỡng Beach,Đà Nẵng,6960000,4,"Hành trình Đà Nẵng 4 ngày dành cho du khách yêu thích beach, family, water_sports.",9.1,101,bestprice,https://synthetic.example.com/tours/41,summer,https://picsum.photos/seed/tour-41/900/600,2025-05-14 08:00:00,2025-06-05 08:00:00,4N3Đ,8177670,"[""Trải nghiệm beach"", ""Trải nghiệm family"", ""Trải nghiệm water_sports""]","[""Đà Nẵng""]","[""beach"", ""family"", ""water_sports"", ""photography""]","[""https://picsum.photos/seed/tour-41-1/900/600"", ""https://picsum.photos/seed/tour-41-2/900/600"", ""https://picsum.photos/seed/tour-41-3/900/600""]","[{""day"": 1, ""title"": ""Ngày 1 tại Đà Nẵng""}, {""day"": 2, ""title"": ""Ngày 2 tại Đà Nẵng""}, {""day"": 3, ""title"": ""Ngày 3 tại Đà Nẵng""}, {""day"": 4, ""title"": ""Ngày 4 tại Đà Nẵng""}]","[""Xe đưa đón"", ""Hướng dẫn viên"", ""Vé tham quan""]","[""Chi phí cá nhân"", ""VAT""]","[{""month"": 3, ""available"": true}, {""month"": 6, ""available"": true}, {""month"": 9, ""available"": true}, {""month"": 12, ""available"": true}]","{""type"": ""bus""}"
42,Tour Hà Nội 2N1Đ: Nghỉ Dưỡng Food,Hà Nội,5460000,2,"Hành trình Hà Nội 2 ngày dành cho du khách yêu thích food, city, history.",8.4,104,traveloka,https://synthetic.example.com/tours/42,autumn,https://picsum.photos/seed/tour-42/900/600,2025-09-23 08:00:00,2025-10-19 08:00:00,2N1Đ,6212167,"[""Trải nghiệm food"", ""Trải nghiệm city"", ""Trải nghiệm history""]","[""Hà Nội""]","[""food"", ""city"", ""history"", ""culture""]","[""https://picsum.photos/seed/tour-42-1/900/600"", ""https://picsum.photos/seed/tour-42-2/900/600"", ""https://picsum.photos/seed/tour-42-3/900/600""]","[{""day"": 1, ""title"": ""Ngày 1 tại Hà Nội""}, {""day"": 2, ""title"": ""Ngày 2 tại Hà Nội""}]","[""Xe đưa đón"", ""Hướng dẫn viên"", ""Vé tham quan""]","[""Chi phí cá nhân"", ""VAT""]","[{""month"": 3, ""available"": true}, {""month"": 6, ""available"": true}, {""month"": 9, ""available"": true}, {""month"": 12, ""available"": true}]","{""type"": ""bus""}"
43,Tour Hội An 3N2Đ: Check-in Romantic,Hội An,8280000,3,"Hành trình Hội An 3 ngày dành cho du khách yêu thích romantic, food, photography.",8.4,120,traveloka,https://synthetic.example.com/tours/43,autumn,https://picsum.photos/seed/tour-43/900/600,2026-08-08 08:00:00,2026-09-01 08:00:00,3N2Đ,9821848,"[""Trải nghiệm romantic"", ""Trải nghiệm food"", ""Trải nghiệm photography""]","[""Hội An""]","[""romantic"", ""food"", ""photography"", ""history""]","[""https://picsum.photos/seed/tour-43-1/900/600"", ""https://picsum.photos/seed/tour-43-2/900/600"", ""https://picsum.photos/seed/tour-43-3/900/600""]","[{""day"": 1, ""title"": ""Ngày 1 tại Hội An""}, {""day"": 2, ""title"": ""Ngày 2 tại Hội An""}, {""day"": 3, ""title"": ""Ngày 3 tại Hội An""}]","[""Xe đưa đón"", ""Hướng dẫn viên"", ""Vé tham quan""]","[""Chi phí cá nhân"", ""VAT""]","[{""month"": 3, ""available"": true}, {""month"": 6, ""available"": true}, {""month"": 9, ""available"": true}, {""month"": 12, ""available"": true}]","{""type"": ""car""}"
44,Tour Côn Đảo 4N3Đ: Ẩm Thực Spiritual,Côn Đảo,5620000,4,"Hành trình Côn Đảo 4 ngày dành cho du khách yêu thích spiritual, beach, relax.",7.4,19,klook,https://synthetic.example.com/tours/44,summer,https://picsum.photos/seed/tour-44/900/600,2025-09-20 08:00:00,2025-09-29 08:00:00,4N3Đ,5665333,"[""Trải nghiệm spiritual"", ""Trải nghiệm beach"", ""Trải nghiệm relax""]","[""Côn Đảo""]","[""spiritual"", ""beach"", ""relax"", ""nature""]","[""https://picsum.photos/seed/tour-44-1/900/600"", ""https://picsum.photos/seed/tour-44-2/900/600"", ""https://picsum.photos/seed/tour-44-3/900/600""]","[{""day"": 1, ""title"": ""Ngày 1 tại Côn Đảo""}, {""day"": 2, ""title"": ""Ngày 2 tại Côn Đảo""}, {""day"": 3, ""title"": ""Ngày 3 tại Côn Đảo""}, {""day"": 4, ""title"": ""Ngày 4 tại Côn Đảo""}]","[""Xe đưa đón"", ""Hướng dẫn viên"", ""Vé tham quan""]","[""Chi phí cá nhân"", ""VAT""]","[{""month"": 3, ""available"": true}, {""month"": 6, ""available"": true}, {""month"": 9, ""available"": true}, {""month"": 12, ""available"": true}]","{""type"": ""bus""}"
45,Tour Cao Bằng 3N2Đ: Check-in Nature,Cao Bằng,8730000,3,"Hành trình Cao Bằng 3 ngày dành cho du khách yêu thích nature, adventure, mountain.",8.1,21,bestprice,https://synthetic.example.com/tours/45,autumn,https://picsum.photos/seed/tour-45/900/600,2026-02-09 08:00:00,2026-03-07 08:00:00,3N2Đ,10799472,"[""Trải nghiệm nature"", ""Trải nghiệm adventure"", ""Trải nghiệm mountain""]","[""Cao Bằng""]","[""nature"", ""adventure"", ""mountain"", ""photography""]","[""https://picsum.photos/seed/tour-45-1/900/600"", ""https://picsum.photos/seed/tour-45-2/900/600"", ""https://picsum.photos/seed/tour-45-3/900/600""]","[{""day"": 1, ""title"": ""Ngày 1 tại Cao Bằng""}, {""day"": 2, ""title"": ""Ngày 2 tại Cao Bằng""}, {""day"": 3, ""title"": ""Ngày 3 tại Cao Bằng""}]","[""Xe đưa đón"", ""Hướng dẫn viên"", ""Vé tham quan""]","[""Chi phí cá nhân"", ""VAT""]","[{""month"": 3, ""available"": true}, {""month"": 6, ""available"": true}, {""month"": 9, ""available"": true}, {""month"": 12, ""available"": true}]","{""type"": ""bus""}"
46,Tour Hội An 3N2Đ: Trọn Gói Culture,Hội An,8140000,3,"Hành trình Hội An 3 ngày dành cho du khách yêu thích culture, photography, food.",9.5,53,klook,https://synthetic.example.com/tours/46,autumn,https://picsum.photos/seed/tour-46/900/600,2025-11-27 08:00:00,2025-12-14 08:00:00,3N2Đ,9423603,"[""Trải nghiệm culture"", ""Trải nghiệm photography"", ""Trải nghiệm food""]","[""Hội An""]","[""culture"", ""photography"", ""food"", ""history""]","[""https://picsum.photos/seed/tour-46-1/900/600"", ""https://picsum.photos/seed/tour-46-2/900/600"", ""https://picsum.photos/seed/tour-46-3/900/600""]","[{""day"": 1, ""title"": ""Ngày 1 tại Hội An""}, {""day"": 2, ""title"": ""Ngày 2 tại Hội An""}, {""day"": 3, ""title"": ""Ngày 3 tại Hội An""}]","[""Xe đưa đón"", ""Hướng dẫn viên"", ""Vé tham quan""]","[""Chi phí cá nhân"", ""VAT""]","[{""month"": 3, ""available"": true}, {""month"": 6, ""available"": true}, {""month"": 9, ""available"": true}, {""month"": 12, ""available"": true}]","{""type"": ""bus""}"
47,Tour Côn Đảo 3N2Đ: Nghỉ Dưỡng Spiritual,Côn Đảo,6300000,3,"Hành trình Côn Đảo 3 ngày dành cho du khách yêu thích spiritual, beach, relax.",8.3,85,klook,https://synthetic.example.com/tours/47,summer,https://picsum.photos/seed/tour-47/900/600,2025-05-31 08:00:00,2025-06-15 08:00:00,3N2Đ,6334894,"[""Trải nghiệm spiritual"", ""Trải nghiệm beach"", ""Trải nghiệm relax""]","[""Côn Đảo""]","[""spiritual"", ""beach"", ""relax"", ""history""]","[""https://picsum.photos/seed/tour-47-1/900/600"", ""https://picsum.photos/seed/tour-47-2/900/600"", ""https://picsum.photos/seed/tour-47-3/900/600""]","[{""day"": 1, ""title"": ""Ngày 1 tại Côn Đảo""}, {""day"": 2, ""title"": ""Ngày 2 tại Côn Đảo""}, {""day"": 3, ""title"": ""Ngày 3 tại Côn Đảo""}]","[""Xe đưa đón"", ""Hướng dẫn viên"", ""Vé tham quan""]","[""Chi phí cá nhân"", ""VAT""]","[{""month"": 3, ""available"": true}, {""month"": 6, ""available"": true}, {""month"": 9, ""available"": true}, {""month"": 12, ""available"": true}]","{""type"": ""car""}"
48,Tour Hội An 4N3Đ: Trọn Gói Food,Hội An,4820000,4,"Hành trình Hội An 4 ngày dành cho du khách yêu thích food, romantic, photography.",9.2,103,bestprice,https://synthetic.example.com/tours/48,autumn,https://picsum.photos/seed/tour-48/900/600,2025-02-18 08:00:00,2025-03-20 08:00:00,4N3Đ,4882315,"[""Trải nghiệm food"", ""Trải nghiệm romantic"", ""Trải nghiệm photography""]","[""Hội An""]","[""food"", ""romantic"", ""photography"", ""history""]","[""https://picsum.photos/seed/tour-48-1/900/600"", ""https://picsum.photos/seed/tour-48-2/900/600"", ""https://picsum.photos/seed/tour-48-3/900/600""]","[{""day"": 1, ""title"": ""Ngày 1 tại Hội An""}, {""day"": 2, ""title"": ""Ngày 2 tại Hội An""}, {""day"": 3, ""title"": ""Ngày 3 tại Hội An""}, {""day"": 4, ""title"": ""Ngày 4 tại Hội An""}]","[""Xe đưa đón"", ""Hướng dẫn viên"", ""Vé tham quan""]","[""Chi phí cá nhân"", ""VAT""]","[{""month"": 3, ""available"": true}, {""month"": 6, ""available"": true}, {""month"": 9, ""available"": true}, {""month"": 12, ""available"": true}]","{""type"": ""flight""}"
49,Tour Phú Quốc 3N2Đ: Tiết Kiệm Family,Phú Quốc,5810000,3,"Hành trình Phú Quốc 3 ngày dành cho du khách yêu thích family, relax, luxury.",8.0,112,traveloka,https://synthetic.example.com/tours/49,summer,https://picsum.photos/seed/tour-49/900/600,2024-10-20 08:00:00,2024-10-29 08:00:00,3N2Đ,6053533,"[""Trải nghiệm family"", ""Trải nghiệm relax"", ""Trải nghiệm luxury""]","[""Phú Quốc""]","[""family"", ""relax"", ""luxury"", ""romantic""]","[""https://picsum.photos/seed/tour-49-1/900/600"", ""https://picsum.photos/seed/tour-49-2/900/600"", ""https://picsum.photos/seed/tour-49-3/900/600""]","[{""day"": 1, ""title"": ""Ngày 1 tại Phú Quốc""}, {""day"": 2, ""title"": ""Ngày 2 tại Phú Quốc""}, {""day"": 3, ""title"": ""Ngày 3 tại Phú Quốc""}]","[""Xe đưa đón"", ""Hướng dẫn viên"", ""Vé tham quan""]","[""Chi phí cá nhân"", ""VAT""]","[{""month"": 3, ""available"": true}, {""month"": 6, ""available"": true}, {""month"": 9, ""available"": true}, {""month"": 12, ""available"": true}]","{""type"": ""car""}"
50,Tour Sa Pa 2N1Đ: Khám Phá Photography,Sa Pa,5180000,2,"Hành trình Sa Pa 2 ngày dành cho du khách yêu thích photography, mountain, adventure.",9.5,104,klook,https://synthetic.example.com/tours/50,winter,https://picsum.photos/seed/tour-50/900/600,2025-10-10 08:00:00,2025-10-20 08:00:00,2N1Đ,5182844,"[""Trải nghiệm photography"", ""Trải nghiệm mountain"", ""Trải nghiệm adventure""]","[""Sa Pa""]","[""photography"", ""mountain"", ""adventure"", ""culture""]","[""https://picsum.photos/seed/tour-50-1/900/600"", ""https://picsum.photos/seed/tour-50-2/900/600"", ""https://picsum.photos/seed/tour-50-3/900/600""]","[{""day"": 1, ""title"": ""Ngày 1 tại Sa Pa""}, {""day"": 2, ""title"": ""Ngày 2 tại Sa Pa""}]","[""Xe đưa đón"", ""Hướng dẫn viên"", ""Vé tham quan""]","[""Chi phí cá nhân"", ""VAT""]","[{""month"": 3, ""available"": true}, {""month"": 6, ""available"": true}, {""month"": 9, ""available"": true}, {""month"": 12, ""available"": true}]","{""type"": ""cruise""}"
51,Tour Côn Đảo 5N4Đ: Khám Phá Relax,Côn Đảo,11500000,5,"Hành trình Côn Đảo 5 ngày dành cho du khách yêu thích relax, nature, spiritual.",7.8,99,klook,https://synthetic.example.com/tours/51,summer,https://picsum.photos/seed/tour-51/900/600,2026-06-24 08:00:00,2026-07-19 08:00:00,5N4Đ,14177006,"[""Trải nghiệm relax"", ""Trải nghiệm nature"", ""Trải nghiệm spiritual""]","[""Côn Đảo""]","[""relax"", ""nature"", ""spiritual"", ""beach""]","[""https://picsum.photos/seed/tour-51-1/900/600"", ""https://picsum.photos/seed/tour-51-2/900/600"", ""https://picsum.photos/seed/tour-51-3/900/600""]","[{""day"": 1, ""title"": ""Ngày 1 tại Côn Đảo""}, {""day"": 2, ""title"": ""Ngày 2 tại Côn Đảo""}, {""day"": 3, ""title"": ""Ngày 3 tại Côn Đảo""}, {""day"": 4, ""title"": ""Ngày 4 tại Côn Đảo""}, {""day"": 5, ""title"": ""Ngày 5 tại Côn Đảo""}]","[""Xe đưa đón"", ""Hướng dẫn viên"", ""Vé tham quan""]","[""Chi phí cá nhân"", ""VAT""]","[{""month"": 3, ""available"": true}, {""month"": 6, ""available"": true}, {""month"": 9, ""available"": true}, {""month"": 12, ""available"": true}]","{""type"": ""car""}"
52,Tour Hội An 4N3Đ: Check-in Romantic,Hội An,7200000,4,"Hành trình Hội An 4 ngày dành cho du khách yêu thích romantic, history, food.",7.7,116,klook,https://synthetic.example.com/tours/52,autumn,https://picsum.photos/seed/tour-52/900/600,2025-06-25 08:00:00,2025-07-20 08:00:00,4N3Đ,8293813,"[""Trải nghiệm romantic"", ""Trải nghiệm history"", ""Trải nghiệm food""]","[""Hội An""]","[""romantic"", ""history"", ""food"", ""culture""]","[""https://picsum.photos/seed/tour-52-1/900/600"", ""https://picsum.photos/seed/tour-52-2/900/600"", ""https://picsum.photos/seed/tour-52-3/900/600""]","[{""day"": 1, ""title"": ""Ngày 1 tại Hội An""}, {""day"": 2, ""title"": ""Ngày 2 tại Hội An""}, {""day"": 3, ""title"": ""Ngày 3 tại Hội An""}, {""day"": 4, ""title"": ""Ngày 4 tại Hội An""}]","[""Xe đưa đón"", ""Hướng dẫn viên"", ""Vé tham quan""]","[""Chi phí cá nhân"", ""VAT""]","[{""month"": 3, ""available"": true}, {""month"": 6, ""available"": true}, {""month"": 9, ""available"": true}, {""month"": 12, ""available"": true}]","{""type"": ""car""}"
53,Tour Hội An 4N3Đ: Khám Phá Food,Hội An,6850000,4,"Hành trình Hội An 4 ngày dành cho du khách yêu thích food, romantic, culture.",8.6,65,klook,https://synthetic.example.com/tours/53,autumn,https://picsum.photos/seed/tour-53/900/600,2025-06-12 08:00:00,2025-07-01 08:00:00,4N3Đ,8325275,"[""Trải nghiệm food"", ""Trải nghiệm romantic"", ""Trải nghiệm culture""]","[""Hội An""]","[""food"", ""romantic"", ""culture"", ""history""]","[""https://picsum.photos/seed/tour-53-1/900/600"", ""https://picsum.photos/seed/tour-53-2/900/600"", ""https://picsum.photos/seed/tour-53-3/900/600""]","[{""day"": 1, ""title"": ""Ngày 1 tại Hội An""}, {""day"": 2, ""title"": ""Ngày 2 tại Hội An""}, {""day"": 3, ""title"": ""Ngày 3 tại Hội An""}, {""day"": 4, ""title"": ""Ngày 4 tại Hội An""}]","[""Xe đưa đón"", ""Hướng dẫn viên"", ""Vé tham quan""]","[""Chi phí cá nhân"", ""VAT""]","[{""month"": 3, ""available"": true}, {""month"": 6, ""available"": true}, {""month"": 9, ""available"": true}, {""month"": 12, ""available"": true}]","{""type"": ""bus""}"
54,Tour Đà Nẵng 5N4Đ: Trọn Gói Beach,Đà Nẵng,8910000,5,"Hành trình Đà Nẵng 5 ngày dành cho du khách yêu thích beach, water_sports, city.",7.6,95,traveloka,https://synthetic.example.com/tours/54,summer,https://picsum.photos/seed/tour-54/900/600,2024-09-11 08:00:00,2024-10-08 08:00:00,5N4Đ,10331216,"[""Trải nghiệm beach"", ""Trải nghiệm water_sports"", ""Trải nghiệm city""]","[""Đà Nẵng""]","[""beach"", ""water_sports"", ""city"", ""family""]","[""https://picsum.photos/seed/tour-54-1/900/600"", ""https://picsum.photos/seed/tour-54-2/900/600"", ""https://picsum.photos/seed/tour-54-3/900/600""]","[{""day"": 1, ""title"": ""Ngày 1 tại Đà Nẵng""}, {""day"": 2, ""title"": ""Ngày 2 tại Đà Nẵng""}, {""day"": 3, ""title"": ""Ngày 3 tại Đà Nẵng""}, {""day"": 4, ""title"": ""Ngày 4 tại Đà Nẵng""}, {""day"": 5, ""title"": ""Ngày 5 tại Đà Nẵng""}]","[""Xe đưa đón"", ""Hướng dẫn viên"", ""Vé tham quan""]","[""Chi phí cá nhân"", ""VAT""]","[{""month"": 3, ""available"": true}, {""month"": 6, ""available"": true}, {""month"": 9, ""available"": true}, {""month"": 12, ""available"": true}]","{""type"": ""cruise""}"
55,Tour Sa Pa 4N3Đ: Check-in Culture,Sa Pa,6780000,4,"Hành trình Sa Pa 4 ngày dành cho du khách yêu thích culture, adventure, photography.",8.3,68,klook,https://synthetic.example.com/tours/55,winter,https://picsum.photos/seed/tour-55/900/600,2025-11-03 08:00:00,2025-12-03 08:00:00,4N3Đ,7222573,"[""Trải nghiệm culture"", ""Trải nghiệm adventure"", ""Trải nghiệm photography""]","[""Sa Pa""]","[""culture"", ""adventure"", ""photography"", ""nature""]","[""https://picsum.photos/seed/tour-55-1/900/600"", ""https://picsum.photos/seed/tour-55-2/900/600"", ""https://picsum.photos/seed/tour-55-3/900/600""]","[{""day"": 1, ""title"": ""Ngày 1 tại Sa Pa""}, {""day"": 2, ""title"": ""Ngày 2 tại Sa Pa""}, {""day"": 3, ""title"": ""Ngày 3 tại Sa Pa""}, {""day"": 4, ""title"": ""Ngày 4 tại Sa Pa""}]","[""Xe đưa đón"", ""Hướng dẫn viên"", ""Vé tham quan""]","[""Chi phí cá nhân"", ""VAT""]","[{""month"": 3, ""available"": true}, {""month"": 6, ""available"": true}, {""month"": 9, ""available"": true}, {""month"": 12, ""available"": true}]","{""type"": ""cruise""}"
56,Tour Côn Đảo 3N2Đ: Gia Đình History,Côn Đảo,12680000,3,"Hành trình Côn Đảo 3 ngày dành cho du khách yêu thích history, beach, nature.",9.5,77,bestprice,https://synthetic.example.com/tours/56,summer,https://picsum.photos/seed/tour-56/900/600,2025-07-06 08:00:00,2025-07-22 08:00:00,3N2Đ,14373049,"[""Trải nghiệm history"", ""Trải nghiệm beach"", ""Trải nghiệm nature""]","[""Côn Đảo""]","[""history"", ""beach"", ""nature"", ""relax""]","[""https://picsum.photos/seed/tour-56-1/900/600"", ""https://picsum.photos/seed/tour-56-2/900/600"", ""https://picsum.photos/seed/tour-56-3/900/600""]","[{""day"": 1, ""title"": ""Ngày 1 tại Côn Đảo""}, {""day"": 2, ""title"": ""Ngày 2 tại Côn Đảo""}, {""day"": 3, ""title"": ""Ngày 3 tại Côn Đảo""}]","[""Xe đưa đón"", ""Hướng dẫn viên"", ""Vé tham quan""]","[""Chi phí cá nhân"", ""VAT""]","[{""month"": 3, ""available"": true}, {""month"": 6, ""available"": true}, {""month"": 9, ""available"": true}, {""month"": 12, ""available"": true}]","{""type"": ""cruise""}"
57,Tour Hà Nội 3N2Đ: Trọn Gói City,Hà Nội,5360000,3,"Hành trình Hà Nội 3 ngày dành cho du khách yêu thích city, food, history.",8.5,66,traveloka,https://synthetic.example.com/tours/57,autumn,https://picsum.photos/seed/tour-57/900/600,2025-01-07 08:00:00,2025-02-05 08:00:00,3N2Đ,6014323,"[""Trải nghiệm city"", ""Trải nghiệm food"", ""Trải nghiệm history""]","[""Hà Nội""]","[""city"", ""food"", ""history"", ""culture""]","[""https://picsum.photos/seed/tour-57-1/900/600"", ""https://picsum.photos/seed/tour-57-2/900/600"", ""https://picsum.photos/seed/tour-57-3/900/600""]","[{""day"": 1, ""title"": ""Ngày 1 tại Hà Nội""}, {""day"": 2, ""title"": ""Ngày 2 tại Hà Nội""}, {""day"": 3, ""title"": ""Ngày 3 tại Hà Nội""}]","[""Xe đưa đón"", ""Hướng dẫn viên"", ""Vé tham quan""]","[""Chi phí cá nhân"", ""VAT""]","[{""month"": 3, ""available"": true}, {""month"": 6, ""available"": true}, {""month"": 9, ""available"": true}, {""month"": 12, ""available"": true}]","{""type"": ""flight""}"
58,Tour TP. Hồ Chí Minh 4N3Đ: Trọn Gói City,TP. Hồ Chí Minh,5490000,4,"Hành trình TP. Hồ Chí Minh 4 ngày dành cho du khách yêu thích city, shopping, nightlife.",7.7,45,traveloka,https://synthetic.example.com/tours/58,all,https://picsum.photos/seed/tour-58/900/600,2025-11-02 08:00:00,2025-11-13 08:00:00,4N3Đ,6093014,"[""Trải nghiệm city"", ""Trải nghiệm shopping"", ""Trải nghiệm nightlife""]","[""TP. Hồ Chí Minh""]","[""city"", ""shopping"", ""nightlife"", ""food""]","[""https://picsum.photos/seed/tour-58-1/900/600"", ""https://picsum.photos/seed/tour-58-2/900/600"", ""https://picsum.photos/seed/tour-58-3/900/600""]","[{""day"": 1, ""title"": ""Ngày 1 tại TP. Hồ Chí Minh""}, {""day"": 2, ""title"": ""Ngày 2 tại TP. Hồ Chí Minh""}, {""day"": 3, ""title"": ""Ngày 3 tại TP. Hồ Chí Minh""}, {""day"": 4, ""title"": ""Ngày 4 tại TP. Hồ Chí Minh""}]","[""Xe đưa đón"", ""Hướng dẫn viên"", ""Vé tham quan""]","[""Chi phí cá nhân"", ""VAT""]","[{""month"": 3, ""available"": true}, {""month"": 6, ""available"": true}, {""month"": 9, ""available"": true}, {""month"": 12, ""available"": true}]","{""type"": ""flight""}"
59,Tour Huế 4N3Đ: Gia Đình History,Huế,6780000,4,"Hành trình Huế 4 ngày dành cho du khách yêu thích history, city, food.",8.2,72,klook,https://synthetic.example.com/tours/59,spring,https://picsum.photos/seed/tour-59/900/600,2025-04-27 08:00:00,2025-05-15 08:00:00,4N3Đ,7653045,"[""Trải nghiệm history"", ""Trải nghiệm city"", ""Trải nghiệm food""]","[""Huế""]","[""history"", ""city"", ""food"", ""culture""]","[""https://picsum.photos/seed/tour-59-1/900/600"", ""https://picsum.photos/seed/tour-59-2/900/600"", ""https://picsum.photos/seed/tour-59-3/900/600""]","[{""day"": 1, ""title"": ""Ngày 1 tại Huế""}, {""day"": 2, ""title"": ""Ngày 2 tại Huế""}, {""day"": 3, ""title"": ""Ngày 3 tại Huế""}, {""day"": 4, ""title"": ""Ngày 4 tại Huế""}]","[""Xe đưa đón"", ""Hướng dẫn viên"", ""Vé tham quan""]","[""Chi phí cá nhân"", ""VAT""]","[{""month"": 3, ""available"": true}, {""month"": 6, ""available"": true}, {""month"": 9, ""available"": true}, {""month"": 12, ""available"": true}]","{""type"": ""cruise""}"
60,Tour Hà Nội 4N3Đ: Gia Đình Culture,Hà Nội,2850000,4,"Hành trình Hà Nội 4 ngày dành cho du khách yêu thích culture, shopping, food.",8.8,84,traveloka,https://synthetic.example.com/tours/60,autumn,https://picsum.photos/seed/tour-60/900/600,2025-04-21 08:00:00,2025-04-22 08:00:00,4N3Đ,3085654,"[""Trải nghiệm culture"", ""Trải nghiệm shopping"", ""Trải nghiệm food""]","[""Hà Nội""]","[""culture"", ""shopping"", ""food"", ""city""]","[""https://picsum.photos/seed/tour-60-1/900/600"", ""https://picsum.photos/seed/tour-60-2/900/600"", ""https://picsum.photos/seed/tour-60-3/900/600""]","[{""day"": 1, ""title"": ""Ngày 1 tại Hà Nội""}, {""day"": 2, ""title"": ""Ngày 2 tại Hà Nội""}, {""day"": 3, ""title"": ""Ngày 3 tại Hà Nội""}, {""day"": 4, ""title"": ""Ngày 4 tại Hà Nội""}]","[""Xe đưa đón"", ""Hướng dẫn viên"", ""Vé tham quan""]","[""Chi phí cá nhân"", ""VAT""]","[{""month"": 3, ""available"": true}, {""month"": 6, ""available"": true}, {""month"": 9, ""available"": true}, {""month"": 12, ""available"": true}]","{""type"": ""bus""}"
61,Tour Sa Pa 2N1Đ: Gia Đình Culture,Sa Pa,3850000,2,"Hành trình Sa Pa 2 ngày dành cho du khách yêu thích culture, nature, mountain.",7.4,61,bestprice,https://synthetic.example.com/tours/61,winter,https://picsum.photos/seed/tour-61/900/600,2025-01-22 08:00:00,2025-01-26 08:00:00,2N1Đ,4471780,"[""Trải nghiệm culture"", ""Trải nghiệm nature"", ""Trải nghiệm mountain""]","[""Sa Pa""]","[""culture"", ""nature"", ""mountain"", ""photography""]","[""https://picsum.photos/seed/tour-61-1/900/600"", ""https://picsum.photos/seed/tour-61-2/900/600"", ""https://picsum.photos/seed/tour-61-3/900/600""]","[{""day"": 1, ""title"": ""Ngày 1 tại Sa Pa""}, {""day"": 2, ""title"": ""Ngày 2 tại Sa Pa""}]","[""Xe đưa đón"", ""Hướng dẫn viên"", ""Vé tham quan""]","[""Chi phí cá nhân"", ""VAT""]","[{""month"": 3, ""available"": true}, {""month"": 6, ""available"": true}, {""month"": 9, ""available"": true}, {""month"": 12, ""available"": true}]","{""type"": ""flight""}"
62,Tour Phú Quốc 4N3Đ: Tiết Kiệm Romantic,Phú Quốc,15980000,4,"Hành trình Phú Quốc 4 ngày dành cho du khách yêu thích romantic, beach, family.",7.5,22,traveloka,https://synthetic.example.com/tours/62,summer,https://picsum.photos/seed/tour-62/900/600,2025-09-27 08:00:00,2025-09-30 08:00:00,4N3Đ,18976321,"[""Trải nghiệm romantic"", ""Trải nghiệm beach"", ""Trải nghiệm family""]","[""Phú Quốc""]","[""romantic"", ""beach"", ""family"", ""luxury""]","[""https://picsum.photos/seed/tour-62-1/900/600"", ""https://picsum.photos/seed/tour-62-2/900/600"", ""https://picsum.photos/seed/tour-62-3/900/600""]","[{""day"": 1, ""title"": ""Ngày 1 tại Phú Quốc""}, {""day"": 2, ""title"": ""Ngày 2 tại Phú Quốc""}, {""day"": 3, ""title"": ""Ngày 3 tại Phú Quốc""}, {""day"": 4, ""title"": ""Ngày 4 tại Phú Quốc""}]","[""Xe đưa đón"", ""Hướng dẫn viên"", ""Vé tham quan""]","[""Chi phí cá nhân"", ""VAT""]","[{""month"": 3, ""available"": true}, {""month"": 6, ""available"": true}, {""month"": 9, ""available"": true}, {""month"": 12, ""available"": true}]","{""type"": ""car""}"
63,Tour Phú Quốc 4N3Đ: Trọn Gói Water Sports,Phú Quốc,5390000,4,"Hành trình Phú Quốc 4 ngày dành cho du khách yêu thích water_sports, relax, beach.",7.4,85,traveloka,https://synthetic.example.com/tours/63,summer,https://picsum.photos/seed/tour-63/900/600,2025-04-08 08:00:00,2025-05-04 08:00:00,4N3Đ,6197707,"[""Trải nghiệm water_sports"", ""Trải nghiệm relax"", ""Trải nghiệm beach""]","[""Phú Quốc""]","[""water_sports"", ""relax"", ""beach"", ""family""]","[""https://picsum.photos/seed/tour-63-1/900/600"", ""https://picsum.photos/seed/tour-63-2/900/600"", ""https://picsum.photos/seed/tour-63-3/900/600""]","[{""day"": 1, ""title"": ""Ngày 1 tại Phú Quốc""}, {""day"": 2, ""title"": ""Ngày 2 tại Phú Quốc""}, {""day"": 3, ""title"": ""Ngày 3 tại Phú Quốc""}, {""day"": 4, ""title"": ""Ngày 4 tại Phú Quốc""}]","[""Xe đưa đón"", ""Hướng dẫn viên"", ""Vé tham quan""]","[""Chi phí cá nhân"", ""VAT""]","[{""month"": 3, ""available"": true}, {""month"": 6, ""available"": true}, {""month"": 9, ""available"": true}, {""month"": 12, ""available"": true}]","{""type"": ""bus""}"
64,Tour Đà Lạt 3N2Đ: Cao Cấp Nature,Đà Lạt,3540000,3,"Hành trình Đà Lạt 3 ngày dành cho du khách yêu thích nature, romantic, mountain.",9.1,12,bestprice,https://synthetic.example.com/tours/64,winter,https://picsum.photos/seed/tour-64/900/600,2026-03-30 08:00:00,2026-04-03 08:00:00,3N2Đ,4359560,"[""Trải nghiệm nature"", ""Trải nghiệm romantic"", ""Trải nghiệm mountain""]","[""Đà Lạt""]","[""nature"", ""romantic"", ""mountain"", ""photography""]","[""https://picsum.photos/seed/tour-64-1/900/600"", ""https://picsum.photos/seed/tour-64-2/900/600"", ""https://picsum.photos/seed/tour-64-3/900/600""]","[{""day"": 1, ""title"": ""Ngày 1 tại Đà Lạt""}, {""day"": 2, ""title"": ""Ngày 2 tại Đà Lạt""}, {""day"": 3, ""title"": ""Ngày 3 tại Đà Lạt""}]","[""Xe đưa đón"", ""Hướng dẫn viên"", ""Vé tham quan""]","[""Chi phí cá nhân"", ""VAT""]","[{""month"": 3, ""available"": true}, {""month"": 6, ""available"": true}, {""month"": 9, ""available"": true}, {""month"": 12, ""available"": true}]","{""type"": ""flight""}"
65,Tour Sa Pa 4N3Đ: Gia Đình Culture,Sa Pa,5980000,4,"Hành trình Sa Pa 4 ngày dành cho du khách yêu thích culture, nature, photography.",8.1,6,traveloka,https://synthetic.example.com/tours/65,winter,https://picsum.photos/seed/tour-65/900/600,2026-08-10 08:00:00,2026-08-14 08:00:00,4N3Đ,6182061,"[""Trải nghiệm culture"", ""Trải nghiệm nature"", ""Trải nghiệm photography""]","[""Sa Pa""]","[""culture"", ""nature"", ""photography"", ""adventure""]","[""https://picsum.photos/seed/tour-65-1/900/600"", ""https://picsum.photos/seed/tour-65-2/900/600"", ""https://picsum.photos/seed/tour-65-3/900/600""]","[{""day"": 1, ""title"": ""Ngày 1 tại Sa Pa""}, {""day"": 2, ""title"": ""Ngày 2 tại Sa Pa""}, {""day"": 3, ""title"": ""Ngày 3 tại Sa Pa""}, {""day"": 4, ""title"": ""Ngày 4 tại Sa Pa""}]","[""Xe đưa đón"", ""Hướng dẫn viên"", ""Vé tham quan""]","[""Chi phí cá nhân"", ""VAT""]","[{""month"": 3, ""available"": true}, {""month"": 6, ""available"": true}, {""month"": 9, ""available"": true}, {""month"": 12, ""available"": true}]","{""type"": ""car""}"
66,Tour Nha Trang 5N4Đ: Check-in Water Sports,Nha Trang,7950000,5,"Hành trình Nha Trang 5 ngày dành cho du khách yêu thích water_sports, food, family.",8.3,83,traveloka,https://synthetic.example.com/tours/66,summer,https://picsum.photos/seed/tour-66/900/600,2026-02-16 08:00:00,2026-03-12 08:00:00,5N4Đ,9400207,"[""Trải nghiệm water_sports"", ""Trải nghiệm food"", ""Trải nghiệm family""]","[""Nha Trang""]","[""water_sports"", ""food"", ""family"", ""nightlife""]","[""https://picsum.photos/seed/tour-66-1/900/600"", ""https://picsum.photos/seed/tour-66-2/900/600"", ""https://picsum.photos/seed/tour-66-3/900/600""]","[{""day"": 1, ""title"": ""Ngày 1 tại Nha Trang""}, {""day"": 2, ""title"": ""Ngày 2 tại Nha Trang""}, {""day"": 3, ""title"": ""Ngày 3 tại Nha Trang""}, {""day"": 4, ""title"": ""Ngày 4 tại Nha Trang""}, {""day"": 5, ""title"": ""Ngày 5 tại Nha Trang""}]","[""Xe đưa đón"", ""Hướng dẫn viên"", ""Vé tham quan""]","[""Chi phí cá nhân"", ""VAT""]","[{""month"": 3, ""available"": true}, {""month"": 6, ""available"": true}, {""month"": 9, ""available"": true}, {""month"": 12, ""available"": true}]","{""type"": ""cruise""}"
67,Tour Huế 3N2Đ: Cao Cấp Food,Huế,3730000,3,"Hành trình Huế 3 ngày dành cho du khách yêu thích food, city, culture.",9.5,8,klook,https://synthetic.example.com/tours/67,spring,https://picsum.photos/seed/tour-67/900/600,2026-02-11 08:00:00,2026-03-01 08:00:00,3N2Đ,4634748,"[""Trải nghiệm food"", ""Trải nghiệm city"", ""Trải nghiệm culture""]","[""Huế""]","[""food"", ""city"", ""culture"", ""history""]","[""https://picsum.photos/seed/tour-67-1/900/600"", ""https://picsum.photos/seed/tour-67-2/900/600"", ""https://picsum.photos/seed/tour-67-3/900/600""]","[{""day"": 1, ""title"": ""Ngày 1 tại Huế""}, {""day"": 2, ""title"": ""Ngày 2 tại Huế""}, {""day"": 3, ""title"": ""Ngày 3 tại Huế""}]","[""Xe đưa đón"", ""Hướng dẫn viên"", ""Vé tham quan""]","[""Chi phí cá nhân"", ""VAT""]","[{""month"": 3, ""available"": true}, {""month"": 6, ""available"": true}, {""month"": 9, ""available"": true}, {""month"": 12, ""available"": true}]","{""type"": ""car""}"
68,Tour Nha Trang 3N2Đ: Khám Phá Beach,Nha Trang,6910000,3,"Hành trình Nha Trang 3 ngày dành cho du khách yêu thích beach, nightlife, food.",9.3,96,klook,https://synthetic.example.com/tours/68,summer,https://picsum.photos/seed/tour-68/900/600,2025-06-30 08:00:00,2025-07-10 08:00:00,3N2Đ,7148230,"[""Trải nghiệm beach"", ""Trải nghiệm nightlife"", ""Trải nghiệm food""]","[""Nha Trang""]","[""beach"", ""nightlife"", ""food"", ""water_sports""]","[""https://picsum.photos/seed/tour-68-1/900/600"", ""https://picsum.photos/seed/tour-68-2/900/600"", ""https://picsum.photos/seed/tour-68-3/900/600""]","[{""day"": 1, ""title"": ""Ngày 1 tại Nha Trang""}, {""day"": 2, ""title"": ""Ngày 2 tại Nha Trang""}, {""day"": 3, ""title"": ""Ngày 3 tại Nha Trang""}]","[""Xe đưa đón"", ""Hướng dẫn viên"", ""Vé tham quan""]","[""Chi phí cá nhân"", ""VAT""]","[{""month"": 3, ""available"": true}, {""month"": 6, ""available"": true}, {""month"": 9, ""available"": true}, {""month"": 12, ""available"": true}]","{""type"": ""car""}"
69,Tour Hội An 2N1Đ: Trọn Gói Food,Hội An,5280000,2,"Hành trình Hội An 2 ngày dành cho du khách yêu thích food, culture, history.",8.1,71,bestprice,https://synthetic.example.com/tours/69,autumn,https://picsum.photos/seed/tour-69/900/600,2025-02-05 08:00:00,2025-02-17 08:00:00,2N1Đ,5988039,"[""Trải nghiệm food"", ""Trải nghiệm culture"", ""Trải nghiệm history""]","[""Hội An""]","[""food"", ""culture"", ""history"", ""photography""]","[""https://picsum.photos/seed/tour-69-1/900/600"", ""https://picsum.photos/seed/tour-69-2/900/600"", ""https://picsum.photos/seed/tour-69-3/900/600""]","[{""day"": 1, ""title"": ""Ngày 1 tại Hội An""}, {""day"": 2, ""title"": ""Ngày 2 tại Hội An""}]","[""Xe đưa đón"", ""Hướng dẫn viên"", ""Vé tham quan""]","[""Chi phí cá nhân"", ""VAT""]","[{""month"": 3, ""available"": true}, {""month"": 6, ""available"": true}, {""month"": 9, ""available"": true}, {""month"": 12, ""available"": true}]","{""type"": ""flight""}"
70,Tour TP. Hồ Chí Minh 4N3Đ: Khám Phá Food,TP. Hồ Chí Minh,7280000,4,"Hành trình TP. Hồ Chí Minh 4 ngày dành cho du khách yêu thích food, nightlife, shopping.",8.7,47,bestprice,https://synthetic.example.com/tours/70,all,https://picsum.photos/seed/tour-70/900/600,2024-08-30 08:00:00,2024-09-10 08:00:00,4N3Đ,8578561,"[""Trải nghiệm food"", ""Trải nghiệm nightlife"", ""Trải nghiệm shopping""]","[""TP. Hồ Chí Minh""]","[""food"", ""nightlife"", ""shopping"", ""history""]","[""https://picsum.photos/seed/tour-70-1/900/600"", ""https://picsum.photos/seed/tour-70-2/900/600"", ""https://picsum.photos/seed/tour-70-3/900/600""]","[{""day"": 1, ""title"": ""Ngày 1 tại TP. Hồ Chí Minh""}, {""day"": 2, ""title"": ""Ngày 2 tại TP. Hồ Chí Minh""}, {""day"": 3, ""title"": ""Ngày 3 tại TP. Hồ Chí Minh""}, {""day"": 4, ""title"": ""Ngày 4 tại TP. Hồ Chí Minh""}]","[""Xe đưa đón"", ""Hướng dẫn viên"", ""Vé tham quan""]","[""Chi phí cá nhân"", ""VAT""]","[{""month"": 3, ""available"": true}, {""month"": 6, ""available"": true}, {""month"": 9, ""available"": true}, {""month"": 12, ""available"": true}]","{""type"": ""car""}"
71,Tour TP. Hồ Chí Minh 3N2Đ: Tiết Kiệm Shopping,TP. Hồ Chí Minh,8030000,3,"Hành trình TP. Hồ Chí Minh 3 ngày dành cho du khách yêu thích shopping, food, history.",9.5,81,bestprice,https://synthetic.example.com/tours/71,all,https://picsum.photos/seed/tour-71/900/600,2025-07-15 08:00:00,2025-07-29 08:00:00,3N2Đ,9598670,"[""Trải nghiệm shopping"", ""Trải nghiệm food"", ""Trải nghiệm history""]","[""TP. Hồ Chí Minh""]","[""shopping"", ""food"", ""history"", ""nightlife""]","[""https://picsum.photos/seed/tour-71-1/900/600"", ""https://picsum.photos/seed/tour-71-2/900/600"", ""https://picsum.photos/seed/tour-71-3/900/600""]","[{""day"": 1, ""title"": ""Ngày 1 tại TP. Hồ Chí Minh""}, {""day"": 2, ""title"": ""Ngày 2 tại TP. Hồ Chí Minh""}, {""day"": 3, ""title"": ""Ngày 3 tại TP. Hồ Chí Minh""}]","[""Xe đưa đón"", ""Hướng dẫn viên"", ""Vé tham quan""]","[""Chi phí cá nhân"", ""VAT""]","[{""month"": 3, ""available"": true}, {""month"": 6, ""available"": true}, {""month"": 9, ""available"": true}, {""month"": 12, ""available"": true}]","{""type"": ""bus""}"
72,Tour Đà Lạt 3N2Đ: Cao Cấp Romantic,Đà Lạt,6980000,3,"Hành trình Đà Lạt 3 ngày dành cho du khách yêu thích romantic, nature, relax.",8.9,58,traveloka,https://synthetic.example.com/tours/72,winter,https://picsum.photos/seed/tour-72/900/600,2026-04-28 08:00:00,2026-04-28 08:00:00,3N2Đ,7500666,"[""Trải nghiệm romantic"", ""Trải nghiệm nature"", ""Trải nghiệm relax""]","[""Đà Lạt""]","[""romantic"", ""nature"", ""relax"", ""photography""]","[""https://picsum.photos/seed/tour-72-1/900/600"", ""https://picsum.photos/seed/tour-72-2/900/600"", ""https://picsum.photos/seed/tour-72-3/900/600""]","[{""day"": 1, ""title"": ""Ngày 1 tại Đà Lạt""}, {""day"": 2, ""title"": ""Ngày 2 tại Đà Lạt""}, {""day"": 3, ""title"": ""Ngày 3 tại Đà Lạt""}]","[""Xe đưa đón"", ""Hướng dẫn viên"", ""Vé tham quan""]","[""Chi phí cá nhân"", ""VAT""]","[{""month"": 3, ""available"": true}, {""month"": 6, ""available"": true}, {""month"": 9, ""available"": true}, {""month"": 12, ""available"": true}]","{""type"": ""bus""}"
73,Tour Đà Lạt 3N2Đ: Ẩm Thực Photography,Đà Lạt,7600000,3,"Hành trình Đà Lạt 3 ngày dành cho du khách yêu thích photography, nature, mountain.",8.4,56,klook,https://synthetic.example.com/tours/73,winter,https://picsum.photos/seed/tour-73/900/600,2025-03-25 08:00:00,2025-04-21 08:00:00,3N2Đ,9398805,"[""Trải nghiệm photography"", ""Trải nghiệm nature"", ""Trải nghiệm mountain""]","[""Đà Lạt""]","[""photography"", ""nature"", ""mountain"", ""relax""]","[""https://picsum.photos/seed/tour-73-1/900/600"", ""https://picsum.photos/seed/tour-73-2/900/600"", ""https://picsum.photos/seed/tour-73-3/900/600""]","[{""day"": 1, ""title"": ""Ngày 1 tại Đà Lạt""}, {""day"": 2, ""title"": ""Ngày 2 tại Đà Lạt""}, {""day"": 3, ""title"": ""Ngày 3 tại Đà Lạt""}]","[""Xe đưa đón"", ""Hướng dẫn viên"", ""Vé tham quan""]","[""Chi phí cá nhân"", ""VAT""]","[{""month"": 3, ""available"": true}, {""month"": 6, ""available"": true}, {""month"": 9, ""available"": true}, {""month"": 12, ""available"": true}]","{""type"": ""bus""}"
74,Tour Nha Trang 5N4Đ: Gia Đình Beach,Nha Trang,3870000,5,"Hành trình Nha Trang 5 ngày dành cho du khách yêu thích beach, family, water_sports.",7.7,59,klook,https://synthetic.example.com/tours/74,summer,https://picsum.photos/seed/tour-74/900/600,2024-09-18 08:00:00,2024-09-20 08:00:00,5N4Đ,4112725,"[""Trải nghiệm beach"", ""Trải nghiệm family"", ""Trải nghiệm water_sports""]","[""Nha Trang""]","[""beach"", ""family"", ""water_sports"", ""food""]","[""https://picsum.photos/seed/tour-74-1/900/600"", ""https://picsum.photos/seed/tour-74-2/900/600"", ""https://picsum.photos/seed/tour-74-3/900/600""]","[{""day"": 1, ""title"": ""Ngày 1 tại Nha Trang""}, {""day"": 2, ""title"": ""Ngày 2 tại Nha Trang""}, {""day"": 3, ""title"": ""Ngày 3 tại Nha Trang""}, {""day"": 4, ""title"": ""Ngày 4 tại Nha Trang""}, {""day"": 5, ""title"": ""Ngày 5 tại Nha Trang""}]","[""Xe đưa đón"", ""Hướng dẫn viên"", ""Vé tham quan""]","[""Chi phí cá nhân"", ""VAT""]","[{""month"": 3, ""available"": true}, {""month"": 6, ""available"": true}, {""month"": 9, ""available"": true}, {""month"": 12, ""available"": true}]","{""type"": ""car""}"
75,Tour Phú Quốc 3N2Đ: Nghỉ Dưỡng Relax,Phú Quốc,14320000,3,"Hành trình Phú Quốc 3 ngày dành cho du khách yêu thích relax, luxury, family.",8.5,11,bestprice,https://synthetic.example.com/tours/75,summer,https://picsum.photos/seed/tour-75/900/600,2025-06-15 08:00:00,2025-07-01 08:00:00,3N2Đ,15134923,"[""Trải nghiệm relax"", ""Trải nghiệm luxury"", ""Trải nghiệm family""]","[""Phú Quốc""]","[""relax"", ""luxury"", ""family"", ""romantic""]","[""https://picsum.photos/seed/tour-75-1/900/600"", ""https://picsum.photos/seed/tour-75-2/900/600"", ""https://picsum.photos/seed/tour-75-3/900/600""]","[{""day"": 1, ""title"": ""Ngày 1 tại Phú Quốc""}, {""day"": 2, ""title"": ""Ngày 2 tại Phú Quốc""}, {""day"": 3, ""title"": ""Ngày 3 tại Phú Quốc""}]","[""Xe đưa đón"", ""Hướng dẫn viên"", ""Vé tham quan""]","[""Chi phí cá nhân"", ""VAT""]","[{""month"": 3, ""available"": true}, {""month"": 6, ""available"": true}, {""month"": 9, ""available"": true}, {""month"": 12, ""available"": true}]","{""type"": ""flight""}"
76,Tour Đà Lạt 5N4Đ: Trọn Gói Food,Đà Lạt,4280000,5,"Hành trình Đà Lạt 5 ngày dành cho du khách yêu thích food, mountain, romantic.",8.3,39,klook,https://synthetic.example.com/tours/76,winter,https://picsum.photos/seed/tour-76/900/600,2025-02-16 08:00:00,2025-02-24 08:00:00,5N4Đ,5015534,"[""Trải nghiệm food"", ""Trải nghiệm mountain"", ""Trải nghiệm romantic""]","[""Đà Lạt""]","[""food"", ""mountain"", ""romantic"", ""relax""]","[""https://picsum.photos/seed/tour-76-1/900/600"", ""https://picsum.photos/seed/tour-76-2/900/600"", ""https://picsum.photos/seed/tour-76-3/900/600""]","[{""day"": 1, ""title"": ""Ngày 1 tại Đà Lạt""}, {""day"": 2, ""title"": ""Ngày 2 tại Đà Lạt""}, {""day"": 3, ""title"": ""Ngày 3 tại Đà Lạt""}, {""day"": 4, ""title"": ""Ngày 4 tại Đà Lạt""}, {""day"": 5, ""title"": ""Ngày 5 tại Đà Lạt""}]","[""Xe đưa đón"", ""Hướng dẫn viên"", ""Vé tham quan""]","[""Chi phí cá nhân"", ""VAT""]","[{""month"": 3, ""available"": true}, {""month"": 6, ""available"": true}, {""month"": 9, ""available"": true}, {""month"": 12, ""available"": true}]","{""type"": ""flight""}"
77,Tour Sa Pa 3N2Đ: Cao Cấp Adventure,Sa Pa,7160000,3,"Hành trình Sa Pa 3 ngày dành cho du khách yêu thích adventure, photography, nature.",8.3,95,bestprice,https://synthetic.example.com/tours/77,winter,https://picsum.photos/seed/tour-77/900/600,2025-03-27 08:00:00,2025-04-04 08:00:00,3N2Đ,7623069,"[""Trải nghiệm adventure"", ""Trải nghiệm photography"", ""Trải nghiệm nature""]","[""Sa Pa""]","[""adventure"", ""photography"", ""nature"", ""mountain""]","[""https://picsum.photos/seed/tour-77-1/900/600"", ""https://picsum.photos/seed/tour-77-2/900/600"", ""https://picsum.photos/seed/tour-77-3/900/600""]","[{""day"": 1, ""title"": ""Ngày 1 tại Sa Pa""}, {""day"": 2, ""title"": ""Ngày 2 tại Sa Pa""}, {""day"": 3, ""title"": ""Ngày 3 tại Sa Pa""}]","[""Xe đưa đón"", ""Hướng dẫn viên"", ""Vé tham quan""]","[""Chi phí cá nhân"", ""VAT""]","[{""month"": 3, ""available"": true}, {""month"": 6, ""available"": true}, {""month"": 9, ""available"": true}, {""month"": 12, ""available"": true}]","{""type"": ""flight""}"
78,Tour Hà Nội 4N3Đ: Khám Phá Food,Hà Nội,6430000,4,"Hành trình Hà Nội 4 ngày dành cho du khách yêu thích food, city, shopping.",9.1,48,bestprice,https://synthetic.example.com/tours/78,autumn,https://picsum.photos/seed/tour-78/900/600,2025-08-13 08:00:00,2025-08-28 08:00:00,4N3Đ,7388944,"[""Trải nghiệm food"", ""Trải nghiệm city"", ""Trải nghiệm shopping""]","[""Hà Nội""]","[""food"", ""city"", ""shopping"", ""culture""]","[""https://picsum.photos/seed/tour-78-1/900/600"", ""https://picsum.photos/seed/tour-78-2/900/600"", ""https://picsum.photos/seed/tour-78-3/900/600""]","[{""day"": 1, ""title"": ""Ngày 1 tại Hà Nội""}, {""day"": 2, ""title"": ""Ngày 2 tại Hà Nội""}, {""day"": 3, ""title"": ""Ngày 3 tại Hà Nội""}, {""day"": 4, ""title"": ""Ngày 4 tại Hà Nội""}]","[""Xe đưa đón"", ""Hướng dẫn viên"", ""Vé tham quan""]","[""Chi phí cá nhân"", ""VAT""]","[{""month"": 3, ""available"": true}, {""month"": 6, ""available"": true}, {""month"": 9, ""available"": true}, {""month"": 12, ""available"": true}]","{""type"": ""flight""}"
79,Tour Côn Đảo 3N2Đ: Ẩm Thực Spiritual,Côn Đảo,5640000,3,"Hành trình Côn Đảo 3 ngày dành cho du khách yêu thích spiritual, relax, history.",9.6,35,traveloka,https://synthetic.example.com/tours/79,summer,https://picsum.photos/seed/tour-79/900/600,2024-09-01 08:00:00,2024-09-27 08:00:00,3N2Đ,5734642,"[""Trải nghiệm spiritual"", ""Trải nghiệm relax"", ""Trải nghiệm history""]","[""Côn Đảo""]","[""spiritual"", ""relax"", ""history"", ""nature""]","[""https://picsum.photos/seed/tour-79-1/900/600"", ""https://picsum.photos/seed/tour-79-2/900/600"", ""https://picsum.photos/seed/tour-79-3/900/600""]","[{""day"": 1, ""title"": ""Ngày 1 tại Côn Đảo""}, {""day"": 2, ""title"": ""Ngày 2 tại Côn Đảo""}, {""day"": 3, ""title"": ""Ngày 3 tại Côn Đảo""}]","[""Xe đưa đón"", ""Hướng dẫn viên"", ""Vé tham quan""]","[""Chi phí cá nhân"", ""VAT""]","[{""month"": 3, ""available"": true}, {""month"": 6, ""available"": true}, {""month"": 9, ""available"": true}, {""month"": 12, ""available"": true}]","{""type"": ""cruise""}"
80,Tour Hà Nội 2N1Đ: Cao Cấp History,Hà Nội,4630000,2,"Hành trình Hà Nội 2 ngày dành cho du khách yêu thích history, food, shopping.",9.6,104,traveloka,https://synthetic.example.com/tours/80,autumn,https://picsum.photos/seed/tour-80/900/600,2024-12-14 08:00:00,2024-12-25 08:00:00,2N1Đ,5181222,"[""Trải nghiệm history"", ""Trải nghiệm food"", ""Trải nghiệm shopping""]","[""Hà Nội""]","[""history"", ""food"", ""shopping"", ""city""]","[""https://picsum.photos/seed/tour-80-1/900/600"", ""https://picsum.photos/seed/tour-80-2/900/600"", ""https://picsum.photos/seed/tour-80-3/900/600""]","[{""day"": 1, ""title"": ""Ngày 1 tại Hà Nội""}, {""day"": 2, ""title"": ""Ngày 2 tại Hà Nội""}]","[""Xe đưa đón"", ""Hướng dẫn viên"", ""Vé tham quan""]","[""Chi phí cá nhân"", ""VAT""]","[{""month"": 3, ""available"": true}, {""month"": 6, ""available"": true}, {""month"": 9, ""available"": true}, {""month"": 12, ""available"": true}]","{""type"": ""flight""}"
81,Tour Hà Nội 4N3Đ: Ẩm Thực Culture,Hà Nội,4940000,4,"Hành trình Hà Nội 4 ngày dành cho du khách yêu thích culture, food, history.",9.0,17,bestprice,https://synthetic.example.com/tours/81,autumn,https://picsum.photos/seed/tour-81/900/600,2025-10-23 08:00:00,2025-11-09 08:00:00,4N3Đ,5095136,"[""Trải nghiệm culture"", ""Trải nghiệm food"", ""Trải nghiệm history""]","[""Hà Nội""]","[""culture"", ""food"", ""history"", ""city""]","[""https://picsum.photos/seed/tour-81-1/900/600"", ""https://picsum.photos/seed/tour-81-2/900/600"", ""https://picsum.photos/seed/tour-81-3/900/600""]","[{""day"": 1, ""title"": ""Ngày 1 tại Hà Nội""}, {""day"": 2, ""title"": ""Ngày 2 tại Hà Nội""}, {""day"": 3, ""title"": ""Ngày 3 tại Hà Nội""}, {""day"": 4, ""title"": ""Ngày 4 tại Hà Nội""}]","[""Xe đưa đón"", ""Hướng dẫn viên"", ""Vé tham quan""]","[""Chi phí cá nhân"", ""VAT""]","[{""month"": 3, ""available"": true}, {""month"": 6, ""available"": true}, {""month"": 9, ""available"": true}, {""month"": 12, ""available"": true}]","{""type"": ""car""}"
82,Tour Hội An 2N1Đ: Cao Cấp Food,Hội An,6740000,2,"Hành trình Hội An 2 ngày dành cho du khách yêu thích food, romantic, photography.",8.9,16,traveloka,https://synthetic.example.com/tours/82,autumn,https://picsum.photos/seed/tour-82/900/600,2025-02-01 08:00:00,2025-02-13 08:00:00,2N1Đ,7026320,"[""Trải nghiệm food"", ""Trải nghiệm romantic"", ""Trải nghiệm photography""]","[""Hội An""]","[""food"", ""romantic"", ""photography"", ""history""]","[""https://picsum.photos/seed/tour-82-1/900/600"", ""https://picsum.photos/seed/tour-82-2/900/600"", ""https://picsum.photos/seed/tour-82-3/900/600""]","[{""day"": 1, ""title"": ""Ngày 1 tại Hội An""}, {""day"": 2, ""title"": ""Ngày 2 tại Hội An""}]","[""Xe đưa đón"", ""Hướng dẫn viên"", ""Vé tham quan""]","[""Chi phí cá nhân"", ""VAT""]","[{""month"": 3, ""available"": true}, {""month"": 6, ""available"": true}, {""month"": 9, ""available"": true}, {""month"": 12, ""available"": true}]","{""type"": ""cruise""}"
83,Tour Phú Quốc 3N2Đ: Cao Cấp Relax,Phú Quốc,13980000,3,"Hành trình Phú Quốc 3 ngày dành cho du khách yêu thích relax, romantic, luxury.",9.5,52,klook,https://synthetic.example.com/tours/83,summer,https://picsum.photos/seed/tour-83/900/600,2024-09-02 08:00:00,2024-09-27 08:00:00,3N2Đ,15368976,"[""Trải nghiệm relax"", ""Trải nghiệm romantic"", ""Trải nghiệm luxury""]","[""Phú Quốc""]","[""relax"", ""romantic"", ""luxury"", ""water_sports""]","[""https://picsum.photos/seed/tour-83-1/900/600"", ""https://picsum.photos/seed/tour-83-2/900/600"", ""https://picsum.photos/seed/tour-83-3/900/600""]","[{""day"": 1, ""title"": ""Ngày 1 tại Phú Quốc""}, {""day"": 2, ""title"": ""Ngày 2 tại Phú Quốc""}, {""day"": 3, ""title"": ""Ngày 3 tại Phú Quốc""}]","[""Xe đưa đón"", ""Hướng dẫn viên"", ""Vé tham quan""]","[""Chi phí cá nhân"", ""VAT""]","[{""month"": 3, ""available"": true}, {""month"": 6, ""available"": true}, {""month"": 9, ""available"": true}, {""month"": 12, ""available"": true}]","{""type"": ""bus""}"
84,Tour TP. Hồ Chí Minh 2N1Đ: Check-in City,TP. Hồ Chí Minh,4910000,2,"Hành trình TP. Hồ Chí Minh 2 ngày dành cho du khách yêu thích city, history, shopping.",9.6,25,bestprice,https://synthetic.example.com/tours/84,all,https://picsum.photos/seed/tour-84/900/600,2026-02-26 08:00:00,2026-03-10 08:00:00,2N1Đ,5884869,"[""Trải nghiệm city"", ""Trải nghiệm history"", ""Trải nghiệm shopping""]","[""TP. Hồ Chí Minh""]","[""city"", ""history"", ""shopping"", ""nightlife""]","[""https://picsum.photos/seed/tour-84-1/900/600"", ""https://picsum.photos/seed/tour-84-2/900/600"", ""https://picsum.photos/seed/tour-84-3/900/600""]","[{""day"": 1, ""title"": ""Ngày 1 tại TP. Hồ Chí Minh""}, {""day"": 2, ""title"": ""Ngày 2 tại TP. Hồ Chí Minh""}]","[""Xe đưa đón"", ""Hướng dẫn viên"", ""Vé tham quan""]","[""Chi phí cá nhân"", ""VAT""]","[{""month"": 3, ""available"": true}, {""month"": 6, ""available"": true}, {""month"": 9, ""available"": true}, {""month"": 12, ""available"": true}]","{""type"": ""bus""}"
85,Tour Côn Đảo 3N2Đ: Khám Phá History,Côn Đảo,11800000,3,"Hành trình Côn Đảo 3 ngày dành cho du khách yêu thích history, beach, relax.",9.0,111,bestprice,https://synthetic.example.com/tours/85,summer,https://picsum.photos/seed/tour-85/900/600,2024-12-09 08:00:00,2024-12-20 08:00:00,3N2Đ,12575768,"[""Trải nghiệm history"", ""Trải nghiệm beach"", ""Trải nghiệm relax""]","[""Côn Đảo""]","[""history"", ""beach"", ""relax"", ""spiritual""]","[""https://picsum.photos/seed/tour-85-1/900/600"", ""https://picsum.photos/seed/tour-85-2/900/600"", ""https://picsum.photos/seed/tour-85-3/900/600""]","[{""day"": 1, ""title"": ""Ngày 1 tại Côn Đảo""}, {""day"": 2, ""title"": ""Ngày 2 tại Côn Đảo""}, {""day"": 3, ""title"": ""Ngày 3 tại Côn Đảo""}]","[""Xe đưa đón"", ""Hướng dẫn viên"", ""Vé tham quan""]","[""Chi phí cá nhân"", ""VAT""]","[{""month"": 3, ""available"": true}, {""month"": 6, ""available"": true}, {""month"": 9, ""available"": true}, {""month"": 12, ""available"": true}]","{""type"": ""cruise""}"
86,Tour Hạ Long 3N2Đ: Tiết Kiệm Luxury,Hạ Long,10640000,3,"Hành trình Hạ Long 3 ngày dành cho du khách yêu thích luxury, family, cruise.",9.1,83,bestprice,https://synthetic.example.com/tours/86,summer,https://picsum.photos/seed/tour-86/900/600,2026-04-19 08:00:00,2026-04-30 08:00:00,3N2Đ,11343845,"[""Trải nghiệm luxury"", ""Trải nghiệm family"", ""Trải nghiệm cruise""]","[""Hạ Long""]","[""luxury"", ""family"", ""cruise"", ""beach""]","[""https://picsum.photos/seed/tour-86-1/900/600"", ""https://picsum.photos/seed/tour-86-2/900/600"", ""https://picsum.photos/seed/tour-86-3/900/600""]","[{""day"": 1, ""title"": ""Ngày 1 tại Hạ Long""}, {""day"": 2, ""title"": ""Ngày 2 tại Hạ Long""}, {""day"": 3, ""title"": ""Ngày 3 tại Hạ Long""}]","[""Xe đưa đón"", ""Hướng dẫn viên"", ""Vé tham quan""]","[""Chi phí cá nhân"", ""VAT""]","[{""month"": 3, ""available"": true}, {""month"": 6, ""available"": true}, {""month"": 9, ""available"": true}, {""month"": 12, ""available"": true}]","{""type"": ""car""}"
87,Tour Đà Nẵng 4N3Đ: Ẩm Thực Beach,Đà Nẵng,6390000,4,"Hành trình Đà Nẵng 4 ngày dành cho du khách yêu thích beach, food, photography.",8.7,39,traveloka,https://synthetic.example.com/tours/87,summer,https://picsum.photos/seed/tour-87/900/600,2024-12-30 08:00:00,2025-01-24 08:00:00,4N3Đ,7605923,"[""Trải nghiệm beach"", ""Trải nghiệm food"", ""Trải nghiệm photography""]","[""Đà Nẵng""]","[""beach"", ""food"", ""photography"", ""family""]","[""https://picsum.photos/seed/tour-87-1/900/600"", ""https://picsum.photos/seed/tour-87-2/900/600"", ""https://picsum.photos/seed/tour-87-3/900/600""]","[{""day"": 1, ""title"": ""Ngày 1 tại Đà Nẵng""}, {""day"": 2, ""title"": ""Ngày 2 tại Đà Nẵng""}, {""day"": 3, ""title"": ""Ngày 3 tại Đà Nẵng""}, {""day"": 4, ""title"": ""Ngày 4 tại Đà Nẵng""}]","[""Xe đưa đón"", ""Hướng dẫn viên"", ""Vé tham quan""]","[""Chi phí cá nhân"", ""VAT""]","[{""month"": 3, ""available"": true}, {""month"": 6, ""available"": true}, {""month"": 9, ""available"": true}, {""month"": 12, ""available"": true}]","{""type"": ""car""}"
88,Tour Sa Pa 4N3Đ: Trọn Gói Adventure,Sa Pa,6870000,4,"Hành trình Sa Pa 4 ngày dành cho du khách yêu thích adventure, photography, mountain.",9.3,31,bestprice,https://synthetic.example.com/tours/88,winter,https://picsum.photos/seed/tour-88/900/600,2025-08-30 08:00:00,2025-09-22 08:00:00,4N3Đ,8181929,"[""Trải nghiệm adventure"", ""Trải nghiệm photography"", ""Trải nghiệm mountain""]","[""Sa Pa""]","[""adventure"", ""photography"", ""mountain"", ""nature""]","[""https://picsum.photos/seed/tour-88-1/900/600"", ""https://picsum.photos/seed/tour-88-2/900/600"", ""https://picsum.photos/seed/tour-88-3/900/600""]","[{""day"": 1, ""title"": ""Ngày 1 tại Sa Pa""}, {""day"": 2, ""title"": ""Ngày 2 tại Sa Pa""}, {""day"": 3, ""title"": ""Ngày 3 tại Sa Pa""}, {""day"": 4, ""title"": ""Ngày 4 tại Sa Pa""}]","[""Xe đưa đón"", ""Hướng dẫn viên"", ""Vé tham quan""]","[""Chi phí cá nhân"", ""VAT""]","[{""month"": 3, ""available"": true}, {""month"": 6, ""available"": true}, {""month"": 9, ""available"": true}, {""month"": 12, ""available"": true}]","{""type"": ""cruise""}"
89,Tour Sa Pa 4N3Đ: Nghỉ Dưỡng Adventure,Sa Pa,4550000,4,"Hành trình Sa Pa 4 ngày dành cho du khách yêu thích adventure, photography, nature.",8.5,70,klook,https://synthetic.example.com/tours/89,winter,https://picsum.photos/seed/tour-89/900/600,2026-03-21 08:00:00,2026-03-27 08:00:00,4N3Đ,4560595,"[""Trải nghiệm adventure"", ""Trải nghiệm photography"", ""Trải nghiệm nature""]","[""Sa Pa""]","[""adventure"", ""photography"", ""nature"", ""mountain""]","[""https://picsum.photos/seed/tour-89-1/900/600"", ""https://picsum.photos/seed/tour-89-2/900/600"", ""https://picsum.photos/seed/tour-89-3/900/600""]","[{""day"": 1, ""title"": ""Ngày 1 tại Sa Pa""}, {""day"": 2, ""title"": ""Ngày 2 tại Sa Pa""}, {""day"": 3, ""title"": ""Ngày 3 tại Sa Pa""}, {""day"": 4, ""title"": ""Ngày 4 tại Sa Pa""}]","[""Xe đưa đón"", ""Hướng dẫn viên"", ""Vé tham quan""]","[""Chi phí cá nhân"", ""VAT""]","[{""month"": 3, ""available"": true}, {""month"": 6, ""available"": true}, {""month"": 9, ""available"": true}, {""month"": 12, ""available"": true}]","{""type"": ""bus""}"
90,Tour TP. Hồ Chí Minh 2N1Đ: Nghỉ Dưỡng Food,TP. Hồ Chí Minh,2330000,2,"Hành trình TP. Hồ Chí Minh 2 ngày dành cho du khách yêu thích food, shopping, nightlife.",9.0,69,klook,https://synthetic.example.com/tours/90,all,https://picsum.photos/seed/tour-90/900/600,2026-08-05 08:00:00,2026-08-23 08:00:00,2N1Đ,2596009,"[""Trải nghiệm food"", ""Trải nghiệm shopping"", ""Trải nghiệm nightlife""]","[""TP. Hồ Chí Minh""]","[""food"", ""shopping"", ""nightlife"", ""history""]","[""https://picsum.photos/seed/tour-90-1/900/600"", ""https://picsum.photos/seed/tour-90-2/900/600"", ""https://picsum.photos/seed/tour-90-3/900/600""]","[{""day"": 1, ""title"": ""Ngày 1 tại TP. Hồ Chí Minh""}, {""day"": 2, ""title"": ""Ngày 2 tại TP. Hồ Chí Minh""}]","[""Xe đưa đón"", ""Hướng dẫn viên"", ""Vé tham quan""]","[""Chi phí cá nhân"", ""VAT""]","[{""month"": 3, ""available"": true}, {""month"": 6, ""available"": true}, {""month"": 9, ""available"": true}, {""month"": 12, ""available"": true}]","{""type"": ""bus""}"
91,Tour Phú Quốc 5N4Đ: Check-in Luxury,Phú Quốc,5890000,5,"Hành trình Phú Quốc 5 ngày dành cho du khách yêu thích luxury, family, romantic.",9.6,48,bestprice,https://synthetic.example.com/tours/91,summer,https://picsum.photos/seed/tour-91/900/600,2025-02-25 08:00:00,2025-03-11 08:00:00,5N4Đ,6481706,"[""Trải nghiệm luxury"", ""Trải nghiệm family"", ""Trải nghiệm romantic""]","[""Phú Quốc""]","[""luxury"", ""family"", ""romantic"", ""beach""]","[""https://picsum.photos/seed/tour-91-1/900/600"", ""https://picsum.photos/seed/tour-91-2/900/600"", ""https://picsum.photos/seed/tour-91-3/900/600""]","[{""day"": 1, ""title"": ""Ngày 1 tại Phú Quốc""}, {""day"": 2, ""title"": ""Ngày 2 tại Phú Quốc""}, {""day"": 3, ""title"": ""Ngày 3 tại Phú Quốc""}, {""day"": 4, ""title"": ""Ngày 4 tại Phú Quốc""}, {""day"": 5, ""title"": ""Ngày 5 tại Phú Quốc""}]","[""Xe đưa đón"", ""Hướng dẫn viên"", ""Vé tham quan""]","[""Chi phí cá nhân"", ""VAT""]","[{""month"": 3, ""available"": true}, {""month"": 6, ""available"": true}, {""month"": 9, ""available"": true}, {""month"": 12, ""available"": true}]","{""type"": ""flight""}"
92,Tour TP. Hồ Chí Minh 3N2Đ: Gia Đình Shopping,TP. Hồ Chí Minh,5150000,3,"Hành trình TP. Hồ Chí Minh 3 ngày dành cho du khách yêu thích shopping, nightlife, food.",8.1,31,klook,https://synthetic.example.com/tours/92,all,https://picsum.photos/seed/tour-92/900/600,2024-12-20 08:00:00,2024-12-22 08:00:00,3N2Đ,5579132,"[""Trải nghiệm shopping"", ""Trải nghiệm nightlife"", ""Trải nghiệm food""]","[""TP. Hồ Chí Minh""]","[""shopping"", ""nightlife"", ""food"", ""history""]","[""https://picsum.photos/seed/tour-92-1/900/600"", ""https://picsum.photos/seed/tour-92-2/900/600"", ""https://picsum.photos/seed/tour-92-3/900/600""]","[{""day"": 1, ""title"": ""Ngày 1 tại TP. Hồ Chí Minh""}, {""day"": 2, ""title"": ""Ngày 2 tại TP. Hồ Chí Minh""}, {""day"": 3, ""title"": ""Ngày 3 tại TP. Hồ Chí Minh""}]","[""Xe đưa đón"", ""Hướng dẫn viên"", ""Vé tham quan""]","[""Chi phí cá nhân"", ""VAT""]","[{""month"": 3, ""available"": true}, {""month"": 6, ""available"": true}, {""month"": 9, ""available"": true}, {""month"": 12, ""available"": true}]","{""type"": ""cruise""}"
93,Tour Sa Pa 2N1Đ: Gia Đình Mountain,Sa Pa,7290000,2,"Hành trình Sa Pa 2 ngày dành cho du khách yêu thích mountain, adventure, photography.",9.4,63,traveloka,https://synthetic.example.com/tours/93,winter,https://picsum.photos/seed/tour-93/900/600,2025-02-26 08:00:00,2025-03-26 08:00:00,2N1Đ,8064849,"[""Trải nghiệm mountain"", ""Trải nghiệm adventure"", ""Trải nghiệm photography""]","[""Sa Pa""]","[""mountain"", ""adventure"", ""photography"", ""nature""]","[""https://picsum.photos/seed/tour-93-1/900/600"", ""https://picsum.photos/seed/tour-93-2/900/600"", ""https://picsum.photos/seed/tour-93-3/900/600""]","[{""day"": 1, ""title"": ""Ngày 1 tại Sa Pa""}, {""day"": 2, ""title"": ""Ngày 2 tại Sa Pa""}]","[""Xe đưa đón"", ""Hướng dẫn viên"", ""Vé tham quan""]","[""Chi phí cá nhân"", ""VAT""]","[{""month"": 3, ""available"": true}, {""month"": 6, ""available"": true}, {""month"": 9, ""available"": true}, {""month"": 12, ""available"": true}]","{""type"": ""car""}"
94,Tour Hà Nội 2N1Đ: Khám Phá Culture,Hà Nội,5190000,2,"Hành trình Hà Nội 2 ngày dành cho du khách yêu thích culture, shopping, food.",8.3,80,traveloka,https://synthetic.example.com/tours/94,autumn,https://picsum.photos/seed/tour-94/900/600,2025-02-21 08:00:00,2025-03-20 08:00:00,2N1Đ,6015875,"[""Trải nghiệm culture"", ""Trải nghiệm shopping"", ""Trải nghiệm food""]","[""Hà Nội""]","[""culture"", ""shopping"", ""food"", ""history""]","[""https://picsum.photos/seed/tour-94-1/900/600"", ""https://picsum.photos/seed/tour-94-2/900/600"", ""https://picsum.photos/seed/tour-94-3/900/600""]","[{""day"": 1, ""title"": ""Ngày 1 tại Hà Nội""}, {""day"": 2, ""title"": ""Ngày 2 tại Hà Nội""}]","[""Xe đưa đón"", ""Hướng dẫn viên"", ""Vé tham quan""]","[""Chi phí cá nhân"", ""VAT""]","[{""month"": 3, ""available"": true}, {""month"": 6, ""available"": true}, {""month"": 9, ""available"": true}, {""month"": 12, ""available"": true}]","{""type"": ""flight""}"
95,Tour Phú Quốc 4N3Đ: Nghỉ Dưỡng Water Sports,Phú Quốc,12960000,4,"Hành trình Phú Quốc 4 ngày dành cho du khách yêu thích water_sports, romantic, family.",7.5,31,klook,https://synthetic.example.com/tours/95,summer,https://picsum.photos/seed/tour-95/900/600,2026-04-25 08:00:00,2026-05-15 08:00:00,4N3Đ,15756096,"[""Trải nghiệm water_sports"", ""Trải nghiệm romantic"", ""Trải nghiệm family""]","[""Phú Quốc""]","[""water_sports"", ""romantic"", ""family"", ""beach""]","[""https://picsum.photos/seed/tour-95-1/900/600"", ""https://picsum.photos/seed/tour-95-2/900/600"", ""https://picsum.photos/seed/tour-95-3/900/600""]","[{""day"": 1, ""title"": ""Ngày 1 tại Phú Quốc""}, {""day"": 2, ""title"": ""Ngày 2 tại Phú Quốc""}, {""day"": 3, ""title"": ""Ngày 3 tại Phú Quốc""}, {""day"": 4, ""title"": ""Ngày 4 tại Phú Quốc""}]","[""Xe đưa đón"", ""Hướng dẫn viên"", ""Vé tham quan""]","[""Chi phí cá nhân"", ""VAT""]","[{""month"": 3, ""available"": true}, {""month"": 6, ""available"": true}, {""month"": 9, ""available"": true}, {""month"": 12, ""available"": true}]","{""type"": ""car""}"
96,Tour Đà Lạt 3N2Đ: Gia Đình Food,Đà Lạt,4840000,3,"Hành trình Đà Lạt 3 ngày dành cho du khách yêu thích food, romantic, mountain.",7.8,118,klook,https://synthetic.example.com/tours/96,winter,https://picsum.photos/seed/tour-96/900/600,2025-09-23 08:00:00,2025-09-23 08:00:00,3N2Đ,5096239,"[""Trải nghiệm food"", ""Trải nghiệm romantic"", ""Trải nghiệm mountain""]","[""Đà Lạt""]","[""food"", ""romantic"", ""mountain"", ""nature""]","[""https://picsum.photos/seed/tour-96-1/900/600"", ""https://picsum.photos/seed/tour-96-2/900/600"", ""https://picsum.photos/seed/tour-96-3/900/600""]","[{""day"": 1, ""title"": ""Ngày 1 tại Đà Lạt""}, {""day"": 2, ""title"": ""Ngày 2 tại Đà Lạt""}, {""day"": 3, ""title"": ""Ngày 3 tại Đà Lạt""}]","[""Xe đưa đón"", ""Hướng dẫn viên"", ""Vé tham quan""]","[""Chi phí cá nhân"", ""VAT""]","[{""month"": 3, ""available"": true}, {""month"": 6, ""available"": true}, {""month"": 9, ""available"": true}, {""month"": 12, ""available"": true}]","{""type"": ""car""}"
97,Tour Côn Đảo 3N2Đ: Check-in Relax,Côn Đảo,9930000,3,"Hành trình Côn Đảo 3 ngày dành cho du khách yêu thích relax, history, spiritual.",7.6,41,klook,https://synthetic.example.com/tours/97,summer,https://picsum.photos/seed/tour-97/900/600,2025-05-06 08:00:00,2025-05-21 08:00:00,3N2Đ,10503509,"[""Trải nghiệm relax"", ""Trải nghiệm history"", ""Trải nghiệm spiritual""]","[""Côn Đảo""]","[""relax"", ""history"", ""spiritual"", ""nature""]","[""https://picsum.photos/seed/tour-97-1/900/600"", ""https://picsum.photos/seed/tour-97-2/900/600"", ""https://picsum.photos/seed/tour-97-3/900/600""]","[{""day"": 1, ""title"": ""Ngày 1 tại Côn Đảo""}, {""day"": 2, ""title"": ""Ngày 2 tại Côn Đảo""}, {""day"": 3, ""title"": ""Ngày 3 tại Côn Đảo""}]","[""Xe đưa đón"", ""Hướng dẫn viên"", ""Vé tham quan""]","[""Chi phí cá nhân"", ""VAT""]","[{""month"": 3, ""available"": true}, {""month"": 6, ""available"": true}, {""month"": 9, ""available"": true}, {""month"": 12, ""available"": true}]","{""type"": ""bus""}"
98,Tour Đà Lạt 5N4Đ: Nghỉ Dưỡng Relax,Đà Lạt,3780000,5,"Hành trình Đà Lạt 5 ngày dành cho du khách yêu thích relax, nature, romantic.",8.1,109,traveloka,https://synthetic.example.com/tours/98,winter,https://picsum.photos/seed/tour-98/900/600,2024-10-10 08:00:00,2024-10-23 08:00:00,5N4Đ,4415491,"[""Trải nghiệm relax"", ""Trải nghiệm nature"", ""Trải nghiệm romantic""]","[""Đà Lạt""]","[""relax"", ""nature"", ""romantic"", ""photography""]","[""https://picsum.photos/seed/tour-98-1/900/600"", ""https://picsum.photos/seed/tour-98-2/900/600"", ""https://picsum.photos/seed/tour-98-3/900/600""]","[{""day"": 1, ""title"": ""Ngày 1 tại Đà Lạt""}, {""day"": 2, ""title"": ""Ngày 2 tại Đà Lạt""}, {""day"": 3, ""title"": ""Ngày 3 tại Đà Lạt""}, {""day"": 4, ""title"": ""Ngày 4 tại Đà Lạt""}, {""day"": 5, ""title"": ""Ngày 5 tại Đà Lạt""}]","[""Xe đưa đón"", ""Hướng dẫn viên"", ""Vé tham quan""]","[""Chi phí cá nhân"", ""VAT""]","[{""month"": 3, ""available"": true}, {""month"": 6, ""available"": true}, {""month"": 9, ""available"": true}, {""month"": 12, ""available"": true}]","{""type"": ""flight""}"
99,Tour Nha Trang 5N4Đ: Tiết Kiệm Water Sports,Nha Trang,7510000,5,"Hành trình Nha Trang 5 ngày dành cho du khách yêu thích water_sports, family, food.",8.5,34,bestprice,https://synthetic.example.com/tours/99,summer,https://picsum.photos/seed/tour-99/900/600,2024-09-15 08:00:00,2024-09-18 08:00:00,5N4Đ,9076554,"[""Trải nghiệm water_sports"", ""Trải nghiệm family"", ""Trải nghiệm food""]","[""Nha Trang""]","[""water_sports"", ""family"", ""food"", ""beach""]","[""https://picsum.photos/seed/tour-99-1/900/600"", ""https://picsum.photos/seed/tour-99-2/900/600"", ""https://picsum.photos/seed/tour-99-3/900/600""]","[{""day"": 1, ""title"": ""Ngày 1 tại Nha Trang""}, {""day"": 2, ""title"": ""Ngày 2 tại Nha Trang""}, {""day"": 3, ""title"": ""Ngày 3 tại Nha Trang""}, {""day"": 4, ""title"": ""Ngày 4 tại Nha Trang""}, {""day"": 5, ""title"": ""Ngày 5 tại Nha Trang""}]","[""Xe đưa đón"", ""Hướng dẫn viên"", ""Vé tham quan""]","[""Chi phí cá nhân"", ""VAT""]","[{""month"": 3, ""available"": true}, {""month"": 6, ""available"": true}, {""month"": 9, ""available"": true}, {""month"": 12, ""available"": true}]","{""type"": ""car""}"
100,Tour Hà Nội 3N2Đ: Nghỉ Dưỡng History,Hà Nội,6530000,3,"Hành trình Hà Nội 3 ngày dành cho du khách yêu thích history, shopping, food.",9.3,83,bestprice,https://synthetic.example.com/tours/100,autumn,https://picsum.photos/seed/tour-100/900/600,2025-01-11 08:00:00,2025-01-30 08:00:00,3N2Đ,6555384,"[""Trải nghiệm history"", ""Trải nghiệm shopping"", ""Trải nghiệm food""]","[""Hà Nội""]","[""history"", ""shopping"", ""food"", ""culture""]","[""https://picsum.photos/seed/tour-100-1/900/600"", ""https://picsum.photos/seed/tour-100-2/900/600"", ""https://picsum.photos/seed/tour-100-3/900/600""]","[{""day"": 1, ""title"": ""Ngày 1 tại Hà Nội""}, {""day"": 2, ""title"": ""Ngày 2 tại Hà Nội""}, {""day"": 3, ""title"": ""Ngày 3 tại Hà Nội""}]","[""Xe đưa đón"", ""Hướng dẫn viên"", ""Vé tham quan""]","[""Chi phí cá nhân"", ""VAT""]","[{""month"": 3, ""available"": true}, {""month"": 6, ""available"": true}, {""month"": 9, ""available"": true}, {""month"": 12, ""available"": true}]","{""type"": ""flight""}"
101,Tour Đà Nẵng 5N4Đ: Ẩm Thực Water Sports,Đà Nẵng,9040000,5,"Hành trình Đà Nẵng 5 ngày dành cho du khách yêu thích water_sports, photography, family.",7.7,53,klook,https://synthetic.example.com/tours/101,summer,https://picsum.photos/seed/tour-101/900/600,2025-08-11 08:00:00,2025-08-27 08:00:00,5N4Đ,9769461,"[""Trải nghiệm water_sports"", ""Trải nghiệm photography"", ""Trải nghiệm family""]","[""Đà Nẵng""]","[""water_sports"", ""photography"", ""family"", ""food""]","[""https://picsum.photos/seed/tour-101-1/900/600"", ""https://picsum.photos/seed/tour-101-2/900/600"", ""https://picsum.photos/seed/tour-101-3/900/600""]","[{""day"": 1, ""title"": ""Ngày 1 tại Đà Nẵng""}, {""day"": 2, ""title"": ""Ngày 2 tại Đà Nẵng""}, {""day"": 3, ""title"": ""Ngày 3 tại Đà Nẵng""}, {""day"": 4, ""title"": ""Ngày 4 tại Đà Nẵng""}, {""day"": 5, ""title"": ""Ngày 5 tại Đà Nẵng""}]","[""Xe đưa đón"", ""Hướng dẫn viên"", ""Vé tham quan""]","[""Chi phí cá nhân"", ""VAT""]","[{""month"": 3, ""available"": true}, {""month"": 6, ""available"": true}, {""month"": 9, ""available"": true}, {""month"": 12, ""available"": true}]","{""type"": ""bus""}"
102,Tour Sa Pa 4N3Đ: Khám Phá Culture,Sa Pa,7740000,4,"Hành trình Sa Pa 4 ngày dành cho du khách yêu thích culture, nature, adventure.",9.2,79,klook,https://synthetic.example.com/tours/102,winter,https://picsum.photos/seed/tour-102/900/600,2025-10-02 08:00:00,2025-10-02 08:00:00,4N3Đ,7908777,"[""Trải nghiệm culture"", ""Trải nghiệm nature"", ""Trải nghiệm adventure""]","[""Sa Pa""]","[""culture"", ""nature"", ""adventure"", ""photography""]","[""https://picsum.photos/seed/tour-102-1/900/600"", ""https://picsum.photos/seed/tour-102-2/900/600"", ""https://picsum.photos/seed/tour-102-3/900/600""]","[{""day"": 1, ""title"": ""Ngày 1 tại Sa Pa""}, {""day"": 2, ""title"": ""Ngày 2 tại Sa Pa""}, {""day"": 3, ""title"": ""Ngày 3 tại Sa Pa""}, {""day"": 4, ""title"": ""Ngày 4 tại Sa Pa""}]","[""Xe đưa đón"", ""Hướng dẫn viên"", ""Vé tham quan""]","[""Chi phí cá nhân"", ""VAT""]","[{""month"": 3, ""available"": true}, {""month"": 6, ""available"": true}, {""month"": 9, ""available"": true}, {""month"": 12, ""available"": true}]","{""type"": ""flight""}"
103,Tour Đà Lạt 3N2Đ: Check-in Photography,Đà Lạt,5020000,3,"Hành trình Đà Lạt 3 ngày dành cho du khách yêu thích photography, romantic, mountain.",9.3,30,traveloka,https://synthetic.example.com/tours/103,winter,https://picsum.photos/seed/tour-103/900/600,2024-12-14 08:00:00,2024-12-27 08:00:00,3N2Đ,5187738,"[""Trải nghiệm photography"", ""Trải nghiệm romantic"", ""Trải nghiệm mountain""]","[""Đà Lạt""]","[""photography"", ""romantic"", ""mountain"", ""nature""]","[""https://picsum.photos/seed/tour-103-1/900/600"", ""https://picsum.photos/seed/tour-103-2/900/600"", ""https://picsum.photos/seed/tour-103-3/900/600""]","[{""day"": 1, ""title"": ""Ngày 1 tại Đà Lạt""}, {""day"": 2, ""title"": ""Ngày 2 tại Đà Lạt""}, {""day"": 3, ""title"": ""Ngày 3 tại Đà Lạt""}]","[""Xe đưa đón"", ""Hướng dẫn viên"", ""Vé tham quan""]","[""Chi phí cá nhân"", ""VAT""]","[{""month"": 3, ""available"": true}, {""month"": 6, ""available"": true}, {""month"": 9, ""available"": true}, {""month"": 12, ""available"": true}]","{""type"": ""flight""}"
104,Tour Cao Bằng 4N3Đ: Gia Đình Nature,Cao Bằng,8930000,4,"Hành trình Cao Bằng 4 ngày dành cho du khách yêu thích nature, photography, culture.",7.4,95,bestprice,https://synthetic.example.com/tours/104,autumn,https://picsum.photos/seed/tour-104/900/600,2025-12-29 08:00:00,2026-01-15 08:00:00,4N3Đ,8944386,"[""Trải nghiệm nature"", ""Trải nghiệm photography"", ""Trải nghiệm culture""]","[""Cao Bằng""]","[""nature"", ""photography"", ""culture"", ""adventure""]","[""https://picsum.photos/seed/tour-104-1/900/600"", ""https://picsum.photos/seed/tour-104-2/900/600"", ""https://picsum.photos/seed/tour-104-3/900/600""]","[{""day"": 1, ""title"": ""Ngày 1 tại Cao Bằng""}, {""day"": 2, ""title"": ""Ngày 2 tại Cao Bằng""}, {""day"": 3, ""title"": ""Ngày 3 tại Cao Bằng""}, {""day"": 4, ""title"": ""Ngày 4 tại Cao Bằng""}]","[""Xe đưa đón"", ""Hướng dẫn viên"", ""Vé tham quan""]","[""Chi phí cá nhân"", ""VAT""]","[{""month"": 3, ""available"": true}, {""month"": 6, ""available"": true}, {""month"": 9, ""available"": true}, {""month"": 12, ""available"": true}]","{""type"": ""flight""}"
105,Tour Phú Quốc 4N3Đ: Cao Cấp Luxury,Phú Quốc,12640000,4,"Hành trình Phú Quốc 4 ngày dành cho du khách yêu thích luxury, romantic, beach.",8.4,30,bestprice,https://synthetic.example.com/tours/105,summer,https://picsum.photos/seed/tour-105/900/600,2025-02-08 08:00:00,2025-02-13 08:00:00,4N3Đ,12836988,"[""Trải nghiệm luxury"", ""Trải nghiệm romantic"", ""Trải nghiệm beach""]","[""Phú Quốc""]","[""luxury"", ""romantic"", ""beach"", ""water_sports""]","[""https://picsum.photos/seed/tour-105-1/900/600"", ""https://picsum.photos/seed/tour-105-2/900/600"", ""https://picsum.photos/seed/tour-105-3/900/600""]","[{""day"": 1, ""title"": ""Ngày 1 tại Phú Quốc""}, {""day"": 2, ""title"": ""Ngày 2 tại Phú Quốc""}, {""day"": 3, ""title"": ""Ngày 3 tại Phú Quốc""}, {""day"": 4, ""title"": ""Ngày 4 tại Phú Quốc""}]","[""Xe đưa đón"", ""Hướng dẫn viên"", ""Vé tham quan""]","[""Chi phí cá nhân"", ""VAT""]","[{""month"": 3, ""available"": true}, {""month"": 6, ""available"": true}, {""month"": 9, ""available"": true}, {""month"": 12, ""available"": true}]","{""type"": ""car""}"
106,Tour TP. Hồ Chí Minh 3N2Đ: Gia Đình Shopping,TP. Hồ Chí Minh,3480000,3,"Hành trình TP. Hồ Chí Minh 3 ngày dành cho du khách yêu thích shopping, food, history.",7.6,42,bestprice,https://synthetic.example.com/tours/106,all,https://picsum.photos/seed/tour-106/900/600,2024-10-20 08:00:00,2024-11-10 08:00:00,3N2Đ,3519440,"[""Trải nghiệm shopping"", ""Trải nghiệm food"", ""Trải nghiệm history""]","[""TP. Hồ Chí Minh""]","[""shopping"", ""food"", ""history"", ""nightlife""]","[""https://picsum.photos/seed/tour-106-1/900/600"", ""https://picsum.photos/seed/tour-106-2/900/600"", ""https://picsum.photos/seed/tour-106-3/900/600""]","[{""day"": 1, ""title"": ""Ngày 1 tại TP. Hồ Chí Minh""}, {""day"": 2, ""title"": ""Ngày 2 tại TP. Hồ Chí Minh""}, {""day"": 3, ""title"": ""Ngày 3 tại TP. Hồ Chí Minh""}]","[""Xe đưa đón"", ""Hướng dẫn viên"", ""Vé tham quan""]","[""Chi phí cá nhân"", ""VAT""]","[{""month"": 3, ""available"": true}, {""month"": 6, ""available"": true}, {""month"": 9, ""available"": true}, {""month"": 12, ""available"": true}]","{""type"": ""cruise""}"
107,Tour Phú Quốc 3N2Đ: Gia Đình Relax,Phú Quốc,6120000,3,"Hành trình Phú Quốc 3 ngày dành cho du khách yêu thích relax, romantic, family.",9.4,13,traveloka,https://synthetic.example.com/tours/107,summer,https://picsum.photos/seed/tour-107/900/600,2025-12-08 08:00:00,2025-12-19 08:00:00,3N2Đ,7245939,"[""Trải nghiệm relax"", ""Trải nghiệm romantic"", ""Trải nghiệm family""]","[""Phú Quốc""]","[""relax"", ""romantic"", ""family"", ""beach""]","[""https://picsum.photos/seed/tour-107-1/900/600"", ""https://picsum.photos/seed/tour-107-2/900/600"", ""https://picsum.photos/seed/tour-107-3/900/600""]","[{""day"": 1, ""title"": ""Ngày 1 tại Phú Quốc""}, {""day"": 2, ""title"": ""Ngày 2 tại Phú Quốc""}, {""day"": 3, ""title"": ""Ngày 3 tại Phú Quốc""}]","[""Xe đưa đón"", ""Hướng dẫn viên"", ""Vé tham quan""]","[""Chi phí cá nhân"", ""VAT""]","[{""month"": 3, ""available"": true}, {""month"": 6, ""available"": true}, {""month"": 9, ""available"": true}, {""month"": 12, ""available"": true}]","{""type"": ""cruise""}"
108,Tour Côn Đảo 5N4Đ: Ẩm Thực Beach,Côn Đảo,5210000,5,"Hành trình Côn Đảo 5 ngày dành cho du khách yêu thích beach, nature, history.",7.8,114,klook,https://synthetic.example.com/tours/108,summer,https://picsum.photos/seed/tour-108/900/600,2025-02-18 08:00:00,2025-03-08 08:00:00,5N4Đ,6040066,"[""Trải nghiệm beach"", ""Trải nghiệm nature"", ""Trải nghiệm history""]","[""Côn Đảo""]","[""beach"", ""nature"", ""history"", ""relax""]","[""https://picsum.photos/seed/tour-108-1/900/600"", ""https://picsum.photos/seed/tour-108-2/900/600"", ""https://picsum.photos/seed/tour-108-3/900/600""]","[{""day"": 1, ""title"": ""Ngày 1 tại Côn Đảo""}, {""day"": 2, ""title"": ""Ngày 2 tại Côn Đảo""}, {""day"": 3, ""title"": ""Ngày 3 tại Côn Đảo""}, {""day"": 4, ""title"": ""Ngày 4 tại Côn Đảo""}, {""day"": 5, ""title"": ""Ngày 5 tại Côn Đảo""}]","[""Xe đưa đón"", ""Hướng dẫn viên"", ""Vé tham quan""]","[""Chi phí cá nhân"", ""VAT""]","[{""month"": 3, ""available"": true}, {""month"": 6, ""available"": true}, {""month"": 9, ""available"": true}, {""month"": 12, ""available"": true}]","{""type"": ""bus""}"
109,Tour Hạ Long 3N2Đ: Khám Phá Luxury,Hạ Long,5450000,3,"Hành trình Hạ Long 3 ngày dành cho du khách yêu thích luxury, photography, family.",7.6,70,traveloka,https://synthetic.example.com/tours/109,summer,https://picsum.photos/seed/tour-109/900/600,2024-10-28 08:00:00,2024-11-01 08:00:00,3N2Đ,5679201,"[""Trải nghiệm luxury"", ""Trải nghiệm photography"", ""Trải nghiệm family""]","[""Hạ Long""]","[""luxury"", ""photography"", ""family"", ""cruise""]","[""https://picsum.photos/seed/tour-109-1/900/600"", ""https://picsum.photos/seed/tour-109-2/900/600"", ""https://picsum.photos/seed/tour-109-3/900/600""]","[{""day"": 1, ""title"": ""Ngày 1 tại Hạ Long""}, {""day"": 2, ""title"": ""Ngày 2 tại Hạ Long""}, {""day"": 3, ""title"": ""Ngày 3 tại Hạ Long""}]","[""Xe đưa đón"", ""Hướng dẫn viên"", ""Vé tham quan""]","[""Chi phí cá nhân"", ""VAT""]","[{""month"": 3, ""available"": true}, {""month"": 6, ""available"": true}, {""month"": 9, ""available"": true}, {""month"": 12, ""available"": true}]","{""type"": ""car""}"
110,Tour Hội An 4N3Đ: Ẩm Thực Food,Hội An,7520000,4,"Hành trình Hội An 4 ngày dành cho du khách yêu thích food, history, romantic.",9.4,73,klook,https://synthetic.example.com/tours/110,autumn,https://picsum.photos/seed/tour-110/900/600,2025-06-01 08:00:00,2025-06-23 08:00:00,4N3Đ,8770173,"[""Trải nghiệm food"", ""Trải nghiệm history"", ""Trải nghiệm romantic""]","[""Hội An""]","[""food"", ""history"", ""romantic"", ""culture""]","[""https://picsum.photos/seed/tour-110-1/900/600"", ""https://picsum.photos/seed/tour-110-2/900/600"", ""https://picsum.photos/seed/tour-110-3/900/600""]","[{""day"": 1, ""title"": ""Ngày 1 tại Hội An""}, {""day"": 2, ""title"": ""Ngày 2 tại Hội An""}, {""day"": 3, ""title"": ""Ngày 3 tại Hội An""}, {""day"": 4, ""title"": ""Ngày 4 tại Hội An""}]","[""Xe đưa đón"", ""Hướng dẫn viên"", ""Vé tham quan""]","[""Chi phí cá nhân"", ""VAT""]","[{""month"": 3, ""available"": true}, {""month"": 6, ""available"": true}, {""month"": 9, ""available"": true}, {""month"": 12, ""available"": true}]","{""type"": ""cruise""}"
111,Tour Sa Pa 2N1Đ: Ẩm Thực Culture,Sa Pa,3320000,2,"Hành trình Sa Pa 2 ngày dành cho du khách yêu thích culture, photography, adventure.",7.8,110,klook,https://synthetic.example.com/tours/111,winter,https://picsum.photos/seed/tour-111/900/600,2026-05-25 08:00:00,2026-05-29 08:00:00,2N1Đ,4023359,"[""Trải nghiệm culture"", ""Trải nghiệm photography"", ""Trải nghiệm adventure""]","[""Sa Pa""]","[""culture"", ""photography"", ""adventure"", ""nature""]","[""https://picsum.photos/seed/tour-111-1/900/600"", ""https://picsum.photos/seed/tour-111-2/900/600"", ""https://picsum.photos/seed/tour-111-3/900/600""]","[{""day"": 1, ""title"": ""Ngày 1 tại Sa Pa""}, {""day"": 2, ""title"": ""Ngày 2 tại Sa Pa""}]","[""Xe đưa đón"", ""Hướng dẫn viên"", ""Vé tham quan""]","[""Chi phí cá nhân"", ""VAT""]","[{""month"": 3, ""available"": true}, {""month"": 6, ""available"": true}, {""month"": 9, ""available"": true}, {""month"": 12, ""available"": true}]","{""type"": ""car""}"
112,Tour Hạ Long 3N2Đ: Khám Phá Cruise,Hạ Long,5970000,3,"Hành trình Hạ Long 3 ngày dành cho du khách yêu thích cruise, beach, family.",8.8,119,klook,https://synthetic.example.com/tours/112,summer,https://picsum.photos/seed/tour-112/900/600,2025-03-09 08:00:00,2025-03-29 08:00:00,3N2Đ,6620546,"[""Trải nghiệm cruise"", ""Trải nghiệm beach"", ""Trải nghiệm family""]","[""Hạ Long""]","[""cruise"", ""beach"", ""family"", ""photography""]","[""https://picsum.photos/seed/tour-112-1/900/600"", ""https://picsum.photos/seed/tour-112-2/900/600"", ""https://picsum.photos/seed/tour-112-3/900/600""]","[{""day"": 1, ""title"": ""Ngày 1 tại Hạ Long""}, {""day"": 2, ""title"": ""Ngày 2 tại Hạ Long""}, {""day"": 3, ""title"": ""Ngày 3 tại Hạ Long""}]","[""Xe đưa đón"", ""Hướng dẫn viên"", ""Vé tham quan""]","[""Chi phí cá nhân"", ""VAT""]","[{""month"": 3, ""available"": true}, {""month"": 6, ""available"": true}, {""month"": 9, ""available"": true}, {""month"": 12, ""available"": true}]","{""type"": ""flight""}"
113,Tour Hạ Long 3N2Đ: Ẩm Thực Photography,Hạ Long,8040000,3,"Hành trình Hạ Long 3 ngày dành cho du khách yêu thích photography, beach, family.",9.3,109,klook,https://synthetic.example.com/tours/113,summer,https://picsum.photos/seed/tour-113/900/600,2024-10-13 08:00:00,2024-11-01 08:00:00,3N2Đ,9996833,"[""Trải nghiệm photography"", ""Trải nghiệm beach"", ""Trải nghiệm family""]","[""Hạ Long""]","[""photography"", ""beach"", ""family"", ""cruise""]","[""https://picsum.photos/seed/tour-113-1/900/600"", ""https://picsum.photos/seed/tour-113-2/900/600"", ""https://picsum.photos/seed/tour-113-3/900/600""]","[{""day"": 1, ""title"": ""Ngày 1 tại Hạ Long""}, {""day"": 2, ""title"": ""Ngày 2 tại Hạ Long""}, {""day"": 3, ""title"": ""Ngày 3 tại Hạ Long""}]","[""Xe đưa đón"", ""Hướng dẫn viên"", ""Vé tham quan""]","[""Chi phí cá nhân"", ""VAT""]","[{""month"": 3, ""available"": true}, {""month"": 6, ""available"": true}, {""month"": 9, ""available"": true}, {""month"": 12, ""available"": true}]","{""type"": ""bus""}"
114,Tour Côn Đảo 3N2Đ: Khám Phá Spiritual,Côn Đảo,10820000,3,"Hành trình Côn Đảo 3 ngày dành cho du khách yêu thích spiritual, relax, beach.",9.0,71,klook,https://synthetic.example.com/tours/114,summer,https://picsum.photos/seed/tour-114/900/600,2026-04-28 08:00:00,2026-05-21 08:00:00,3N2Đ,10845421,"[""Trải nghiệm spiritual"", ""Trải nghiệm relax"", ""Trải nghiệm beach""]","[""Côn Đảo""]","[""spiritual"", ""relax"", ""beach"", ""history""]","[""https://picsum.photos/seed/tour-114-1/900/600"", ""https://picsum.photos/seed/tour-114-2/900/600"", ""https://picsum.photos/seed/tour-114-3/900/600""]","[{""day"": 1, ""title"": ""Ngày 1 tại Côn Đảo""}, {""day"": 2, ""title"": ""Ngày 2 tại Côn Đảo""}, {""day"": 3, ""title"": ""Ngày 3 tại Côn Đảo""}]","[""Xe đưa đón"", ""Hướng dẫn viên"", ""Vé tham quan""]","[""Chi phí cá nhân"", ""VAT""]","[{""month"": 3, ""available"": true}, {""month"": 6, ""available"": true}, {""month"": 9, ""available"": true}, {""month"": 12, ""available"": true}]","{""type"": ""car""}"
115,Tour Hạ Long 4N3Đ: Tiết Kiệm Cruise,Hạ Long,6680000,4,"Hành trình Hạ Long 4 ngày dành cho du khách yêu thích cruise, family, luxury.",8.7,31,klook,https://synthetic.example.com/tours/115,summer,https://picsum.photos/seed/tour-115/900/600,2025-09-22 08:00:00,2025-10-04 08:00:00,4N3Đ,7257813,"[""Trải nghiệm cruise"", ""Trải nghiệm family"", ""Trải nghiệm luxury""]","[""Hạ Long""]","[""cruise"", ""family"", ""luxury"", ""photography""]","[""https://picsum.photos/seed/tour-115-1/900/600"", ""https://picsum.photos/seed/tour-115-2/900/600"", ""https://picsum.photos/seed/tour-115-3/900/600""]","[{""day"": 1, ""title"": ""Ngày 1 tại Hạ Long""}, {""day"": 2, ""title"": ""Ngày 2 tại Hạ Long""}, {""day"": 3, ""title"": ""Ngày 3 tại Hạ Long""}, {""day"": 4, ""title"": ""Ngày 4 tại Hạ Long""}]","[""Xe đưa đón"", ""Hướng dẫn viên"", ""Vé tham quan""]","[""Chi phí cá nhân"", ""VAT""]","[{""month"": 3, ""available"": true}, {""month"": 6, ""available"": true}, {""month"": 9, ""available"": true}, {""month"": 12, ""available"": true}]","{""type"": ""flight""}"
116,Tour Hội An 4N3Đ: Ẩm Thực History,Hội An,3980000,4,"Hành trình Hội An 4 ngày dành cho du khách yêu thích history, photography, culture.",7.9,72,klook,https://synthetic.example.com/tours/116,autumn,https://picsum.photos/seed/tour-116/900/600,2025-03-08 08:00:00,2025-04-04 08:00:00,4N3Đ,4124238,"[""Trải nghiệm history"", ""Trải nghiệm photography"", ""Trải nghiệm culture""]","[""Hội An""]","[""history"", ""photography"", ""culture"", ""food""]","[""https://picsum.photos/seed/tour-116-1/900/600"", ""https://picsum.photos/seed/tour-116-2/900/600"", ""https://picsum.photos/seed/tour-116-3/900/600""]","[{""day"": 1, ""title"": ""Ngày 1 tại Hội An""}, {""day"": 2, ""title"": ""Ngày 2 tại Hội An""}, {""day"": 3, ""title"": ""Ngày 3 tại Hội An""}, {""day"": 4, ""title"": ""Ngày 4 tại Hội An""}]","[""Xe đưa đón"", ""Hướng dẫn viên"", ""Vé tham quan""]","[""Chi phí cá nhân"", ""VAT""]","[{""month"": 3, ""available"": true}, {""month"": 6, ""available"": true}, {""month"": 9, ""available"": true}, {""month"": 12, ""available"": true}]","{""type"": ""flight""}"
117,Tour Hà Nội 3N2Đ: Nghỉ Dưỡng History,Hà Nội,4370000,3,"Hành trình Hà Nội 3 ngày dành cho du khách yêu thích history, food, culture.",8.4,32,bestprice,https://synthetic.example.com/tours/117,autumn,https://picsum.photos/seed/tour-117/900/600,2024-12-09 08:00:00,2025-01-03 08:00:00,3N2Đ,5190557,"[""Trải nghiệm history"", ""Trải nghiệm food"", ""Trải nghiệm culture""]","[""Hà Nội""]","[""history"", ""food"", ""culture"", ""city""]","[""https://picsum.photos/seed/tour-117-1/900/600"", ""https://picsum.photos/seed/tour-117-2/900/600"", ""https://picsum.photos/seed/tour-117-3/900/600""]","[{""day"": 1, ""title"": ""Ngày 1 tại Hà Nội""}, {""day"": 2, ""title"": ""Ngày 2 tại Hà Nội""}, {""day"": 3, ""title"": ""Ngày 3 tại Hà Nội""}]","[""Xe đưa đón"", ""Hướng dẫn viên"", ""Vé tham quan""]","[""Chi phí cá nhân"", ""VAT""]","[{""month"": 3, ""available"": true}, {""month"": 6, ""available"": true}, {""month"": 9, ""available"": true}, {""month"": 12, ""available"": true}]","{""type"": ""car""}"
118,Tour Đà Lạt 5N4Đ: Cao Cấp Food,Đà Lạt,7280000,5,"Hành trình Đà Lạt 5 ngày dành cho du khách yêu thích food, nature, romantic.",8.4,70,bestprice,https://synthetic.example.com/tours/118,winter,https://picsum.photos/seed/tour-118/900/600,2024-12-09 08:00:00,2025-01-03 08:00:00,5N4Đ,8264637,"[""Trải nghiệm food"", ""Trải nghiệm nature"", ""Trải nghiệm romantic""]","[""Đà Lạt""]","[""food"", ""nature"", ""romantic"", ""mountain""]","[""https://picsum.photos/seed/tour-118-1/900/600"", ""https://picsum.photos/seed/tour-118-2/900/600"", ""https://picsum.photos/seed/tour-118-3/900/600""]","[{""day"": 1, ""title"": ""Ngày 1 tại Đà Lạt""}, {""day"": 2, ""title"": ""Ngày 2 tại Đà Lạt""}, {""day"": 3, ""title"": ""Ngày 3 tại Đà Lạt""}, {""day"": 4, ""title"": ""Ngày 4 tại Đà Lạt""}, {""day"": 5, ""title"": ""Ngày 5 tại Đà Lạt""}]","[""Xe đưa đón"", ""Hướng dẫn viên"", ""Vé tham quan""]","[""Chi phí cá nhân"", ""VAT""]","[{""month"": 3, ""available"": true}, {""month"": 6, ""available"": true}, {""month"": 9, ""available"": true}, {""month"": 12, ""available"": true}]","{""type"": ""bus""}"
119,Tour Huế 4N3Đ: Ẩm Thực Culture,Huế,6250000,4,"Hành trình Huế 4 ngày dành cho du khách yêu thích culture, food, city.",7.4,42,bestprice,https://synthetic.example.com/tours/119,spring,https://picsum.photos/seed/tour-119/900/600,2025-06-16 08:00:00,2025-07-10 08:00:00,4N3Đ,6667292,"[""Trải nghiệm culture"", ""Trải nghiệm food"", ""Trải nghiệm city""]","[""Huế""]","[""culture"", ""food"", ""city"", ""spiritual""]","[""https://picsum.photos/seed/tour-119-1/900/600"", ""https://picsum.photos/seed/tour-119-2/900/600"", ""https://picsum.photos/seed/tour-119-3/900/600""]","[{""day"": 1, ""title"": ""Ngày 1 tại Huế""}, {""day"": 2, ""title"": ""Ngày 2 tại Huế""}, {""day"": 3, ""title"": ""Ngày 3 tại Huế""}, {""day"": 4, ""title"": ""Ngày 4 tại Huế""}]","[""Xe đưa đón"", ""Hướng dẫn viên"", ""Vé tham quan""]","[""Chi phí cá nhân"", ""VAT""]","[{""month"": 3, ""available"": true}, {""month"": 6, ""available"": true}, {""month"": 9, ""available"": true}, {""month"": 12, ""available"": true}]","{""type"": ""car""}"
120,Tour Đà Nẵng 3N2Đ: Gia Đình Photography,Đà Nẵng,7330000,3,"Hành trình Đà Nẵng 3 ngày dành cho du khách yêu thích photography, city, water_sports.",9.1,82,traveloka,https://synthetic.example.com/tours/120,summer,https://picsum.photos/seed/tour-120/900/600,2025-05-24 08:00:00,2025-06-02 08:00:00,3N2Đ,8700654,"[""Trải nghiệm photography"", ""Trải nghiệm city"", ""Trải nghiệm water_sports""]","[""Đà Nẵng""]","[""photography"", ""city"", ""water_sports"", ""family""]","[""https://picsum.photos/seed/tour-120-1/900/600"", ""https://picsum.photos/seed/tour-120-2/900/600"", ""https://picsum.photos/seed/tour-120-3/900/600""]","[{""day"": 1, ""title"": ""Ngày 1 tại Đà Nẵng""}, {""day"": 2, ""title"": ""Ngày 2 tại Đà Nẵng""}, {""day"": 3, ""title"": ""Ngày 3 tại Đà Nẵng""}]","[""Xe đưa đón"", ""Hướng dẫn viên"", ""Vé tham quan""]","[""Chi phí cá nhân"", ""VAT""]","[{""month"": 3, ""available"": true}, {""month"": 6, ""available"": true}, {""month"": 9, ""available"": true}, {""month"": 12, ""available"": true}]","{""type"": ""flight""}"
121,Tour Hội An 3N2Đ: Gia Đình History,Hội An,5510000,3,"Hành trình Hội An 3 ngày dành cho du khách yêu thích history, food, photography.",7.8,82,klook,https://synthetic.example.com/tours/121,autumn,https://picsum.photos/seed/tour-121/900/600,2025-03-10 08:00:00,2025-04-06 08:00:00,3N2Đ,6503875,"[""Trải nghiệm history"", ""Trải nghiệm food"", ""Trải nghiệm photography""]","[""Hội An""]","[""history"", ""food"", ""photography"", ""culture""]","[""https://picsum.photos/seed/tour-121-1/900/600"", ""https://picsum.photos/seed/tour-121-2/900/600"", ""https://picsum.photos/seed/tour-121-3/900/600""]","[{""day"": 1, ""title"": ""Ngày 1 tại Hội An""}, {""day"": 2, ""title"": ""Ngày 2 tại Hội An""}, {""day"": 3, ""title"": ""Ngày 3 tại Hội An""}]","[""Xe đưa đón"", ""Hướng dẫn viên"", ""Vé tham quan""]","[""Chi phí cá nhân"", ""VAT""]","[{""month"": 3, ""available"": true}, {""month"": 6, ""available"": true}, {""month"": 9, ""available"": true}, {""month"": 12, ""available"": true}]","{""type"": ""flight""}"
122,Tour Hội An 3N2Đ: Trọn Gói Food,Hội An,5960000,3,"Hành trình Hội An 3 ngày dành cho du khách yêu thích food, history, photography.",9.4,46,traveloka,https://synthetic.example.com/tours/122,autumn,https://picsum.photos/seed/tour-122/900/600,2026-06-14 08:00:00,2026-07-11 08:00:00,3N2Đ,7424744,"[""Trải nghiệm food"", ""Trải nghiệm history"", ""Trải nghiệm photography""]","[""Hội An""]","[""food"", ""history"", ""photography"", ""romantic""]","[""https://picsum.photos/seed/tour-122-1/900/600"", ""https://picsum.photos/seed/tour-122-2/900/600"", ""https://picsum.photos/seed/tour-122-3/900/600""]","[{""day"": 1, ""title"": ""Ngày 1 tại Hội An""}, {""day"": 2, ""title"": ""Ngày 2 tại Hội An""}, {""day"": 3, ""title"": ""Ngày 3 tại Hội An""}]","[""Xe đưa đón"", ""Hướng dẫn viên"", ""Vé tham quan""]","[""Chi phí cá nhân"", ""VAT""]","[{""month"": 3, ""available"": true}, {""month"": 6, ""available"": true}, {""month"": 9, ""available"": true}, {""month"": 12, ""available"": true}]","{""type"": ""bus""}"
123,Tour Nha Trang 4N3Đ: Gia Đình Family,Nha Trang,7390000,4,"Hành trình Nha Trang 4 ngày dành cho du khách yêu thích family, water_sports, nightlife.",8.7,91,bestprice,https://synthetic.example.com/tours/123,summer,https://picsum.photos/seed/tour-123/900/600,2025-09-26 08:00:00,2025-10-02 08:00:00,4N3Đ,8625634,"[""Trải nghiệm family"", ""Trải nghiệm water_sports"", ""Trải nghiệm nightlife""]","[""Nha Trang""]","[""family"", ""water_sports"", ""nightlife"", ""food""]","[""https://picsum.photos/seed/tour-123-1/900/600"", ""https://picsum.photos/seed/tour-123-2/900/600"", ""https://picsum.photos/seed/tour-123-3/900/600""]","[{""day"": 1, ""title"": ""Ngày 1 tại Nha Trang""}, {""day"": 2, ""title"": ""Ngày 2 tại Nha Trang""}, {""day"": 3, ""title"": ""Ngày 3 tại Nha Trang""}, {""day"": 4, ""title"": ""Ngày 4 tại Nha Trang""}]","[""Xe đưa đón"", ""Hướng dẫn viên"", ""Vé tham quan""]","[""Chi phí cá nhân"", ""VAT""]","[{""month"": 3, ""available"": true}, {""month"": 6, ""available"": true}, {""month"": 9, ""available"": true}, {""month"": 12, ""available"": true}]","{""type"": ""cruise""}"
124,Tour Cao Bằng 5N4Đ: Tiết Kiệm Mountain,Cao Bằng,7340000,5,"Hành trình Cao Bằng 5 ngày dành cho du khách yêu thích mountain, culture, photography.",8.1,59,bestprice,https://synthetic.example.com/tours/124,autumn,https://picsum.photos/seed/tour-124/900/600,2025-04-27 08:00:00,2025-05-08 08:00:00,5N4Đ,8236863,"[""Trải nghiệm mountain"", ""Trải nghiệm culture"", ""Trải nghiệm photography""]","[""Cao Bằng""]","[""mountain"", ""culture"", ""photography"", ""adventure""]","[""https://picsum.photos/seed/tour-124-1/900/600"", ""https://picsum.photos/seed/tour-124-2/900/600"", ""https://picsum.photos/seed/tour-124-3/900/600""]","[{""day"": 1, ""title"": ""Ngày 1 tại Cao Bằng""}, {""day"": 2, ""title"": ""Ngày 2 tại Cao Bằng""}, {""day"": 3, ""title"": ""Ngày 3 tại Cao Bằng""}, {""day"": 4, ""title"": ""Ngày 4 tại Cao Bằng""}, {""day"": 5, ""title"": ""Ngày 5 tại Cao Bằng""}]","[""Xe đưa đón"", ""Hướng dẫn viên"", ""Vé tham quan""]","[""Chi phí cá nhân"", ""VAT""]","[{""month"": 3, ""available"": true}, {""month"": 6, ""available"": true}, {""month"": 9, ""available"": true}, {""month"": 12, ""available"": true}]","{""type"": ""car""}"
125,Tour Nha Trang 3N2Đ: Khám Phá Nightlife,Nha Trang,8660000,3,"Hành trình Nha Trang 3 ngày dành cho du khách yêu thích nightlife, food, family.",8.0,70,klook,https://synthetic.example.com/tours/125,summer,https://picsum.photos/seed/tour-125/900/600,2026-06-14 08:00:00,2026-06-26 08:00:00,3N2Đ,10693448,"[""Trải nghiệm nightlife"", ""Trải nghiệm food"", ""Trải nghiệm family""]","[""Nha Trang""]","[""nightlife"", ""food"", ""family"", ""beach""]","[""https://picsum.photos/seed/tour-125-1/900/600"", ""https://picsum.photos/seed/tour-125-2/900/600"", ""https://picsum.photos/seed/tour-125-3/900/600""]","[{""day"": 1, ""title"": ""Ngày 1 tại Nha Trang""}, {""day"": 2, ""title"": ""Ngày 2 tại Nha Trang""}, {""day"": 3, ""title"": ""Ngày 3 tại Nha Trang""}]","[""Xe đưa đón"", ""Hướng dẫn viên"", ""Vé tham quan""]","[""Chi phí cá nhân"", ""VAT""]","[{""month"": 3, ""available"": true}, {""month"": 6, ""available"": true}, {""month"": 9, ""available"": true}, {""month"": 12, ""available"": true}]","{""type"": ""cruise""}"
126,Tour Đà Nẵng 3N2Đ: Tiết Kiệm Food,Đà Nẵng,9260000,3,"Hành trình Đà Nẵng 3 ngày dành cho du khách yêu thích food, water_sports, beach.",8.4,85,traveloka,https://synthetic.example.com/tours/126,summer,https://picsum.photos/seed/tour-126/900/600,2026-01-22 08:00:00,2026-01-26 08:00:00,3N2Đ,11122766,"[""Trải nghiệm food"", ""Trải nghiệm water_sports"", ""Trải nghiệm beach""]","[""Đà Nẵng""]","[""food"", ""water_sports"", ""beach"", ""photography""]","[""https://picsum.photos/seed/tour-126-1/900/600"", ""https://picsum.photos/seed/tour-126-2/900/600"", ""https://picsum.photos/seed/tour-126-3/900/600""]","[{""day"": 1, ""title"": ""Ngày 1 tại Đà Nẵng""}, {""day"": 2, ""title"": ""Ngày 2 tại Đà Nẵng""}, {""day"": 3, ""title"": ""Ngày 3 tại Đà Nẵng""}]","[""Xe đưa đón"", ""Hướng dẫn viên"", ""Vé tham quan""]","[""Chi phí cá nhân"", ""VAT""]","[{""month"": 3, ""available"": true}, {""month"": 6, ""available"": true}, {""month"": 9, ""available"": true}, {""month"": 12, ""available"": true}]","{""type"": ""bus""}"
127,Tour Huế 4N3Đ: Khám Phá Food,Huế,5620000,4,"Hành trình Huế 4 ngày dành cho du khách yêu thích food, city, spiritual.",7.9,52,klook,https://synthetic.example.com/tours/127,spring,https://picsum.photos/seed/tour-127/900/600,2024-08-29 08:00:00,2024-09-09 08:00:00,4N3Đ,5917361,"[""Trải nghiệm food"", ""Trải nghiệm city"", ""Trải nghiệm spiritual""]","[""Huế""]","[""food"", ""city"", ""spiritual"", ""history""]","[""https://picsum.photos/seed/tour-127-1/900/600"", ""https://picsum.photos/seed/tour-127-2/900/600"", ""https://picsum.photos/seed/tour-127-3/900/600""]","[{""day"": 1, ""title"": ""Ngày 1 tại Huế""}, {""day"": 2, ""title"": ""Ngày 2 tại Huế""}, {""day"": 3, ""title"": ""Ngày 3 tại Huế""}, {""day"": 4, ""title"": ""Ngày 4 tại Huế""}]","[""Xe đưa đón"", ""Hướng dẫn viên"", ""Vé tham quan""]","[""Chi phí cá nhân"", ""VAT""]","[{""month"": 3, ""available"": true}, {""month"": 6, ""available"": true}, {""month"": 9, ""available"": true}, {""month"": 12, ""available"": true}]","{""type"": ""flight""}"
128,Tour Phú Quốc 3N2Đ: Trọn Gói Luxury,Phú Quốc,13980000,3,"Hành trình Phú Quốc 3 ngày dành cho du khách yêu thích luxury, water_sports, romantic.",9.1,49,klook,https://synthetic.example.com/tours/128,summer,https://picsum.photos/seed/tour-128/900/600,2025-01-07 08:00:00,2025-02-01 08:00:00,3N2Đ,15558176,"[""Trải nghiệm luxury"", ""Trải nghiệm water_sports"", ""Trải nghiệm romantic""]","[""Phú Quốc""]","[""luxury"", ""water_sports"", ""romantic"", ""beach""]","[""https://picsum.photos/seed/tour-128-1/900/600"", ""https://picsum.photos/seed/tour-128-2/900/600"", ""https://picsum.photos/seed/tour-128-3/900/600""]","[{""day"": 1, ""title"": ""Ngày 1 tại Phú Quốc""}, {""day"": 2, ""title"": ""Ngày 2 tại Phú Quốc""}, {""day"": 3, ""title"": ""Ngày 3 tại Phú Quốc""}]","[""Xe đưa đón"", ""Hướng dẫn viên"", ""Vé tham quan""]","[""Chi phí cá nhân"", ""VAT""]","[{""month"": 3, ""available"": true}, {""month"": 6, ""available"": true}, {""month"": 9, ""available"": true}, {""month"": 12, ""available"": true}]","{""type"": ""bus""}"
129,Tour Cao Bằng 5N4Đ: Trọn Gói Adventure,Cao Bằng,4650000,5,"Hành trình Cao Bằng 5 ngày dành cho du khách yêu thích adventure, nature, mountain.",9.7,7,bestprice,https://synthetic.example.com/tours/129,autumn,https://picsum.photos/seed/tour-129/900/600,2025-07-26 08:00:00,2025-07-27 08:00:00,5N4Đ,5606267,"[""Trải nghiệm adventure"", ""Trải nghiệm nature"", ""Trải nghiệm mountain""]","[""Cao Bằng""]","[""adventure"", ""nature"", ""mountain"", ""culture""]","[""https://picsum.photos/seed/tour-129-1/900/600"", ""https://picsum.photos/seed/tour-129-2/900/600"", ""https://picsum.photos/seed/tour-129-3/900/600""]","[{""day"": 1, ""title"": ""Ngày 1 tại Cao Bằng""}, {""day"": 2, ""title"": ""Ngày 2 tại Cao Bằng""}, {""day"": 3, ""title"": ""Ngày 3 tại Cao Bằng""}, {""day"": 4, ""title"": ""Ngày 4 tại Cao Bằng""}, {""day"": 5, ""title"": ""Ngày 5 tại Cao Bằng""}]","[""Xe đưa đón"", ""Hướng dẫn viên"", ""Vé tham quan""]","[""Chi phí cá nhân"", ""VAT""]","[{""month"": 3, ""available"": true}, {""month"": 6, ""available"": true}, {""month"": 9, ""available"": true}, {""month"": 12, ""available"": true}]","{""type"": ""car""}"
130,Tour Cao Bằng 4N3Đ: Check-in Photography,Cao Bằng,6320000,4,"Hành trình Cao Bằng 4 ngày dành cho du khách yêu thích photography, adventure, nature.",8.0,10,bestprice,https://synthetic.example.com/tours/130,autumn,https://picsum.photos/seed/tour-130/900/600,2025-02-03 08:00:00,2025-03-03 08:00:00,4N3Đ,7280130,"[""Trải nghiệm photography"", ""Trải nghiệm adventure"", ""Trải nghiệm nature""]","[""Cao Bằng""]","[""photography"", ""adventure"", ""nature"", ""culture""]","[""https://picsum.photos/seed/tour-130-1/900/600"", ""https://picsum.photos/seed/tour-130-2/900/600"", ""https://picsum.photos/seed/tour-130-3/900/600""]","[{""day"": 1, ""title"": ""Ngày 1 tại Cao Bằng""}, {""day"": 2, ""title"": ""Ngày 2 tại Cao Bằng""}, {""day"": 3, ""title"": ""Ngày 3 tại Cao Bằng""}, {""day"": 4, ""title"": ""Ngày 4 tại Cao Bằng""}]","[""Xe đưa đón"", ""Hướng dẫn viên"", ""Vé tham quan""]","[""Chi phí cá nhân"", ""VAT""]","[{""month"": 3, ""available"": true}, {""month"": 6, ""available"": true}, {""month"": 9, ""available"": true}, {""month"": 12, ""available"": true}]","{""type"": ""flight""}"
131,Tour Hà Nội 2N1Đ: Check-in Food,Hà Nội,3020000,2,"Hành trình Hà Nội 2 ngày dành cho du khách yêu thích food, culture, city.",8.6,118,klook,https://synthetic.example.com/tours/131,autumn,https://picsum.photos/seed/tour-131/900/600,2025-09-20 08:00:00,2025-10-15 08:00:00,2N1Đ,3579530,"[""Trải nghiệm food"", ""Trải nghiệm culture"", ""Trải nghiệm city""]","[""Hà Nội""]","[""food"", ""culture"", ""city"", ""history""]","[""https://picsum.photos/seed/tour-131-1/900/600"", ""https://picsum.photos/seed/tour-131-2/900/600"", ""https://picsum.photos/seed/tour-131-3/900/600""]","[{""day"": 1, ""title"": ""Ngày 1 tại Hà Nội""}, {""day"": 2, ""title"": ""Ngày 2 tại Hà Nội""}]","[""Xe đưa đón"", ""Hướng dẫn viên"", ""Vé tham quan""]","[""Chi phí cá nhân"", ""VAT""]","[{""month"": 3, ""available"": true}, {""month"": 6, ""available"": true}, {""month"": 9, ""available"": true}, {""month"": 12, ""available"": true}]","{""type"": ""flight""}"
132,Tour TP. Hồ Chí Minh 3N2Đ: Tiết Kiệm Food,TP. Hồ Chí Minh,7100000,3,"Hành trình TP. Hồ Chí Minh 3 ngày dành cho du khách yêu thích food, shopping, city.",9.1,74,bestprice,https://synthetic.example.com/tours/132,all,https://picsum.photos/seed/tour-132/900/600,2026-08-01 08:00:00,2026-08-05 08:00:00,3N2Đ,7118143,"[""Trải nghiệm food"", ""Trải nghiệm shopping"", ""Trải nghiệm city""]","[""TP. Hồ Chí Minh""]","[""food"", ""shopping"", ""city"", ""history""]","[""https://picsum.photos/seed/tour-132-1/900/600"", ""https://picsum.photos/seed/tour-132-2/900/600"", ""https://picsum.photos/seed/tour-132-3/900/600""]","[{""day"": 1, ""title"": ""Ngày 1 tại TP. Hồ Chí Minh""}, {""day"": 2, ""title"": ""Ngày 2 tại TP. Hồ Chí Minh""}, {""day"": 3, ""title"": ""Ngày 3 tại TP. Hồ Chí Minh""}]","[""Xe đưa đón"", ""Hướng dẫn viên"", ""Vé tham quan""]","[""Chi phí cá nhân"", ""VAT""]","[{""month"": 3, ""available"": true}, {""month"": 6, ""available"": true}, {""month"": 9, ""available"": true}, {""month"": 12, ""available"": true}]","{""type"": ""bus""}"
133,Tour Huế 3N2Đ: Tiết Kiệm Culture,Huế,5680000,3,"Hành trình Huế 3 ngày dành cho du khách yêu thích culture, history, food.",9.6,72,klook,https://synthetic.example.com/tours/133,spring,https://picsum.photos/seed/tour-133/900/600,2026-01-17 08:00:00,2026-01-23 08:00:00,3N2Đ,6788017,"[""Trải nghiệm culture"", ""Trải nghiệm history"", ""Trải nghiệm food""]","[""Huế""]","[""culture"", ""history"", ""food"", ""city""]","[""https://picsum.photos/seed/tour-133-1/900/600"", ""https://picsum.photos/seed/tour-133-2/900/600"", ""https://picsum.photos/seed/tour-133-3/900/600""]","[{""day"": 1, ""title"": ""Ngày 1 tại Huế""}, {""day"": 2, ""title"": ""Ngày 2 tại Huế""}, {""day"": 3, ""title"": ""Ngày 3 tại Huế""}]","[""Xe đưa đón"", ""Hướng dẫn viên"", ""Vé tham quan""]","[""Chi phí cá nhân"", ""VAT""]","[{""month"": 3, ""available"": true}, {""month"": 6, ""available"": true}, {""month"": 9, ""available"": true}, {""month"": 12, ""available"": true}]","{""type"": ""flight""}"
134,Tour Đà Lạt 4N3Đ: Nghỉ Dưỡng Food,Đà Lạt,3330000,4,"Hành trình Đà Lạt 4 ngày dành cho du khách yêu thích food, relax, nature.",7.8,89,klook,https://synthetic.example.com/tours/134,winter,https://picsum.photos/seed/tour-134/900/600,2025-05-17 08:00:00,2025-06-08 08:00:00,4N3Đ,3986729,"[""Trải nghiệm food"", ""Trải nghiệm relax"", ""Trải nghiệm nature""]","[""Đà Lạt""]","[""food"", ""relax"", ""nature"", ""romantic""]","[""https://picsum.photos/seed/tour-134-1/900/600"", ""https://picsum.photos/seed/tour-134-2/900/600"", ""https://picsum.photos/seed/tour-134-3/900/600""]","[{""day"": 1, ""title"": ""Ngày 1 tại Đà Lạt""}, {""day"": 2, ""title"": ""Ngày 2 tại Đà Lạt""}, {""day"": 3, ""title"": ""Ngày 3 tại Đà Lạt""}, {""day"": 4, ""title"": ""Ngày 4 tại Đà Lạt""}]","[""Xe đưa đón"", ""Hướng dẫn viên"", ""Vé tham quan""]","[""Chi phí cá nhân"", ""VAT""]","[{""month"": 3, ""available"": true}, {""month"": 6, ""available"": true}, {""month"": 9, ""available"": true}, {""month"": 12, ""available"": true}]","{""type"": ""car""}"
135,Tour Nha Trang 5N4Đ: Tiết Kiệm Beach,Nha Trang,8470000,5,"Hành trình Nha Trang 5 ngày dành cho du khách yêu thích beach, nightlife, water_sports.",8.5,106,traveloka,https://synthetic.example.com/tours/135,summer,https://picsum.photos/seed/tour-135/900/600,2025-04-13 08:00:00,2025-04-15 08:00:00,5N4Đ,9693263,"[""Trải nghiệm beach"", ""Trải nghiệm nightlife"", ""Trải nghiệm water_sports""]","[""Nha Trang""]","[""beach"", ""nightlife"", ""water_sports"", ""family""]","[""https://picsum.photos/seed/tour-135-1/900/600"", ""https://picsum.photos/seed/tour-135-2/900/600"", ""https://picsum.photos/seed/tour-135-3/900/600""]","[{""day"": 1, ""title"": ""Ngày 1 tại Nha Trang""}, {""day"": 2, ""title"": ""Ngày 2 tại Nha Trang""}, {""day"": 3, ""title"": ""Ngày 3 tại Nha Trang""}, {""day"": 4, ""title"": ""Ngày 4 tại Nha Trang""}, {""day"": 5, ""title"": ""Ngày 5 tại Nha Trang""}]","[""Xe đưa đón"", ""Hướng dẫn viên"", ""Vé tham quan""]","[""Chi phí cá nhân"", ""VAT""]","[{""month"": 3, ""available"": true}, {""month"": 6, ""available"": true}, {""month"": 9, ""available"": true}, {""month"": 12, ""available"": true}]","{""type"": ""cruise""}"
136,Tour Hội An 3N2Đ: Tiết Kiệm Culture,Hội An,6220000,3,"Hành trình Hội An 3 ngày dành cho du khách yêu thích culture, history, romantic.",8.1,117,traveloka,https://synthetic.example.com/tours/136,autumn,https://picsum.photos/seed/tour-136/900/600,2025-01-18 08:00:00,2025-01-20 08:00:00,3N2Đ,7601941,"[""Trải nghiệm culture"", ""Trải nghiệm history"", ""Trải nghiệm romantic""]","[""Hội An""]","[""culture"", ""history"", ""romantic"", ""food""]","[""https://picsum.photos/seed/tour-136-1/900/600"", ""https://picsum.photos/seed/tour-136-2/900/600"", ""https://picsum.photos/seed/tour-136-3/900/600""]","[{""day"": 1, ""title"": ""Ngày 1 tại Hội An""}, {""day"": 2, ""title"": ""Ngày 2 tại Hội An""}, {""day"": 3, ""title"": ""Ngày 3 tại Hội An""}]","[""Xe đưa đón"", ""Hướng dẫn viên"", ""Vé tham quan""]","[""Chi phí cá nhân"", ""VAT""]","[{""month"": 3, ""available"": true}, {""month"": 6, ""available"": true}, {""month"": 9, ""available"": true}, {""month"": 12, ""available"": true}]","{""type"": ""cruise""}"
137,Tour Hội An 4N3Đ: Cao Cấp History,Hội An,6170000,4,"Hành trình Hội An 4 ngày dành cho du khách yêu thích history, photography, culture.",8.6,51,klook,https://synthetic.example.com/tours/137,autumn,https://picsum.photos/seed/tour-137/900/600,2024-09-13 08:00:00,2024-09-24 08:00:00,4N3Đ,7555470,"[""Trải nghiệm history"", ""Trải nghiệm photography"", ""Trải nghiệm culture""]","[""Hội An""]","[""history"", ""photography"", ""culture"", ""romantic""]","[""https://picsum.photos/seed/tour-137-1/900/600"", ""https://picsum.photos/seed/tour-137-2/900/600"", ""https://picsum.photos/seed/tour-137-3/900/600""]","[{""day"": 1, ""title"": ""Ngày 1 tại Hội An""}, {""day"": 2, ""title"": ""Ngày 2 tại Hội An""}, {""day"": 3, ""title"": ""Ngày 3 tại Hội An""}, {""day"": 4, ""title"": ""Ngày 4 tại Hội An""}]","[""Xe đưa đón"", ""Hướng dẫn viên"", ""Vé tham quan""]","[""Chi phí cá nhân"", ""VAT""]","[{""month"": 3, ""available"": true}, {""month"": 6, ""available"": true}, {""month"": 9, ""available"": true}, {""month"": 12, ""available"": true}]","{""type"": ""car""}"
138,Tour Côn Đảo 3N2Đ: Nghỉ Dưỡng History,Côn Đảo,11540000,3,"Hành trình Côn Đảo 3 ngày dành cho du khách yêu thích history, spiritual, relax.",8.0,95,traveloka,https://synthetic.example.com/tours/138,summer,https://picsum.photos/seed/tour-138/900/600,2024-11-10 08:00:00,2024-11-26 08:00:00,3N2Đ,12352242,"[""Trải nghiệm history"", ""Trải nghiệm spiritual"", ""Trải nghiệm relax""]","[""Côn Đảo""]","[""history"", ""spiritual"", ""relax"", ""beach""]","[""https://picsum.photos/seed/tour-138-1/900/600"", ""https://picsum.photos/seed/tour-138-2/900/600"", ""https://picsum.photos/seed/tour-138-3/900/600""]","[{""day"": 1, ""title"": ""Ngày 1 tại Côn Đảo""}, {""day"": 2, ""title"": ""Ngày 2 tại Côn Đảo""}, {""day"": 3, ""title"": ""Ngày 3 tại Côn Đảo""}]","[""Xe đưa đón"", ""Hướng dẫn viên"", ""Vé tham quan""]","[""Chi phí cá nhân"", ""VAT""]","[{""month"": 3, ""available"": true}, {""month"": 6, ""available"": true}, {""month"": 9, ""available"": true}, {""month"": 12, ""available"": true}]","{""type"": ""bus""}"
139,Tour Đà Lạt 3N2Đ: Cao Cấp Photography,Đà Lạt,5100000,3,"Hành trình Đà Lạt 3 ngày dành cho du khách yêu thích photography, nature, mountain.",8.8,86,bestprice,https://synthetic.example.com/tours/139,winter,https://picsum.photos/seed/tour-139/900/600,2025-02-14 08:00:00,2025-02-24 08:00:00,3N2Đ,5562850,"[""Trải nghiệm photography"", ""Trải nghiệm nature"", ""Trải nghiệm mountain""]","[""Đà Lạt""]","[""photography"", ""nature"", ""mountain"", ""food""]","[""https://picsum.photos/seed/tour-139-1/900/600"", ""https://picsum.photos/seed/tour-139-2/900/600"", ""https://picsum.photos/seed/tour-139-3/900/600""]","[{""day"": 1, ""title"": ""Ngày 1 tại Đà Lạt""}, {""day"": 2, ""title"": ""Ngày 2 tại Đà Lạt""}, {""day"": 3, ""title"": ""Ngày 3 tại Đà Lạt""}]","[""Xe đưa đón"", ""Hướng dẫn viên"", ""Vé tham quan""]","[""Chi phí cá nhân"", ""VAT""]","[{""month"": 3, ""available"": true}, {""month"": 6, ""available"": true}, {""month"": 9, ""available"": true}, {""month"": 12, ""available"": true}]","{""type"": ""flight""}"
140,Tour Đà Lạt 5N4Đ: Trọn Gói Nature,Đà Lạt,3330000,5,"Hành trình Đà Lạt 5 ngày dành cho du khách yêu thích nature, romantic, relax.",9.2,94,bestprice,https://synthetic.example.com/tours/140,winter,https://picsum.photos/seed/tour-140/900/600,2025-02-19 08:00:00,2025-03-13 08:00:00,5N4Đ,3662702,"[""Trải nghiệm nature"", ""Trải nghiệm romantic"", ""Trải nghiệm relax""]","[""Đà Lạt""]","[""nature"", ""romantic"", ""relax"", ""photography""]","[""https://picsum.photos/seed/tour-140-1/900/600"", ""https://picsum.photos/seed/tour-140-2/900/600"", ""https://picsum.photos/seed/tour-140-3/900/600""]","[{""day"": 1, ""title"": ""Ngày 1 tại Đà Lạt""}, {""day"": 2, ""title"": ""Ngày 2 tại Đà Lạt""}, {""day"": 3, ""title"": ""Ngày 3 tại Đà Lạt""}, {""day"": 4, ""title"": ""Ngày 4 tại Đà Lạt""}, {""day"": 5, ""title"": ""Ngày 5 tại Đà Lạt""}]","[""Xe đưa đón"", ""Hướng dẫn viên"", ""Vé tham quan""]","[""Chi phí cá nhân"", ""VAT""]","[{""month"": 3, ""available"": true}, {""month"": 6, ""available"": true}, {""month"": 9, ""available"": true}, {""month"": 12, ""available"": true}]","{""type"": ""bus""}"
141,Tour Hà Nội 2N1Đ: Tiết Kiệm Culture,Hà Nội,4800000,2,"Hành trình Hà Nội 2 ngày dành cho du khách yêu thích culture, shopping, city.",8.6,28,bestprice,https://synthetic.example.com/tours/141,autumn,https://picsum.photos/seed/tour-141/900/600,2025-01-07 08:00:00,2025-01-19 08:00:00,2N1Đ,5706040,"[""Trải nghiệm culture"", ""Trải nghiệm shopping"", ""Trải nghiệm city""]","[""Hà Nội""]","[""culture"", ""shopping"", ""city"", ""food""]","[""https://picsum.photos/seed/tour-141-1/900/600"", ""https://picsum.photos/seed/tour-141-2/900/600"", ""https://picsum.photos/seed/tour-141-3/900/600""]","[{""day"": 1, ""title"": ""Ngày 1 tại Hà Nội""}, {""day"": 2, ""title"": ""Ngày 2 tại Hà Nội""}]","[""Xe đưa đón"", ""Hướng dẫn viên"", ""Vé tham quan""]","[""Chi phí cá nhân"", ""VAT""]","[{""month"": 3, ""available"": true}, {""month"": 6, ""available"": true}, {""month"": 9, ""available"": true}, {""month"": 12, ""available"": true}]","{""type"": ""cruise""}"
142,Tour Hà Nội 4N3Đ: Check-in Shopping,Hà Nội,6670000,4,"Hành trình Hà Nội 4 ngày dành cho du khách yêu thích shopping, culture, city.",9.5,72,klook,https://synthetic.example.com/tours/142,autumn,https://picsum.photos/seed/tour-142/900/600,2025-09-05 08:00:00,2025-09-06 08:00:00,4N3Đ,7106813,"[""Trải nghiệm shopping"", ""Trải nghiệm culture"", ""Trải nghiệm city""]","[""Hà Nội""]","[""shopping"", ""culture"", ""city"", ""history""]","[""https://picsum.photos/seed/tour-142-1/900/600"", ""https://picsum.photos/seed/tour-142-2/900/600"", ""https://picsum.photos/seed/tour-142-3/900/600""]","[{""day"": 1, ""title"": ""Ngày 1 tại Hà Nội""}, {""day"": 2, ""title"": ""Ngày 2 tại Hà Nội""}, {""day"": 3, ""title"": ""Ngày 3 tại Hà Nội""}, {""day"": 4, ""title"": ""Ngày 4 tại Hà Nội""}]","[""Xe đưa đón"", ""Hướng dẫn viên"", ""Vé tham quan""]","[""Chi phí cá nhân"", ""VAT""]","[{""month"": 3, ""available"": true}, {""month"": 6, ""available"": true}, {""month"": 9, ""available"": true}, {""month"": 12, ""available"": true}]","{""type"": ""flight""}"
143,Tour Hội An 4N3Đ: Cao Cấp History,Hội An,7280000,4,"Hành trình Hội An 4 ngày dành cho du khách yêu thích history, photography, culture.",7.6,88,klook,https://synthetic.example.com/tours/143,autumn,https://picsum.photos/seed/tour-143/900/600,2025-10-22 08:00:00,2025-10-22 08:00:00,4N3Đ,7827528,"[""Trải nghiệm history"", ""Trải nghiệm photography"", ""Trải nghiệm culture""]","[""Hội An""]","[""history"", ""photography"", ""culture"", ""romantic""]","[""https://picsum.photos/seed/tour-143-1/900/600"", ""https://picsum.photos/seed/tour-143-2/900/600"", ""https://picsum.photos/seed/tour-143-3/900/600""]","[{""day"": 1, ""title"": ""Ngày 1 tại Hội An""}, {""day"": 2, ""title"": ""Ngày 2 tại Hội An""}, {""day"": 3, ""title"": ""Ngày 3 tại Hội An""}, {""day"": 4, ""title"": ""Ngày 4 tại Hội An""}]","[""Xe đưa đón"", ""Hướng dẫn viên"", ""Vé tham quan""]","[""Chi phí cá nhân"", ""VAT""]","[{""month"": 3, ""available"": true}, {""month"": 6, ""available"": true}, {""month"": 9, ""available"": true}, {""month"": 12, ""available"": true}]","{""type"": ""car""}"
144,Tour Sa Pa 2N1Đ: Check-in Adventure,Sa Pa,7040000,2,"Hành trình Sa Pa 2 ngày dành cho du khách yêu thích adventure, mountain, culture.",9.6,16,traveloka,https://synthetic.example.com/tours/144,winter,https://picsum.photos/seed/tour-144/900/600,2026-03-17 08:00:00,2026-04-06 08:00:00,2N1Đ,8453326,"[""Trải nghiệm adventure"", ""Trải nghiệm mountain"", ""Trải nghiệm culture""]","[""Sa Pa""]","[""adventure"", ""mountain"", ""culture"", ""photography""]","[""https://picsum.photos/seed/tour-144-1/900/600"", ""https://picsum.photos/seed/tour-144-2/900/600"", ""https://picsum.photos/seed/tour-144-3/900/600""]","[{""day"": 1, ""title"": ""Ngày 1 tại Sa Pa""}, {""day"": 2, ""title"": ""Ngày 2 tại Sa Pa""}]","[""Xe đưa đón"", ""Hướng dẫn viên"", ""Vé tham quan""]","[""Chi phí cá nhân"", ""VAT""]","[{""month"": 3, ""available"": true}, {""month"": 6, ""available"": true}, {""month"": 9, ""available"": true}, {""month"": 12, ""available"": true}]","{""type"": ""cruise""}"
145,Tour Phú Quốc 5N4Đ: Check-in Family,Phú Quốc,5440000,5,"Hành trình Phú Quốc 5 ngày dành cho du khách yêu thích family, relax, romantic.",7.9,10,klook,https://synthetic.example.com/tours/145,summer,https://picsum.photos/seed/tour-145/900/600,2025-05-09 08:00:00,2025-06-07 08:00:00,5N4Đ,6291387,"[""Trải nghiệm family"", ""Trải nghiệm relax"", ""Trải nghiệm romantic""]","[""Phú Quốc""]","[""family"", ""relax"", ""romantic"", ""water_sports""]","[""https://picsum.photos/seed/tour-145-1/900/600"", ""https://picsum.photos/seed/tour-145-2/900/600"", ""https://picsum.photos/seed/tour-145-3/900/600""]","[{""day"": 1, ""title"": ""Ngày 1 tại Phú Quốc""}, {""day"": 2, ""title"": ""Ngày 2 tại Phú Quốc""}, {""day"": 3, ""title"": ""Ngày 3 tại Phú Quốc""}, {""day"": 4, ""title"": ""Ngày 4 tại Phú Quốc""}, {""day"": 5, ""title"": ""Ngày 5 tại Phú Quốc""}]","[""Xe đưa đón"", ""Hướng dẫn viên"", ""Vé tham quan""]","[""Chi phí cá nhân"", ""VAT""]","[{""month"": 3, ""available"": true}, {""month"": 6, ""available"": true}, {""month"": 9, ""available"": true}, {""month"": 12, ""available"": true}]","{""type"": ""cruise""}"
146,Tour Cao Bằng 3N2Đ: Tiết Kiệm Mountain,Cao Bằng,9730000,3,"Hành trình Cao Bằng 3 ngày dành cho du khách yêu thích mountain, adventure, culture.",9.7,47,bestprice,https://synthetic.example.com/tours/146,autumn,https://picsum.photos/seed/tour-146/900/600,2025-02-28 08:00:00,2025-03-09 08:00:00,3N2Đ,9887203,"[""Trải nghiệm mountain"", ""Trải nghiệm adventure"", ""Trải nghiệm culture""]","[""Cao Bằng""]","[""mountain"", ""adventure"", ""culture"", ""photography""]","[""https://picsum.photos/seed/tour-146-1/900/600"", ""https://picsum.photos/seed/tour-146-2/900/600"", ""https://picsum.photos/seed/tour-146-3/900/600""]","[{""day"": 1, ""title"": ""Ngày 1 tại Cao Bằng""}, {""day"": 2, ""title"": ""Ngày 2 tại Cao Bằng""}, {""day"": 3, ""title"": ""Ngày 3 tại Cao Bằng""}]","[""Xe đưa đón"", ""Hướng dẫn viên"", ""Vé tham quan""]","[""Chi phí cá nhân"", ""VAT""]","[{""month"": 3, ""available"": true}, {""month"": 6, ""available"": true}, {""month"": 9, ""available"": true}, {""month"": 12, ""available"": true}]","{""type"": ""cruise""}"
147,Tour Đà Nẵng 3N2Đ: Check-in Beach,Đà Nẵng,8820000,3,"Hành trình Đà Nẵng 3 ngày dành cho du khách yêu thích beach, food, family.",8.4,18,traveloka,https://synthetic.example.com/tours/147,summer,https://picsum.photos/seed/tour-147/900/600,2024-10-05 08:00:00,2024-10-09 08:00:00,3N2Đ,9236963,"[""Trải nghiệm beach"", ""Trải nghiệm food"", ""Trải nghiệm family""]","[""Đà Nẵng""]","[""beach"", ""food"", ""family"", ""photography""]","[""https://picsum.photos/seed/tour-147-1/900/600"", ""https://picsum.photos/seed/tour-147-2/900/600"", ""https://picsum.photos/seed/tour-147-3/900/600""]","[{""day"": 1, ""title"": ""Ngày 1 tại Đà Nẵng""}, {""day"": 2, ""title"": ""Ngày 2 tại Đà Nẵng""}, {""day"": 3, ""title"": ""Ngày 3 tại Đà Nẵng""}]","[""Xe đưa đón"", ""Hướng dẫn viên"", ""Vé tham quan""]","[""Chi phí cá nhân"", ""VAT""]","[{""month"": 3, ""available"": true}, {""month"": 6, ""available"": true}, {""month"": 9, ""available"": true}, {""month"": 12, ""available"": true}]","{""type"": ""car""}"
148,Tour Côn Đảo 4N3Đ: Trọn Gói Beach,Côn Đảo,11060000,4,"Hành trình Côn Đảo 4 ngày dành cho du khách yêu thích beach, nature, relax.",9.6,44,bestprice,https://synthetic.example.com/tours/148,summer,https://picsum.photos/seed/tour-148/900/600,2025-01-15 08:00:00,2025-01-16 08:00:00,4N3Đ,11117163,"[""Trải nghiệm beach"", ""Trải nghiệm nature"", ""Trải nghiệm relax""]","[""Côn Đảo""]","[""beach"", ""nature"", ""relax"", ""history""]","[""https://picsum.photos/seed/tour-148-1/900/600"", ""https://picsum.photos/seed/tour-148-2/900/600"", ""https://picsum.photos/seed/tour-148-3/900/600""]","[{""day"": 1, ""title"": ""Ngày 1 tại Côn Đảo""}, {""day"": 2, ""title"": ""Ngày 2 tại Côn Đảo""}, {""day"": 3, ""title"": ""Ngày 3 tại Côn Đảo""}, {""day"": 4, ""title"": ""Ngày 4 tại Côn Đảo""}]","[""Xe đưa đón"", ""Hướng dẫn viên"", ""Vé tham quan""]","[""Chi phí cá nhân"", ""VAT""]","[{""month"": 3, ""available"": true}, {""month"": 6, ""available"": true}, {""month"": 9, ""available"": true}, {""month"": 12, ""available"": true}]","{""type"": ""flight""}"
149,Tour Nha Trang 5N4Đ: Gia Đình Water Sports,Nha Trang,6170000,5,"Hành trình Nha Trang 5 ngày dành cho du khách yêu thích water_sports, family, beach.",7.9,53,klook,https://synthetic.example.com/tours/149,summer,https://picsum.photos/seed/tour-149/900/600,2025-05-10 08:00:00,2025-05-13 08:00:00,5N4Đ,6762826,"[""Trải nghiệm water_sports"", ""Trải nghiệm family"", ""Trải nghiệm beach""]","[""Nha Trang""]","[""water_sports"", ""family"", ""beach"", ""nightlife""]","[""https://picsum.photos/seed/tour-149-1/900/600"", ""https://picsum.photos/seed/tour-149-2/900/600"", ""https://picsum.photos/seed/tour-149-3/900/600""]","[{""day"": 1, ""title"": ""Ngày 1 tại Nha Trang""}, {""day"": 2, ""title"": ""Ngày 2 tại Nha Trang""}, {""day"": 3, ""title"": ""Ngày 3 tại Nha Trang""}, {""day"": 4, ""title"": ""Ngày 4 tại Nha Trang""}, {""day"": 5, ""title"": ""Ngày 5 tại Nha Trang""}]","[""Xe đưa đón"", ""Hướng dẫn viên"", ""Vé tham quan""]","[""Chi phí cá nhân"", ""VAT""]","[{""month"": 3, ""available"": true}, {""month"": 6, ""available"": true}, {""month"": 9, ""available"": true}, {""month"": 12, ""available"": true}]","{""type"": ""car""}"
150,Tour Hạ Long 2N1Đ: Tiết Kiệm Family,Hạ Long,9710000,2,"Hành trình Hạ Long 2 ngày dành cho du khách yêu thích family, cruise, beach.",8.3,87,klook,https://synthetic.example.com/tours/150,summer,https://picsum.photos/seed/tour-150/900/600,2026-04-12 08:00:00,2026-04-14 08:00:00,2N1Đ,12023273,"[""Trải nghiệm family"", ""Trải nghiệm cruise"", ""Trải nghiệm beach""]","[""Hạ Long""]","[""family"", ""cruise"", ""beach"", ""luxury""]","[""https://picsum.photos/seed/tour-150-1/900/600"", ""https://picsum.photos/seed/tour-150-2/900/600"", ""https://picsum.photos/seed/tour-150-3/900/600""]","[{""day"": 1, ""title"": ""Ngày 1 tại Hạ Long""}, {""day"": 2, ""title"": ""Ngày 2 tại Hạ Long""}]","[""Xe đưa đón"", ""Hướng dẫn viên"", ""Vé tham quan""]","[""Chi phí cá nhân"", ""VAT""]","[{""month"": 3, ""available"": true}, {""month"": 6, ""available"": true}, {""month"": 9, ""available"": true}, {""month"": 12, ""available"": true}]","{""type"": ""car""}"
151,Tour Đà Lạt 3N2Đ: Ẩm Thực Romantic,Đà Lạt,7800000,3,"Hành trình Đà Lạt 3 ngày dành cho du khách yêu thích romantic, mountain, nature.",7.8,89,bestprice,https://synthetic.example.com/tours/151,winter,https://picsum.photos/seed/tour-151/900/600,2026-05-07 08:00:00,2026-05-08 08:00:00,3N2Đ,8574625,"[""Trải nghiệm romantic"", ""Trải nghiệm mountain"", ""Trải nghiệm nature""]","[""Đà Lạt""]","[""romantic"", ""mountain"", ""nature"", ""food""]","[""https://picsum.photos/seed/tour-151-1/900/600"", ""https://picsum.photos/seed/tour-151-2/900/600"", ""https://picsum.photos/seed/tour-151-3/900/600""]","[{""day"": 1, ""title"": ""Ngày 1 tại Đà Lạt""}, {""day"": 2, ""title"": ""Ngày 2 tại Đà Lạt""}, {""day"": 3, ""title"": ""Ngày 3 tại Đà Lạt""}]","[""Xe đưa đón"", ""Hướng dẫn viên"", ""Vé tham quan""]","[""Chi phí cá nhân"", ""VAT""]","[{""month"": 3, ""available"": true}, {""month"": 6, ""available"": true}, {""month"": 9, ""available"": true}, {""month"": 12, ""available"": true}]","{""type"": ""cruise""}"
152,Tour Côn Đảo 3N2Đ: Trọn Gói Relax,Côn Đảo,10060000,3,"Hành trình Côn Đảo 3 ngày dành cho du khách yêu thích relax, beach, spiritual.",8.7,54,klook,https://synthetic.example.com/tours/152,summer,https://picsum.photos/seed/tour-152/900/600,2025-11-02 08:00:00,2025-11-29 08:00:00,3N2Đ,12141687,"[""Trải nghiệm relax"", ""Trải nghiệm beach"", ""Trải nghiệm spiritual""]","[""Côn Đảo""]","[""relax"", ""beach"", ""spiritual"", ""nature""]","[""https://picsum.photos/seed/tour-152-1/900/600"", ""https://picsum.photos/seed/tour-152-2/900/600"", ""https://picsum.photos/seed/tour-152-3/900/600""]","[{""day"": 1, ""title"": ""Ngày 1 tại Côn Đảo""}, {""day"": 2, ""title"": ""Ngày 2 tại Côn Đảo""}, {""day"": 3, ""title"": ""Ngày 3 tại Côn Đảo""}]","[""Xe đưa đón"", ""Hướng dẫn viên"", ""Vé tham quan""]","[""Chi phí cá nhân"", ""VAT""]","[{""month"": 3, ""available"": true}, {""month"": 6, ""available"": true}, {""month"": 9, ""available"": true}, {""month"": 12, ""available"": true}]","{""type"": ""flight""}"
153,Tour Đà Nẵng 5N4Đ: Check-in Family,Đà Nẵng,8920000,5,"Hành trình Đà Nẵng 5 ngày dành cho du khách yêu thích family, food, photography.",9.0,5,klook,https://synthetic.example.com/tours/153,summer,https://picsum.photos/seed/tour-153/900/600,2026-05-04 08:00:00,2026-05-29 08:00:00,5N4Đ,10827940,"[""Trải nghiệm family"", ""Trải nghiệm food"", ""Trải nghiệm photography""]","[""Đà Nẵng""]","[""family"", ""food"", ""photography"", ""water_sports""]","[""https://picsum.photos/seed/tour-153-1/900/600"", ""https://picsum.photos/seed/tour-153-2/900/600"", ""https://picsum.photos/seed/tour-153-3/900/600""]","[{""day"": 1, ""title"": ""Ngày 1 tại Đà Nẵng""}, {""day"": 2, ""title"": ""Ngày 2 tại Đà Nẵng""}, {""day"": 3, ""title"": ""Ngày 3 tại Đà Nẵng""}, {""day"": 4, ""title"": ""Ngày 4 tại Đà Nẵng""}, {""day"": 5, ""title"": ""Ngày 5 tại Đà Nẵng""}]","[""Xe đưa đón"", ""Hướng dẫn viên"", ""Vé tham quan""]","[""Chi phí cá nhân"", ""VAT""]","[{""month"": 3, ""available"": true}, {""month"": 6, ""available"": true}, {""month"": 9, ""available"": true}, {""month"": 12, ""available"": true}]","{""type"": ""cruise""}"
154,Tour Nha Trang 5N4Đ: Ẩm Thực Nightlife,Nha Trang,5130000,5,"Hành trình Nha Trang 5 ngày dành cho du khách yêu thích nightlife, water_sports, beach.",7.8,26,klook,https://synthetic.example.com/tours/154,summer,https://picsum.photos/seed/tour-154/900/600,2025-11-02 08:00:00,2025-11-29 08:00:00,5N4Đ,5382480,"[""Trải nghiệm nightlife"", ""Trải nghiệm water_sports"", ""Trải nghiệm beach""]","[""Nha Trang""]","[""nightlife"", ""water_sports"", ""beach"", ""family""]","[""https://picsum.photos/seed/tour-154-1/900/600"", ""https://picsum.photos/seed/tour-154-2/900/600"", ""https://picsum.photos/seed/tour-154-3/900/600""]","[{""day"": 1, ""title"": ""Ngày 1 tại Nha Trang""}, {""day"": 2, ""title"": ""Ngày 2 tại Nha Trang""}, {""day"": 3, ""title"": ""Ngày 3 tại Nha Trang""}, {""day"": 4, ""title"": ""Ngày 4 tại Nha Trang""}, {""day"": 5, ""title"": ""Ngày 5 tại Nha Trang""}]","[""Xe đưa đón"", ""Hướng dẫn viên"", ""Vé tham quan""]","[""Chi phí cá nhân"", ""VAT""]","[{""month"": 3, ""available"": true}, {""month"": 6, ""available"": true}, {""month"": 9, ""available"": true}, {""month"": 12, ""available"": true}]","{""type"": ""car""}"
155,Tour Nha Trang 4N3Đ: Cao Cấp Food,Nha Trang,4600000,4,"Hành trình Nha Trang 4 ngày dành cho du khách yêu thích food, beach, family.",9.4,111,klook,https://synthetic.example.com/tours/155,summer,https://picsum.photos/seed/tour-155/900/600,2026-08-07 08:00:00,2026-08-22 08:00:00,4N3Đ,4923295,"[""Trải nghiệm food"", ""Trải nghiệm beach"", ""Trải nghiệm family""]","[""Nha Trang""]","[""food"", ""beach"", ""family"", ""nightlife""]","[""https://picsum.photos/seed/tour-155-1/900/600"", ""https://picsum.photos/seed/tour-155-2/900/600"", ""https://picsum.photos/seed/tour-155-3/900/600""]","[{""day"": 1, ""title"": ""Ngày 1 tại Nha Trang""}, {""day"": 2, ""title"": ""Ngày 2 tại Nha Trang""}, {""day"": 3, ""title"": ""Ngày 3 tại Nha Trang""}, {""day"": 4, ""title"": ""Ngày 4 tại Nha Trang""}]","[""Xe đưa đón"", ""Hướng dẫn viên"", ""Vé tham quan""]","[""Chi phí cá nhân"", ""VAT""]","[{""month"": 3, ""available"": true}, {""month"": 6, ""available"": true}, {""month"": 9, ""available"": true}, {""month"": 12, ""available"": true}]","{""type"": ""car""}"
156,Tour Sa Pa 2N1Đ: Check-in Nature,Sa Pa,7480000,2,"Hành trình Sa Pa 2 ngày dành cho du khách yêu thích nature, adventure, photography.",9.0,38,traveloka,https://synthetic.example.com/tours/156,winter,https://picsum.photos/seed/tour-156/900/600,2026-02-12 08:00:00,2026-03-10 08:00:00,2N1Đ,8248843,"[""Trải nghiệm nature"", ""Trải nghiệm adventure"", ""Trải nghiệm photography""]","[""Sa Pa""]","[""nature"", ""adventure"", ""photography"", ""mountain""]","[""https://picsum.photos/seed/tour-156-1/900/600"", ""https://picsum.photos/seed/tour-156-2/900/600"", ""https://picsum.photos/seed/tour-156-3/900/600""]","[{""day"": 1, ""title"": ""Ngày 1 tại Sa Pa""}, {""day"": 2, ""title"": ""Ngày 2 tại Sa Pa""}]","[""Xe đưa đón"", ""Hướng dẫn viên"", ""Vé tham quan""]","[""Chi phí cá nhân"", ""VAT""]","[{""month"": 3, ""available"": true}, {""month"": 6, ""available"": true}, {""month"": 9, ""available"": true}, {""month"": 12, ""available"": true}]","{""type"": ""flight""}"
157,Tour Côn Đảo 5N4Đ: Khám Phá History,Côn Đảo,11560000,5,"Hành trình Côn Đảo 5 ngày dành cho du khách yêu thích history, nature, beach.",9.6,14,bestprice,https://synthetic.example.com/tours/157,summer,https://picsum.photos/seed/tour-157/900/600,2024-08-25 08:00:00,2024-09-22 08:00:00,5N4Đ,14187760,"[""Trải nghiệm history"", ""Trải nghiệm nature"", ""Trải nghiệm beach""]","[""Côn Đảo""]","[""history"", ""nature"", ""beach"", ""spiritual""]","[""https://picsum.photos/seed/tour-157-1/900/600"", ""https://picsum.photos/seed/tour-157-2/900/600"", ""https://picsum.photos/seed/tour-157-3/900/600""]","[{""day"": 1, ""title"": ""Ngày 1 tại Côn Đảo""}, {""day"": 2, ""title"": ""Ngày 2 tại Côn Đảo""}, {""day"": 3, ""title"": ""Ngày 3 tại Côn Đảo""}, {""day"": 4, ""title"": ""Ngày 4 tại Côn Đảo""}, {""day"": 5, ""title"": ""Ngày 5 tại Côn Đảo""}]","[""Xe đưa đón"", ""Hướng dẫn viên"", ""Vé tham quan""]","[""Chi phí cá nhân"", ""VAT""]","[{""month"": 3, ""available"": true}, {""month"": 6, ""available"": true}, {""month"": 9, ""available"": true}, {""month"": 12, ""available"": true}]","{""type"": ""bus""}"
158,Tour Phú Quốc 3N2Đ: Trọn Gói Water Sports,Phú Quốc,13970000,3,"Hành trình Phú Quốc 3 ngày dành cho du khách yêu thích water_sports, relax, family.",8.9,45,traveloka,https://synthetic.example.com/tours/158,summer,https://picsum.photos/seed/tour-158/900/600,2025-09-29 08:00:00,2025-10-05 08:00:00,3N2Đ,15679592,"[""Trải nghiệm water_sports"", ""Trải nghiệm relax"", ""Trải nghiệm family""]","[""Phú Quốc""]","[""water_sports"", ""relax"", ""family"", ""luxury""]","[""https://picsum.photos/seed/tour-158-1/900/600"", ""https://picsum.photos/seed/tour-158-2/900/600"", ""https://picsum.photos/seed/tour-158-3/900/600""]","[{""day"": 1, ""title"": ""Ngày 1 tại Phú Quốc""}, {""day"": 2, ""title"": ""Ngày 2 tại Phú Quốc""}, {""day"": 3, ""title"": ""Ngày 3 tại Phú Quốc""}]","[""Xe đưa đón"", ""Hướng dẫn viên"", ""Vé tham quan""]","[""Chi phí cá nhân"", ""VAT""]","[{""month"": 3, ""available"": true}, {""month"": 6, ""available"": true}, {""month"": 9, ""available"": true}, {""month"": 12, ""available"": true}]","{""type"": ""car""}"
159,Tour Hạ Long 2N1Đ: Cao Cấp Family,Hạ Long,11760000,2,"Hành trình Hạ Long 2 ngày dành cho du khách yêu thích family, photography, luxury.",9.2,85,bestprice,https://synthetic.example.com/tours/159,summer,https://picsum.photos/seed/tour-159/900/600,2026-05-08 08:00:00,2026-06-06 08:00:00,2N1Đ,13224066,"[""Trải nghiệm family"", ""Trải nghiệm photography"", ""Trải nghiệm luxury""]","[""Hạ Long""]","[""family"", ""photography"", ""luxury"", ""beach""]","[""https://picsum.photos/seed/tour-159-1/900/600"", ""https://picsum.photos/seed/tour-159-2/900/600"", ""https://picsum.photos/seed/tour-159-3/900/600""]","[{""day"": 1, ""title"": ""Ngày 1 tại Hạ Long""}, {""day"": 2, ""title"": ""Ngày 2 tại Hạ Long""}]","[""Xe đưa đón"", ""Hướng dẫn viên"", ""Vé tham quan""]","[""Chi phí cá nhân"", ""VAT""]","[{""month"": 3, ""available"": true}, {""month"": 6, ""available"": true}, {""month"": 9, ""available"": true}, {""month"": 12, ""available"": true}]","{""type"": ""bus""}"
160,Tour Đà Lạt 4N3Đ: Khám Phá Mountain,Đà Lạt,3970000,4,"Hành trình Đà Lạt 4 ngày dành cho du khách yêu thích mountain, romantic, photography.",9.2,69,bestprice,https://synthetic.example.com/tours/160,winter,https://picsum.photos/seed/tour-160/900/600,2026-04-01 08:00:00,2026-04-14 08:00:00,4N3Đ,4345362,"[""Trải nghiệm mountain"", ""Trải nghiệm romantic"", ""Trải nghiệm photography""]","[""Đà Lạt""]","[""mountain"", ""romantic"", ""photography"", ""food""]","[""https://picsum.photos/seed/tour-160-1/900/600"", ""https://picsum.photos/seed/tour-160-2/900/600"", ""https://picsum.photos/seed/tour-160-3/900/600""]","[{""day"": 1, ""title"": ""Ngày 1 tại Đà Lạt""}, {""day"": 2, ""title"": ""Ngày 2 tại Đà Lạt""}, {""day"": 3, ""title"": ""Ngày 3 tại Đà Lạt""}, {""day"": 4, ""title"": ""Ngày 4 tại Đà Lạt""}]","[""Xe đưa đón"", ""Hướng dẫn viên"", ""Vé tham quan""]","[""Chi phí cá nhân"", ""VAT""]","[{""month"": 3, ""available"": true}, {""month"": 6, ""available"": true}, {""month"": 9, ""available"": true}, {""month"": 12, ""available"": true}]","{""type"": ""car""}"
161,Tour Đà Lạt 4N3Đ: Gia Đình Mountain,Đà Lạt,6500000,4,"Hành trình Đà Lạt 4 ngày dành cho du khách yêu thích mountain, photography, nature.",7.5,57,bestprice,https://synthetic.example.com/tours/161,winter,https://picsum.photos/seed/tour-161/900/600,2025-10-28 08:00:00,2025-11-16 08:00:00,4N3Đ,7531267,"[""Trải nghiệm mountain"", ""Trải nghiệm photography"", ""Trải nghiệm nature""]","[""Đà Lạt""]","[""mountain"", ""photography"", ""nature"", ""relax""]","[""https://picsum.photos/seed/tour-161-1/900/600"", ""https://picsum.photos/seed/tour-161-2/900/600"", ""https://picsum.photos/seed/tour-161-3/900/600""]","[{""day"": 1, ""title"": ""Ngày 1 tại Đà Lạt""}, {""day"": 2, ""title"": ""Ngày 2 tại Đà Lạt""}, {""day"": 3, ""title"": ""Ngày 3 tại Đà Lạt""}, {""day"": 4, ""title"": ""Ngày 4 tại Đà Lạt""}]","[""Xe đưa đón"", ""Hướng dẫn viên"", ""Vé tham quan""]","[""Chi phí cá nhân"", ""VAT""]","[{""month"": 3, ""available"": true}, {""month"": 6, ""available"": true}, {""month"": 9, ""available"": true}, {""month"": 12, ""available"": true}]","{""type"": ""cruise""}"
162,Tour Đà Nẵng 5N4Đ: Tiết Kiệm Water Sports,Đà Nẵng,8680000,5,"Hành trình Đà Nẵng 5 ngày dành cho du khách yêu thích water_sports, photography, beach.",8.6,43,traveloka,https://synthetic.example.com/tours/162,summer,https://picsum.photos/seed/tour-162/900/600,2026-07-01 08:00:00,2026-07-06 08:00:00,5N4Đ,10215905,"[""Trải nghiệm water_sports"", ""Trải nghiệm photography"", ""Trải nghiệm beach""]","[""Đà Nẵng""]","[""water_sports"", ""photography"", ""beach"", ""food""]","[""https://picsum.photos/seed/tour-162-1/900/600"", ""https://picsum.photos/seed/tour-162-2/900/600"", ""https://picsum.photos/seed/tour-162-3/900/600""]","[{""day"": 1, ""title"": ""Ngày 1 tại Đà Nẵng""}, {""day"": 2, ""title"": ""Ngày 2 tại Đà Nẵng""}, {""day"": 3, ""title"": ""Ngày 3 tại Đà Nẵng""}, {""day"": 4, ""title"": ""Ngày 4 tại Đà Nẵng""}, {""day"": 5, ""title"": ""Ngày 5 tại Đà Nẵng""}]","[""Xe đưa đón"", ""Hướng dẫn viên"", ""Vé tham quan""]","[""Chi phí cá nhân"", ""VAT""]","[{""month"": 3, ""available"": true}, {""month"": 6, ""available"": true}, {""month"": 9, ""available"": true}, {""month"": 12, ""available"": true}]","{""type"": ""car""}"
163,Tour Côn Đảo 3N2Đ: Khám Phá Spiritual,Côn Đảo,6910000,3,"Hành trình Côn Đảo 3 ngày dành cho du khách yêu thích spiritual, nature, relax.",7.6,92,bestprice,https://synthetic.example.com/tours/163,summer,https://picsum.photos/seed/tour-163/900/600,2026-07-24 08:00:00,2026-08-09 08:00:00,3N2Đ,7123390,"[""Trải nghiệm spiritual"", ""Trải nghiệm nature"", ""Trải nghiệm relax""]","[""Côn Đảo""]","[""spiritual"", ""nature"", ""relax"", ""beach""]","[""https://picsum.photos/seed/tour-163-1/900/600"", ""https://picsum.photos/seed/tour-163-2/900/600"", ""https://picsum.photos/seed/tour-163-3/900/600""]","[{""day"": 1, ""title"": ""Ngày 1 tại Côn Đảo""}, {""day"": 2, ""title"": ""Ngày 2 tại Côn Đảo""}, {""day"": 3, ""title"": ""Ngày 3 tại Côn Đảo""}]","[""Xe đưa đón"", ""Hướng dẫn viên"", ""Vé tham quan""]","[""Chi phí cá nhân"", ""VAT""]","[{""month"": 3, ""available"": true}, {""month"": 6, ""available"": true}, {""month"": 9, ""available"": true}, {""month"": 12, ""available"": true}]","{""type"": ""car""}"
164,Tour TP. Hồ Chí Minh 3N2Đ: Cao Cấp Nightlife,TP. Hồ Chí Minh,2350000,3,"Hành trình TP. Hồ Chí Minh 3 ngày dành cho du khách yêu thích nightlife, city, food.",9.4,29,klook,https://synthetic.example.com/tours/164,all,https://picsum.photos/seed/tour-164/900/600,2024-11-13 08:00:00,2024-12-12 08:00:00,3N2Đ,2644690,"[""Trải nghiệm nightlife"", ""Trải nghiệm city"", ""Trải nghiệm food""]","[""TP. Hồ Chí Minh""]","[""nightlife"", ""city"", ""food"", ""history""]","[""https://picsum.photos/seed/tour-164-1/900/600"", ""https://picsum.photos/seed/tour-164-2/900/600"", ""https://picsum.photos/seed/tour-164-3/900/600""]","[{""day"": 1, ""title"": ""Ngày 1 tại TP. Hồ Chí Minh""}, {""day"": 2, ""title"": ""Ngày 2 tại TP. Hồ Chí Minh""}, {""day"": 3, ""title"": ""Ngày 3 tại TP. Hồ Chí Minh""}]","[""Xe đưa đón"", ""Hướng dẫn viên"", ""Vé tham quan""]","[""Chi phí cá nhân"", ""VAT""]","[{""month"": 3, ""available"": true}, {""month"": 6, ""available"": true}, {""month"": 9, ""available"": true}, {""month"": 12, ""available"": true}]","{""type"": ""car""}"
165,Tour Côn Đảo 4N3Đ: Check-in Relax,Côn Đảo,10700000,4,"Hành trình Côn Đảo 4 ngày dành cho du khách yêu thích relax, nature, beach.",7.6,38,klook,https://synthetic.example.com/tours/165,summer,https://picsum.photos/seed/tour-165/900/600,2025-06-29 08:00:00,2025-07-21 08:00:00,4N3Đ,11672360,"[""Trải nghiệm relax"", ""Trải nghiệm nature"", ""Trải nghiệm beach""]","[""Côn Đảo""]","[""relax"", ""nature"", ""beach"", ""spiritual""]","[""https://picsum.photos/seed/tour-165-1/900/600"", ""https://picsum.photos/seed/tour-165-2/900/600"", ""https://picsum.photos/seed/tour-165-3/900/600""]","[{""day"": 1, ""title"": ""Ngày 1 tại Côn Đảo""}, {""day"": 2, ""title"": ""Ngày 2 tại Côn Đảo""}, {""day"": 3, ""title"": ""Ngày 3 tại Côn Đảo""}, {""day"": 4, ""title"": ""Ngày 4 tại Côn Đảo""}]","[""Xe đưa đón"", ""Hướng dẫn viên"", ""Vé tham quan""]","[""Chi phí cá nhân"", ""VAT""]","[{""month"": 3, ""available"": true}, {""month"": 6, ""available"": true}, {""month"": 9, ""available"": true}, {""month"": 12, ""available"": true}]","{""type"": ""car""}"
166,Tour Sa Pa 4N3Đ: Tiết Kiệm Nature,Sa Pa,6610000,4,"Hành trình Sa Pa 4 ngày dành cho du khách yêu thích nature, adventure, mountain.",7.9,101,bestprice,https://synthetic.example.com/tours/166,winter,https://picsum.photos/seed/tour-166/900/600,2026-04-16 08:00:00,2026-05-02 08:00:00,4N3Đ,6842283,"[""Trải nghiệm nature"", ""Trải nghiệm adventure"", ""Trải nghiệm mountain""]","[""Sa Pa""]","[""nature"", ""adventure"", ""mountain"", ""photography""]","[""https://picsum.photos/seed/tour-166-1/900/600"", ""https://picsum.photos/seed/tour-166-2/900/600"", ""https://picsum.photos/seed/tour-166-3/900/600""]","[{""day"": 1, ""title"": ""Ngày 1 tại Sa Pa""}, {""day"": 2, ""title"": ""Ngày 2 tại Sa Pa""}, {""day"": 3, ""title"": ""Ngày 3 tại Sa Pa""}, {""day"": 4, ""title"": ""Ngày 4 tại Sa Pa""}]","[""Xe đưa đón"", ""Hướng dẫn viên"", ""Vé tham quan""]","[""Chi phí cá nhân"", ""VAT""]","[{""month"": 3, ""available"": true}, {""month"": 6, ""available"": true}, {""month"": 9, ""available"": true}, {""month"": 12, ""available"": true}]","{""type"": ""cruise""}"
167,Tour Hạ Long 3N2Đ: Check-in Luxury,Hạ Long,9750000,3,"Hành trình Hạ Long 3 ngày dành cho du khách yêu thích luxury, beach, family.",8.5,4,traveloka,https://synthetic.example.com/tours/167,summer,https://picsum.photos/seed/tour-167/900/600,2025-07-21 08:00:00,2025-08-03 08:00:00,3N2Đ,11330465,"[""Trải nghiệm luxury"", ""Trải nghiệm beach"", ""Trải nghiệm family""]","[""Hạ Long""]","[""luxury"", ""beach"", ""family"", ""cruise""]","[""https://picsum.photos/seed/tour-167-1/900/600"", ""https://picsum.photos/seed/tour-167-2/900/600"", ""https://picsum.photos/seed/tour-167-3/900/600""]","[{""day"": 1, ""title"": ""Ngày 1 tại Hạ Long""}, {""day"": 2, ""title"": ""Ngày 2 tại Hạ Long""}, {""day"": 3, ""title"": ""Ngày 3 tại Hạ Long""}]","[""Xe đưa đón"", ""Hướng dẫn viên"", ""Vé tham quan""]","[""Chi phí cá nhân"", ""VAT""]","[{""month"": 3, ""available"": true}, {""month"": 6, ""available"": true}, {""month"": 9, ""available"": true}, {""month"": 12, ""available"": true}]","{""type"": ""flight""}"
168,Tour Phú Quốc 3N2Đ: Nghỉ Dưỡng Relax,Phú Quốc,6140000,3,"Hành trình Phú Quốc 3 ngày dành cho du khách yêu thích relax, family, water_sports.",8.9,101,traveloka,https://synthetic.example.com/tours/168,summer,https://picsum.photos/seed/tour-168/900/600,2025-08-12 08:00:00,2025-09-11 08:00:00,3N2Đ,6368167,"[""Trải nghiệm relax"", ""Trải nghiệm family"", ""Trải nghiệm water_sports""]","[""Phú Quốc""]","[""relax"", ""family"", ""water_sports"", ""beach""]","[""https://picsum.photos/seed/tour-168-1/900/600"", ""https://picsum.photos/seed/tour-168-2/900/600"", ""https://picsum.photos/seed/tour-168-3/900/600""]","[{""day"": 1, ""title"": ""Ngày 1 tại Phú Quốc""}, {""day"": 2, ""title"": ""Ngày 2 tại Phú Quốc""}, {""day"": 3, ""title"": ""Ngày 3 tại Phú Quốc""}]","[""Xe đưa đón"", ""Hướng dẫn viên"", ""Vé tham quan""]","[""Chi phí cá nhân"", ""VAT""]","[{""month"": 3, ""available"": true}, {""month"": 6, ""available"": true}, {""month"": 9, ""available"": true}, {""month"": 12, ""available"": true}]","{""type"": ""flight""}"
169,Tour Phú Quốc 5N4Đ: Check-in Relax,Phú Quốc,5620000,5,"Hành trình Phú Quốc 5 ngày dành cho du khách yêu thích relax, water_sports, family.",8.8,5,klook,https://synthetic.example.com/tours/169,summer,https://picsum.photos/seed/tour-169/900/600,2025-06-18 08:00:00,2025-06-18 08:00:00,5N4Đ,6504888,"[""Trải nghiệm relax"", ""Trải nghiệm water_sports"", ""Trải nghiệm family""]","[""Phú Quốc""]","[""relax"", ""water_sports"", ""family"", ""luxury""]","[""https://picsum.photos/seed/tour-169-1/900/600"", ""https://picsum.photos/seed/tour-169-2/900/600"", ""https://picsum.photos/seed/tour-169-3/900/600""]","[{""day"": 1, ""title"": ""Ngày 1 tại Phú Quốc""}, {""day"": 2, ""title"": ""Ngày 2 tại Phú Quốc""}, {""day"": 3, ""title"": ""Ngày 3 tại Phú Quốc""}, {""day"": 4, ""title"": ""Ngày 4 tại Phú Quốc""}, {""day"": 5, ""title"": ""Ngày 5 tại Phú Quốc""}]","[""Xe đưa đón"", ""Hướng dẫn viên"", ""Vé tham quan""]","[""Chi phí cá nhân"", ""VAT""]","[{""month"": 3, ""available"": true}, {""month"": 6, ""available"": true}, {""month"": 9, ""available"": true}, {""month"": 12, ""available"": true}]","{""type"": ""flight""}"
170,Tour Phú Quốc 3N2Đ: Check-in Luxury,Phú Quốc,14230000,3,"Hành trình Phú Quốc 3 ngày dành cho du khách yêu thích luxury, family, water_sports.",8.1,81,traveloka,https://synthetic.example.com/tours/170,summer,https://picsum.photos/seed/tour-170/900/600,2026-02-07 08:00:00,2026-03-07 08:00:00,3N2Đ,14260037,"[""Trải nghiệm luxury"", ""Trải nghiệm family"", ""Trải nghiệm water_sports""]","[""Phú Quốc""]","[""luxury"", ""family"", ""water_sports"", ""beach""]","[""https://picsum.photos/seed/tour-170-1/900/600"", ""https://picsum.photos/seed/tour-170-2/900/600"", ""https://picsum.photos/seed/tour-170-3/900/600""]","[{""day"": 1, ""title"": ""Ngày 1 tại Phú Quốc""}, {""day"": 2, ""title"": ""Ngày 2 tại Phú Quốc""}, {""day"": 3, ""title"": ""Ngày 3 tại Phú Quốc""}]","[""Xe đưa đón"", ""Hướng dẫn viên"", ""Vé tham quan""]","[""Chi phí cá nhân"", ""VAT""]","[{""month"": 3, ""available"": true}, {""month"": 6, ""available"": true}, {""month"": 9, ""available"": true}, {""month"": 12, ""available"": true}]","{""type"": ""car""}"
171,Tour Đà Nẵng 5N4Đ: Gia Đình City,Đà Nẵng,5570000,5,"Hành trình Đà Nẵng 5 ngày dành cho du khách yêu thích city, beach, water_sports.",9.6,87,traveloka,https://synthetic.example.com/tours/171,summer,https://picsum.photos/seed/tour-171/900/600,2026-07-25 08:00:00,2026-08-19 08:00:00,5N4Đ,6900861,"[""Trải nghiệm city"", ""Trải nghiệm beach"", ""Trải nghiệm water_sports""]","[""Đà Nẵng""]","[""city"", ""beach"", ""water_sports"", ""family""]","[""https://picsum.photos/seed/tour-171-1/900/600"", ""https://picsum.photos/seed/tour-171-2/900/600"", ""https://picsum.photos/seed/tour-171-3/900/600""]","[{""day"": 1, ""title"": ""Ngày 1 tại Đà Nẵng""}, {""day"": 2, ""title"": ""Ngày 2 tại Đà Nẵng""}, {""day"": 3, ""title"": ""Ngày 3 tại Đà Nẵng""}, {""day"": 4, ""title"": ""Ngày 4 tại Đà Nẵng""}, {""day"": 5, ""title"": ""Ngày 5 tại Đà Nẵng""}]","[""Xe đưa đón"", ""Hướng dẫn viên"", ""Vé tham quan""]","[""Chi phí cá nhân"", ""VAT""]","[{""month"": 3, ""available"": true}, {""month"": 6, ""available"": true}, {""month"": 9, ""available"": true}, {""month"": 12, ""available"": true}]","{""type"": ""flight""}"
172,Tour Phú Quốc 5N4Đ: Tiết Kiệm Water Sports,Phú Quốc,7580000,5,"Hành trình Phú Quốc 5 ngày dành cho du khách yêu thích water_sports, family, luxury.",7.6,79,klook,https://synthetic.example.com/tours/172,summer,https://picsum.photos/seed/tour-172/900/600,2025-07-19 08:00:00,2025-08-15 08:00:00,5N4Đ,7611712,"[""Trải nghiệm water_sports"", ""Trải nghiệm family"", ""Trải nghiệm luxury""]","[""Phú Quốc""]","[""water_sports"", ""family"", ""luxury"", ""relax""]","[""https://picsum.photos/seed/tour-172-1/900/600"", ""https://picsum.photos/seed/tour-172-2/900/600"", ""https://picsum.photos/seed/tour-172-3/900/600""]","[{""day"": 1, ""title"": ""Ngày 1 tại Phú Quốc""}, {""day"": 2, ""title"": ""Ngày 2 tại Phú Quốc""}, {""day"": 3, ""title"": ""Ngày 3 tại Phú Quốc""}, {""day"": 4, ""title"": ""Ngày 4 tại Phú Quốc""}, {""day"": 5, ""title"": ""Ngày 5 tại Phú Quốc""}]","[""Xe đưa đón"", ""Hướng dẫn viên"", ""Vé tham quan""]","[""Chi phí cá nhân"", ""VAT""]","[{""month"": 3, ""available"": true}, {""month"": 6, ""available"": true}, {""month"": 9, ""available"": true}, {""month"": 12, ""available"": true}]","{""type"": ""cruise""}"
173,Tour Sa Pa 3N2Đ: Gia Đình Culture,Sa Pa,7150000,3,"Hành trình Sa Pa 3 ngày dành cho du khách yêu thích culture, photography, adventure.",9.4,6,klook,https://synthetic.example.com/tours/173,winter,https://picsum.photos/seed/tour-173/900/600,2024-11-20 08:00:00,2024-12-15 08:00:00,3N2Đ,7770784,"[""Trải nghiệm culture"", ""Trải nghiệm photography"", ""Trải nghiệm adventure""]","[""Sa Pa""]","[""culture"", ""photography"", ""adventure"", ""mountain""]","[""https://picsum.photos/seed/tour-173-1/900/600"", ""https://picsum.photos/seed/tour-173-2/900/600"", ""https://picsum.photos/seed/tour-173-3/900/600""]","[{""day"": 1, ""title"": ""Ngày 1 tại Sa Pa""}, {""day"": 2, ""title"": ""Ngày 2 tại Sa Pa""}, {""day"": 3, ""title"": ""Ngày 3 tại Sa Pa""}]","[""Xe đưa đón"", ""Hướng dẫn viên"", ""Vé tham quan""]","[""Chi phí cá nhân"", ""VAT""]","[{""month"": 3, ""available"": true}, {""month"": 6, ""available"": true}, {""month"": 9, ""available"": true}, {""month"": 12, ""available"": true}]","{""type"": ""bus""}"
174,Tour Đà Nẵng 5N4Đ: Khám Phá Beach,Đà Nẵng,5910000,5,"Hành trình Đà Nẵng 5 ngày dành cho du khách yêu thích beach, city, food.",9.4,38,traveloka,https://synthetic.example.com/tours/174,summer,https://picsum.photos/seed/tour-174/900/600,2026-03-27 08:00:00,2026-04-13 08:00:00,5N4Đ,6949004,"[""Trải nghiệm beach"", ""Trải nghiệm city"", ""Trải nghiệm food""]","[""Đà Nẵng""]","[""beach"", ""city"", ""food"", ""water_sports""]","[""https://picsum.photos/seed/tour-174-1/900/600"", ""https://picsum.photos/seed/tour-174-2/900/600"", ""https://picsum.photos/seed/tour-174-3/900/600""]","[{""day"": 1, ""title"": ""Ngày 1 tại Đà Nẵng""}, {""day"": 2, ""title"": ""Ngày 2 tại Đà Nẵng""}, {""day"": 3, ""title"": ""Ngày 3 tại Đà Nẵng""}, {""day"": 4, ""title"": ""Ngày 4 tại Đà Nẵng""}, {""day"": 5, ""title"": ""Ngày 5 tại Đà Nẵng""}]","[""Xe đưa đón"", ""Hướng dẫn viên"", ""Vé tham quan""]","[""Chi phí cá nhân"", ""VAT""]","[{""month"": 3, ""available"": true}, {""month"": 6, ""available"": true}, {""month"": 9, ""available"": true}, {""month"": 12, ""available"": true}]","{""type"": ""cruise""}"
175,Tour Nha Trang 4N3Đ: Cao Cấp Food,Nha Trang,5040000,4,"Hành trình Nha Trang 4 ngày dành cho du khách yêu thích food, family, nightlife.",8.4,87,traveloka,https://synthetic.example.com/tours/175,summer,https://picsum.photos/seed/tour-175/900/600,2025-10-31 08:00:00,2025-11-05 08:00:00,4N3Đ,5140178,"[""Trải nghiệm food"", ""Trải nghiệm family"", ""Trải nghiệm nightlife""]","[""Nha Trang""]","[""food"", ""family"", ""nightlife"", ""water_sports""]","[""https://picsum.photos/seed/tour-175-1/900/600"", ""https://picsum.photos/seed/tour-175-2/900/600"", ""https://picsum.photos/seed/tour-175-3/900/600""]","[{""day"": 1, ""title"": ""Ngày 1 tại Nha Trang""}, {""day"": 2, ""title"": ""Ngày 2 tại Nha Trang""}, {""day"": 3, ""title"": ""Ngày 3 tại Nha Trang""}, {""day"": 4, ""title"": ""Ngày 4 tại Nha Trang""}]","[""Xe đưa đón"", ""Hướng dẫn viên"", ""Vé tham quan""]","[""Chi phí cá nhân"", ""VAT""]","[{""month"": 3, ""available"": true}, {""month"": 6, ""available"": true}, {""month"": 9, ""available"": true}, {""month"": 12, ""available"": true}]","{""type"": ""flight""}"
176,Tour Phú Quốc 5N4Đ: Cao Cấp Family,Phú Quốc,7390000,5,"Hành trình Phú Quốc 5 ngày dành cho du khách yêu thích family, relax, water_sports.",9.1,92,klook,https://synthetic.example.com/tours/176,summer,https://picsum.photos/seed/tour-176/900/600,2026-04-01 08:00:00,2026-04-07 08:00:00,5N4Đ,8606920,"[""Trải nghiệm family"", ""Trải nghiệm relax"", ""Trải nghiệm water_sports""]","[""Phú Quốc""]","[""family"", ""relax"", ""water_sports"", ""beach""]","[""https://picsum.photos/seed/tour-176-1/900/600"", ""https://picsum.photos/seed/tour-176-2/900/600"", ""https://picsum.photos/seed/tour-176-3/900/600""]","[{""day"": 1, ""title"": ""Ngày 1 tại Phú Quốc""}, {""day"": 2, ""title"": ""Ngày 2 tại Phú Quốc""}, {""day"": 3, ""title"": ""Ngày 3 tại Phú Quốc""}, {""day"": 4, ""title"": ""Ngày 4 tại Phú Quốc""}, {""day"": 5, ""title"": ""Ngày 5 tại Phú Quốc""}]","[""Xe đưa đón"", ""Hướng dẫn viên"", ""Vé tham quan""]","[""Chi phí cá nhân"", ""VAT""]","[{""month"": 3, ""available"": true}, {""month"": 6, ""available"": true}, {""month"": 9, ""available"": true}, {""month"": 12, ""available"": true}]","{""type"": ""car""}"
177,Tour Hạ Long 4N3Đ: Ẩm Thực Beach,Hạ Long,11590000,4,"Hành trình Hạ Long 4 ngày dành cho du khách yêu thích beach, luxury, photography.",7.5,90,traveloka,https://synthetic.example.com/tours/177,summer,https://picsum.photos/seed/tour-177/900/600,2024-09-18 08:00:00,2024-09-22 08:00:00,4N3Đ,13917630,"[""Trải nghiệm beach"", ""Trải nghiệm luxury"", ""Trải nghiệm photography""]","[""Hạ Long""]","[""beach"", ""luxury"", ""photography"", ""cruise""]","[""https://picsum.photos/seed/tour-177-1/900/600"", ""https://picsum.photos/seed/tour-177-2/900/600"", ""https://picsum.photos/seed/tour-177-3/900/600""]","[{""day"": 1, ""title"": ""Ngày 1 tại Hạ Long""}, {""day"": 2, ""title"": ""Ngày 2 tại Hạ Long""}, {""day"": 3, ""title"": ""Ngày 3 tại Hạ Long""}, {""day"": 4, ""title"": ""Ngày 4 tại Hạ Long""}]","[""Xe đưa đón"", ""Hướng dẫn viên"", ""Vé tham quan""]","[""Chi phí cá nhân"", ""VAT""]","[{""month"": 3, ""available"": true}, {""month"": 6, ""available"": true}, {""month"": 9, ""available"": true}, {""month"": 12, ""available"": true}]","{""type"": ""bus""}"
178,Tour Nha Trang 3N2Đ: Nghỉ Dưỡng Food,Nha Trang,4150000,3,"Hành trình Nha Trang 3 ngày dành cho du khách yêu thích food, family, beach.",9.3,40,bestprice,https://synthetic.example.com/tours/178,summer,https://picsum.photos/seed/tour-178/900/600,2025-11-22 08:00:00,2025-12-04 08:00:00,3N2Đ,4931778,"[""Trải nghiệm food"", ""Trải nghiệm family"", ""Trải nghiệm beach""]","[""Nha Trang""]","[""food"", ""family"", ""beach"", ""water_sports""]","[""https://picsum.photos/seed/tour-178-1/900/600"", ""https://picsum.photos/seed/tour-178-2/900/600"", ""https://picsum.photos/seed/tour-178-3/900/600""]","[{""day"": 1, ""title"": ""Ngày 1 tại Nha Trang""}, {""day"": 2, ""title"": ""Ngày 2 tại Nha Trang""}, {""day"": 3, ""title"": ""Ngày 3 tại Nha Trang""}]","[""Xe đưa đón"", ""Hướng dẫn viên"", ""Vé tham quan""]","[""Chi phí cá nhân"", ""VAT""]","[{""month"": 3, ""available"": true}, {""month"": 6, ""available"": true}, {""month"": 9, ""available"": true}, {""month"": 12, ""available"": true}]","{""type"": ""bus""}"
179,Tour Phú Quốc 3N2Đ: Nghỉ Dưỡng Beach,Phú Quốc,5280000,3,"Hành trình Phú Quốc 3 ngày dành cho du khách yêu thích beach, romantic, water_sports.",9.5,68,klook,https://synthetic.example.com/tours/179,summer,https://picsum.photos/seed/tour-179/900/600,2026-07-13 08:00:00,2026-07-21 08:00:00,3N2Đ,6450033,"[""Trải nghiệm beach"", ""Trải nghiệm romantic"", ""Trải nghiệm water_sports""]","[""Phú Quốc""]","[""beach"", ""romantic"", ""water_sports"", ""relax""]","[""https://picsum.photos/seed/tour-179-1/900/600"", ""https://picsum.photos/seed/tour-179-2/900/600"", ""https://picsum.photos/seed/tour-179-3/900/600""]","[{""day"": 1, ""title"": ""Ngày 1 tại Phú Quốc""}, {""day"": 2, ""title"": ""Ngày 2 tại Phú Quốc""}, {""day"": 3, ""title"": ""Ngày 3 tại Phú Quốc""}]","[""Xe đưa đón"", ""Hướng dẫn viên"", ""Vé tham quan""]","[""Chi phí cá nhân"", ""VAT""]","[{""month"": 3, ""available"": true}, {""month"": 6, ""available"": true}, {""month"": 9, ""available"": true}, {""month"": 12, ""available"": true}]","{""type"": ""car""}"
180,Tour Đà Lạt 4N3Đ: Gia Đình Romantic,Đà Lạt,5160000,4,"Hành trình Đà Lạt 4 ngày dành cho du khách yêu thích romantic, food, nature.",9.3,30,traveloka,https://synthetic.example.com/tours/180,winter,https://picsum.photos/seed/tour-180/900/600,2025-11-01 08:00:00,2025-11-01 08:00:00,4N3Đ,6000599,"[""Trải nghiệm romantic"", ""Trải nghiệm food"", ""Trải nghiệm nature""]","[""Đà Lạt""]","[""romantic"", ""food"", ""nature"", ""mountain""]","[""https://picsum.photos/seed/tour-180-1/900/600"", ""https://picsum.photos/seed/tour-180-2/900/600"", ""https://picsum.photos/seed/tour-180-3/900/600""]","[{""day"": 1, ""title"": ""Ngày 1 tại Đà Lạt""}, {""day"": 2, ""title"": ""Ngày 2 tại Đà Lạt""}, {""day"": 3, ""title"": ""Ngày 3 tại Đà Lạt""}, {""day"": 4, ""title"": ""Ngày 4 tại Đà Lạt""}]","[""Xe đưa đón"", ""Hướng dẫn viên"", ""Vé tham quan""]","[""Chi phí cá nhân"", ""VAT""]","[{""month"": 3, ""available"": true}, {""month"": 6, ""available"": true}, {""month"": 9, ""available"": true}, {""month"": 12, ""available"": true}]","{""type"": ""flight""}"
181,Tour Đà Nẵng 5N4Đ: Gia Đình Food,Đà Nẵng,5530000,5,"Hành trình Đà Nẵng 5 ngày dành cho du khách yêu thích food, city, photography.",8.0,103,klook,https://synthetic.example.com/tours/181,summer,https://picsum.photos/seed/tour-181/900/600,2025-12-19 08:00:00,2025-12-31 08:00:00,5N4Đ,6885246,"[""Trải nghiệm food"", ""Trải nghiệm city"", ""Trải nghiệm photography""]","[""Đà Nẵng""]","[""food"", ""city"", ""photography"", ""family""]","[""https://picsum.photos/seed/tour-181-1/900/600"", ""https://picsum.photos/seed/tour-181-2/900/600"", ""https://picsum.photos/seed/tour-181-3/900/600""]","[{""day"": 1, ""title"": ""Ngày 1 tại Đà Nẵng""}, {""day"": 2, ""title"": ""Ngày 2 tại Đà Nẵng""}, {""day"": 3, ""title"": ""Ngày 3 tại Đà Nẵng""}, {""day"": 4, ""title"": ""Ngày 4 tại Đà Nẵng""}, {""day"": 5, ""title"": ""Ngày 5 tại Đà Nẵng""}]","[""Xe đưa đón"", ""Hướng dẫn viên"", ""Vé tham quan""]","[""Chi phí cá nhân"", ""VAT""]","[{""month"": 3, ""available"": true}, {""month"": 6, ""available"": true}, {""month"": 9, ""available"": true}, {""month"": 12, ""available"": true}]","{""type"": ""cruise""}"
182,Tour TP. Hồ Chí Minh 2N1Đ: Cao Cấp Shopping,TP. Hồ Chí Minh,5640000,2,"Hành trình TP. Hồ Chí Minh 2 ngày dành cho du khách yêu thích shopping, nightlife, history.",9.5,25,bestprice,https://synthetic.example.com/tours/182,all,https://picsum.photos/seed/tour-182/900/600,2026-07-18 08:00:00,2026-07-25 08:00:00,2N1Đ,5706926,"[""Trải nghiệm shopping"", ""Trải nghiệm nightlife"", ""Trải nghiệm history""]","[""TP. Hồ Chí Minh""]","[""shopping"", ""nightlife"", ""history"", ""city""]","[""https://picsum.photos/seed/tour-182-1/900/600"", ""https://picsum.photos/seed/tour-182-2/900/600"", ""https://picsum.photos/seed/tour-182-3/900/600""]","[{""day"": 1, ""title"": ""Ngày 1 tại TP. Hồ Chí Minh""}, {""day"": 2, ""title"": ""Ngày 2 tại TP. Hồ Chí Minh""}]","[""Xe đưa đón"", ""Hướng dẫn viên"", ""Vé tham quan""]","[""Chi phí cá nhân"", ""VAT""]","[{""month"": 3, ""available"": true}, {""month"": 6, ""available"": true}, {""month"": 9, ""available"": true}, {""month"": 12, ""available"": true}]","{""type"": ""car""}"
183,Tour Côn Đảo 5N4Đ: Check-in Nature,Côn Đảo,6720000,5,"Hành trình Côn Đảo 5 ngày dành cho du khách yêu thích nature, beach, history.",8.9,109,klook,https://synthetic.example.com/tours/183,summer,https://picsum.photos/seed/tour-183/900/600,2026-04-26 08:00:00,2026-04-28 08:00:00,5N4Đ,7072301,"[""Trải nghiệm nature"", ""Trải nghiệm beach"", ""Trải nghiệm history""]","[""Côn Đảo""]","[""nature"", ""beach"", ""history"", ""spiritual""]","[""https://picsum.photos/seed/tour-183-1/900/600"", ""https://picsum.photos/seed/tour-183-2/900/600"", ""https://picsum.photos/seed/tour-183-3/900/600""]","[{""day"": 1, ""title"": ""Ngày 1 tại Côn Đảo""}, {""day"": 2, ""title"": ""Ngày 2 tại Côn Đảo""}, {""day"": 3, ""title"": ""Ngày 3 tại Côn Đảo""}, {""day"": 4, ""title"": ""Ngày 4 tại Côn Đảo""}, {""day"": 5, ""title"": ""Ngày 5 tại Côn Đảo""}]","[""Xe đưa đón"", ""Hướng dẫn viên"", ""Vé tham quan""]","[""Chi phí cá nhân"", ""VAT""]","[{""month"": 3, ""available"": true}, {""month"": 6, ""available"": true}, {""month"": 9, ""available"": true}, {""month"": 12, ""available"": true}]","{""type"": ""bus""}"
184,Tour Hạ Long 3N2Đ: Ẩm Thực Family,Hạ Long,5580000,3,"Hành trình Hạ Long 3 ngày dành cho du khách yêu thích family, luxury, photography.",7.6,35,bestprice,https://synthetic.example.com/tours/184,summer,https://picsum.photos/seed/tour-184/900/600,2024-11-25 08:00:00,2024-12-25 08:00:00,3N2Đ,6414576,"[""Trải nghiệm family"", ""Trải nghiệm luxury"", ""Trải nghiệm photography""]","[""Hạ Long""]","[""family"", ""luxury"", ""photography"", ""beach""]","[""https://picsum.photos/seed/tour-184-1/900/600"", ""https://picsum.photos/seed/tour-184-2/900/600"", ""https://picsum.photos/seed/tour-184-3/900/600""]","[{""day"": 1, ""title"": ""Ngày 1 tại Hạ Long""}, {""day"": 2, ""title"": ""Ngày 2 tại Hạ Long""}, {""day"": 3, ""title"": ""Ngày 3 tại Hạ Long""}]","[""Xe đưa đón"", ""Hướng dẫn viên"", ""Vé tham quan""]","[""Chi phí cá nhân"", ""VAT""]","[{""month"": 3, ""available"": true}, {""month"": 6, ""available"": true}, {""month"": 9, ""available"": true}, {""month"": 12, ""available"": true}]","{""type"": ""bus""}"
185,Tour Đà Lạt 4N3Đ: Gia Đình Food,Đà Lạt,4000000,4,"Hành trình Đà Lạt 4 ngày dành cho du khách yêu thích food, nature, mountain.",8.9,82,bestprice,https://synthetic.example.com/tours/185,winter,https://picsum.photos/seed/tour-185/900/600,2025-05-22 08:00:00,2025-06-18 08:00:00,4N3Đ,4618056,"[""Trải nghiệm food"", ""Trải nghiệm nature"", ""Trải nghiệm mountain""]","[""Đà Lạt""]","[""food"", ""nature"", ""mountain"", ""romantic""]","[""https://picsum.photos/seed/tour-185-1/900/600"", ""https://picsum.photos/seed/tour-185-2/900/600"", ""https://picsum.photos/seed/tour-185-3/900/600""]","[{""day"": 1, ""title"": ""Ngày 1 tại Đà Lạt""}, {""day"": 2, ""title"": ""Ngày 2 tại Đà Lạt""}, {""day"": 3, ""title"": ""Ngày 3 tại Đà Lạt""}, {""day"": 4, ""title"": ""Ngày 4 tại Đà Lạt""}]","[""Xe đưa đón"", ""Hướng dẫn viên"", ""Vé tham quan""]","[""Chi phí cá nhân"", ""VAT""]","[{""month"": 3, ""available"": true}, {""month"": 6, ""available"": true}, {""month"": 9, ""available"": true}, {""month"": 12, ""available"": true}]","{""type"": ""bus""}"
186,Tour Huế 3N2Đ: Ẩm Thực Spiritual,Huế,6850000,3,"Hành trình Huế 3 ngày dành cho du khách yêu thích spiritual, food, history.",9.0,61,bestprice,https://synthetic.example.com/tours/186,spring,https://picsum.photos/seed/tour-186/900/600,2025-01-28 08:00:00,2025-02-26 08:00:00,3N2Đ,8404311,"[""Trải nghiệm spiritual"", ""Trải nghiệm food"", ""Trải nghiệm history""]","[""Huế""]","[""spiritual"", ""food"", ""history"", ""culture""]","[""https://picsum.photos/seed/tour-186-1/900/600"", ""https://picsum.photos/seed/tour-186-2/900/600"", ""https://picsum.photos/seed/tour-186-3/900/600""]","[{""day"": 1, ""title"": ""Ngày 1 tại Huế""}, {""day"": 2, ""title"": ""Ngày 2 tại Huế""}, {""day"": 3, ""title"": ""Ngày 3 tại Huế""}]","[""Xe đưa đón"", ""Hướng dẫn viên"", ""Vé tham quan""]","[""Chi phí cá nhân"", ""VAT""]","[{""month"": 3, ""available"": true}, {""month"": 6, ""available"": true}, {""month"": 9, ""available"": true}, {""month"": 12, ""available"": true}]","{""type"": ""cruise""}"
187,Tour Huế 4N3Đ: Nghỉ Dưỡng History,Huế,4850000,4,"Hành trình Huế 4 ngày dành cho du khách yêu thích history, spiritual, city.",9.4,44,bestprice,https://synthetic.example.com/tours/187,spring,https://picsum.photos/seed/tour-187/900/600,2025-07-12 08:00:00,2025-08-05 08:00:00,4N3Đ,5367489,"[""Trải nghiệm history"", ""Trải nghiệm spiritual"", ""Trải nghiệm city""]","[""Huế""]","[""history"", ""spiritual"", ""city"", ""food""]","[""https://picsum.photos/seed/tour-187-1/900/600"", ""https://picsum.photos/seed/tour-187-2/900/600"", ""https://picsum.photos/seed/tour-187-3/900/600""]","[{""day"": 1, ""title"": ""Ngày 1 tại Huế""}, {""day"": 2, ""title"": ""Ngày 2 tại Huế""}, {""day"": 3, ""title"": ""Ngày 3 tại Huế""}, {""day"": 4, ""title"": ""Ngày 4 tại Huế""}]","[""Xe đưa đón"", ""Hướng dẫn viên"", ""Vé tham quan""]","[""Chi phí cá nhân"", ""VAT""]","[{""month"": 3, ""available"": true}, {""month"": 6, ""available"": true}, {""month"": 9, ""available"": true}, {""month"": 12, ""available"": true}]","{""type"": ""flight""}"
188,Tour Hà Nội 2N1Đ: Cao Cấp History,Hà Nội,2280000,2,"Hành trình Hà Nội 2 ngày dành cho du khách yêu thích history, food, city.",7.5,73,bestprice,https://synthetic.example.com/tours/188,autumn,https://picsum.photos/seed/tour-188/900/600,2026-06-13 08:00:00,2026-06-20 08:00:00,2N1Đ,2400723,"[""Trải nghiệm history"", ""Trải nghiệm food"", ""Trải nghiệm city""]","[""Hà Nội""]","[""history"", ""food"", ""city"", ""shopping""]","[""https://picsum.photos/seed/tour-188-1/900/600"", ""https://picsum.photos/seed/tour-188-2/900/600"", ""https://picsum.photos/seed/tour-188-3/900/600""]","[{""day"": 1, ""title"": ""Ngày 1 tại Hà Nội""}, {""day"": 2, ""title"": ""Ngày 2 tại Hà Nội""}]","[""Xe đưa đón"", ""Hướng dẫn viên"", ""Vé tham quan""]","[""Chi phí cá nhân"", ""VAT""]","[{""month"": 3, ""available"": true}, {""month"": 6, ""available"": true}, {""month"": 9, ""available"": true}, {""month"": 12, ""available"": true}]","{""type"": ""bus""}"
189,Tour TP. Hồ Chí Minh 4N3Đ: Nghỉ Dưỡng Nightlife,TP. Hồ Chí Minh,2850000,4,"Hành trình TP. Hồ Chí Minh 4 ngày dành cho du khách yêu thích nightlife, shopping, food.",7.7,89,bestprice,https://synthetic.example.com/tours/189,all,https://picsum.photos/seed/tour-189/900/600,2024-11-25 08:00:00,2024-11-26 08:00:00,4N3Đ,3263674,"[""Trải nghiệm nightlife"", ""Trải nghiệm shopping"", ""Trải nghiệm food""]","[""TP. Hồ Chí Minh""]","[""nightlife"", ""shopping"", ""food"", ""city""]","[""https://picsum.photos/seed/tour-189-1/900/600"", ""https://picsum.photos/seed/tour-189-2/900/600"", ""https://picsum.photos/seed/tour-189-3/900/600""]","[{""day"": 1, ""title"": ""Ngày 1 tại TP. Hồ Chí Minh""}, {""day"": 2, ""title"": ""Ngày 2 tại TP. Hồ Chí Minh""}, {""day"": 3, ""title"": ""Ngày 3 tại TP. Hồ Chí Minh""}, {""day"": 4, ""title"": ""Ngày 4 tại TP. Hồ Chí Minh""}]","[""Xe đưa đón"", ""Hướng dẫn viên"", ""Vé tham quan""]","[""Chi phí cá nhân"", ""VAT""]","[{""month"": 3, ""available"": true}, {""month"": 6, ""available"": true}, {""month"": 9, ""available"": true}, {""month"": 12, ""available"": true}]","{""type"": ""car""}"
190,Tour Nha Trang 4N3Đ: Tiết Kiệm Family,Nha Trang,9710000,4,"Hành trình Nha Trang 4 ngày dành cho du khách yêu thích family, nightlife, water_sports.",9.4,24,bestprice,https://synthetic.example.com/tours/190,summer,https://picsum.photos/seed/tour-190/900/600,2025-01-17 08:00:00,2025-01-18 08:00:00,4N3Đ,10364719,"[""Trải nghiệm family"", ""Trải nghiệm nightlife"", ""Trải nghiệm water_sports""]","[""Nha Trang""]","[""family"", ""nightlife"", ""water_sports"", ""beach""]","[""https://picsum.photos/seed/tour-190-1/900/600"", ""https://picsum.photos/seed/tour-190-2/900/600"", ""https://picsum.photos/seed/tour-190-3/900/600""]","[{""day"": 1, ""title"": ""Ngày 1 tại Nha Trang""}, {""day"": 2, ""title"": ""Ngày 2 tại Nha Trang""}, {""day"": 3, ""title"": ""Ngày 3 tại Nha Trang""}, {""day"": 4, ""title"": ""Ngày 4 tại Nha Trang""}]","[""Xe đưa đón"", ""Hướng dẫn viên"", ""Vé tham quan""]","[""Chi phí cá nhân"", ""VAT""]","[{""month"": 3, ""available"": true}, {""month"": 6, ""available"": true}, {""month"": 9, ""available"": true}, {""month"": 12, ""available"": true}]","{""type"": ""flight""}"
191,Tour Hội An 4N3Đ: Check-in History,Hội An,6590000,4,"Hành trình Hội An 4 ngày dành cho du khách yêu thích history, photography, romantic.",7.5,40,klook,https://synthetic.example.com/tours/191,autumn,https://picsum.photos/seed/tour-191/900/600,2026-05-11 08:00:00,2026-05-12 08:00:00,4N3Đ,7217976,"[""Trải nghiệm history"", ""Trải nghiệm photography"", ""Trải nghiệm romantic""]","[""Hội An""]","[""history"", ""photography"", ""romantic"", ""food""]","[""https://picsum.photos/seed/tour-191-1/900/600"", ""https://picsum.photos/seed/tour-191-2/900/600"", ""https://picsum.photos/seed/tour-191-3/900/600""]","[{""day"": 1, ""title"": ""Ngày 1 tại Hội An""}, {""day"": 2, ""title"": ""Ngày 2 tại Hội An""}, {""day"": 3, ""title"": ""Ngày 3 tại Hội An""}, {""day"": 4, ""title"": ""Ngày 4 tại Hội An""}]","[""Xe đưa đón"", ""Hướng dẫn viên"", ""Vé tham quan""]","[""Chi phí cá nhân"", ""VAT""]","[{""month"": 3, ""available"": true}, {""month"": 6, ""available"": true}, {""month"": 9, ""available"": true}, {""month"": 12, ""available"": true}]","{""type"": ""car""}"
192,Tour TP. Hồ Chí Minh 2N1Đ: Cao Cấp Nightlife,TP. Hồ Chí Minh,4770000,2,"Hành trình TP. Hồ Chí Minh 2 ngày dành cho du khách yêu thích nightlife, city, history.",9.4,30,klook,https://synthetic.example.com/tours/192,all,https://picsum.photos/seed/tour-192/900/600,2025-12-03 08:00:00,2025-12-29 08:00:00,2N1Đ,5066468,"[""Trải nghiệm nightlife"", ""Trải nghiệm city"", ""Trải nghiệm history""]","[""TP. Hồ Chí Minh""]","[""nightlife"", ""city"", ""history"", ""food""]","[""https://picsum.photos/seed/tour-192-1/900/600"", ""https://picsum.photos/seed/tour-192-2/900/600"", ""https://picsum.photos/seed/tour-192-3/900/600""]","[{""day"": 1, ""title"": ""Ngày 1 tại TP. Hồ Chí Minh""}, {""day"": 2, ""title"": ""Ngày 2 tại TP. Hồ Chí Minh""}]","[""Xe đưa đón"", ""Hướng dẫn viên"", ""Vé tham quan""]","[""Chi phí cá nhân"", ""VAT""]","[{""month"": 3, ""available"": true}, {""month"": 6, ""available"": true}, {""month"": 9, ""available"": true}, {""month"": 12, ""available"": true}]","{""type"": ""cruise""}"
193,Tour Phú Quốc 3N2Đ: Gia Đình Luxury,Phú Quốc,9300000,3,"Hành trình Phú Quốc 3 ngày dành cho du khách yêu thích luxury, beach, water_sports.",8.2,66,traveloka,https://synthetic.example.com/tours/193,summer,https://picsum.photos/seed/tour-193/900/600,2026-03-09 08:00:00,2026-03-10 08:00:00,3N2Đ,10768060,"[""Trải nghiệm luxury"", ""Trải nghiệm beach"", ""Trải nghiệm water_sports""]","[""Phú Quốc""]","[""luxury"", ""beach"", ""water_sports"", ""relax""]","[""https://picsum.photos/seed/tour-193-1/900/600"", ""https://picsum.photos/seed/tour-193-2/900/600"", ""https://picsum.photos/seed/tour-193-3/900/600""]","[{""day"": 1, ""title"": ""Ngày 1 tại Phú Quốc""}, {""day"": 2, ""title"": ""Ngày 2 tại Phú Quốc""}, {""day"": 3, ""title"": ""Ngày 3 tại Phú Quốc""}]","[""Xe đưa đón"", ""Hướng dẫn viên"", ""Vé tham quan""]","[""Chi phí cá nhân"", ""VAT""]","[{""month"": 3, ""available"": true}, {""month"": 6, ""available"": true}, {""month"": 9, ""available"": true}, {""month"": 12, ""available"": true}]","{""type"": ""car""}"
194,Tour Phú Quốc 3N2Đ: Cao Cấp Beach,Phú Quốc,8690000,3,"Hành trình Phú Quốc 3 ngày dành cho du khách yêu thích beach, water_sports, luxury.",9.4,66,klook,https://synthetic.example.com/tours/194,summer,https://picsum.photos/seed/tour-194/900/600,2026-03-07 08:00:00,2026-03-26 08:00:00,3N2Đ,8807513,"[""Trải nghiệm beach"", ""Trải nghiệm water_sports"", ""Trải nghiệm luxury""]","[""Phú Quốc""]","[""beach"", ""water_sports"", ""luxury"", ""family""]","[""https://picsum.photos/seed/tour-194-1/900/600"", ""https://picsum.photos/seed/tour-194-2/900/600"", ""https://picsum.photos/seed/tour-194-3/900/600""]","[{""day"": 1, ""title"": ""Ngày 1 tại Phú Quốc""}, {""day"": 2, ""title"": ""Ngày 2 tại Phú Quốc""}, {""day"": 3, ""title"": ""Ngày 3 tại Phú Quốc""}]","[""Xe đưa đón"", ""Hướng dẫn viên"", ""Vé tham quan""]","[""Chi phí cá nhân"", ""VAT""]","[{""month"": 3, ""available"": true}, {""month"": 6, ""available"": true}, {""month"": 9, ""available"": true}, {""month"": 12, ""available"": true}]","{""type"": ""bus""}"
195,Tour Đà Lạt 5N4Đ: Cao Cấp Relax,Đà Lạt,5880000,5,"Hành trình Đà Lạt 5 ngày dành cho du khách yêu thích relax, romantic, mountain.",8.4,105,klook,https://synthetic.example.com/tours/195,winter,https://picsum.photos/seed/tour-195/900/600,2025-09-28 08:00:00,2025-10-23 08:00:00,5N4Đ,7341246,"[""Trải nghiệm relax"", ""Trải nghiệm romantic"", ""Trải nghiệm mountain""]","[""Đà Lạt""]","[""relax"", ""romantic"", ""mountain"", ""food""]","[""https://picsum.photos/seed/tour-195-1/900/600"", ""https://picsum.photos/seed/tour-195-2/900/600"", ""https://picsum.photos/seed/tour-195-3/900/600""]","[{""day"": 1, ""title"": ""Ngày 1 tại Đà Lạt""}, {""day"": 2, ""title"": ""Ngày 2 tại Đà Lạt""}, {""day"": 3, ""title"": ""Ngày 3 tại Đà Lạt""}, {""day"": 4, ""title"": ""Ngày 4 tại Đà Lạt""}, {""day"": 5, ""title"": ""Ngày 5 tại Đà Lạt""}]","[""Xe đưa đón"", ""Hướng dẫn viên"", ""Vé tham quan""]","[""Chi phí cá nhân"", ""VAT""]","[{""month"": 3, ""available"": true}, {""month"": 6, ""available"": true}, {""month"": 9, ""available"": true}, {""month"": 12, ""available"": true}]","{""type"": ""bus""}"
196,Tour Phú Quốc 4N3Đ: Khám Phá Family,Phú Quốc,14200000,4,"Hành trình Phú Quốc 4 ngày dành cho du khách yêu thích family, beach, relax.",8.3,67,klook,https://synthetic.example.com/tours/196,summer,https://picsum.photos/seed/tour-196/900/600,2026-07-15 08:00:00,2026-07-17 08:00:00,4N3Đ,15604209,"[""Trải nghiệm family"", ""Trải nghiệm beach"", ""Trải nghiệm relax""]","[""Phú Quốc""]","[""family"", ""beach"", ""relax"", ""romantic""]","[""https://picsum.photos/seed/tour-196-1/900/600"", ""https://picsum.photos/seed/tour-196-2/900/600"", ""https://picsum.photos/seed/tour-196-3/900/600""]","[{""day"": 1, ""title"": ""Ngày 1 tại Phú Quốc""}, {""day"": 2, ""title"": ""Ngày 2 tại Phú Quốc""}, {""day"": 3, ""title"": ""Ngày 3 tại Phú Quốc""}, {""day"": 4, ""title"": ""Ngày 4 tại Phú Quốc""}]","[""Xe đưa đón"", ""Hướng dẫn viên"", ""Vé tham quan""]","[""Chi phí cá nhân"", ""VAT""]","[{""month"": 3, ""available"": true}, {""month"": 6, ""available"": true}, {""month"": 9, ""available"": true}, {""month"": 12, ""available"": true}]","{""type"": ""flight""}"
197,Tour Đà Nẵng 3N2Đ: Cao Cấp Family,Đà Nẵng,6280000,3,"Hành trình Đà Nẵng 3 ngày dành cho du khách yêu thích family, water_sports, food.",9.2,55,bestprice,https://synthetic.example.com/tours/197,summer,https://picsum.photos/seed/tour-197/900/600,2026-03-08 08:00:00,2026-03-12 08:00:00,3N2Đ,7072988,"[""Trải nghiệm family"", ""Trải nghiệm water_sports"", ""Trải nghiệm food""]","[""Đà Nẵng""]","[""family"", ""water_sports"", ""food"", ""city""]","[""https://picsum.photos/seed/tour-197-1/900/600"", ""https://picsum.photos/seed/tour-197-2/900/600"", ""https://picsum.photos/seed/tour-197-3/900/600""]","[{""day"": 1, ""title"": ""Ngày 1 tại Đà Nẵng""}, {""day"": 2, ""title"": ""Ngày 2 tại Đà Nẵng""}, {""day"": 3, ""title"": ""Ngày 3 tại Đà Nẵng""}]","[""Xe đưa đón"", ""Hướng dẫn viên"", ""Vé tham quan""]","[""Chi phí cá nhân"", ""VAT""]","[{""month"": 3, ""available"": true}, {""month"": 6, ""available"": true}, {""month"": 9, ""available"": true}, {""month"": 12, ""available"": true}]","{""type"": ""car""}"
198,Tour Đà Lạt 3N2Đ: Tiết Kiệm Nature,Đà Lạt,5820000,3,"Hành trình Đà Lạt 3 ngày dành cho du khách yêu thích nature, food, relax.",8.6,8,bestprice,https://synthetic.example.com/tours/198,winter,https://picsum.photos/seed/tour-198/900/600,2025-01-10 08:00:00,2025-01-18 08:00:00,3N2Đ,7182917,"[""Trải nghiệm nature"", ""Trải nghiệm food"", ""Trải nghiệm relax""]","[""Đà Lạt""]","[""nature"", ""food"", ""relax"", ""mountain""]","[""https://picsum.photos/seed/tour-198-1/900/600"", ""https://picsum.photos/seed/tour-198-2/900/600"", ""https://picsum.photos/seed/tour-198-3/900/600""]","[{""day"": 1, ""title"": ""Ngày 1 tại Đà Lạt""}, {""day"": 2, ""title"": ""Ngày 2 tại Đà Lạt""}, {""day"": 3, ""title"": ""Ngày 3 tại Đà Lạt""}]","[""Xe đưa đón"", ""Hướng dẫn viên"", ""Vé tham quan""]","[""Chi phí cá nhân"", ""VAT""]","[{""month"": 3, ""available"": true}, {""month"": 6, ""available"": true}, {""month"": 9, ""available"": true}, {""month"": 12, ""available"": true}]","{""type"": ""car""}"
199,Tour Hội An 4N3Đ: Check-in Culture,Hội An,7500000,4,"Hành trình Hội An 4 ngày dành cho du khách yêu thích culture, history, food.",8.6,40,bestprice,https://synthetic.example.com/tours/199,autumn,https://picsum.photos/seed/tour-199/900/600,2026-08-04 08:00:00,2026-08-10 08:00:00,4N3Đ,7569618,"[""Trải nghiệm culture"", ""Trải nghiệm history"", ""Trải nghiệm food""]","[""Hội An""]","[""culture"", ""history"", ""food"", ""romantic""]","[""https://picsum.photos/seed/tour-199-1/900/600"", ""https://picsum.photos/seed/tour-199-2/900/600"", ""https://picsum.photos/seed/tour-199-3/900/600""]","[{""day"": 1, ""title"": ""Ngày 1 tại Hội An""}, {""day"": 2, ""title"": ""Ngày 2 tại Hội An""}, {""day"": 3, ""title"": ""Ngày 3 tại Hội An""}, {""day"": 4, ""title"": ""Ngày 4 tại Hội An""}]","[""Xe đưa đón"", ""Hướng dẫn viên"", ""Vé tham quan""]","[""Chi phí cá nhân"", ""VAT""]","[{""month"": 3, ""available"": true}, {""month"": 6, ""available"": true}, {""month"": 9, ""available"": true}, {""month"": 12, ""available"": true}]","{""type"": ""bus""}"
200,Tour Đà Nẵng 4N3Đ: Tiết Kiệm Photography,Đà Nẵng,7780000,4,"Hành trình Đà Nẵng 4 ngày dành cho du khách yêu thích photography, water_sports, food.",8.8,20,bestprice,https://synthetic.example.com/tours/200,summer,https://picsum.photos/seed/tour-200/900/600,2024-09-15 08:00:00,2024-09-30 08:00:00,4N3Đ,8806093,"[""Trải nghiệm photography"", ""Trải nghiệm water_sports"", ""Trải nghiệm food""]","[""Đà Nẵng""]","[""photography"", ""water_sports"", ""food"", ""city""]","[""https://picsum.photos/seed/tour-200-1/900/600"", ""https://picsum.photos/seed/tour-200-2/900/600"", ""https://picsum.photos/seed/tour-200-3/900/600""]","[{""day"": 1, ""title"": ""Ngày 1 tại Đà Nẵng""}, {""day"": 2, ""title"": ""Ngày 2 tại Đà Nẵng""}, {""day"": 3, ""title"": ""Ngày 3 tại Đà Nẵng""}, {""day"": 4, ""title"": ""Ngày 4 tại Đà Nẵng""}]","[""Xe đưa đón"", ""Hướng dẫn viên"", ""Vé tham quan""]","[""Chi phí cá nhân"", ""VAT""]","[{""month"": 3, ""available"": true}, {""month"": 6, ""available"": true}, {""month"": 9, ""available"": true}, {""month"": 12, ""available"": true}]","{""type"": ""cruise""}"
201,Tour Phú Quốc 5N4Đ: Tiết Kiệm Water Sports,Phú Quốc,8110000,5,"Hành trình Phú Quốc 5 ngày dành cho du khách yêu thích water_sports, family, romantic.",8.7,69,bestprice,https://synthetic.example.com/tours/201,summer,https://picsum.photos/seed/tour-201/900/600,2025-12-26 08:00:00,2026-01-15 08:00:00,5N4Đ,10134903,"[""Trải nghiệm water_sports"", ""Trải nghiệm family"", ""Trải nghiệm romantic""]","[""Phú Quốc""]","[""water_sports"", ""family"", ""romantic"", ""luxury""]","[""https://picsum.photos/seed/tour-201-1/900/600"", ""https://picsum.photos/seed/tour-201-2/900/600"", ""https://picsum.photos/seed/tour-201-3/900/600""]","[{""day"": 1, ""title"": ""Ngày 1 tại Phú Quốc""}, {""day"": 2, ""title"": ""Ngày 2 tại Phú Quốc""}, {""day"": 3, ""title"": ""Ngày 3 tại Phú Quốc""}, {""day"": 4, ""title"": ""Ngày 4 tại Phú Quốc""}, {""day"": 5, ""title"": ""Ngày 5 tại Phú Quốc""}]","[""Xe đưa đón"", ""Hướng dẫn viên"", ""Vé tham quan""]","[""Chi phí cá nhân"", ""VAT""]","[{""month"": 3, ""available"": true}, {""month"": 6, ""available"": true}, {""month"": 9, ""available"": true}, {""month"": 12, ""available"": true}]","{""type"": ""car""}"
202,Tour Huế 2N1Đ: Tiết Kiệm History,Huế,3200000,2,"Hành trình Huế 2 ngày dành cho du khách yêu thích history, culture, spiritual.",9.2,60,klook,https://synthetic.example.com/tours/202,spring,https://picsum.photos/seed/tour-202/900/600,2025-02-10 08:00:00,2025-03-07 08:00:00,2N1Đ,3814034,"[""Trải nghiệm history"", ""Trải nghiệm culture"", ""Trải nghiệm spiritual""]","[""Huế""]","[""history"", ""culture"", ""spiritual"", ""food""]","[""https://picsum.photos/seed/tour-202-1/900/600"", ""https://picsum.photos/seed/tour-202-2/900/600"", ""https://picsum.photos/seed/tour-202-3/900/600""]","[{""day"": 1, ""title"": ""Ngày 1 tại Huế""}, {""day"": 2, ""title"": ""Ngày 2 tại Huế""}]","[""Xe đưa đón"", ""Hướng dẫn viên"", ""Vé tham quan""]","[""Chi phí cá nhân"", ""VAT""]","[{""month"": 3, ""available"": true}, {""month"": 6, ""available"": true}, {""month"": 9, ""available"": true}, {""month"": 12, ""available"": true}]","{""type"": ""flight""}"
203,Tour Huế 2N1Đ: Nghỉ Dưỡng Food,Huế,4750000,2,"Hành trình Huế 2 ngày dành cho du khách yêu thích food, spiritual, city.",8.4,43,traveloka,https://synthetic.example.com/tours/203,spring,https://picsum.photos/seed/tour-203/900/600,2025-11-08 08:00:00,2025-11-25 08:00:00,2N1Đ,5409739,"[""Trải nghiệm food"", ""Trải nghiệm spiritual"", ""Trải nghiệm city""]","[""Huế""]","[""food"", ""spiritual"", ""city"", ""culture""]","[""https://picsum.photos/seed/tour-203-1/900/600"", ""https://picsum.photos/seed/tour-203-2/900/600"", ""https://picsum.photos/seed/tour-203-3/900/600""]","[{""day"": 1, ""title"": ""Ngày 1 tại Huế""}, {""day"": 2, ""title"": ""Ngày 2 tại Huế""}]","[""Xe đưa đón"", ""Hướng dẫn viên"", ""Vé tham quan""]","[""Chi phí cá nhân"", ""VAT""]","[{""month"": 3, ""available"": true}, {""month"": 6, ""available"": true}, {""month"": 9, ""available"": true}, {""month"": 12, ""available"": true}]","{""type"": ""car""}"
204,Tour Phú Quốc 5N4Đ: Trọn Gói Water Sports,Phú Quốc,12320000,5,"Hành trình Phú Quốc 5 ngày dành cho du khách yêu thích water_sports, relax, romantic.",8.3,93,klook,https://synthetic.example.com/tours/204,summer,https://picsum.photos/seed/tour-204/900/600,2024-11-26 08:00:00,2024-12-09 08:00:00,5N4Đ,13922590,"[""Trải nghiệm water_sports"", ""Trải nghiệm relax"", ""Trải nghiệm romantic""]","[""Phú Quốc""]","[""water_sports"", ""relax"", ""romantic"", ""beach""]","[""https://picsum.photos/seed/tour-204-1/900/600"", ""https://picsum.photos/seed/tour-204-2/900/600"", ""https://picsum.photos/seed/tour-204-3/900/600""]","[{""day"": 1, ""title"": ""Ngày 1 tại Phú Quốc""}, {""day"": 2, ""title"": ""Ngày 2 tại Phú Quốc""}, {""day"": 3, ""title"": ""Ngày 3 tại Phú Quốc""}, {""day"": 4, ""title"": ""Ngày 4 tại Phú Quốc""}, {""day"": 5, ""title"": ""Ngày 5 tại Phú Quốc""}]","[""Xe đưa đón"", ""Hướng dẫn viên"", ""Vé tham quan""]","[""Chi phí cá nhân"", ""VAT""]","[{""month"": 3, ""available"": true}, {""month"": 6, ""available"": true}, {""month"": 9, ""available"": true}, {""month"": 12, ""available"": true}]","{""type"": ""car""}"
205,Tour Huế 2N1Đ: Cao Cấp City,Huế,5780000,2,"Hành trình Huế 2 ngày dành cho du khách yêu thích city, culture, history.",7.9,69,bestprice,https://synthetic.example.com/tours/205,spring,https://picsum.photos/seed/tour-205/900/600,2024-09-17 08:00:00,2024-10-11 08:00:00,2N1Đ,6897952,"[""Trải nghiệm city"", ""Trải nghiệm culture"", ""Trải nghiệm history""]","[""Huế""]","[""city"", ""culture"", ""history"", ""food""]","[""https://picsum.photos/seed/tour-205-1/900/600"", ""https://picsum.photos/seed/tour-205-2/900/600"", ""https://picsum.photos/seed/tour-205-3/900/600""]","[{""day"": 1, ""title"": ""Ngày 1 tại Huế""}, {""day"": 2, ""title"": ""Ngày 2 tại Huế""}]","[""Xe đưa đón"", ""Hướng dẫn viên"", ""Vé tham quan""]","[""Chi phí cá nhân"", ""VAT""]","[{""month"": 3, ""available"": true}, {""month"": 6, ""available"": true}, {""month"": 9, ""available"": true}, {""month"": 12, ""available"": true}]","{""type"": ""bus""}"
206,Tour Hội An 3N2Đ: Check-in Romantic,Hội An,4060000,3,"Hành trình Hội An 3 ngày dành cho du khách yêu thích romantic, photography, history.",9.0,5,bestprice,https://synthetic.example.com/tours/206,autumn,https://picsum.photos/seed/tour-206/900/600,2025-02-21 08:00:00,2025-03-20 08:00:00,3N2Đ,4322138,"[""Trải nghiệm romantic"", ""Trải nghiệm photography"", ""Trải nghiệm history""]","[""Hội An""]","[""romantic"", ""photography"", ""history"", ""culture""]","[""https://picsum.photos/seed/tour-206-1/900/600"", ""https://picsum.photos/seed/tour-206-2/900/600"", ""https://picsum.photos/seed/tour-206-3/900/600""]","[{""day"": 1, ""title"": ""Ngày 1 tại Hội An""}, {""day"": 2, ""title"": ""Ngày 2 tại Hội An""}, {""day"": 3, ""title"": ""Ngày 3 tại Hội An""}]","[""Xe đưa đón"", ""Hướng dẫn viên"", ""Vé tham quan""]","[""Chi phí cá nhân"", ""VAT""]","[{""month"": 3, ""available"": true}, {""month"": 6, ""available"": true}, {""month"": 9, ""available"": true}, {""month"": 12, ""available"": true}]","{""type"": ""cruise""}"
207,Tour Nha Trang 4N3Đ: Gia Đình Water Sports,Nha Trang,3610000,4,"Hành trình Nha Trang 4 ngày dành cho du khách yêu thích water_sports, food, family.",8.7,64,bestprice,https://synthetic.example.com/tours/207,summer,https://picsum.photos/seed/tour-207/900/600,2025-08-12 08:00:00,2025-08-23 08:00:00,4N3Đ,4335663,"[""Trải nghiệm water_sports"", ""Trải nghiệm food"", ""Trải nghiệm family""]","[""Nha Trang""]","[""water_sports"", ""food"", ""family"", ""nightlife""]","[""https://picsum.photos/seed/tour-207-1/900/600"", ""https://picsum.photos/seed/tour-207-2/900/600"", ""https://picsum.photos/seed/tour-207-3/900/600""]","[{""day"": 1, ""title"": ""Ngày 1 tại Nha Trang""}, {""day"": 2, ""title"": ""Ngày 2 tại Nha Trang""}, {""day"": 3, ""title"": ""Ngày 3 tại Nha Trang""}, {""day"": 4, ""title"": ""Ngày 4 tại Nha Trang""}]","[""Xe đưa đón"", ""Hướng dẫn viên"", ""Vé tham quan""]","[""Chi phí cá nhân"", ""VAT""]","[{""month"": 3, ""available"": true}, {""month"": 6, ""available"": true}, {""month"": 9, ""available"": true}, {""month"": 12, ""available"": true}]","{""type"": ""cruise""}"
208,Tour TP. Hồ Chí Minh 3N2Đ: Ẩm Thực Food,TP. Hồ Chí Minh,3970000,3,"Hành trình TP. Hồ Chí Minh 3 ngày dành cho du khách yêu thích food, history, shopping.",8.8,28,traveloka,https://synthetic.example.com/tours/208,all,https://picsum.photos/seed/tour-208/900/600,2024-12-21 08:00:00,2024-12-22 08:00:00,3N2Đ,4867256,"[""Trải nghiệm food"", ""Trải nghiệm history"", ""Trải nghiệm shopping""]","[""TP. Hồ Chí Minh""]","[""food"", ""history"", ""shopping"", ""nightlife""]","[""https://picsum.photos/seed/tour-208-1/900/600"", ""https://picsum.photos/seed/tour-208-2/900/600"", ""https://picsum.photos/seed/tour-208-3/900/600""]","[{""day"": 1, ""title"": ""Ngày 1 tại TP. Hồ Chí Minh""}, {""day"": 2, ""title"": ""Ngày 2 tại TP. Hồ Chí Minh""}, {""day"": 3, ""title"": ""Ngày 3 tại TP. Hồ Chí Minh""}]","[""Xe đưa đón"", ""Hướng dẫn viên"", ""Vé tham quan""]","[""Chi phí cá nhân"", ""VAT""]","[{""month"": 3, ""available"": true}, {""month"": 6, ""available"": true}, {""month"": 9, ""available"": true}, {""month"": 12, ""available"": true}]","{""type"": ""bus""}"
209,Tour Côn Đảo 4N3Đ: Nghỉ Dưỡng Relax,Côn Đảo,8360000,4,"Hành trình Côn Đảo 4 ngày dành cho du khách yêu thích relax, history, beach.",9.1,41,traveloka,https://synthetic.example.com/tours/209,summer,https://picsum.photos/seed/tour-209/900/600,2024-11-08 08:00:00,2024-11-26 08:00:00,4N3Đ,9695701,"[""Trải nghiệm relax"", ""Trải nghiệm history"", ""Trải nghiệm beach""]","[""Côn Đảo""]","[""relax"", ""history"", ""beach"", ""nature""]","[""https://picsum.photos/seed/tour-209-1/900/600"", ""https://picsum.photos/seed/tour-209-2/900/600"", ""https://picsum.photos/seed/tour-209-3/900/600""]","[{""day"": 1, ""title"": ""Ngày 1 tại Côn Đảo""}, {""day"": 2, ""title"": ""Ngày 2 tại Côn Đảo""}, {""day"": 3, ""title"": ""Ngày 3 tại Côn Đảo""}, {""day"": 4, ""title"": ""Ngày 4 tại Côn Đảo""}]","[""Xe đưa đón"", ""Hướng dẫn viên"", ""Vé tham quan""]","[""Chi phí cá nhân"", ""VAT""]","[{""month"": 3, ""available"": true}, {""month"": 6, ""available"": true}, {""month"": 9, ""available"": true}, {""month"": 12, ""available"": true}]","{""type"": ""bus""}"
210,Tour Cao Bằng 3N2Đ: Gia Đình Nature,Cao Bằng,7500000,3,"Hành trình Cao Bằng 3 ngày dành cho du khách yêu thích nature, culture, photography.",7.5,13,klook,https://synthetic.example.com/tours/210,autumn,https://picsum.photos/seed/tour-210/900/600,2025-03-26 08:00:00,2025-03-30 08:00:00,3N2Đ,9243153,"[""Trải nghiệm nature"", ""Trải nghiệm culture"", ""Trải nghiệm photography""]","[""Cao Bằng""]","[""nature"", ""culture"", ""photography"", ""adventure""]","[""https://picsum.photos/seed/tour-210-1/900/600"", ""https://picsum.photos/seed/tour-210-2/900/600"", ""https://picsum.photos/seed/tour-210-3/900/600""]","[{""day"": 1, ""title"": ""Ngày 1 tại Cao Bằng""}, {""day"": 2, ""title"": ""Ngày 2 tại Cao Bằng""}, {""day"": 3, ""title"": ""Ngày 3 tại Cao Bằng""}]","[""Xe đưa đón"", ""Hướng dẫn viên"", ""Vé tham quan""]","[""Chi phí cá nhân"", ""VAT""]","[{""month"": 3, ""available"": true}, {""month"": 6, ""available"": true}, {""month"": 9, ""available"": true}, {""month"": 12, ""available"": true}]","{""type"": ""bus""}"
211,Tour Hạ Long 4N3Đ: Ẩm Thực Cruise,Hạ Long,4990000,4,"Hành trình Hạ Long 4 ngày dành cho du khách yêu thích cruise, photography, family.",9.4,22,traveloka,https://synthetic.example.com/tours/211,summer,https://picsum.photos/seed/tour-211/900/600,2025-05-24 08:00:00,2025-06-23 08:00:00,4N3Đ,6024691,"[""Trải nghiệm cruise"", ""Trải nghiệm photography"", ""Trải nghiệm family""]","[""Hạ Long""]","[""cruise"", ""photography"", ""family"", ""beach""]","[""https://picsum.photos/seed/tour-211-1/900/600"", ""https://picsum.photos/seed/tour-211-2/900/600"", ""https://picsum.photos/seed/tour-211-3/900/600""]","[{""day"": 1, ""title"": ""Ngày 1 tại Hạ Long""}, {""day"": 2, ""title"": ""Ngày 2 tại Hạ Long""}, {""day"": 3, ""title"": ""Ngày 3 tại Hạ Long""}, {""day"": 4, ""title"": ""Ngày 4 tại Hạ Long""}]","[""Xe đưa đón"", ""Hướng dẫn viên"", ""Vé tham quan""]","[""Chi phí cá nhân"", ""VAT""]","[{""month"": 3, ""available"": true}, {""month"": 6, ""available"": true}, {""month"": 9, ""available"": true}, {""month"": 12, ""available"": true}]","{""type"": ""bus""}"
212,Tour Đà Lạt 3N2Đ: Nghỉ Dưỡng Food,Đà Lạt,7390000,3,"Hành trình Đà Lạt 3 ngày dành cho du khách yêu thích food, relax, mountain.",8.7,47,klook,https://synthetic.example.com/tours/212,winter,https://picsum.photos/seed/tour-212/900/600,2025-10-17 08:00:00,2025-10-22 08:00:00,3N2Đ,8562309,"[""Trải nghiệm food"", ""Trải nghiệm relax"", ""Trải nghiệm mountain""]","[""Đà Lạt""]","[""food"", ""relax"", ""mountain"", ""romantic""]","[""https://picsum.photos/seed/tour-212-1/900/600"", ""https://picsum.photos/seed/tour-212-2/900/600"", ""https://picsum.photos/seed/tour-212-3/900/600""]","[{""day"": 1, ""title"": ""Ngày 1 tại Đà Lạt""}, {""day"": 2, ""title"": ""Ngày 2 tại Đà Lạt""}, {""day"": 3, ""title"": ""Ngày 3 tại Đà Lạt""}]","[""Xe đưa đón"", ""Hướng dẫn viên"", ""Vé tham quan""]","[""Chi phí cá nhân"", ""VAT""]","[{""month"": 3, ""available"": true}, {""month"": 6, ""available"": true}, {""month"": 9, ""available"": true}, {""month"": 12, ""available"": true}]","{""type"": ""car""}"
213,Tour Hội An 4N3Đ: Khám Phá Romantic,Hội An,5480000,4,"Hành trình Hội An 4 ngày dành cho du khách yêu thích romantic, culture, history.",9.1,25,traveloka,https://synthetic.example.com/tours/213,autumn,https://picsum.photos/seed/tour-213/900/600,2024-09-12 08:00:00,2024-09-18 08:00:00,4N3Đ,6773321,"[""Trải nghiệm romantic"", ""Trải nghiệm culture"", ""Trải nghiệm history""]","[""Hội An""]","[""romantic"", ""culture"", ""history"", ""photography""]","[""https://picsum.photos/seed/tour-213-1/900/600"", ""https://picsum.photos/seed/tour-213-2/900/600"", ""https://picsum.photos/seed/tour-213-3/900/600""]","[{""day"": 1, ""title"": ""Ngày 1 tại Hội An""}, {""day"": 2, ""title"": ""Ngày 2 tại Hội An""}, {""day"": 3, ""title"": ""Ngày 3 tại Hội An""}, {""day"": 4, ""title"": ""Ngày 4 tại Hội An""}]","[""Xe đưa đón"", ""Hướng dẫn viên"", ""Vé tham quan""]","[""Chi phí cá nhân"", ""VAT""]","[{""month"": 3, ""available"": true}, {""month"": 6, ""available"": true}, {""month"": 9, ""available"": true}, {""month"": 12, ""available"": true}]","{""type"": ""cruise""}"
214,Tour Đà Nẵng 4N3Đ: Trọn Gói Food,Đà Nẵng,4300000,4,"Hành trình Đà Nẵng 4 ngày dành cho du khách yêu thích food, family, photography.",7.8,103,traveloka,https://synthetic.example.com/tours/214,summer,https://picsum.photos/seed/tour-214/900/600,2025-02-17 08:00:00,2025-03-05 08:00:00,4N3Đ,4806174,"[""Trải nghiệm food"", ""Trải nghiệm family"", ""Trải nghiệm photography""]","[""Đà Nẵng""]","[""food"", ""family"", ""photography"", ""water_sports""]","[""https://picsum.photos/seed/tour-214-1/900/600"", ""https://picsum.photos/seed/tour-214-2/900/600"", ""https://picsum.photos/seed/tour-214-3/900/600""]","[{""day"": 1, ""title"": ""Ngày 1 tại Đà Nẵng""}, {""day"": 2, ""title"": ""Ngày 2 tại Đà Nẵng""}, {""day"": 3, ""title"": ""Ngày 3 tại Đà Nẵng""}, {""day"": 4, ""title"": ""Ngày 4 tại Đà Nẵng""}]","[""Xe đưa đón"", ""Hướng dẫn viên"", ""Vé tham quan""]","[""Chi phí cá nhân"", ""VAT""]","[{""month"": 3, ""available"": true}, {""month"": 6, ""available"": true}, {""month"": 9, ""available"": true}, {""month"": 12, ""available"": true}]","{""type"": ""bus""}"
215,Tour Hà Nội 4N3Đ: Khám Phá City,Hà Nội,3960000,4,"Hành trình Hà Nội 4 ngày dành cho du khách yêu thích city, culture, food.",7.5,73,klook,https://synthetic.example.com/tours/215,autumn,https://picsum.photos/seed/tour-215/900/600,2026-06-09 08:00:00,2026-07-04 08:00:00,4N3Đ,4009329,"[""Trải nghiệm city"", ""Trải nghiệm culture"", ""Trải nghiệm food""]","[""Hà Nội""]","[""city"", ""culture"", ""food"", ""shopping""]","[""https://picsum.photos/seed/tour-215-1/900/600"", ""https://picsum.photos/seed/tour-215-2/900/600"", ""https://picsum.photos/seed/tour-215-3/900/600""]","[{""day"": 1, ""title"": ""Ngày 1 tại Hà Nội""}, {""day"": 2, ""title"": ""Ngày 2 tại Hà Nội""}, {""day"": 3, ""title"": ""Ngày 3 tại Hà Nội""}, {""day"": 4, ""title"": ""Ngày 4 tại Hà Nội""}]","[""Xe đưa đón"", ""Hướng dẫn viên"", ""Vé tham quan""]","[""Chi phí cá nhân"", ""VAT""]","[{""month"": 3, ""available"": true}, {""month"": 6, ""available"": true}, {""month"": 9, ""available"": true}, {""month"": 12, ""available"": true}]","{""type"": ""car""}"
216,Tour Nha Trang 4N3Đ: Cao Cấp Nightlife,Nha Trang,5630000,4,"Hành trình Nha Trang 4 ngày dành cho du khách yêu thích nightlife, food, beach.",9.4,104,bestprice,https://synthetic.example.com/tours/216,summer,https://picsum.photos/seed/tour-216/900/600,2024-08-27 08:00:00,2024-08-31 08:00:00,4N3Đ,6881848,"[""Trải nghiệm nightlife"", ""Trải nghiệm food"", ""Trải nghiệm beach""]","[""Nha Trang""]","[""nightlife"", ""food"", ""beach"", ""family""]","[""https://picsum.photos/seed/tour-216-1/900/600"", ""https://picsum.photos/seed/tour-216-2/900/600"", ""https://picsum.photos/seed/tour-216-3/900/600""]","[{""day"": 1, ""title"": ""Ngày 1 tại Nha Trang""}, {""day"": 2, ""title"": ""Ngày 2 tại Nha Trang""}, {""day"": 3, ""title"": ""Ngày 3 tại Nha Trang""}, {""day"": 4, ""title"": ""Ngày 4 tại Nha Trang""}]","[""Xe đưa đón"", ""Hướng dẫn viên"", ""Vé tham quan""]","[""Chi phí cá nhân"", ""VAT""]","[{""month"": 3, ""available"": true}, {""month"": 6, ""available"": true}, {""month"": 9, ""available"": true}, {""month"": 12, ""available"": true}]","{""type"": ""car""}"
217,Tour Nha Trang 5N4Đ: Khám Phá Water Sports,Nha Trang,6180000,5,"Hành trình Nha Trang 5 ngày dành cho du khách yêu thích water_sports, food, family.",8.0,78,bestprice,https://synthetic.example.com/tours/217,summer,https://picsum.photos/seed/tour-217/900/600,2026-04-01 08:00:00,2026-04-16 08:00:00,5N4Đ,7722102,"[""Trải nghiệm water_sports"", ""Trải nghiệm food"", ""Trải nghiệm family""]","[""Nha Trang""]","[""water_sports"", ""food"", ""family"", ""beach""]","[""https://picsum.photos/seed/tour-217-1/900/600"", ""https://picsum.photos/seed/tour-217-2/900/600"", ""https://picsum.photos/seed/tour-217-3/900/600""]","[{""day"": 1, ""title"": ""Ngày 1 tại Nha Trang""}, {""day"": 2, ""title"": ""Ngày 2 tại Nha Trang""}, {""day"": 3, ""title"": ""Ngày 3 tại Nha Trang""}, {""day"": 4, ""title"": ""Ngày 4 tại Nha Trang""}, {""day"": 5, ""title"": ""Ngày 5 tại Nha Trang""}]","[""Xe đưa đón"", ""Hướng dẫn viên"", ""Vé tham quan""]","[""Chi phí cá nhân"", ""VAT""]","[{""month"": 3, ""available"": true}, {""month"": 6, ""available"": true}, {""month"": 9, ""available"": true}, {""month"": 12, ""available"": true}]","{""type"": ""cruise""}"
218,Tour Hạ Long 4N3Đ: Nghỉ Dưỡng Family,Hạ Long,11480000,4,"Hành trình Hạ Long 4 ngày dành cho du khách yêu thích family, luxury, photography.",8.8,31,klook,https://synthetic.example.com/tours/218,summer,https://picsum.photos/seed/tour-218/900/600,2025-12-31 08:00:00,2026-01-12 08:00:00,4N3Đ,13511562,"[""Trải nghiệm family"", ""Trải nghiệm luxury"", ""Trải nghiệm photography""]","[""Hạ Long""]","[""family"", ""luxury"", ""photography"", ""beach""]","[""https://picsum.photos/seed/tour-218-1/900/600"", ""https://picsum.photos/seed/tour-218-2/900/600"", ""https://picsum.photos/seed/tour-218-3/900/600""]","[{""day"": 1, ""title"": ""Ngày 1 tại Hạ Long""}, {""day"": 2, ""title"": ""Ngày 2 tại Hạ Long""}, {""day"": 3, ""title"": ""Ngày 3 tại Hạ Long""}, {""day"": 4, ""title"": ""Ngày 4 tại Hạ Long""}]","[""Xe đưa đón"", ""Hướng dẫn viên"", ""Vé tham quan""]","[""Chi phí cá nhân"", ""VAT""]","[{""month"": 3, ""available"": true}, {""month"": 6, ""available"": true}, {""month"": 9, ""available"": true}, {""month"": 12, ""available"": true}]","{""type"": ""bus""}"
219,Tour Hạ Long 3N2Đ: Gia Đình Cruise,Hạ Long,8840000,3,"Hành trình Hạ Long 3 ngày dành cho du khách yêu thích cruise, beach, photography.",9.2,91,klook,https://synthetic.example.com/tours/219,summer,https://picsum.photos/seed/tour-219/900/600,2025-08-03 08:00:00,2025-08-15 08:00:00,3N2Đ,9841943,"[""Trải nghiệm cruise"", ""Trải nghiệm beach"", ""Trải nghiệm photography""]","[""Hạ Long""]","[""cruise"", ""beach"", ""photography"", ""family""]","[""https://picsum.photos/seed/tour-219-1/900/600"", ""https://picsum.photos/seed/tour-219-2/900/600"", ""https://picsum.photos/seed/tour-219-3/900/600""]","[{""day"": 1, ""title"": ""Ngày 1 tại Hạ Long""}, {""day"": 2, ""title"": ""Ngày 2 tại Hạ Long""}, {""day"": 3, ""title"": ""Ngày 3 tại Hạ Long""}]","[""Xe đưa đón"", ""Hướng dẫn viên"", ""Vé tham quan""]","[""Chi phí cá nhân"", ""VAT""]","[{""month"": 3, ""available"": true}, {""month"": 6, ""available"": true}, {""month"": 9, ""available"": true}, {""month"": 12, ""available"": true}]","{""type"": ""flight""}"
220,Tour Hội An 4N3Đ: Check-in Culture,Hội An,4760000,4,"Hành trình Hội An 4 ngày dành cho du khách yêu thích culture, history, romantic.",8.4,99,traveloka,https://synthetic.example.com/tours/220,autumn,https://picsum.photos/seed/tour-220/900/600,2024-12-07 08:00:00,2024-12-11 08:00:00,4N3Đ,5816909,"[""Trải nghiệm culture"", ""Trải nghiệm history"", ""Trải nghiệm romantic""]","[""Hội An""]","[""culture"", ""history"", ""romantic"", ""food""]","[""https://picsum.photos/seed/tour-220-1/900/600"", ""https://picsum.photos/seed/tour-220-2/900/600"", ""https://picsum.photos/seed/tour-220-3/900/600""]","[{""day"": 1, ""title"": ""Ngày 1 tại Hội An""}, {""day"": 2, ""title"": ""Ngày 2 tại Hội An""}, {""day"": 3, ""title"": ""Ngày 3 tại Hội An""}, {""day"": 4, ""title"": ""Ngày 4 tại Hội An""}]","[""Xe đưa đón"", ""Hướng dẫn viên"", ""Vé tham quan""]","[""Chi phí cá nhân"", ""VAT""]","[{""month"": 3, ""available"": true}, {""month"": 6, ""available"": true}, {""month"": 9, ""available"": true}, {""month"": 12, ""available"": true}]","{""type"": ""flight""}"
221,Tour Đà Lạt 5N4Đ: Cao Cấp Food,Đà Lạt,3220000,5,"Hành trình Đà Lạt 5 ngày dành cho du khách yêu thích food, relax, mountain.",8.2,86,klook,https://synthetic.example.com/tours/221,winter,https://picsum.photos/seed/tour-221/900/600,2025-05-05 08:00:00,2025-05-17 08:00:00,5N4Đ,3392786,"[""Trải nghiệm food"", ""Trải nghiệm relax"", ""Trải nghiệm mountain""]","[""Đà Lạt""]","[""food"", ""relax"", ""mountain"", ""photography""]","[""https://picsum.photos/seed/tour-221-1/900/600"", ""https://picsum.photos/seed/tour-221-2/900/600"", ""https://picsum.photos/seed/tour-221-3/900/600""]","[{""day"": 1, ""title"": ""Ngày 1 tại Đà Lạt""}, {""day"": 2, ""title"": ""Ngày 2 tại Đà Lạt""}, {""day"": 3, ""title"": ""Ngày 3 tại Đà Lạt""}, {""day"": 4, ""title"": ""Ngày 4 tại Đà Lạt""}, {""day"": 5, ""title"": ""Ngày 5 tại Đà Lạt""}]","[""Xe đưa đón"", ""Hướng dẫn viên"", ""Vé tham quan""]","[""Chi phí cá nhân"", ""VAT""]","[{""month"": 3, ""available"": true}, {""month"": 6, ""available"": true}, {""month"": 9, ""available"": true}, {""month"": 12, ""available"": true}]","{""type"": ""cruise""}"
222,Tour Côn Đảo 4N3Đ: Ẩm Thực Spiritual,Côn Đảo,10940000,4,"Hành trình Côn Đảo 4 ngày dành cho du khách yêu thích spiritual, beach, nature.",9.6,70,traveloka,https://synthetic.example.com/tours/222,summer,https://picsum.photos/seed/tour-222/900/600,2025-05-15 08:00:00,2025-05-19 08:00:00,4N3Đ,11841557,"[""Trải nghiệm spiritual"", ""Trải nghiệm beach"", ""Trải nghiệm nature""]","[""Côn Đảo""]","[""spiritual"", ""beach"", ""nature"", ""history""]","[""https://picsum.photos/seed/tour-222-1/900/600"", ""https://picsum.photos/seed/tour-222-2/900/600"", ""https://picsum.photos/seed/tour-222-3/900/600""]","[{""day"": 1, ""title"": ""Ngày 1 tại Côn Đảo""}, {""day"": 2, ""title"": ""Ngày 2 tại Côn Đảo""}, {""day"": 3, ""title"": ""Ngày 3 tại Côn Đảo""}, {""day"": 4, ""title"": ""Ngày 4 tại Côn Đảo""}]","[""Xe đưa đón"", ""Hướng dẫn viên"", ""Vé tham quan""]","[""Chi phí cá nhân"", ""VAT""]","[{""month"": 3, ""available"": true}, {""month"": 6, ""available"": true}, {""month"": 9, ""available"": true}, {""month"": 12, ""available"": true}]","{""type"": ""car""}"
223,Tour Hội An 4N3Đ: Ẩm Thực History,Hội An,6120000,4,"Hành trình Hội An 4 ngày dành cho du khách yêu thích history, photography, food.",7.6,85,traveloka,https://synthetic.example.com/tours/223,autumn,https://picsum.photos/seed/tour-223/900/600,2026-02-22 08:00:00,2026-03-11 08:00:00,4N3Đ,6473669,"[""Trải nghiệm history"", ""Trải nghiệm photography"", ""Trải nghiệm food""]","[""Hội An""]","[""history"", ""photography"", ""food"", ""romantic""]","[""https://picsum.photos/seed/tour-223-1/900/600"", ""https://picsum.photos/seed/tour-223-2/900/600"", ""https://picsum.photos/seed/tour-223-3/900/600""]","[{""day"": 1, ""title"": ""Ngày 1 tại Hội An""}, {""day"": 2, ""title"": ""Ngày 2 tại Hội An""}, {""day"": 3, ""title"": ""Ngày 3 tại Hội An""}, {""day"": 4, ""title"": ""Ngày 4 tại Hội An""}]","[""Xe đưa đón"", ""Hướng dẫn viên"", ""Vé tham quan""]","[""Chi phí cá nhân"", ""VAT""]","[{""month"": 3, ""available"": true}, {""month"": 6, ""available"": true}, {""month"": 9, ""available"": true}, {""month"": 12, ""available"": true}]","{""type"": ""flight""}"
224,Tour Côn Đảo 5N4Đ: Trọn Gói Beach,Côn Đảo,9610000,5,"Hành trình Côn Đảo 5 ngày dành cho du khách yêu thích beach, spiritual, nature.",8.2,93,bestprice,https://synthetic.example.com/tours/224,summer,https://picsum.photos/seed/tour-224/900/600,2024-09-30 08:00:00,2024-10-29 08:00:00,5N4Đ,10813238,"[""Trải nghiệm beach"", ""Trải nghiệm spiritual"", ""Trải nghiệm nature""]","[""Côn Đảo""]","[""beach"", ""spiritual"", ""nature"", ""history""]","[""https://picsum.photos/seed/tour-224-1/900/600"", ""https://picsum.photos/seed/tour-224-2/900/600"", ""https://picsum.photos/seed/tour-224-3/900/600""]","[{""day"": 1, ""title"": ""Ngày 1 tại Côn Đảo""}, {""day"": 2, ""title"": ""Ngày 2 tại Côn Đảo""}, {""day"": 3, ""title"": ""Ngày 3 tại Côn Đảo""}, {""day"": 4, ""title"": ""Ngày 4 tại Côn Đảo""}, {""day"": 5, ""title"": ""Ngày 5 tại Côn Đảo""}]","[""Xe đưa đón"", ""Hướng dẫn viên"", ""Vé tham quan""]","[""Chi phí cá nhân"", ""VAT""]","[{""month"": 3, ""available"": true}, {""month"": 6, ""available"": true}, {""month"": 9, ""available"": true}, {""month"": 12, ""available"": true}]","{""type"": ""flight""}"
225,Tour Đà Lạt 5N4Đ: Nghỉ Dưỡng Food,Đà Lạt,5050000,5,"Hành trình Đà Lạt 5 ngày dành cho du khách yêu thích food, photography, mountain.",8.1,21,klook,https://synthetic.example.com/tours/225,winter,https://picsum.photos/seed/tour-225/900/600,2024-10-27 08:00:00,2024-11-13 08:00:00,5N4Đ,6065360,"[""Trải nghiệm food"", ""Trải nghiệm photography"", ""Trải nghiệm mountain""]","[""Đà Lạt""]","[""food"", ""photography"", ""mountain"", ""relax""]","[""https://picsum.photos/seed/tour-225-1/900/600"", ""https://picsum.photos/seed/tour-225-2/900/600"", ""https://picsum.photos/seed/tour-225-3/900/600""]","[{""day"": 1, ""title"": ""Ngày 1 tại Đà Lạt""}, {""day"": 2, ""title"": ""Ngày 2 tại Đà Lạt""}, {""day"": 3, ""title"": ""Ngày 3 tại Đà Lạt""}, {""day"": 4, ""title"": ""Ngày 4 tại Đà Lạt""}, {""day"": 5, ""title"": ""Ngày 5 tại Đà Lạt""}]","[""Xe đưa đón"", ""Hướng dẫn viên"", ""Vé tham quan""]","[""Chi phí cá nhân"", ""VAT""]","[{""month"": 3, ""available"": true}, {""month"": 6, ""available"": true}, {""month"": 9, ""available"": true}, {""month"": 12, ""available"": true}]","{""type"": ""car""}"
226,Tour Hạ Long 3N2Đ: Trọn Gói Cruise,Hạ Long,7020000,3,"Hành trình Hạ Long 3 ngày dành cho du khách yêu thích cruise, beach, photography.",9.0,111,bestprice,https://synthetic.example.com/tours/226,summer,https://picsum.photos/seed/tour-226/900/600,2026-01-08 08:00:00,2026-01-19 08:00:00,3N2Đ,7980224,"[""Trải nghiệm cruise"", ""Trải nghiệm beach"", ""Trải nghiệm photography""]","[""Hạ Long""]","[""cruise"", ""beach"", ""photography"", ""family""]","[""https://picsum.photos/seed/tour-226-1/900/600"", ""https://picsum.photos/seed/tour-226-2/900/600"", ""https://picsum.photos/seed/tour-226-3/900/600""]","[{""day"": 1, ""title"": ""Ngày 1 tại Hạ Long""}, {""day"": 2, ""title"": ""Ngày 2 tại Hạ Long""}, {""day"": 3, ""title"": ""Ngày 3 tại Hạ Long""}]","[""Xe đưa đón"", ""Hướng dẫn viên"", ""Vé tham quan""]","[""Chi phí cá nhân"", ""VAT""]","[{""month"": 3, ""available"": true}, {""month"": 6, ""available"": true}, {""month"": 9, ""available"": true}, {""month"": 12, ""available"": true}]","{""type"": ""cruise""}"
227,Tour Hạ Long 2N1Đ: Check-in Family,Hạ Long,8860000,2,"Hành trình Hạ Long 2 ngày dành cho du khách yêu thích family, photography, luxury.",9.0,39,klook,https://synthetic.example.com/tours/227,summer,https://picsum.photos/seed/tour-227/900/600,2025-04-11 08:00:00,2025-04-25 08:00:00,2N1Đ,9858663,"[""Trải nghiệm family"", ""Trải nghiệm photography"", ""Trải nghiệm luxury""]","[""Hạ Long""]","[""family"", ""photography"", ""luxury"", ""beach""]","[""https://picsum.photos/seed/tour-227-1/900/600"", ""https://picsum.photos/seed/tour-227-2/900/600"", ""https://picsum.photos/seed/tour-227-3/900/600""]","[{""day"": 1, ""title"": ""Ngày 1 tại Hạ Long""}, {""day"": 2, ""title"": ""Ngày 2 tại Hạ Long""}]","[""Xe đưa đón"", ""Hướng dẫn viên"", ""Vé tham quan""]","[""Chi phí cá nhân"", ""VAT""]","[{""month"": 3, ""available"": true}, {""month"": 6, ""available"": true}, {""month"": 9, ""available"": true}, {""month"": 12, ""available"": true}]","{""type"": ""cruise""}"
228,Tour Cao Bằng 3N2Đ: Trọn Gói Photography,Cao Bằng,7690000,3,"Hành trình Cao Bằng 3 ngày dành cho du khách yêu thích photography, mountain, adventure.",7.6,7,traveloka,https://synthetic.example.com/tours/228,autumn,https://picsum.photos/seed/tour-228/900/600,2026-07-01 08:00:00,2026-07-29 08:00:00,3N2Đ,7815254,"[""Trải nghiệm photography"", ""Trải nghiệm mountain"", ""Trải nghiệm adventure""]","[""Cao Bằng""]","[""photography"", ""mountain"", ""adventure"", ""culture""]","[""https://picsum.photos/seed/tour-228-1/900/600"", ""https://picsum.photos/seed/tour-228-2/900/600"", ""https://picsum.photos/seed/tour-228-3/900/600""]","[{""day"": 1, ""title"": ""Ngày 1 tại Cao Bằng""}, {""day"": 2, ""title"": ""Ngày 2 tại Cao Bằng""}, {""day"": 3, ""title"": ""Ngày 3 tại Cao Bằng""}]","[""Xe đưa đón"", ""Hướng dẫn viên"", ""Vé tham quan""]","[""Chi phí cá nhân"", ""VAT""]","[{""month"": 3, ""available"": true}, {""month"": 6, ""available"": true}, {""month"": 9, ""available"": true}, {""month"": 12, ""available"": true}]","{""type"": ""bus""}"
229,Tour Hạ Long 4N3Đ: Gia Đình Cruise,Hạ Long,10990000,4,"Hành trình Hạ Long 4 ngày dành cho du khách yêu thích cruise, family, photography.",8.5,60,bestprice,https://synthetic.example.com/tours/229,summer,https://picsum.photos/seed/tour-229/900/600,2025-02-11 08:00:00,2025-02-22 08:00:00,4N3Đ,11701188,"[""Trải nghiệm cruise"", ""Trải nghiệm family"", ""Trải nghiệm photography""]","[""Hạ Long""]","[""cruise"", ""family"", ""photography"", ""beach""]","[""https://picsum.photos/seed/tour-229-1/900/600"", ""https://picsum.photos/seed/tour-229-2/900/600"", ""https://picsum.photos/seed/tour-229-3/900/600""]","[{""day"": 1, ""title"": ""Ngày 1 tại Hạ Long""}, {""day"": 2, ""title"": ""Ngày 2 tại Hạ Long""}, {""day"": 3, ""title"": ""Ngày 3 tại Hạ Long""}, {""day"": 4, ""title"": ""Ngày 4 tại Hạ Long""}]","[""Xe đưa đón"", ""Hướng dẫn viên"", ""Vé tham quan""]","[""Chi phí cá nhân"", ""VAT""]","[{""month"": 3, ""available"": true}, {""month"": 6, ""available"": true}, {""month"": 9, ""available"": true}, {""month"": 12, ""available"": true}]","{""type"": ""car""}"
230,Tour Đà Lạt 5N4Đ: Cao Cấp Food,Đà Lạt,6950000,5,"Hành trình Đà Lạt 5 ngày dành cho du khách yêu thích food, relax, photography.",7.5,10,bestprice,https://synthetic.example.com/tours/230,winter,https://picsum.photos/seed/tour-230/900/600,2025-12-20 08:00:00,2025-12-29 08:00:00,5N4Đ,7304268,"[""Trải nghiệm food"", ""Trải nghiệm relax"", ""Trải nghiệm photography""]","[""Đà Lạt""]","[""food"", ""relax"", ""photography"", ""mountain""]","[""https://picsum.photos/seed/tour-230-1/900/600"", ""https://picsum.photos/seed/tour-230-2/900/600"", ""https://picsum.photos/seed/tour-230-3/900/600""]","[{""day"": 1, ""title"": ""Ngày 1 tại Đà Lạt""}, {""day"": 2, ""title"": ""Ngày 2 tại Đà Lạt""}, {""day"": 3, ""title"": ""Ngày 3 tại Đà Lạt""}, {""day"": 4, ""title"": ""Ngày 4 tại Đà Lạt""}, {""day"": 5, ""title"": ""Ngày 5 tại Đà Lạt""}]","[""Xe đưa đón"", ""Hướng dẫn viên"", ""Vé tham quan""]","[""Chi phí cá nhân"", ""VAT""]","[{""month"": 3, ""available"": true}, {""month"": 6, ""available"": true}, {""month"": 9, ""available"": true}, {""month"": 12, ""available"": true}]","{""type"": ""flight""}"
231,Tour Sa Pa 4N3Đ: Nghỉ Dưỡng Culture,Sa Pa,3590000,4,"Hành trình Sa Pa 4 ngày dành cho du khách yêu thích culture, nature, photography.",9.4,36,klook,https://synthetic.example.com/tours/231,winter,https://picsum.photos/seed/tour-231/900/600,2025-09-09 08:00:00,2025-10-08 08:00:00,4N3Đ,4045159,"[""Trải nghiệm culture"", ""Trải nghiệm nature"", ""Trải nghiệm photography""]","[""Sa Pa""]","[""culture"", ""nature"", ""photography"", ""adventure""]","[""https://picsum.photos/seed/tour-231-1/900/600"", ""https://picsum.photos/seed/tour-231-2/900/600"", ""https://picsum.photos/seed/tour-231-3/900/600""]","[{""day"": 1, ""title"": ""Ngày 1 tại Sa Pa""}, {""day"": 2, ""title"": ""Ngày 2 tại Sa Pa""}, {""day"": 3, ""title"": ""Ngày 3 tại Sa Pa""}, {""day"": 4, ""title"": ""Ngày 4 tại Sa Pa""}]","[""Xe đưa đón"", ""Hướng dẫn viên"", ""Vé tham quan""]","[""Chi phí cá nhân"", ""VAT""]","[{""month"": 3, ""available"": true}, {""month"": 6, ""available"": true}, {""month"": 9, ""available"": true}, {""month"": 12, ""available"": true}]","{""type"": ""bus""}"
232,Tour Nha Trang 3N2Đ: Tiết Kiệm Water Sports,Nha Trang,10030000,3,"Hành trình Nha Trang 3 ngày dành cho du khách yêu thích water_sports, nightlife, family.",8.8,50,traveloka,https://synthetic.example.com/tours/232,summer,https://picsum.photos/seed/tour-232/900/600,2026-01-07 08:00:00,2026-01-26 08:00:00,3N2Đ,10142848,"[""Trải nghiệm water_sports"", ""Trải nghiệm nightlife"", ""Trải nghiệm family""]","[""Nha Trang""]","[""water_sports"", ""nightlife"", ""family"", ""food""]","[""https://picsum.photos/seed/tour-232-1/900/600"", ""https://picsum.photos/seed/tour-232-2/900/600"", ""https://picsum.photos/seed/tour-232-3/900/600""]","[{""day"": 1, ""title"": ""Ngày 1 tại Nha Trang""}, {""day"": 2, ""title"": ""Ngày 2 tại Nha Trang""}, {""day"": 3, ""title"": ""Ngày 3 tại Nha Trang""}]","[""Xe đưa đón"", ""Hướng dẫn viên"", ""Vé tham quan""]","[""Chi phí cá nhân"", ""VAT""]","[{""month"": 3, ""available"": true}, {""month"": 6, ""available"": true}, {""month"": 9, ""available"": true}, {""month"": 12, ""available"": true}]","{""type"": ""cruise""}"
233,Tour Nha Trang 3N2Đ: Gia Đình Food,Nha Trang,6800000,3,"Hành trình Nha Trang 3 ngày dành cho du khách yêu thích food, beach, nightlife.",8.3,19,traveloka,https://synthetic.example.com/tours/233,summer,https://picsum.photos/seed/tour-233/900/600,2026-07-26 08:00:00,2026-08-07 08:00:00,3N2Đ,6819266,"[""Trải nghiệm food"", ""Trải nghiệm beach"", ""Trải nghiệm nightlife""]","[""Nha Trang""]","[""food"", ""beach"", ""nightlife"", ""family""]","[""https://picsum.photos/seed/tour-233-1/900/600"", ""https://picsum.photos/seed/tour-233-2/900/600"", ""https://picsum.photos/seed/tour-233-3/900/600""]","[{""day"": 1, ""title"": ""Ngày 1 tại Nha Trang""}, {""day"": 2, ""title"": ""Ngày 2 tại Nha Trang""}, {""day"": 3, ""title"": ""Ngày 3 tại Nha Trang""}]","[""Xe đưa đón"", ""Hướng dẫn viên"", ""Vé tham quan""]","[""Chi phí cá nhân"", ""VAT""]","[{""month"": 3, ""available"": true}, {""month"": 6, ""available"": true}, {""month"": 9, ""available"": true}, {""month"": 12, ""available"": true}]","{""type"": ""bus""}"
234,Tour Đà Lạt 4N3Đ: Nghỉ Dưỡng Relax,Đà Lạt,3470000,4,"Hành trình Đà Lạt 4 ngày dành cho du khách yêu thích relax, romantic, nature.",7.4,6,bestprice,https://synthetic.example.com/tours/234,winter,https://picsum.photos/seed/tour-234/900/600,2026-06-13 08:00:00,2026-07-13 08:00:00,4N3Đ,3870675,"[""Trải nghiệm relax"", ""Trải nghiệm romantic"", ""Trải nghiệm nature""]","[""Đà Lạt""]","[""relax"", ""romantic"", ""nature"", ""mountain""]","[""https://picsum.photos/seed/tour-234-1/900/600"", ""https://picsum.photos/seed/tour-234-2/900/600"", ""https://picsum.photos/seed/tour-234-3/900/600""]","[{""day"": 1, ""title"": ""Ngày 1 tại Đà Lạt""}, {""day"": 2, ""title"": ""Ngày 2 tại Đà Lạt""}, {""day"": 3, ""title"": ""Ngày 3 tại Đà Lạt""}, {""day"": 4, ""title"": ""Ngày 4 tại Đà Lạt""}]","[""Xe đưa đón"", ""Hướng dẫn viên"", ""Vé tham quan""]","[""Chi phí cá nhân"", ""VAT""]","[{""month"": 3, ""available"": true}, {""month"": 6, ""available"": true}, {""month"": 9, ""available"": true}, {""month"": 12, ""available"": true}]","{""type"": ""car""}"
235,Tour Hội An 3N2Đ: Trọn Gói Photography,Hội An,8550000,3,"Hành trình Hội An 3 ngày dành cho du khách yêu thích photography, culture, romantic.",9.7,29,traveloka,https://synthetic.example.com/tours/235,autumn,https://picsum.photos/seed/tour-235/900/600,2026-01-23 08:00:00,2026-02-03 08:00:00,3N2Đ,9473564,"[""Trải nghiệm photography"", ""Trải nghiệm culture"", ""Trải nghiệm romantic""]","[""Hội An""]","[""photography"", ""culture"", ""romantic"", ""food""]","[""https://picsum.photos/seed/tour-235-1/900/600"", ""https://picsum.photos/seed/tour-235-2/900/600"", ""https://picsum.photos/seed/tour-235-3/900/600""]","[{""day"": 1, ""title"": ""Ngày 1 tại Hội An""}, {""day"": 2, ""title"": ""Ngày 2 tại Hội An""}, {""day"": 3, ""title"": ""Ngày 3 tại Hội An""}]","[""Xe đưa đón"", ""Hướng dẫn viên"", ""Vé tham quan""]","[""Chi phí cá nhân"", ""VAT""]","[{""month"": 3, ""available"": true}, {""month"": 6, ""available"": true}, {""month"": 9, ""available"": true}, {""month"": 12, ""available"": true}]","{""type"": ""flight""}"
236,Tour Phú Quốc 4N3Đ: Cao Cấp Beach,Phú Quốc,14120000,4,"Hành trình Phú Quốc 4 ngày dành cho du khách yêu thích beach, romantic, relax.",8.3,70,bestprice,https://synthetic.example.com/tours/236,summer,https://picsum.photos/seed/tour-236/900/600,2025-08-10 08:00:00,2025-08-19 08:00:00,4N3Đ,15995137,"[""Trải nghiệm beach"", ""Trải nghiệm romantic"", ""Trải nghiệm relax""]","[""Phú Quốc""]","[""beach"", ""romantic"", ""relax"", ""water_sports""]","[""https://picsum.photos/seed/tour-236-1/900/600"", ""https://picsum.photos/seed/tour-236-2/900/600"", ""https://picsum.photos/seed/tour-236-3/900/600""]","[{""day"": 1, ""title"": ""Ngày 1 tại Phú Quốc""}, {""day"": 2, ""title"": ""Ngày 2 tại Phú Quốc""}, {""day"": 3, ""title"": ""Ngày 3 tại Phú Quốc""}, {""day"": 4, ""title"": ""Ngày 4 tại Phú Quốc""}]","[""Xe đưa đón"", ""Hướng dẫn viên"", ""Vé tham quan""]","[""Chi phí cá nhân"", ""VAT""]","[{""month"": 3, ""available"": true}, {""month"": 6, ""available"": true}, {""month"": 9, ""available"": true}, {""month"": 12, ""available"": true}]","{""type"": ""flight""}"
237,Tour Hà Nội 3N2Đ: Nghỉ Dưỡng City,Hà Nội,4570000,3,"Hành trình Hà Nội 3 ngày dành cho du khách yêu thích city, food, history.",9.1,117,traveloka,https://synthetic.example.com/tours/237,autumn,https://picsum.photos/seed/tour-237/900/600,2024-11-28 08:00:00,2024-12-14 08:00:00,3N2Đ,4970478,"[""Trải nghiệm city"", ""Trải nghiệm food"", ""Trải nghiệm history""]","[""Hà Nội""]","[""city"", ""food"", ""history"", ""culture""]","[""https://picsum.photos/seed/tour-237-1/900/600"", ""https://picsum.photos/seed/tour-237-2/900/600"", ""https://picsum.photos/seed/tour-237-3/900/600""]","[{""day"": 1, ""title"": ""Ngày 1 tại Hà Nội""}, {""day"": 2, ""title"": ""Ngày 2 tại Hà Nội""}, {""day"": 3, ""title"": ""Ngày 3 tại Hà Nội""}]","[""Xe đưa đón"", ""Hướng dẫn viên"", ""Vé tham quan""]","[""Chi phí cá nhân"", ""VAT""]","[{""month"": 3, ""available"": true}, {""month"": 6, ""available"": true}, {""month"": 9, ""available"": true}, {""month"": 12, ""available"": true}]","{""type"": ""flight""}"
238,Tour Phú Quốc 5N4Đ: Nghỉ Dưỡng Luxury,Phú Quốc,6620000,5,"Hành trình Phú Quốc 5 ngày dành cho du khách yêu thích luxury, water_sports, family.",8.4,111,traveloka,https://synthetic.example.com/tours/238,summer,https://picsum.photos/seed/tour-238/900/600,2024-10-01 08:00:00,2024-10-21 08:00:00,5N4Đ,7884688,"[""Trải nghiệm luxury"", ""Trải nghiệm water_sports"", ""Trải nghiệm family""]","[""Phú Quốc""]","[""luxury"", ""water_sports"", ""family"", ""beach""]","[""https://picsum.photos/seed/tour-238-1/900/600"", ""https://picsum.photos/seed/tour-238-2/900/600"", ""https://picsum.photos/seed/tour-238-3/900/600""]","[{""day"": 1, ""title"": ""Ngày 1 tại Phú Quốc""}, {""day"": 2, ""title"": ""Ngày 2 tại Phú Quốc""}, {""day"": 3, ""title"": ""Ngày 3 tại Phú Quốc""}, {""day"": 4, ""title"": ""Ngày 4 tại Phú Quốc""}, {""day"": 5, ""title"": ""Ngày 5 tại Phú Quốc""}]","[""Xe đưa đón"", ""Hướng dẫn viên"", ""Vé tham quan""]","[""Chi phí cá nhân"", ""VAT""]","[{""month"": 3, ""available"": true}, {""month"": 6, ""available"": true}, {""month"": 9, ""available"": true}, {""month"": 12, ""available"": true}]","{""type"": ""flight""}"
239,Tour Huế 3N2Đ: Check-in City,Huế,5380000,3,"Hành trình Huế 3 ngày dành cho du khách yêu thích city, culture, spiritual.",7.5,103,klook,https://synthetic.example.com/tours/239,spring,https://picsum.photos/seed/tour-239/900/600,2026-04-10 08:00:00,2026-04-20 08:00:00,3N2Đ,5542877,"[""Trải nghiệm city"", ""Trải nghiệm culture"", ""Trải nghiệm spiritual""]","[""Huế""]","[""city"", ""culture"", ""spiritual"", ""history""]","[""https://picsum.photos/seed/tour-239-1/900/600"", ""https://picsum.photos/seed/tour-239-2/900/600"", ""https://picsum.photos/seed/tour-239-3/900/600""]","[{""day"": 1, ""title"": ""Ngày 1 tại Huế""}, {""day"": 2, ""title"": ""Ngày 2 tại Huế""}, {""day"": 3, ""title"": ""Ngày 3 tại Huế""}]","[""Xe đưa đón"", ""Hướng dẫn viên"", ""Vé tham quan""]","[""Chi phí cá nhân"", ""VAT""]","[{""month"": 3, ""available"": true}, {""month"": 6, ""available"": true}, {""month"": 9, ""available"": true}, {""month"": 12, ""available"": true}]","{""type"": ""car""}"
240,Tour Cao Bằng 4N3Đ: Trọn Gói Mountain,Cao Bằng,9370000,4,"Hành trình Cao Bằng 4 ngày dành cho du khách yêu thích mountain, adventure, culture.",7.7,33,bestprice,https://synthetic.example.com/tours/240,autumn,https://picsum.photos/seed/tour-240/900/600,2025-08-19 08:00:00,2025-09-02 08:00:00,4N3Đ,10180399,"[""Trải nghiệm mountain"", ""Trải nghiệm adventure"", ""Trải nghiệm culture""]","[""Cao Bằng""]","[""mountain"", ""adventure"", ""culture"", ""photography""]","[""https://picsum.photos/seed/tour-240-1/900/600"", ""https://picsum.photos/seed/tour-240-2/900/600"", ""https://picsum.photos/seed/tour-240-3/900/600""]","[{""day"": 1, ""title"": ""Ngày 1 tại Cao Bằng""}, {""day"": 2, ""title"": ""Ngày 2 tại Cao Bằng""}, {""day"": 3, ""title"": ""Ngày 3 tại Cao Bằng""}, {""day"": 4, ""title"": ""Ngày 4 tại Cao Bằng""}]","[""Xe đưa đón"", ""Hướng dẫn viên"", ""Vé tham quan""]","[""Chi phí cá nhân"", ""VAT""]","[{""month"": 3, ""available"": true}, {""month"": 6, ""available"": true}, {""month"": 9, ""available"": true}, {""month"": 12, ""available"": true}]","{""type"": ""car""}"
