user_id,tour_id,tag_similarity,destination_match,price_match,duration_match,price,duration,avg_rating,review_count,budget_max,preferred_duration,persona,label,target_score
1,208,0.85631,0,1,0,3970000,3,8.8,28,8000000,5,city|food|nightlife|photography|shopping,1,0.69165
1,131,0.6674,0,1,0,3020000,2,8.6,118,8000000,5,city|food|nightlife|photography|shopping,0,0.58231
1,98,0.39483,1,1,1,3780000,5,8.1,109,8000000,5,city|food|nightlife|photography|shopping,1,0.72683
1,194,0.11689,1,0,0,8690000,3,9.4,66,8000000,5,city|food|nightlife|photography|shopping,0,0.55329
1,137,0.54818,1,1,0,6170000,4,8.6,51,8000000,5,city|food|nightlife|photography|shopping,1,0.76824
1,214,0.48404,0,1,0,4300000,4,7.8,103,8000000,5,city|food|nightlife|photography|shopping,1,0.5533
1,219,0.17926,0,0,0,8840000,3,9.2,91,8000000,5,city|food|nightlife|photography|shopping,0,0.39449
1,213,0.53854,1,1,0,5480000,4,9.1,25,8000000,5,city|food|nightlife|photography|shopping,1,0.76919
1,186,0.30826,0,1,0,6850000,3,9.0,61,8000000,5,city|food|nightlife|photography|shopping,0,0.46347
1,221,0.40373,1,1,1,3220000,5,8.2,86,8000000,5,city|food|nightlife|photography|shopping,1,0.73156
1,205,0.34601,0,1,0,5780000,2,7.9,69,8000000,5,city|food|nightlife|photography|shopping,0,0.44032
1,142,0.55966,0,1,0,6670000,4,9.5,72,8000000,5,city|food|nightlife|photography|shopping,1,0.60206
1,116,0.44439,1,1,0,3980000,4,7.9,72,8000000,5,city|food|nightlife|photography|shopping,1,0.71764
1,50,0.28396,0,1,0,5180000,2,9.5,104,8000000,5,city|food|nightlife|photography|shopping,0,0.43026
1,112,0.23631,0,1,0,5970000,3,8.8,119,8000000,5,city|food|nightlife|photography|shopping,0,0.43125
1,65,0.2714,0,1,0,5980000,4,8.1,6,8000000,5,city|food|nightlife|photography|shopping,0,0.46699
1,204,0.21305,1,0,1,12320000,5,8.3,93,8000000,5,city|food|nightlife|photography|shopping,1,0.56608
1,86,0.22678,0,0,0,10640000,3,9.1,83,8000000,5,city|food|nightlife|photography|shopping,0,0.37745
1,145,0.13702,1,1,1,5440000,5,7.9,10,8000000,5,city|food|nightlife|photography|shopping,0,0.61655
1,124,0.39903,0,1,1,7340000,5,8.1,59,8000000,5,city|food|nightlife|photography|shopping,1,0.54859
1,34,0.31342,0,1,1,4830000,5,7.8,107,8000000,5,city|food|nightlife|photography|shopping,0,0.50964
1,121,0.48118,1,1,0,5510000,3,7.8,82,8000000,5,city|food|nightlife|photography|shopping,0,0.70409
1,8,0.23294,0,0,0,8190000,3,9.6,107,8000000,5,city|food|nightlife|photography|shopping,0,0.43403
1,192,0.76214,0,1,0,4770000,2,9.4,30,8000000,5,city|food|nightlife|photography|shopping,1,0.6301
1,155,0.36136,0,1,0,4600000,4,9.4,111,8000000,5,city|food|nightlife|photography|shopping,0,0.51777
1,173,0.26124,0,1,0,7150000,3,9.4,6,8000000,5,city|food|nightlife|photography|shopping,0,0.44772
1,226,0.32745,0,1,0,7020000,3,9.0,111,8000000,5,city|food|nightlife|photography|shopping,0,0.47153
1,52,0.42546,1,1,0,7200000,4,7.7,116,8000000,5,city|food|nightlife|photography|shopping,1,0.70769
1,60,0.50131,0,1,0,2850000,4,8.8,84,8000000,5,city|food|nightlife|photography|shopping,0,0.57055
1,158,0.0522,1,0,0,13970000,3,8.9,45,8000000,5,city|food|nightlife|photography|shopping,0,0.41552
1,106,0.74706,0,1,0,3480000,3,7.6,42,8000000,5,city|food|nightlife|photography|shopping,0,0.63377
1,237,0.54502,0,1,0,4570000,3,9.1,117,8000000,5,city|food|nightlife|photography|shopping,0,0.56391
1,164,0.78172,0,1,0,2350000,3,9.4,29,8000000,5,city|food|nightlife|photography|shopping,1,0.66632
1,172,0.15976,1,1,1,7580000,5,7.6,79,8000000,5,city|food|nightlife|photography|shopping,1,0.6231
1,183,0.16616,0,1,1,6720000,5,8.9,109,8000000,5,city|food|nightlife|photography|shopping,0,0.45879
1,22,0.42196,1,0,0,8170000,3,8.5,27,8000000,5,city|food|nightlife|photography|shopping,1,0.68282
1,190,0.34365,0,0,0,9710000,4,9.4,24,8000000,5,city|food|nightlife|photography|shopping,1,0.47613
1,46,0.47022,1,0,0,8140000,3,9.5,53,8000000,5,city|food|nightlife|photography|shopping,1,0.71369
1,26,0.37023,1,1,0,4310000,4,9.7,29,8000000,5,city|food|nightlife|photography|shopping,1,0.7045
1,97,0.1198,0,0,0,9930000,3,7.6,41,8000000,5,city|food|nightlife|photography|shopping,0,0.33172
1,147,0.42201,0,0,0,8820000,3,8.4,18,8000000,5,city|food|nightlife|photography|shopping,1,0.48885
1,30,0.26554,0,1,0,3620000,3,8.3,117,8000000,5,city|food|nightlife|photography|shopping,0,0.43853
1,48,0.52794,1,1,0,4820000,4,9.2,103,8000000,5,city|food|nightlife|photography|shopping,1,0.76573
1,197,0.53873,0,1,0,6280000,3,9.2,55,8000000,5,city|food|nightlife|photography|shopping,0,0.56227
1,113,0.34861,0,0,0,8040000,3,9.3,109,8000000,5,city|food|nightlife|photography|shopping,0,0.48262
1,154,0.34631,0,1,1,5130000,5,7.8,26,8000000,5,city|food|nightlife|photography|shopping,0,0.52345
1,188,0.60875,0,1,0,2280000,2,7.5,73,8000000,5,city|food|nightlife|photography|shopping,1,0.54668
1,74,0.3362,0,1,1,3870000,5,7.7,59,8000000,5,city|food|nightlife|photography|shopping,0,0.5182
1,211,0.23746,0,1,0,4990000,4,9.4,22,8000000,5,city|food|nightlife|photography|shopping,0,0.46573
1,228,0.28557,0,1,0,7690000,3,7.6,7,8000000,5,city|food|nightlife|photography|shopping,0,0.43994
1,161,0.39664,1,1,0,6500000,4,7.5,57,8000000,5,city|food|nightlife|photography|shopping,1,0.69359
1,84,0.7828,0,1,0,4910000,2,9.6,25,8000000,5,city|food|nightlife|photography|shopping,1,0.64078
1,62,0.07884,1,0,0,15980000,4,7.5,22,8000000,5,city|food|nightlife|photography|shopping,0,0.40051
1,119,0.48403,0,1,0,6250000,4,7.4,42,8000000,5,city|food|nightlife|photography|shopping,1,0.54929
1,210,0.2776,0,1,0,7500000,3,7.5,13,8000000,5,city|food|nightlife|photography|shopping,1,0.43559
1,109,0.30275,0,1,0,5450000,3,7.6,70,8000000,5,city|food|nightlife|photography|shopping,0,0.44715
1,38,0.57756,0,1,0,3520000,3,8.5,21,8000000,5,city|food|nightlife|photography|shopping,0,0.57157
1,24,0.4349,0,1,1,5890000,5,8.1,9,8000000,5,city|food|nightlife|photography|shopping,0,0.56366
1,139,0.50593,1,1,0,5100000,3,8.8,86,8000000,5,city|food|nightlife|photography|shopping,1,0.72449
1,44,0.07773,0,1,0,5620000,4,7.4,19,8000000,5,city|food|nightlife|photography|shopping,0,0.37865
1,11,0.39991,0,0,0,8160000,4,8.8,13,8000000,5,city|food|nightlife|photography|shopping,0,0.52476
1,189,0.84981,0,1,0,2850000,4,7.7,89,8000000,5,city|food|nightlife|photography|shopping,1,0.70592
1,165,0.14115,0,0,0,10700000,4,7.6,38,8000000,5,city|food|nightlife|photography|shopping,0,0.35329
1,53,0.45058,1,1,0,6850000,4,8.6,65,8000000,5,city|food|nightlife|photography|shopping,1,0.72724
1,61,0.35425,0,1,0,3850000,2,7.4,61,8000000,5,city|food|nightlife|photography|shopping,0,0.43878
1,66,0.37326,0,1,1,7950000,5,8.3,83,8000000,5,city|food|nightlife|photography|shopping,1,0.53977
1,82,0.45199,1,1,0,6740000,2,8.9,16,8000000,5,city|food|nightlife|photography|shopping,1,0.67484
1,134,0.40136,1,1,0,3330000,4,7.8,89,8000000,5,city|food|nightlife|photography|shopping,1,0.69857
1,216,0.43392,0,1,0,5630000,4,9.4,104,8000000,5,city|food|nightlife|photography|shopping,0,0.54825
1,232,0.35057,0,0,0,10030000,3,8.8,50,8000000,5,city|food|nightlife|photography|shopping,1,0.43864
2,126,0.35813,0,1,0,9260000,3,8.4,85,10000000,4,adventure|mountain|nature|photography|wildlife,0,0.50642
2,229,0.36124,0,0,1,10990000,4,8.5,60,10000000,4,adventure|mountain|nature|photography|wildlife,1,0.52088
2,219,0.27064,0,1,0,8840000,3,9.2,91,10000000,4,adventure|mountain|nature|photography|wildlife,0,0.47767
2,89,0.80421,1,1,1,4550000,4,8.5,70,10000000,4,adventure|mountain|nature|photography|wildlife,1,0.90277
2,148,0.29568,0,0,1,11060000,4,9.6,44,10000000,4,adventure|mountain|nature|photography|wildlife,0,0.50323
2,174,0.21539,0,1,0,5910000,5,9.4,38,10000000,4,adventure|mountain|nature|photography|wildlife,0,0.45647
2,74,0.07633,0,1,0,3870000,5,7.7,59,10000000,4,adventure|mountain|nature|photography|wildlife,0,0.38106
2,28,0.42124,0,0,1,12790000,4,8.6,66,10000000,4,adventure|mountain|nature|photography|wildlife,0,0.51828
2,97,0.25802,0,1,0,9930000,3,7.6,41,10000000,4,adventure|mountain|nature|photography|wildlife,0,0.45637
2,218,0.26532,0,0,1,11480000,4,8.8,31,10000000,4,adventure|mountain|nature|photography|wildlife,0,0.47576
2,141,0.0,0,1,0,4800000,2,8.6,28,10000000,4,adventure|mountain|nature|photography|wildlife,0,0.33
2,128,0.18074,0,0,0,13980000,3,9.1,49,10000000,4,adventure|mountain|nature|photography|wildlife,0,0.37523
2,85,0.28303,0,0,0,11800000,3,9.0,111,10000000,4,adventure|mountain|nature|photography|wildlife,0,0.45207
2,43,0.24888,0,1,0,8280000,3,8.4,120,10000000,4,adventure|mountain|nature|photography|wildlife,0,0.46053
2,178,0.07088,0,1,0,4150000,3,9.3,40,10000000,4,adventure|mountain|nature|photography|wildlife,0,0.39477
2,147,0.24044,0,1,0,8820000,3,8.4,18,10000000,4,adventure|mountain|nature|photography|wildlife,0,0.45698
2,208,0.12789,0,1,0,3970000,3,8.8,28,10000000,4,adventure|mountain|nature|photography|wildlife,0,0.41372
2,157,0.35363,0,0,0,11560000,5,9.6,14,10000000,4,adventure|mountain|nature|photography|wildlife,0,0.49157
2,227,0.33459,0,1,0,8860000,2,9.0,39,10000000,4,adventure|mountain|nature|photography|wildlife,0,0.47453
2,167,0.20501,0,1,0,9750000,3,8.5,4,10000000,4,adventure|mountain|nature|photography|wildlife,0,0.4431
2,132,0.11802,0,1,0,7100000,3,9.1,74,10000000,4,adventure|mountain|nature|photography|wildlife,0,0.41257
2,138,0.23233,0,0,0,11540000,3,8.0,95,10000000,4,adventure|mountain|nature|photography|wildlife,0,0.42494
2,51,0.38296,0,0,0,11500000,5,7.8,99,10000000,4,adventure|mountain|nature|photography|wildlife,0,0.48684
2,214,0.24759,0,1,1,4300000,4,7.8,103,10000000,4,adventure|mountain|nature|photography|wildlife,0,0.48199
2,159,0.26296,0,0,0,11760000,2,9.2,85,10000000,4,adventure|mountain|nature|photography|wildlife,0,0.41828
2,131,0.0,0,1,0,3020000,2,8.6,118,10000000,4,adventure|mountain|nature|photography|wildlife,0,0.33
2,193,0.10444,0,1,0,9300000,3,8.2,66,10000000,4,adventure|mountain|nature|photography|wildlife,0,0.39786
2,234,0.5577,1,1,1,3470000,4,7.4,6,10000000,4,adventure|mountain|nature|photography|wildlife,1,0.78823
2,105,0.09208,0,0,1,12640000,4,8.4,30,10000000,4,adventure|mountain|nature|photography|wildlife,0,0.38044
2,221,0.58253,1,1,0,3220000,5,8.2,86,10000000,4,adventure|mountain|nature|photography|wildlife,1,0.77866
2,42,0.03459,0,1,0,5460000,2,8.4,104,10000000,4,adventure|mountain|nature|photography|wildlife,0,0.34253
2,213,0.26903,0,1,1,5480000,4,9.1,25,10000000,4,adventure|mountain|nature|photography|wildlife,1,0.50399
2,98,0.59057,1,1,0,3780000,5,8.1,109,10000000,4,adventure|mountain|nature|photography|wildlife,1,0.78104
2,188,0.13685,0,1,0,2280000,2,7.5,73,10000000,4,adventure|mountain|nature|photography|wildlife,0,0.37648
2,106,0.09751,0,1,0,3480000,3,7.6,42,10000000,4,adventure|mountain|nature|photography|wildlife,0,0.38895
2,113,0.28223,0,1,0,8040000,3,9.3,109,10000000,4,adventure|mountain|nature|photography|wildlife,0,0.48354
2,119,0.13419,0,1,1,6250000,4,7.4,42,10000000,4,adventure|mountain|nature|photography|wildlife,0,0.43036
2,230,0.62191,1,1,0,6950000,5,7.5,10,10000000,4,adventure|mountain|nature|photography|wildlife,1,0.7882
2,41,0.25409,0,1,1,6960000,4,9.1,101,10000000,4,adventure|mountain|nature|photography|wildlife,0,0.49772
2,68,0.16085,0,1,0,6910000,3,9.3,96,10000000,4,adventure|mountain|nature|photography|wildlife,0,0.43256
2,203,0.17737,0,1,0,4750000,2,8.4,43,10000000,4,adventure|mountain|nature|photography|wildlife,0,0.4025
2,80,0.01542,0,1,0,4630000,2,9.6,104,10000000,4,adventure|mountain|nature|photography|wildlife,0,0.34648
2,235,0.23063,0,1,0,8550000,3,9.7,29,10000000,4,adventure|mountain|nature|photography|wildlife,0,0.46586
2,233,0.06189,0,1,0,6800000,3,8.3,19,10000000,4,adventure|mountain|nature|photography|wildlife,0,0.38099
2,48,0.25415,0,1,1,4820000,4,9.2,103,10000000,4,adventure|mountain|nature|photography|wildlife,0,0.49874
2,184,0.24299,0,1,0,5580000,3,7.6,35,10000000,4,adventure|mountain|nature|photography|wildlife,0,0.45006
2,102,0.74681,1,1,1,7740000,4,9.2,79,10000000,4,adventure|mountain|nature|photography|wildlife,1,0.88566
2,30,0.81954,1,1,0,3620000,3,8.3,117,10000000,4,adventure|mountain|nature|photography|wildlife,1,0.87921
2,87,0.23728,0,1,1,6390000,4,8.7,39,10000000,4,adventure|mountain|nature|photography|wildlife,1,0.48666
2,150,0.20662,0,1,0,9710000,2,8.3,87,10000000,4,adventure|mountain|nature|photography|wildlife,0,0.41378
2,196,0.1979,0,0,1,14200000,4,8.3,67,10000000,4,adventure|mountain|nature|photography|wildlife,0,0.39892
2,63,0.27126,0,1,1,5390000,4,7.4,85,10000000,4,adventure|mountain|nature|photography|wildlife,0,0.48793
2,29,0.20165,0,0,0,11690000,3,7.6,35,10000000,4,adventure|mountain|nature|photography|wildlife,0,0.40565
2,144,0.79008,1,1,0,7040000,2,9.6,16,10000000,4,adventure|mountain|nature|photography|wildlife,1,0.85183
2,12,0.54983,1,1,1,5140000,4,9.6,114,10000000,4,adventure|mountain|nature|photography|wildlife,1,0.80693
2,34,0.75811,1,1,0,4830000,5,7.8,107,10000000,4,adventure|mountain|nature|photography|wildlife,1,0.84841
2,24,0.33294,0,1,0,5890000,5,8.1,9,10000000,4,adventure|mountain|nature|photography|wildlife,0,0.49283
2,223,0.23339,0,1,1,6120000,4,7.6,85,10000000,4,adventure|mountain|nature|photography|wildlife,0,0.47403
2,40,0.54206,1,1,0,5340000,3,7.5,108,10000000,4,adventure|mountain|nature|photography|wildlife,1,0.75467
2,21,0.17849,0,1,0,7690000,5,7.8,21,10000000,4,adventure|mountain|nature|photography|wildlife,0,0.42496
2,127,0.15401,0,1,1,5620000,4,7.9,52,10000000,4,adventure|mountain|nature|photography|wildlife,0,0.44368
2,134,0.62287,1,1,1,3330000,4,7.8,89,10000000,4,adventure|mountain|nature|photography|wildlife,1,0.8196
2,160,0.58331,1,1,1,3970000,4,9.2,69,10000000,4,adventure|mountain|nature|photography|wildlife,1,0.81699
2,19,0.2579,0,1,0,5280000,3,9.2,81,10000000,4,adventure|mountain|nature|photography|wildlife,0,0.47232
2,92,0.04272,0,1,0,5150000,3,8.1,31,10000000,4,adventure|mountain|nature|photography|wildlife,0,0.37094
2,236,0.16221,0,0,1,14120000,4,8.3,70,10000000,4,adventure|mountain|nature|photography|wildlife,0,0.38521
2,182,0.0,0,1,0,5640000,2,9.5,25,10000000,4,adventure|mountain|nature|photography|wildlife,0,0.339
2,130,0.77216,1,1,1,6320000,4,8.0,10,10000000,4,adventure|mountain|nature|photography|wildlife,1,0.88431
2,224,0.2921,0,1,0,9610000,5,8.2,93,10000000,4,adventure|mountain|nature|photography|wildlife,1,0.47668
2,187,0.02886,0,1,1,4850000,4,9.4,44,10000000,4,adventure|mountain|nature|photography|wildlife,0,0.40612
3,177,0.45298,0,0,0,11590000,4,7.5,90,8000000,3,beach|food|photography|relax|romantic,0,0.46545
3,41,0.51414,0,1,0,6960000,4,9.1,101,8000000,3,beach|food|photography|relax|romantic,0,0.57894
3,10,0.66656,0,1,0,3750000,4,9.7,57,8000000,3,beach|food|photography|relax|romantic,1,0.64896
3,65,0.21276,0,1,0,5980000,4,8.1,6,8000000,3,beach|food|photography|relax|romantic,0,0.44236
3,120,0.45926,0,1,1,7330000,3,9.1,82,8000000,3,beach|food|photography|relax|romantic,0,0.58389
3,82,0.52027,0,1,0,6740000,2,8.9,16,8000000,3,beach|food|photography|relax|romantic,1,0.57952
3,239,0.19341,0,1,1,5380000,3,7.5,103,8000000,3,beach|food|photography|relax|romantic,0,0.45623
3,101,0.48631,0,0,0,9040000,5,7.7,53,8000000,3,beach|food|photography|relax|romantic,0,0.50445
3,17,0.5425,0,0,0,11980000,4,8.3,109,8000000,3,beach|food|photography|relax|romantic,0,0.50325
3,186,0.17786,0,1,1,6850000,3,9.0,61,8000000,3,beach|food|photography|relax|romantic,1,0.4647
3,53,0.62403,0,1,0,6850000,4,8.6,65,8000000,3,beach|food|photography|relax|romantic,0,0.62009
3,59,0.15697,0,1,0,6780000,4,8.2,72,8000000,3,beach|food|photography|relax|romantic,0,0.41993
3,145,0.5327,0,1,0,5440000,5,7.9,10,8000000,3,beach|food|photography|relax|romantic,0,0.54673
3,62,0.55927,0,0,0,15980000,4,7.5,22,8000000,3,beach|food|photography|relax|romantic,0,0.42229
3,199,0.55952,0,1,0,7500000,4,8.6,40,8000000,3,beach|food|photography|relax|romantic,1,0.593
3,100,0.23212,1,1,1,6530000,3,9.3,83,8000000,3,beach|food|photography|relax|romantic,1,0.67049
3,137,0.47782,0,1,0,6170000,4,8.6,51,8000000,3,beach|food|photography|relax|romantic,1,0.55868
3,48,0.56436,0,1,0,4820000,4,9.2,103,8000000,3,beach|food|photography|relax|romantic,1,0.60103
3,144,0.22705,0,1,0,7040000,2,9.6,16,8000000,3,beach|food|photography|relax|romantic,0,0.46336
3,107,0.5683,0,1,1,6120000,3,9.4,13,8000000,3,beach|food|photography|relax|romantic,1,0.63268
3,30,0.19571,0,1,1,3620000,3,8.3,117,8000000,3,beach|food|photography|relax|romantic,0,0.4652
3,163,0.46727,0,1,1,6910000,3,7.6,92,8000000,3,beach|food|photography|relax|romantic,0,0.57225
3,64,0.70828,0,1,1,3540000,3,9.1,12,8000000,3,beach|food|photography|relax|romantic,1,0.68848
3,88,0.1928,0,1,0,6870000,4,9.3,31,8000000,3,beach|food|photography|relax|romantic,0,0.44598
3,54,0.46853,0,0,0,8910000,5,7.6,95,8000000,3,beach|food|photography|relax|romantic,1,0.49858
3,8,0.45847,0,0,1,8190000,3,9.6,107,8000000,3,beach|food|photography|relax|romantic,0,0.58476
3,207,0.32461,1,1,0,3610000,4,8.7,64,8000000,3,beach|food|photography|relax|romantic,1,0.67534
3,168,0.5484,0,1,1,6140000,3,8.9,101,8000000,3,beach|food|photography|relax|romantic,1,0.61933
3,146,0.27646,0,0,1,9730000,3,9.7,47,8000000,3,beach|food|photography|relax|romantic,1,0.47851
3,233,0.40081,1,1,1,6800000,3,8.3,19,8000000,3,beach|food|photography|relax|romantic,1,0.73134
3,69,0.51663,0,1,0,5280000,2,8.1,71,8000000,3,beach|food|photography|relax|romantic,1,0.56999
3,226,0.53675,0,1,1,7020000,3,9.0,111,8000000,3,beach|food|photography|relax|romantic,0,0.61543
3,28,0.42527,0,0,0,12790000,4,8.6,66,8000000,3,beach|food|photography|relax|romantic,0,0.44081
3,79,0.36993,0,1,1,5640000,3,9.6,35,8000000,3,beach|food|photography|relax|romantic,0,0.55137
3,96,0.6477,0,1,1,4840000,3,7.8,118,8000000,3,beach|food|photography|relax|romantic,1,0.65003
3,93,0.24951,0,1,0,7290000,2,9.4,63,8000000,3,beach|food|photography|relax|romantic,0,0.47079
3,9,0.68735,0,0,0,9390000,4,8.0,60,8000000,3,beach|food|photography|relax|romantic,0,0.61289
3,185,0.66251,0,1,0,4000000,4,8.9,82,8000000,3,beach|food|photography|relax|romantic,0,0.63925
3,172,0.47279,0,1,0,7580000,5,7.6,79,8000000,3,beach|food|photography|relax|romantic,0,0.51857
3,36,0.73102,0,1,0,4630000,4,9.0,57,8000000,3,beach|food|photography|relax|romantic,0,0.66903
3,84,0.13981,0,1,0,4910000,2,9.6,25,8000000,3,beach|food|photography|relax|romantic,1,0.42672
3,131,0.18832,1,1,0,3020000,2,8.6,118,8000000,3,beach|food|photography|relax|romantic,0,0.61709
3,221,0.68826,0,1,0,3220000,5,8.2,86,8000000,3,beach|food|photography|relax|romantic,1,0.61507
3,50,0.24761,0,1,0,5180000,2,9.5,104,8000000,3,beach|food|photography|relax|romantic,1,0.471
3,7,0.44522,0,1,0,7910000,5,9.3,13,8000000,3,beach|food|photography|relax|romantic,0,0.52399
3,162,0.49851,0,0,0,8680000,5,8.6,43,8000000,3,beach|food|photography|relax|romantic,0,0.52578
3,126,0.48437,0,0,1,9260000,3,8.4,85,8000000,3,beach|food|photography|relax|romantic,0,0.56223
3,200,0.47938,0,1,0,7780000,4,8.8,20,8000000,3,beach|food|photography|relax|romantic,0,0.56134
3,178,0.45833,1,1,1,4150000,3,9.3,40,8000000,3,beach|food|photography|relax|romantic,1,0.7655
3,165,0.5289,0,0,0,10700000,4,7.6,38,8000000,3,beach|food|photography|relax|romantic,0,0.51614
3,123,0.35588,1,1,0,7390000,4,8.7,91,8000000,3,beach|food|photography|relax|romantic,1,0.68847
3,223,0.56745,0,1,0,6120000,4,7.6,85,8000000,3,beach|food|photography|relax|romantic,0,0.58633
3,13,0.46932,0,0,1,10390000,3,8.6,44,8000000,3,beach|food|photography|relax|romantic,1,0.53531
3,83,0.57456,0,0,1,13980000,3,9.5,52,8000000,3,beach|food|photography|relax|romantic,1,0.51672
3,20,0.58837,0,1,0,6490000,2,8.3,67,8000000,3,beach|food|photography|relax|romantic,1,0.60212
3,24,0.51574,0,1,0,5890000,5,8.1,9,8000000,3,beach|food|photography|relax|romantic,1,0.54161
3,127,0.24723,0,1,0,5620000,4,7.9,52,8000000,3,beach|food|photography|relax|romantic,1,0.45484
3,235,0.6017,0,0,1,8550000,3,9.7,29,8000000,3,beach|food|photography|relax|romantic,1,0.63871
3,147,0.52326,0,0,1,8820000,3,8.4,18,8000000,3,beach|food|photography|relax|romantic,0,0.58737
3,217,0.44733,1,1,0,6180000,5,8.0,78,8000000,3,beach|food|photography|relax|romantic,1,0.69188
3,174,0.57482,0,1,0,5910000,5,9.4,38,8000000,3,beach|food|photography|relax|romantic,1,0.57943
3,125,0.41694,1,0,1,8660000,3,8.0,70,8000000,3,beach|food|photography|relax|romantic,1,0.72191
3,133,0.25293,0,1,1,5680000,3,9.6,72,8000000,3,beach|food|photography|relax|romantic,1,0.50223
3,40,0.67494,0,1,1,5340000,3,7.5,108,8000000,3,beach|food|photography|relax|romantic,0,0.65848
3,58,0.13626,0,1,0,5490000,4,7.7,45,8000000,3,beach|food|photography|relax|romantic,0,0.40623
3,19,0.49052,0,1,1,5280000,3,9.2,81,8000000,3,beach|food|photography|relax|romantic,0,0.59802
3,12,0.73235,0,1,0,5140000,4,9.6,114,8000000,3,beach|food|photography|relax|romantic,1,0.67559
3,115,0.43616,0,1,0,6680000,4,8.7,31,8000000,3,beach|food|photography|relax|romantic,0,0.54219
3,192,0.23012,0,1,0,4770000,2,9.4,30,8000000,3,beach|food|photography|relax|romantic,0,0.46265
3,170,0.56783,0,0,1,14230000,3,8.1,81,8000000,3,beach|food|photography|relax|romantic,1,0.49489
4,173,0.04618,0,0,0,7150000,3,9.4,6,4000000,5,beach|budget|city|family|food,0,0.23139
4,79,0.18957,0,0,0,5640000,3,9.6,35,4000000,5,beach|budget|city|family|food,0,0.35402
4,2,0.35527,0,0,1,5410000,5,9.1,111,4000000,5,beach|budget|city|family|food,0,0.48381
4,35,0.25617,0,0,0,4230000,3,7.8,93,4000000,5,beach|budget|city|family|food,0,0.42039
4,101,0.71777,0,0,1,9040000,5,7.7,53,4000000,5,beach|budget|city|family|food,0,0.51846
4,140,0.22674,0,1,1,3330000,5,9.2,94,4000000,5,beach|budget|city|family|food,1,0.48723
4,88,0.03848,0,0,0,6870000,4,9.3,31,4000000,5,beach|budget|city|family|food,0,0.26636
4,178,0.59974,0,0,0,4150000,3,9.3,40,4000000,5,beach|budget|city|family|food,0,0.58289
4,168,0.36959,0,0,0,6140000,3,8.9,101,4000000,5,beach|budget|city|family|food,0,0.40263
4,22,0.27227,0,0,0,8170000,3,8.5,27,4000000,5,beach|budget|city|family|food,0,0.28335
4,136,0.19276,0,0,0,6220000,3,8.1,117,4000000,5,beach|budget|city|family|food,0,0.31716
4,34,0.09205,1,0,1,4830000,5,7.8,107,4000000,5,beach|budget|city|family|food,1,0.56346
4,151,0.22398,0,0,0,7800000,3,7.8,89,4000000,5,beach|budget|city|family|food,0,0.26407
4,226,0.41052,1,0,0,7020000,3,9.0,111,4000000,5,beach|budget|city|family|food,0,0.56562
4,199,0.22425,0,0,0,7500000,4,8.6,40,4000000,5,beach|budget|city|family|food,0,0.31218
4,169,0.37125,0,0,1,5620000,5,8.8,5,4000000,5,beach|budget|city|family|food,0,0.47912
4,43,0.26477,0,0,0,8280000,3,8.4,120,4000000,5,beach|budget|city|family|food,0,0.2792
4,198,0.2538,0,0,0,5820000,3,8.6,8,4000000,5,beach|budget|city|family|food,0,0.3638
4,134,0.26872,0,1,0,3330000,4,7.8,89,4000000,5,beach|budget|city|family|food,0,0.46286
4,184,0.51596,1,0,0,5580000,3,7.6,35,4000000,5,beach|budget|city|family|food,0,0.6535
4,69,0.24777,0,0,0,5280000,2,8.1,71,4000000,5,beach|budget|city|family|food,0,0.34986
4,158,0.3902,0,0,0,13970000,3,8.9,45,4000000,5,beach|budget|city|family|food,0,0.33688
4,202,0.36689,0,1,0,3200000,2,9.2,60,4000000,5,beach|budget|city|family|food,0,0.4621
4,189,0.42431,0,1,0,2850000,4,7.7,89,4000000,5,beach|budget|city|family|food,0,0.52721
4,64,0.26882,0,1,0,3540000,3,9.1,12,4000000,5,beach|budget|city|family|food,0,0.4479
4,212,0.41305,0,0,0,7390000,3,8.7,47,4000000,5,beach|budget|city|family|food,0,0.36888
4,176,0.40487,0,0,1,7390000,5,9.1,92,4000000,5,beach|budget|city|family|food,0,0.42544
4,54,0.74555,0,0,1,8910000,5,7.6,95,4000000,5,beach|budget|city|family|food,0,0.52913
4,126,0.7068,0,0,0,9260000,3,8.4,85,4000000,5,beach|budget|city|family|food,0,0.46486
4,103,0.19744,0,0,0,5020000,3,9.3,30,4000000,5,beach|budget|city|family|food,0,0.37912
4,57,0.5348,0,0,0,5360000,3,8.5,66,4000000,5,beach|budget|city|family|food,0,0.49922
4,21,0.50368,0,0,1,7690000,5,7.8,21,4000000,5,beach|budget|city|family|food,0,0.44194
4,7,0.23147,0,0,1,7910000,5,9.3,13,4000000,5,beach|budget|city|family|food,0,0.33382
4,115,0.43588,1,0,0,6680000,4,8.7,31,4000000,5,beach|budget|city|family|food,1,0.61487
4,47,0.33067,0,0,0,6300000,3,8.3,85,4000000,5,beach|budget|city|family|food,0,0.37388
4,119,0.46019,0,0,0,6250000,4,7.4,42,4000000,5,beach|budget|city|family|food,0,0.44928
4,122,0.30282,0,0,0,5960000,3,9.4,46,4000000,5,beach|budget|city|family|food,0,0.38678
4,30,0.04118,0,1,0,3620000,3,8.3,117,4000000,5,beach|budget|city|family|food,0,0.34429
4,14,0.76248,0,0,1,4940000,5,8.9,82,4000000,5,beach|budget|city|family|food,1,0.67164
4,52,0.31479,0,0,0,7200000,4,7.7,116,4000000,5,beach|budget|city|family|food,0,0.35321
4,10,0.20589,0,1,0,3750000,4,9.7,57,4000000,5,beach|budget|city|family|food,0,0.45548
4,129,0.11636,1,0,1,4650000,5,9.7,7,4000000,5,beach|budget|city|family|food,0,0.59987
4,68,0.55652,0,0,0,6910000,3,9.3,96,4000000,5,beach|budget|city|family|food,0,0.45434
4,213,0.17458,0,0,0,5480000,4,9.1,25,4000000,5,beach|budget|city|family|food,0,0.37712
4,170,0.36356,0,0,0,14230000,3,8.1,81,4000000,5,beach|budget|city|family|food,0,0.31769
4,56,0.29353,0,0,0,12680000,3,9.5,77,4000000,5,beach|budget|city|family|food,0,0.30228
4,36,0.26157,0,0,0,4630000,4,9.0,57,4000000,5,beach|budget|city|family|food,0,0.44666
4,17,0.37931,0,0,0,11980000,4,8.3,109,4000000,5,beach|budget|city|family|food,0,0.35431
4,40,0.33189,0,0,0,5340000,3,7.5,108,4000000,5,beach|budget|city|family|food,0,0.4048
4,83,0.41925,0,0,0,13980000,3,9.5,52,4000000,5,beach|budget|city|family|food,0,0.35508
4,190,0.56237,0,0,0,9710000,4,9.4,24,4000000,5,beach|budget|city|family|food,0,0.44219
4,41,0.71915,0,0,0,6960000,4,9.1,101,4000000,5,beach|budget|city|family|food,0,0.54664
4,87,0.74434,0,0,0,6390000,4,8.7,39,4000000,5,beach|budget|city|family|food,0,0.57602
4,132,0.45609,0,0,0,7100000,3,9.1,74,4000000,5,beach|budget|city|family|food,0,0.40256
4,106,0.5222,0,1,0,3480000,3,7.6,42,4000000,5,beach|budget|city|family|food,0,0.53933
4,4,0.36417,0,0,1,6540000,5,8.5,51,4000000,5,beach|budget|city|family|food,1,0.43635
4,164,0.45303,0,1,0,2350000,3,9.4,29,4000000,5,beach|budget|city|family|food,0,0.52827
4,1,0.46241,0,0,0,14160000,4,9.0,35,4000000,5,beach|budget|city|family|food,0,0.39621
4,19,0.80609,0,0,0,5280000,3,9.2,81,4000000,5,beach|budget|city|family|food,1,0.62336
4,215,0.47337,0,1,0,3960000,4,7.5,73,4000000,5,beach|budget|city|family|food,0,0.54582
4,33,0.1919,0,0,0,6090000,3,8.9,45,4000000,5,beach|budget|city|family|food,0,0.33
4,59,0.42786,0,0,0,6780000,4,8.2,72,4000000,5,beach|budget|city|family|food,0,0.4225
4,206,0.28597,0,0,0,4060000,3,9.0,5,4000000,5,beach|budget|city|family|food,0,0.45171
4,60,0.44703,0,1,0,2850000,4,8.8,84,4000000,5,beach|budget|city|family|food,1,0.54775
4,20,0.28873,0,0,0,6490000,2,8.3,67,4000000,5,beach|budget|city|family|food,0,0.32067
4,185,0.28363,0,1,0,4000000,4,8.9,82,4000000,5,beach|budget|city|family|food,0,0.48012
4,236,0.45538,0,0,0,14120000,4,8.3,70,4000000,5,beach|budget|city|family|food,0,0.38626
4,120,0.77047,0,0,0,7330000,3,9.1,82,4000000,5,beach|budget|city|family|food,0,0.5254
4,75,0.4429,0,0,0,14320000,3,8.5,11,4000000,5,beach|budget|city|family|food,0,0.35502
4,230,0.26927,0,0,1,6950000,5,7.5,10,4000000,5,beach|budget|city|family|food,0,0.37009
5,202,0.0,0,1,0,3200000,2,9.2,60,18000000,3,adventure|mountain|nature|photography|wildlife,0,0.364
5,192,0.0,0,1,0,4770000,2,9.4,30,18000000,3,adventure|mountain|nature|photography|wildlife,0,0.366
5,46,0.2806,0,1,1,8140000,3,9.5,53,18000000,3,adventure|mountain|nature|photography|wildlife,0,0.51285
5,197,0.18799,0,1,1,6280000,3,9.2,55,18000000,3,adventure|mountain|nature|photography|wildlife,0,0.47096
5,233,0.0,1,1,1,6800000,3,8.3,19,18000000,3,adventure|mountain|nature|photography|wildlife,1,0.563
5,9,0.29052,1,1,0,9390000,4,8.0,60,18000000,3,adventure|mountain|nature|photography|wildlife,1,0.65402
5,232,0.02099,1,1,1,10030000,3,8.8,50,18000000,3,adventure|mountain|nature|photography|wildlife,0,0.57682
5,70,0.0,0,1,0,7280000,4,8.7,47,18000000,3,adventure|mountain|nature|photography|wildlife,0,0.359
5,224,0.19766,0,1,0,9610000,5,8.2,93,18000000,3,adventure|mountain|nature|photography|wildlife,0,0.40902
5,205,0.03839,0,1,0,5780000,2,7.9,69,18000000,3,adventure|mountain|nature|photography|wildlife,0,0.36712
5,80,0.0,1,1,0,4630000,2,9.6,104,18000000,3,adventure|mountain|nature|photography|wildlife,1,0.548
5,171,0.18589,0,1,0,5570000,5,9.6,87,18000000,3,adventure|mountain|nature|photography|wildlife,0,0.41807
5,145,0.0,0,1,0,5440000,5,7.9,10,18000000,3,adventure|mountain|nature|photography|wildlife,0,0.323
5,88,0.8531,0,1,0,6870000,4,9.3,31,18000000,3,adventure|mountain|nature|photography|wildlife,1,0.7233
5,239,0.06565,0,1,1,5380000,3,7.5,103,18000000,3,adventure|mountain|nature|photography|wildlife,0,0.40257
5,234,0.51381,0,1,0,3470000,4,7.4,6,18000000,3,adventure|mountain|nature|photography|wildlife,0,0.5618
5,180,0.54246,0,1,0,5160000,4,9.3,30,18000000,3,adventure|mountain|nature|photography|wildlife,0,0.59283
5,213,0.28927,0,1,0,5480000,4,9.1,25,18000000,3,adventure|mountain|nature|photography|wildlife,0,0.48449
5,101,0.23657,0,1,0,9040000,5,7.7,53,18000000,3,adventure|mountain|nature|photography|wildlife,0,0.42036
5,68,0.09956,1,1,1,6910000,3,9.3,96,18000000,3,adventure|mountain|nature|photography|wildlife,1,0.61482
5,79,0.16854,0,1,1,5640000,3,9.6,35,18000000,3,adventure|mountain|nature|photography|wildlife,0,0.46679
5,103,0.60617,0,1,1,5020000,3,9.3,30,18000000,3,adventure|mountain|nature|photography|wildlife,1,0.64759
5,98,0.55137,0,1,0,3780000,5,8.1,109,18000000,3,adventure|mountain|nature|photography|wildlife,0,0.55658
5,82,0.41108,0,1,0,6740000,2,8.9,16,18000000,3,adventure|mountain|nature|photography|wildlife,0,0.53366
5,220,0.28991,0,1,0,4760000,4,8.4,99,18000000,3,adventure|mountain|nature|photography|wildlife,0,0.47776
5,51,0.28935,0,1,0,11500000,5,7.8,99,18000000,3,adventure|mountain|nature|photography|wildlife,0,0.44353
5,59,0.19487,0,1,0,6780000,4,8.2,72,18000000,3,adventure|mountain|nature|photography|wildlife,0,0.43585
5,97,0.17099,0,1,1,9930000,3,7.6,41,18000000,3,adventure|mountain|nature|photography|wildlife,0,0.44782
5,58,0.0,0,1,0,5490000,4,7.7,45,18000000,3,adventure|mountain|nature|photography|wildlife,0,0.349
5,133,0.20064,0,1,1,5680000,3,9.6,72,18000000,3,adventure|mountain|nature|photography|wildlife,1,0.48027
5,89,0.79944,0,1,0,4550000,4,8.5,70,18000000,3,adventure|mountain|nature|photography|wildlife,0,0.69277
5,81,0.00973,1,1,0,4940000,4,9.0,17,18000000,3,adventure|mountain|nature|photography|wildlife,0,0.54609
5,74,0.0,1,1,0,3870000,5,7.7,59,18000000,3,adventure|mountain|nature|photography|wildlife,0,0.501
5,69,0.23047,0,1,0,5280000,2,8.1,71,18000000,3,adventure|mountain|nature|photography|wildlife,0,0.4498
5,149,0.07536,1,1,0,6170000,5,7.9,53,18000000,3,adventure|mountain|nature|photography|wildlife,0,0.53465
5,163,0.2527,0,1,1,6910000,3,7.6,92,18000000,3,adventure|mountain|nature|photography|wildlife,0,0.48214
5,99,0.06536,1,1,0,7510000,5,8.5,34,18000000,3,adventure|mountain|nature|photography|wildlife,1,0.53645
5,181,0.24926,0,1,0,5530000,5,8.0,103,18000000,3,adventure|mountain|nature|photography|wildlife,0,0.42869
5,237,0.0,1,1,1,4570000,3,9.1,117,18000000,3,adventure|mountain|nature|photography|wildlife,0,0.571
5,105,0.0,0,1,0,12640000,4,8.4,30,18000000,3,adventure|mountain|nature|photography|wildlife,0,0.356
5,127,0.10685,0,1,0,5620000,4,7.9,52,18000000,3,adventure|mountain|nature|photography|wildlife,0,0.39588
5,6,0.64685,0,1,0,4460000,5,8.8,16,18000000,3,adventure|mountain|nature|photography|wildlife,1,0.60368
5,75,0.04139,0,1,1,14320000,3,8.5,11,18000000,3,adventure|mountain|nature|photography|wildlife,0,0.40238
5,117,0.0,1,1,1,4370000,3,8.4,32,18000000,3,adventure|mountain|nature|photography|wildlife,0,0.564
5,235,0.26904,0,1,1,8550000,3,9.7,29,18000000,3,adventure|mountain|nature|photography|wildlife,0,0.50999
5,167,0.21304,1,1,1,9750000,3,8.5,4,18000000,3,adventure|mountain|nature|photography|wildlife,1,0.65448
5,164,0.0,0,1,1,2350000,3,9.4,29,18000000,3,adventure|mountain|nature|photography|wildlife,0,0.394
5,90,0.10947,0,1,0,2330000,2,9.0,69,18000000,3,adventure|mountain|nature|photography|wildlife,0,0.40798
5,29,0.08242,0,1,1,11690000,3,7.6,35,18000000,3,adventure|mountain|nature|photography|wildlife,1,0.41062
5,126,0.29813,0,1,1,9260000,3,8.4,85,18000000,3,adventure|mountain|nature|photography|wildlife,0,0.50921
5,124,0.79261,1,1,0,7340000,5,8.1,59,18000000,3,adventure|mountain|nature|photography|wildlife,1,0.83789
5,204,0.0,0,1,0,12320000,5,8.3,93,18000000,3,adventure|mountain|nature|photography|wildlife,0,0.327
5,236,0.07051,0,1,0,14120000,4,8.3,70,18000000,3,adventure|mountain|nature|photography|wildlife,0,0.38461
5,238,0.15189,0,1,0,6620000,5,8.4,111,18000000,3,adventure|mountain|nature|photography|wildlife,0,0.39179
5,34,0.76237,1,1,0,4830000,5,7.8,107,18000000,3,adventure|mountain|nature|photography|wildlife,1,0.8222
5,183,0.22845,0,1,0,6720000,5,8.9,109,18000000,3,adventure|mountain|nature|photography|wildlife,0,0.42895
5,3,0.37274,1,1,0,8200000,4,7.5,120,18000000,3,adventure|mountain|nature|photography|wildlife,1,0.68355
5,108,0.29452,0,1,0,5210000,5,7.8,114,18000000,3,adventure|mountain|nature|photography|wildlife,0,0.4457
5,135,0.10195,1,1,0,8470000,5,8.5,106,18000000,3,adventure|mountain|nature|photography|wildlife,1,0.55182
5,137,0.2948,0,1,0,6170000,4,8.6,51,18000000,3,adventure|mountain|nature|photography|wildlife,1,0.48181
5,92,0.04069,0,1,1,5150000,3,8.1,31,18000000,3,adventure|mountain|nature|photography|wildlife,0,0.39809
5,128,0.0897,0,1,1,13980000,3,9.1,49,18000000,3,adventure|mountain|nature|photography|wildlife,0,0.42867
5,87,0.20704,0,1,0,6390000,4,8.7,39,18000000,3,adventure|mountain|nature|photography|wildlife,0,0.44596
5,162,0.31824,0,1,0,8680000,5,8.6,43,18000000,3,adventure|mountain|nature|photography|wildlife,0,0.46366
5,76,0.51682,0,1,0,4280000,5,8.3,39,18000000,3,adventure|mountain|nature|photography|wildlife,0,0.54407
5,110,0.27638,0,1,0,7520000,4,9.4,73,18000000,3,adventure|mountain|nature|photography|wildlife,0,0.48208
5,25,0.60489,0,1,0,5890000,4,9.1,67,18000000,3,adventure|mountain|nature|photography|wildlife,0,0.61705
5,71,0.04535,0,1,1,8030000,3,9.5,81,18000000,3,adventure|mountain|nature|photography|wildlife,0,0.41405
5,132,0.08653,0,1,1,7100000,3,9.1,74,18000000,3,adventure|mountain|nature|photography|wildlife,0,0.42734
5,229,0.33908,1,1,0,10990000,4,8.5,60,18000000,3,adventure|mountain|nature|photography|wildlife,1,0.67941
6,185,0.19689,0,1,0,4000000,4,8.9,82,14000000,2,beach|budget|city|family|food,0,0.41569
6,153,0.71937,1,1,0,8920000,5,9.0,5,14000000,2,beach|budget|city|family|food,1,0.78814
6,209,0.19618,1,1,0,8360000,4,9.1,41,14000000,2,beach|budget|city|family|food,0,0.5974
6,30,0.05019,0,1,0,3620000,3,8.3,117,14000000,2,beach|budget|city|family|food,0,0.37608
6,232,0.56727,0,1,0,10030000,3,8.8,50,14000000,2,beach|budget|city|family|food,1,0.59825
6,233,0.55671,0,1,0,6800000,3,8.3,19,14000000,2,beach|budget|city|family|food,0,0.58882
6,98,0.19925,0,1,0,3780000,5,8.1,109,14000000,2,beach|budget|city|family|food,0,0.38068
6,1,0.48428,0,0,0,14160000,4,9.0,35,14000000,2,beach|budget|city|family|food,1,0.53557
6,36,0.18178,0,1,0,4630000,4,9.0,57,14000000,2,beach|budget|city|family|food,0,0.41035
6,115,0.53159,0,1,0,6680000,4,8.7,31,14000000,2,beach|budget|city|family|food,0,0.55427
6,183,0.20674,1,1,0,6720000,5,8.9,109,14000000,2,beach|budget|city|family|food,0,0.57183
6,105,0.34256,0,1,0,12640000,4,8.4,30,14000000,2,beach|budget|city|family|food,0,0.47187
6,221,0.18893,0,1,0,3220000,5,8.2,86,14000000,2,beach|budget|city|family|food,0,0.37735
6,83,0.41413,0,1,0,13980000,3,9.5,52,14000000,2,beach|budget|city|family|food,1,0.54093
6,44,0.24946,1,1,0,5620000,4,7.4,19,14000000,2,beach|budget|city|family|food,1,0.60277
6,16,0.34116,0,1,0,6240000,3,9.3,113,14000000,2,beach|budget|city|family|food,0,0.50829
6,122,0.28647,0,1,0,5960000,3,9.4,46,14000000,2,beach|budget|city|family|food,1,0.48632
6,67,0.37143,0,1,0,3730000,3,9.5,8,14000000,2,beach|budget|city|family|food,0,0.523
6,204,0.35327,0,1,0,12320000,5,8.3,93,14000000,2,beach|budget|city|family|food,0,0.44737
6,121,0.25607,0,1,0,5510000,3,7.8,82,14000000,2,beach|budget|city|family|food,0,0.45755
6,86,0.51951,0,1,0,10640000,3,9.1,83,14000000,2,beach|budget|city|family|food,0,0.58119
6,102,0.15076,0,1,0,7740000,4,9.2,79,14000000,2,beach|budget|city|family|food,0,0.39932
6,33,0.20376,0,1,0,6090000,3,8.9,45,14000000,2,beach|budget|city|family|food,0,0.44658
6,59,0.35595,0,1,0,6780000,4,8.2,72,14000000,2,beach|budget|city|family|food,0,0.4755
6,104,0.24359,1,1,0,8930000,4,7.4,95,14000000,2,beach|budget|city|family|food,1,0.60031
6,25,0.21799,0,1,0,5890000,4,9.1,67,14000000,2,beach|budget|city|family|food,0,0.42656
6,68,0.5532,0,1,0,6910000,3,9.3,96,14000000,2,beach|budget|city|family|food,0,0.59735
6,110,0.19299,0,1,0,7520000,4,9.4,73,14000000,2,beach|budget|city|family|food,0,0.41906
6,95,0.44628,0,1,0,12960000,4,7.5,31,14000000,2,beach|budget|city|family|food,0,0.50644
6,103,0.15095,0,1,0,5020000,3,9.3,30,14000000,2,beach|budget|city|family|food,0,0.4284
6,81,0.35336,0,1,0,4940000,4,9.0,17,14000000,2,beach|budget|city|family|food,0,0.48241
6,156,0.10198,0,1,1,7480000,2,9.0,38,14000000,2,beach|budget|city|family|food,0,0.43283
6,22,0.1875,0,1,0,8170000,3,8.5,27,14000000,2,beach|budget|city|family|food,0,0.43575
6,61,0.04243,0,1,1,3850000,2,7.4,61,14000000,2,beach|budget|city|family|food,0,0.39182
6,51,0.28841,1,1,0,11500000,5,7.8,99,14000000,2,beach|budget|city|family|food,1,0.59513
6,19,0.81189,1,1,0,5280000,3,9.2,81,14000000,2,beach|budget|city|family|food,1,0.88499
6,131,0.36944,0,1,1,3020000,2,8.6,118,14000000,2,beach|budget|city|family|food,1,0.54117
6,91,0.42124,0,1,0,5890000,5,9.6,48,14000000,2,beach|budget|city|family|food,0,0.48892
6,13,0.40598,0,1,0,10390000,3,8.6,44,14000000,2,beach|budget|city|family|food,0,0.52851
6,146,0.11215,1,1,0,9730000,3,9.7,47,14000000,2,beach|budget|city|family|food,1,0.5961
6,168,0.382,0,1,0,6140000,3,8.9,101,14000000,2,beach|budget|city|family|food,0,0.52144
6,82,0.29718,0,1,1,6740000,2,8.9,16,14000000,2,beach|budget|city|family|food,0,0.51381
6,53,0.29634,0,1,0,6850000,4,8.6,65,14000000,2,beach|budget|city|family|food,0,0.45446
6,27,0.16819,0,1,1,6140000,2,8.9,98,14000000,2,beach|budget|city|family|food,0,0.45964
6,120,0.81312,1,1,0,7330000,3,9.1,82,14000000,2,beach|budget|city|family|food,1,0.88451
6,226,0.48435,0,1,0,7020000,3,9.0,111,14000000,2,beach|budget|city|family|food,0,0.56543
6,169,0.38315,0,1,0,5620000,5,8.8,5,14000000,2,beach|budget|city|family|food,0,0.46492
6,208,0.3785,0,1,0,3970000,3,8.8,28,14000000,2,beach|budget|city|family|food,0,0.51897
6,2,0.36162,0,1,0,5410000,5,9.1,111,14000000,2,beach|budget|city|family|food,0,0.45888
6,73,0.13805,0,1,0,7600000,3,8.4,56,14000000,2,beach|budget|city|family|food,0,0.41398
6,76,0.25437,0,1,0,4280000,5,8.3,39,14000000,2,beach|budget|city|family|food,0,0.40584
6,133,0.36701,0,1,0,5680000,3,9.6,72,14000000,2,beach|budget|city|family|food,0,0.52215
6,111,0.05349,0,1,1,3320000,2,7.8,110,14000000,2,beach|budget|city|family|food,0,0.40047
6,12,0.2816,0,1,0,5140000,4,9.6,114,14000000,2,beach|budget|city|family|food,0,0.45827
6,124,0.04586,1,1,0,7340000,5,8.1,59,14000000,2,beach|budget|city|family|food,1,0.49626
6,200,0.65404,1,1,0,7780000,4,8.8,20,14000000,2,beach|budget|city|family|food,1,0.7867
6,148,0.2235,1,1,0,11060000,4,9.6,44,14000000,2,beach|budget|city|family|food,1,0.61387
6,9,0.61503,0,1,0,9390000,4,8.0,60,14000000,2,beach|budget|city|family|food,1,0.58231
6,92,0.39759,0,1,0,5150000,3,8.1,31,14000000,2,beach|budget|city|family|food,0,0.51999
6,213,0.14593,0,1,0,5480000,4,9.1,25,14000000,2,beach|budget|city|family|food,0,0.39629
6,142,0.45894,0,1,0,6670000,4,9.5,72,14000000,2,beach|budget|city|family|food,0,0.53175
6,198,0.16613,0,1,0,5820000,3,8.6,8,14000000,2,beach|budget|city|family|food,0,0.42778
6,74,0.58738,0,1,0,3870000,5,7.7,59,14000000,2,beach|budget|city|family|food,0,0.5397
6,79,0.15157,1,1,0,5640000,3,9.6,35,14000000,2,beach|budget|city|family|food,1,0.61166
6,6,0.21592,0,1,0,4460000,5,8.8,16,14000000,2,beach|budget|city|family|food,0,0.39469
6,49,0.51429,0,1,0,5810000,3,8.0,112,14000000,2,beach|budget|city|family|food,1,0.568
6,238,0.35817,0,1,0,6620000,5,8.4,111,14000000,2,beach|budget|city|family|food,0,0.45043
6,72,0.21074,0,1,0,6980000,3,8.9,58,14000000,2,beach|budget|city|family|food,1,0.44951
6,174,0.75976,1,1,0,5910000,5,9.4,38,14000000,2,beach|budget|city|family|food,1,0.8091
6,166,0.04305,0,1,0,6610000,4,7.9,101,14000000,2,beach|budget|city|family|food,0,0.34108
7,70,0.08453,1,1,0,7280000,4,8.7,47,18000000,2,adventure|mountain|nature|photography|wildlife,1,0.5465
7,68,0.17156,0,1,0,6910000,3,9.3,96,18000000,2,adventure|mountain|nature|photography|wildlife,0,0.43706
7,167,0.17637,0,1,0,9750000,3,8.5,4,18000000,2,adventure|mountain|nature|photography|wildlife,0,0.43107
7,51,0.2911,0,1,0,11500000,5,7.8,99,18000000,2,adventure|mountain|nature|photography|wildlife,0,0.41626
7,32,0.09175,0,1,0,6600000,3,7.6,4,18000000,2,adventure|mountain|nature|photography|wildlife,0,0.38653
7,196,0.09757,0,1,0,14200000,4,8.3,67,18000000,2,adventure|mountain|nature|photography|wildlife,0,0.36798
7,9,0.28507,0,1,0,9390000,4,8.0,60,18000000,2,adventure|mountain|nature|photography|wildlife,0,0.44373
7,25,0.59564,0,1,0,5890000,4,9.1,67,18000000,2,adventure|mountain|nature|photography|wildlife,1,0.58517
7,129,0.69105,0,1,0,4650000,5,9.7,7,18000000,2,adventure|mountain|nature|photography|wildlife,0,0.60324
7,230,0.57699,0,1,0,6950000,5,7.5,10,18000000,2,adventure|mountain|nature|photography|wildlife,1,0.53334
7,134,0.58301,0,1,0,3330000,4,7.8,89,18000000,2,adventure|mountain|nature|photography|wildlife,1,0.56686
7,55,0.73165,0,1,0,6780000,4,8.3,68,18000000,2,adventure|mountain|nature|photography|wildlife,1,0.63429
7,160,0.53488,0,1,0,3970000,4,9.2,69,18000000,2,adventure|mountain|nature|photography|wildlife,1,0.56065
7,1,0.0446,0,1,0,14160000,4,9.0,35,18000000,2,adventure|mountain|nature|photography|wildlife,0,0.35273
7,42,0.09885,1,1,1,5460000,2,8.4,104,18000000,2,adventure|mountain|nature|photography|wildlife,1,0.60552
7,45,0.73041,0,1,0,8730000,3,8.1,21,18000000,2,adventure|mountain|nature|photography|wildlife,1,0.65977
7,240,0.70079,0,1,0,9370000,4,7.7,33,18000000,2,adventure|mountain|nature|photography|wildlife,1,0.61533
7,109,0.23683,0,1,0,5450000,3,7.6,70,18000000,2,adventure|mountain|nature|photography|wildlife,0,0.44747
7,74,0.05504,0,1,0,3870000,5,7.7,59,18000000,2,adventure|mountain|nature|photography|wildlife,0,0.31612
7,219,0.2167,0,1,0,8840000,3,9.2,91,18000000,2,adventure|mountain|nature|photography|wildlife,0,0.45502
7,21,0.15723,0,1,0,7690000,5,7.8,21,18000000,2,adventure|mountain|nature|photography|wildlife,0,0.36004
7,10,0.4884,0,1,0,3750000,4,9.7,57,18000000,2,adventure|mountain|nature|photography|wildlife,1,0.54613
7,155,0.12843,0,1,0,4600000,4,9.4,111,18000000,2,adventure|mountain|nature|photography|wildlife,0,0.39194
7,216,0.16959,0,1,0,5630000,4,9.4,104,18000000,2,adventure|mountain|nature|photography|wildlife,0,0.40923
7,218,0.24409,0,1,0,11480000,4,8.8,31,18000000,2,adventure|mountain|nature|photography|wildlife,0,0.43452
7,29,0.08433,0,1,0,11690000,3,7.6,35,18000000,2,adventure|mountain|nature|photography|wildlife,0,0.38342
7,101,0.26411,0,1,0,9040000,5,7.7,53,18000000,2,adventure|mountain|nature|photography|wildlife,0,0.40393
7,57,0.19412,1,1,0,5360000,3,8.5,66,18000000,2,adventure|mountain|nature|photography|wildlife,0,0.61853
7,88,0.76088,0,1,0,6870000,4,9.3,31,18000000,2,adventure|mountain|nature|photography|wildlife,1,0.65657
7,166,0.74308,0,1,0,6610000,4,7.9,101,18000000,2,adventure|mountain|nature|photography|wildlife,1,0.63509
7,208,0.21423,1,1,0,3970000,3,8.8,28,18000000,2,adventure|mountain|nature|photography|wildlife,1,0.62998
7,17,0.06158,0,1,0,11980000,4,8.3,109,18000000,2,adventure|mountain|nature|photography|wildlife,0,0.35286
7,188,0.18771,1,1,1,2280000,2,7.5,73,18000000,2,adventure|mountain|nature|photography|wildlife,0,0.63384
7,124,0.70849,0,1,0,7340000,5,8.1,59,18000000,2,adventure|mountain|nature|photography|wildlife,1,0.59457
7,225,0.53061,0,1,0,5050000,5,8.1,21,18000000,2,adventure|mountain|nature|photography|wildlife,0,0.51986
7,153,0.31207,0,1,0,8920000,5,9.0,5,18000000,2,adventure|mountain|nature|photography|wildlife,0,0.43707
7,156,0.7136,0,1,1,7480000,2,9.0,38,18000000,2,adventure|mountain|nature|photography|wildlife,1,0.68971
7,44,0.31516,0,1,0,5620000,4,7.4,19,18000000,2,adventure|mountain|nature|photography|wildlife,0,0.45037
7,226,0.23266,0,1,0,7020000,3,9.0,111,18000000,2,adventure|mountain|nature|photography|wildlife,0,0.45972
7,152,0.20956,0,1,0,10060000,3,8.7,54,18000000,2,adventure|mountain|nature|photography|wildlife,0,0.44701
7,104,0.79495,0,1,0,8930000,4,7.4,95,18000000,2,adventure|mountain|nature|photography|wildlife,1,0.65188
7,135,0.13264,0,1,0,8470000,5,8.5,106,18000000,2,adventure|mountain|nature|photography|wildlife,0,0.35671
7,222,0.21564,0,1,0,10940000,4,9.6,70,18000000,2,adventure|mountain|nature|photography|wildlife,1,0.43057
7,91,0.10925,0,1,0,5890000,5,9.6,48,18000000,2,adventure|mountain|nature|photography|wildlife,0,0.35789
7,191,0.28391,0,1,0,6590000,4,7.5,40,18000000,2,adventure|mountain|nature|photography|wildlife,1,0.43824
7,77,0.72778,0,1,0,7160000,3,8.3,95,18000000,2,adventure|mountain|nature|photography|wildlife,1,0.66067
7,23,0.84225,0,1,0,7230000,4,8.5,118,18000000,2,adventure|mountain|nature|photography|wildlife,1,0.68275
7,93,0.72633,0,1,1,7290000,2,9.4,63,18000000,2,adventure|mountain|nature|photography|wildlife,1,0.69906
7,95,0.02735,0,1,0,12960000,4,7.5,31,18000000,2,adventure|mountain|nature|photography|wildlife,0,0.33049
7,181,0.28411,0,1,0,5530000,5,8.0,103,18000000,2,adventure|mountain|nature|photography|wildlife,0,0.41533
7,35,0.33114,0,1,0,4230000,3,7.8,93,18000000,2,adventure|mountain|nature|photography|wildlife,0,0.48908
7,133,0.27616,0,1,0,5680000,3,9.6,72,18000000,2,adventure|mountain|nature|photography|wildlife,0,0.48399
7,59,0.30139,0,1,0,6780000,4,8.2,72,18000000,2,adventure|mountain|nature|photography|wildlife,0,0.45258
7,143,0.27366,0,1,0,7280000,4,7.6,88,18000000,2,adventure|mountain|nature|photography|wildlife,0,0.43494
7,6,0.59942,0,1,0,4460000,5,8.8,16,18000000,2,adventure|mountain|nature|photography|wildlife,1,0.55576
7,46,0.28919,0,1,0,8140000,3,9.5,53,18000000,2,adventure|mountain|nature|photography|wildlife,0,0.48846
7,33,0.32367,0,1,0,6090000,3,8.9,45,18000000,2,adventure|mountain|nature|photography|wildlife,0,0.49694
7,224,0.20834,0,1,0,9610000,5,8.2,93,18000000,2,adventure|mountain|nature|photography|wildlife,0,0.3855
7,185,0.54309,0,1,0,4000000,4,8.9,82,18000000,2,adventure|mountain|nature|photography|wildlife,0,0.5611
7,119,0.21543,0,1,0,6250000,4,7.4,42,18000000,2,adventure|mountain|nature|photography|wildlife,0,0.40848
7,139,0.58138,0,1,0,5100000,3,8.8,86,18000000,2,adventure|mountain|nature|photography|wildlife,0,0.60418
7,94,0.11438,1,1,1,5190000,2,8.3,80,18000000,2,adventure|mountain|nature|photography|wildlife,1,0.61104
7,228,0.71889,0,1,0,7690000,3,7.6,7,18000000,2,adventure|mountain|nature|photography|wildlife,1,0.64993
7,28,0.34238,0,1,0,12790000,4,8.6,66,18000000,2,adventure|mountain|nature|photography|wildlife,1,0.4738
7,149,0.15654,0,1,0,6170000,5,7.9,53,18000000,2,adventure|mountain|nature|photography|wildlife,0,0.36075
7,151,0.50035,0,1,0,7800000,3,7.8,89,18000000,2,adventure|mountain|nature|photography|wildlife,0,0.56015
7,62,0.0,0,1,0,15980000,4,7.5,22,18000000,2,adventure|mountain|nature|photography|wildlife,0,0.319
7,67,0.11945,0,1,0,3730000,3,9.5,8,18000000,2,adventure|mountain|nature|photography|wildlife,0,0.41717
7,15,0.18066,0,1,0,7150000,3,8.9,23,18000000,2,adventure|mountain|nature|photography|wildlife,1,0.43688
7,50,0.73363,0,1,1,5180000,2,9.5,104,18000000,2,adventure|mountain|nature|photography|wildlife,1,0.70312
8,73,0.43503,0,1,0,7600000,3,8.4,56,18000000,5,city|food|nightlife|photography|shopping,1,0.51071
8,158,0.0459,0,1,0,13970000,3,8.9,45,18000000,5,city|food|nightlife|photography|shopping,0,0.35228
8,120,0.5502,1,1,0,7330000,3,9.1,82,18000000,5,city|food|nightlife|photography|shopping,1,0.74609
8,183,0.05071,0,1,1,6720000,5,8.9,109,18000000,5,city|food|nightlife|photography|shopping,0,0.4103
8,78,0.61336,0,1,0,6430000,4,9.1,48,18000000,5,city|food|nightlife|photography|shopping,0,0.62061
8,5,0.16972,0,1,1,15690000,5,8.2,115,18000000,5,city|food|nightlife|photography|shopping,0,0.45328
8,164,0.73973,1,1,0,2350000,3,9.4,29,18000000,5,city|food|nightlife|photography|shopping,1,0.82869
8,7,0.04334,0,1,1,7910000,5,9.3,13,18000000,5,city|food|nightlife|photography|shopping,0,0.4112
8,156,0.2783,0,1,0,7480000,2,9.0,38,18000000,5,city|food|nightlife|photography|shopping,0,0.42288
8,72,0.39335,0,1,0,6980000,3,8.9,58,18000000,5,city|food|nightlife|photography|shopping,0,0.49821
8,43,0.55856,0,1,0,8280000,3,8.4,120,18000000,5,city|food|nightlife|photography|shopping,1,0.5626
8,161,0.41557,0,1,0,6500000,4,7.5,57,18000000,5,city|food|nightlife|photography|shopping,0,0.52154
8,82,0.47084,0,1,0,6740000,2,8.9,16,18000000,5,city|food|nightlife|photography|shopping,1,0.50275
8,198,0.39256,0,1,0,5820000,3,8.6,8,18000000,5,city|food|nightlife|photography|shopping,0,0.49488
8,97,0.04506,0,1,0,9930000,3,7.6,41,18000000,5,city|food|nightlife|photography|shopping,0,0.33892
8,210,0.2672,0,1,0,7500000,3,7.5,13,18000000,5,city|food|nightlife|photography|shopping,0,0.43122
8,145,0.13899,0,1,1,5440000,5,7.9,10,18000000,5,city|food|nightlife|photography|shopping,0,0.43738
8,53,0.47594,0,1,0,6850000,4,8.6,65,18000000,5,city|food|nightlife|photography|shopping,0,0.55789
8,39,0.14208,0,1,0,7320000,3,8.0,80,18000000,5,city|food|nightlife|photography|shopping,0,0.38367
8,23,0.3066,0,1,0,7230000,4,8.5,118,18000000,5,city|food|nightlife|photography|shopping,0,0.48577
8,60,0.51995,0,1,0,2850000,4,8.8,84,18000000,5,city|food|nightlife|photography|shopping,1,0.57838
8,114,0.0,0,1,0,10820000,3,9.0,71,18000000,5,city|food|nightlife|photography|shopping,0,0.334
8,136,0.43356,0,1,0,6220000,3,8.1,117,18000000,5,city|food|nightlife|photography|shopping,1,0.50709
8,14,0.52403,1,1,1,4940000,5,8.9,82,18000000,5,city|food|nightlife|photography|shopping,1,0.78909
8,64,0.39392,0,1,0,3540000,3,9.1,12,18000000,5,city|food|nightlife|photography|shopping,0,0.50045
8,45,0.20387,0,1,0,8730000,3,8.1,21,18000000,5,city|food|nightlife|photography|shopping,0,0.41062
8,134,0.42915,0,1,0,3330000,4,7.8,89,18000000,5,city|food|nightlife|photography|shopping,0,0.53024
8,122,0.52798,0,1,0,5960000,3,9.4,46,18000000,5,city|food|nightlife|photography|shopping,0,0.55975
8,176,0.12628,0,1,1,7390000,5,9.1,92,18000000,5,city|food|nightlife|photography|shopping,0,0.44404
8,30,0.24288,0,1,0,3620000,3,8.3,117,18000000,5,city|food|nightlife|photography|shopping,0,0.42901
8,213,0.51602,0,1,0,5480000,4,9.1,25,18000000,5,city|food|nightlife|photography|shopping,1,0.57973
8,125,0.37213,0,1,0,8660000,3,8.0,70,18000000,5,city|food|nightlife|photography|shopping,1,0.48029
8,44,0.0,0,1,0,5620000,4,7.4,19,18000000,5,city|food|nightlife|photography|shopping,0,0.346
8,132,0.72222,1,1,0,7100000,3,9.1,74,18000000,5,city|food|nightlife|photography|shopping,1,0.81833
8,216,0.40867,0,1,0,5630000,4,9.4,104,18000000,5,city|food|nightlife|photography|shopping,0,0.53764
8,56,0.05491,0,1,0,12680000,3,9.5,77,18000000,5,city|food|nightlife|photography|shopping,0,0.36206
8,41,0.50357,1,1,0,6960000,4,9.1,101,18000000,5,city|food|nightlife|photography|shopping,1,0.7545
8,196,0.05731,0,1,0,14200000,4,8.3,67,18000000,5,city|food|nightlife|photography|shopping,0,0.37907
8,202,0.41128,0,1,0,3200000,2,9.2,60,18000000,5,city|food|nightlife|photography|shopping,0,0.48074
8,65,0.23704,0,1,0,5980000,4,8.1,6,18000000,5,city|food|nightlife|photography|shopping,0,0.45256
8,178,0.37875,0,1,0,4150000,3,9.3,40,18000000,5,city|food|nightlife|photography|shopping,0,0.49607
8,117,0.52228,0,1,0,4370000,3,8.4,32,18000000,5,city|food|nightlife|photography|shopping,0,0.54736
8,206,0.53903,0,1,0,4060000,3,9.0,5,18000000,5,city|food|nightlife|photography|shopping,1,0.56039
8,234,0.38268,0,1,0,3470000,4,7.4,6,18000000,5,city|food|nightlife|photography|shopping,1,0.50673
8,52,0.41101,0,1,0,7200000,4,7.7,116,18000000,5,city|food|nightlife|photography|shopping,0,0.52162
8,6,0.45389,0,1,1,4460000,5,8.8,16,18000000,5,city|food|nightlife|photography|shopping,1,0.57863
8,83,0.21731,0,1,0,13980000,3,9.5,52,18000000,5,city|food|nightlife|photography|shopping,0,0.43027
8,219,0.18903,1,1,0,8840000,3,9.2,91,18000000,5,city|food|nightlife|photography|shopping,1,0.59539
8,2,0.05496,0,1,1,5410000,5,9.1,111,18000000,5,city|food|nightlife|photography|shopping,0,0.41408
8,28,0.08543,0,1,0,12790000,4,8.6,66,18000000,5,city|food|nightlife|photography|shopping,0,0.39388
8,214,0.56071,1,1,0,4300000,4,7.8,103,18000000,5,city|food|nightlife|photography|shopping,1,0.7655
8,172,0.13926,0,1,1,7580000,5,7.6,79,18000000,5,city|food|nightlife|photography|shopping,0,0.43449
8,225,0.48871,0,1,1,5050000,5,8.1,21,18000000,5,city|food|nightlife|photography|shopping,0,0.58626
8,233,0.4522,0,1,0,6800000,3,8.3,19,18000000,5,city|food|nightlife|photography|shopping,1,0.51692
8,140,0.39067,0,1,1,3330000,5,9.2,94,18000000,5,city|food|nightlife|photography|shopping,0,0.55608
8,88,0.23927,0,1,0,6870000,4,9.3,31,18000000,5,city|food|nightlife|photography|shopping,0,0.46549
8,128,0.13435,0,1,0,13980000,3,9.1,49,18000000,5,city|food|nightlife|photography|shopping,0,0.39143
8,1,0.06646,0,1,0,14160000,4,9.0,35,18000000,5,city|food|nightlife|photography|shopping,0,0.38991
8,163,0.11131,0,1,0,6910000,3,7.6,92,18000000,5,city|food|nightlife|photography|shopping,0,0.36675
8,141,0.64564,0,1,0,4800000,2,8.6,28,18000000,5,city|food|nightlife|photography|shopping,0,0.57317
8,49,0.13979,0,1,0,5810000,3,8.0,112,18000000,5,city|food|nightlife|photography|shopping,0,0.38271
8,228,0.25336,0,1,0,7690000,3,7.6,7,18000000,5,city|food|nightlife|photography|shopping,0,0.42641
8,126,0.51144,1,1,0,9260000,3,8.4,85,18000000,5,city|food|nightlife|photography|shopping,1,0.7228
8,29,0.05448,0,1,0,11690000,3,7.6,35,18000000,5,city|food|nightlife|photography|shopping,0,0.34288
8,205,0.37288,0,1,0,5780000,2,7.9,69,18000000,5,city|food|nightlife|photography|shopping,1,0.45161
8,192,0.69196,1,1,0,4770000,2,9.4,30,18000000,5,city|food|nightlife|photography|shopping,1,0.78062
8,99,0.3242,0,1,1,7510000,5,8.5,34,18000000,5,city|food|nightlife|photography|shopping,0,0.52116
8,133,0.46395,0,1,0,5680000,3,9.6,72,18000000,5,city|food|nightlife|photography|shopping,0,0.53486
8,179,0.13008,0,1,0,5280000,3,9.5,68,18000000,5,city|food|nightlife|photography|shopping,0,0.39364
8,181,0.62644,1,1,1,5530000,5,8.0,103,18000000,5,city|food|nightlife|photography|shopping,1,0.82311
9,67,0.58935,0,1,0,3730000,3,9.5,8,14000000,2,city|food|nightlife|photography|shopping,1,0.61453
9,217,0.48991,0,1,0,6180000,5,8.0,78,14000000,2,city|food|nightlife|photography|shopping,1,0.50176
9,199,0.38705,0,1,0,7500000,4,8.6,40,14000000,2,city|food|nightlife|photography|shopping,1,0.49256
9,93,0.23014,0,1,1,7290000,2,9.4,63,14000000,2,city|food|nightlife|photography|shopping,0,0.49066
9,184,0.30103,0,1,0,5580000,3,7.6,35,14000000,2,city|food|nightlife|photography|shopping,0,0.47443
9,83,0.17026,0,1,0,13980000,3,9.5,52,14000000,2,city|food|nightlife|photography|shopping,0,0.43851
9,125,0.40766,0,1,0,8660000,3,8.0,70,14000000,2,city|food|nightlife|photography|shopping,0,0.52322
9,212,0.50064,1,1,0,7390000,3,8.7,47,14000000,2,city|food|nightlife|photography|shopping,1,0.74927
9,200,0.51066,0,1,0,7780000,4,8.8,20,14000000,2,city|food|nightlife|photography|shopping,0,0.54648
9,135,0.34267,0,1,0,8470000,5,8.5,106,14000000,2,city|food|nightlife|photography|shopping,1,0.44492
9,92,0.81908,0,1,0,5150000,3,8.1,31,14000000,2,city|food|nightlife|photography|shopping,1,0.69701
9,134,0.34434,1,1,0,3330000,4,7.8,89,14000000,2,city|food|nightlife|photography|shopping,0,0.64662
9,136,0.39535,0,1,0,6220000,3,8.1,117,14000000,2,city|food|nightlife|photography|shopping,0,0.51905
9,168,0.01809,0,1,0,6140000,3,8.9,101,14000000,2,city|food|nightlife|photography|shopping,0,0.3686
9,33,0.37458,0,1,0,6090000,3,8.9,45,14000000,2,city|food|nightlife|photography|shopping,1,0.51832
9,238,0.03521,0,1,0,6620000,5,8.4,111,14000000,2,city|food|nightlife|photography|shopping,0,0.31479
9,6,0.36251,1,1,0,4460000,5,8.8,16,14000000,2,city|food|nightlife|photography|shopping,1,0.63625
9,47,0.16928,0,1,0,6300000,3,8.3,85,14000000,2,city|food|nightlife|photography|shopping,0,0.4261
9,63,0.0,0,1,0,5390000,4,7.4,85,14000000,2,city|food|nightlife|photography|shopping,0,0.318
9,57,0.74027,0,1,0,5360000,3,8.5,66,14000000,2,city|food|nightlife|photography|shopping,0,0.66791
9,195,0.28352,1,1,0,5880000,5,8.4,105,14000000,2,city|food|nightlife|photography|shopping,1,0.59908
9,85,0.01587,0,1,0,11800000,3,9.0,111,14000000,2,city|food|nightlife|photography|shopping,0,0.36866
9,151,0.30346,1,1,0,7800000,3,7.8,89,14000000,2,city|food|nightlife|photography|shopping,1,0.65745
9,8,0.18667,0,1,0,8190000,3,9.6,107,14000000,2,city|food|nightlife|photography|shopping,0,0.4464
9,51,0.0,0,1,0,11500000,5,7.8,99,14000000,2,city|food|nightlife|photography|shopping,0,0.294
9,157,0.0753,0,1,0,11560000,5,9.6,14,14000000,2,city|food|nightlife|photography|shopping,0,0.34363
9,201,0.07841,0,1,0,8110000,5,8.7,69,14000000,2,city|food|nightlife|photography|shopping,0,0.33593
9,172,0.10661,0,1,0,7580000,5,7.6,79,14000000,2,city|food|nightlife|photography|shopping,0,0.33678
9,37,0.43336,0,1,0,7470000,4,9.4,37,14000000,2,city|food|nightlife|photography|shopping,0,0.52001
9,161,0.33402,1,1,0,6500000,4,7.5,57,14000000,2,city|food|nightlife|photography|shopping,1,0.63929
9,32,0.03057,0,1,0,6600000,3,7.6,4,14000000,2,city|food|nightlife|photography|shopping,0,0.36084
9,124,0.3923,1,1,0,7340000,5,8.1,59,14000000,2,city|food|nightlife|photography|shopping,0,0.64176
9,94,0.74312,0,1,1,5190000,2,8.3,80,14000000,2,city|food|nightlife|photography|shopping,1,0.69511
9,49,0.11739,0,1,0,5810000,3,8.0,112,14000000,2,city|food|nightlife|photography|shopping,0,0.40131
9,182,0.81644,0,1,1,5640000,2,9.5,25,14000000,2,city|food|nightlife|photography|shopping,1,0.7379
9,89,0.32917,0,1,0,4550000,4,8.5,70,14000000,2,city|food|nightlife|photography|shopping,0,0.46725
9,131,0.77622,0,1,1,3020000,2,8.6,118,14000000,2,city|food|nightlife|photography|shopping,1,0.71201
9,152,0.09192,0,1,0,10060000,3,8.7,54,14000000,2,city|food|nightlife|photography|shopping,0,0.39761
9,207,0.42098,0,1,0,3610000,4,8.7,64,14000000,2,city|food|nightlife|photography|shopping,0,0.50781
9,114,0.03416,0,1,0,10820000,3,9.0,71,14000000,2,city|food|nightlife|photography|shopping,0,0.37635
9,129,0.31334,1,1,0,4650000,5,9.7,7,14000000,2,city|food|nightlife|photography|shopping,1,0.6246
9,53,0.41926,0,1,0,6850000,4,8.6,65,14000000,2,city|food|nightlife|photography|shopping,1,0.50609
9,39,0.1251,0,1,0,7320000,3,8.0,80,14000000,2,city|food|nightlife|photography|shopping,0,0.40454
9,25,0.30403,1,1,0,5890000,4,9.1,67,14000000,2,city|food|nightlife|photography|shopping,1,0.64269
9,95,0.0982,0,1,0,12960000,4,7.5,31,14000000,2,city|food|nightlife|photography|shopping,0,0.36024
9,146,0.31948,1,1,0,9730000,3,9.7,47,14000000,2,city|food|nightlife|photography|shopping,1,0.68318
9,163,0.12804,0,1,0,6910000,3,7.6,92,14000000,2,city|food|nightlife|photography|shopping,0,0.40178
9,132,0.80158,0,1,0,7100000,3,9.1,74,14000000,2,city|food|nightlife|photography|shopping,1,0.69966
9,107,0.0,0,1,0,6120000,3,9.4,13,14000000,2,city|food|nightlife|photography|shopping,0,0.366
9,11,0.43143,0,1,0,8160000,4,8.8,13,14000000,2,city|food|nightlife|photography|shopping,0,0.5132
9,198,0.33844,1,1,0,5820000,3,8.6,8,14000000,2,city|food|nightlife|photography|shopping,1,0.68015
9,179,0.08115,0,1,0,5280000,3,9.5,68,14000000,2,city|food|nightlife|photography|shopping,0,0.40108
9,14,0.53621,0,1,0,4940000,5,8.9,82,14000000,2,city|food|nightlife|photography|shopping,0,0.53021
9,164,0.80583,0,1,0,2350000,3,9.4,29,14000000,2,city|food|nightlife|photography|shopping,0,0.70445
9,17,0.08146,0,1,0,11980000,4,8.3,109,14000000,2,city|food|nightlife|photography|shopping,0,0.36121
9,127,0.60274,0,1,0,5620000,4,7.9,52,14000000,2,city|food|nightlife|photography|shopping,0,0.57615
9,88,0.25718,0,1,0,6870000,4,9.3,31,14000000,2,city|food|nightlife|photography|shopping,0,0.44501
9,115,0.14313,0,1,0,6680000,4,8.7,31,14000000,2,city|food|nightlife|photography|shopping,0,0.39112
9,140,0.28919,1,1,0,3330000,5,9.2,94,14000000,2,city|food|nightlife|photography|shopping,1,0.60946
9,138,0.01705,0,1,0,11540000,3,8.0,95,14000000,2,city|food|nightlife|photography|shopping,0,0.35916
9,231,0.266,0,1,0,3590000,4,9.4,36,14000000,2,city|food|nightlife|photography|shopping,0,0.44972
9,30,0.24731,0,1,0,3620000,3,8.3,117,14000000,2,city|food|nightlife|photography|shopping,0,0.45887
9,215,0.67515,0,1,0,3960000,4,7.5,73,14000000,2,city|food|nightlife|photography|shopping,1,0.60256
9,40,0.38189,1,1,0,5340000,3,7.5,108,14000000,2,city|food|nightlife|photography|shopping,1,0.68739
9,232,0.36709,0,1,0,10030000,3,8.8,50,14000000,2,city|food|nightlife|photography|shopping,0,0.51418
9,170,0.07672,0,0,0,14230000,3,8.1,81,14000000,2,city|food|nightlife|photography|shopping,0,0.38259
9,55,0.25083,0,1,0,6780000,4,8.3,68,14000000,2,city|food|nightlife|photography|shopping,0,0.43235
9,23,0.35349,0,1,0,7230000,4,8.5,118,14000000,2,city|food|nightlife|photography|shopping,0,0.47747
9,19,0.51036,0,1,0,5280000,3,9.2,81,14000000,2,city|food|nightlife|photography|shopping,0,0.57835
9,206,0.4778,0,1,0,4060000,3,9.0,5,14000000,2,city|food|nightlife|photography|shopping,0,0.56268
10,188,0.41131,1,1,1,2280000,2,7.5,73,10000000,2,beach|budget|city|family|food,1,0.72775
10,105,0.35994,0,0,0,12640000,4,8.4,30,10000000,2,beach|budget|city|family|food,1,0.43694
10,235,0.37883,0,1,0,8550000,3,9.7,29,10000000,2,beach|budget|city|family|food,0,0.52811
10,4,0.37332,0,1,0,6540000,5,8.5,51,10000000,2,beach|budget|city|family|food,0,0.4578
10,168,0.39186,0,1,0,6140000,3,8.9,101,10000000,2,beach|budget|city|family|food,1,0.52558
10,49,0.51266,0,1,0,5810000,3,8.0,112,10000000,2,beach|budget|city|family|food,1,0.56732
10,159,0.4369,0,0,1,11760000,2,9.2,85,10000000,2,beach|budget|city|family|food,0,0.54734
10,160,0.24875,0,1,0,3970000,4,9.2,69,10000000,2,beach|budget|city|family|food,0,0.44048
10,82,0.25079,0,1,1,6740000,2,8.9,16,10000000,2,beach|budget|city|family|food,0,0.49433
10,75,0.44323,0,0,0,14320000,3,8.5,11,10000000,2,beach|budget|city|family|food,0,0.47404
10,20,0.30588,0,1,1,6490000,2,8.3,67,10000000,2,beach|budget|city|family|food,0,0.51147
10,213,0.14623,0,1,0,5480000,4,9.1,25,10000000,2,beach|budget|city|family|food,0,0.39641
10,202,0.32783,0,1,1,3200000,2,9.2,60,10000000,2,beach|budget|city|family|food,0,0.52969
10,6,0.18855,0,1,0,4460000,5,8.8,16,10000000,2,beach|budget|city|family|food,0,0.38319
10,166,0.0,0,1,0,6610000,4,7.9,101,10000000,2,beach|budget|city|family|food,0,0.323
10,154,0.62014,0,1,0,5130000,5,7.8,26,10000000,2,beach|budget|city|family|food,1,0.55446
10,132,0.43219,1,1,0,7100000,3,9.1,74,10000000,2,beach|budget|city|family|food,1,0.72452
10,183,0.27953,1,1,0,6720000,5,8.9,109,10000000,2,beach|budget|city|family|food,1,0.6024
10,143,0.2727,0,1,0,7280000,4,7.6,88,10000000,2,beach|budget|city|family|food,1,0.43453
10,65,0.0,0,1,0,5980000,4,8.1,6,10000000,2,beach|budget|city|family|food,0,0.325
10,98,0.15778,0,1,0,3780000,5,8.1,109,10000000,2,beach|budget|city|family|food,0,0.36327
10,187,0.48834,0,1,0,4850000,4,9.4,44,10000000,2,beach|budget|city|family|food,1,0.5431
10,64,0.20369,0,1,0,3540000,3,9.1,12,10000000,2,beach|budget|city|family|food,0,0.44855
10,88,0.0,0,1,0,6870000,4,9.3,31,10000000,2,beach|budget|city|family|food,0,0.337
10,198,0.14626,0,1,0,5820000,3,8.6,8,10000000,2,beach|budget|city|family|food,0,0.41943
10,165,0.33752,1,0,0,10700000,4,7.6,38,10000000,2,beach|budget|city|family|food,1,0.63056
10,204,0.39762,0,0,0,12320000,5,8.3,93,10000000,2,beach|budget|city|family|food,1,0.42888
10,184,0.5483,0,1,0,5580000,3,7.6,35,10000000,2,beach|budget|city|family|food,0,0.57829
10,122,0.24361,0,1,0,5960000,3,9.4,46,10000000,2,beach|budget|city|family|food,1,0.46832
10,91,0.42879,0,1,0,5890000,5,9.6,48,10000000,2,beach|budget|city|family|food,0,0.49209
10,13,0.38248,0,0,0,10390000,3,8.6,44,10000000,2,beach|budget|city|family|food,0,0.5124
10,146,0.08537,1,1,0,9730000,3,9.7,47,10000000,2,beach|budget|city|family|food,1,0.58485
10,93,0.0,0,1,1,7290000,2,9.4,63,10000000,2,beach|budget|city|family|food,0,0.394
10,12,0.23557,0,1,0,5140000,4,9.6,114,10000000,2,beach|budget|city|family|food,0,0.43894
10,201,0.43967,0,1,0,8110000,5,8.7,69,10000000,2,beach|budget|city|family|food,0,0.48766
10,28,0.19261,1,0,0,12790000,4,8.6,66,10000000,2,beach|budget|city|family|food,1,0.54626
10,220,0.13192,0,1,0,4760000,4,8.4,99,10000000,2,beach|budget|city|family|food,0,0.38341
10,150,0.53637,0,1,1,9710000,2,8.3,87,10000000,2,beach|budget|city|family|food,1,0.60828
10,130,0.09224,1,1,0,6320000,4,8.0,10,10000000,2,beach|budget|city|family|food,0,0.54274
10,144,0.10368,0,1,1,7040000,2,9.6,16,10000000,2,beach|budget|city|family|food,0,0.43955
10,53,0.31142,0,1,0,6850000,4,8.6,65,10000000,2,beach|budget|city|family|food,0,0.4608
10,22,0.16551,0,1,0,8170000,3,8.5,27,10000000,2,beach|budget|city|family|food,0,0.42652
10,43,0.2389,0,1,0,8280000,3,8.4,120,10000000,2,beach|budget|city|family|food,0,0.45634
10,151,0.12847,0,1,0,7800000,3,7.8,89,10000000,2,beach|budget|city|family|food,0,0.40396
10,240,0.07652,1,1,0,9370000,4,7.7,33,10000000,2,beach|budget|city|family|food,1,0.53314
10,103,0.11097,0,1,0,5020000,3,9.3,30,10000000,2,beach|budget|city|family|food,0,0.41161
10,38,0.73878,0,1,0,3520000,3,8.5,21,10000000,2,beach|budget|city|family|food,1,0.66729
10,18,0.40131,0,1,1,6100000,2,7.8,84,10000000,2,beach|budget|city|family|food,0,0.54655
10,238,0.36246,0,1,0,6620000,5,8.4,111,10000000,2,beach|budget|city|family|food,0,0.45223
10,136,0.14924,0,1,0,6220000,3,8.1,117,10000000,2,beach|budget|city|family|food,0,0.41568
10,9,0.61104,0,1,0,9390000,4,8.0,60,10000000,2,beach|budget|city|family|food,0,0.58064
10,106,0.49834,1,1,0,3480000,3,7.6,42,10000000,2,beach|budget|city|family|food,1,0.7373
10,182,0.45041,1,1,1,5640000,2,9.5,25,10000000,2,beach|budget|city|family|food,1,0.76417
10,92,0.44652,1,1,0,5150000,3,8.1,31,10000000,2,beach|budget|city|family|food,1,0.72054
10,141,0.43014,1,1,1,4800000,2,8.6,28,10000000,2,beach|budget|city|family|food,1,0.74666
10,59,0.37159,0,1,0,6780000,4,8.2,72,10000000,2,beach|budget|city|family|food,0,0.48207
10,126,0.69541,0,1,0,9260000,3,8.4,85,10000000,2,beach|budget|city|family|food,1,0.64807
10,111,0.0,0,1,1,3320000,2,7.8,110,10000000,2,beach|budget|city|family|food,0,0.378
10,74,0.62475,0,1,0,3870000,5,7.7,59,10000000,2,beach|budget|city|family|food,0,0.5554
10,44,0.30274,1,1,0,5620000,4,7.4,19,10000000,2,beach|budget|city|family|food,0,0.62515
10,119,0.39782,0,1,0,6250000,4,7.4,42,10000000,2,beach|budget|city|family|food,0,0.48508
10,36,0.15799,0,1,0,4630000,4,9.0,57,10000000,2,beach|budget|city|family|food,0,0.40036
10,37,0.34279,0,1,0,7470000,4,9.4,37,10000000,2,beach|budget|city|family|food,0,0.48197
10,35,0.2039,0,1,0,4230000,3,7.8,93,10000000,2,beach|budget|city|family|food,0,0.43564
10,17,0.45467,0,0,0,11980000,4,8.3,109,10000000,2,beach|budget|city|family|food,0,0.48628
10,193,0.46091,0,1,0,9300000,3,8.2,66,10000000,2,beach|budget|city|family|food,1,0.54758
10,29,0.36302,0,0,0,11690000,3,7.6,35,10000000,2,beach|budget|city|family|food,0,0.47343
10,225,0.15844,0,1,0,5050000,5,8.1,21,10000000,2,beach|budget|city|family|food,0,0.36354
10,161,0.12048,0,1,0,6500000,4,7.5,57,10000000,2,beach|budget|city|family|food,0,0.3696
10,8,0.52876,0,1,0,8190000,3,9.6,107,10000000,2,beach|budget|city|family|food,1,0.59008
11,192,0.4297,0,1,0,4770000,2,9.4,30,14000000,4,beach|budget|city|family|food,0,0.51847
11,63,0.48194,1,1,1,5390000,4,7.4,85,14000000,4,beach|budget|city|family|food,1,0.75642
11,25,0.18746,0,1,1,5890000,4,9.1,67,14000000,4,beach|budget|city|family|food,0,0.46973
11,86,0.58979,0,1,0,10640000,3,9.1,83,14000000,4,beach|budget|city|family|food,0,0.61071
11,53,0.35732,0,1,1,6850000,4,8.6,65,14000000,4,beach|budget|city|family|food,0,0.53608
11,77,0.092,0,1,0,7160000,3,8.3,95,14000000,4,beach|budget|city|family|food,0,0.39364
11,219,0.4933,0,1,0,8840000,3,9.2,91,14000000,4,beach|budget|city|family|food,1,0.57119
11,151,0.1266,0,1,0,7800000,3,7.8,89,14000000,4,beach|budget|city|family|food,0,0.40317
11,96,0.15518,0,1,0,4840000,3,7.8,118,14000000,4,beach|budget|city|family|food,0,0.41518
11,70,0.41359,0,1,1,7280000,4,8.7,47,14000000,4,beach|budget|city|family|food,0,0.56071
11,71,0.35331,0,1,0,8030000,3,9.5,81,14000000,4,beach|budget|city|family|food,1,0.51539
11,135,0.57809,1,1,0,8470000,5,8.5,106,14000000,4,beach|budget|city|family|food,1,0.7798
11,29,0.44322,1,1,0,11690000,3,7.6,35,14000000,4,beach|budget|city|family|food,1,0.71415
11,45,0.09658,0,1,0,8730000,3,8.1,21,14000000,4,beach|budget|city|family|food,0,0.39356
11,101,0.68909,0,1,0,9040000,5,7.7,53,14000000,4,beach|budget|city|family|food,1,0.63842
11,152,0.33305,1,1,0,10060000,3,8.7,54,14000000,4,beach|budget|city|family|food,0,0.67888
11,220,0.22691,0,1,1,4760000,4,8.4,99,14000000,4,beach|budget|city|family|food,0,0.4793
11,82,0.33577,0,1,0,6740000,2,8.9,16,14000000,4,beach|budget|city|family|food,1,0.47402
11,117,0.55502,0,1,0,4370000,3,8.4,32,14000000,4,beach|budget|city|family|food,0,0.58911
11,2,0.46268,1,1,0,5410000,5,9.1,111,14000000,4,beach|budget|city|family|food,1,0.73733
11,124,0.03285,0,1,0,7340000,5,8.1,59,14000000,4,beach|budget|city|family|food,0,0.3668
11,239,0.36725,0,1,0,5380000,3,7.5,103,14000000,4,beach|budget|city|family|food,0,0.50124
11,49,0.58863,1,1,0,5810000,3,8.0,112,14000000,4,beach|budget|city|family|food,1,0.77922
11,228,0.2103,0,1,0,7690000,3,7.6,7,14000000,4,beach|budget|city|family|food,0,0.43633
11,231,0.18043,0,1,1,3590000,4,9.4,36,14000000,4,beach|budget|city|family|food,0,0.46978
11,10,0.11441,0,1,1,3750000,4,9.7,57,14000000,4,beach|budget|city|family|food,0,0.44505
11,176,0.51876,1,1,0,7390000,5,9.1,92,14000000,4,beach|budget|city|family|food,1,0.76088
11,165,0.38257,1,1,1,10700000,4,7.6,38,14000000,4,beach|budget|city|family|food,1,0.71668
11,28,0.2259,1,1,1,12790000,4,8.6,66,14000000,4,beach|budget|city|family|food,1,0.66088
11,39,0.30486,1,1,0,7320000,3,8.0,80,14000000,4,beach|budget|city|family|food,1,0.66004
11,191,0.21695,0,1,1,6590000,4,7.5,40,14000000,4,beach|budget|city|family|food,1,0.46612
11,215,0.38595,0,1,1,3960000,4,7.5,73,14000000,4,beach|budget|city|family|food,1,0.5371
11,214,0.73793,0,1,1,4300000,4,7.8,103,14000000,4,beach|budget|city|family|food,1,0.68793
11,157,0.35469,1,1,0,11560000,5,9.6,14,14000000,4,beach|budget|city|family|food,1,0.69697
11,40,0.23959,0,1,0,5340000,3,7.5,108,14000000,4,beach|budget|city|family|food,0,0.44763
11,184,0.64284,0,1,0,5580000,3,7.6,35,14000000,4,beach|budget|city|family|food,1,0.61799
11,110,0.25287,0,1,1,7520000,4,9.4,73,14000000,4,beach|budget|city|family|food,0,0.5002
11,175,0.58896,1,1,1,5040000,4,8.4,87,14000000,4,beach|budget|city|family|food,1,0.81136
11,210,0.08541,0,1,0,7500000,3,7.5,13,14000000,4,beach|budget|city|family|food,0,0.38287
11,148,0.36717,1,1,1,11060000,4,9.6,44,14000000,4,beach|budget|city|family|food,1,0.73021
11,98,0.16076,0,1,0,3780000,5,8.1,109,14000000,4,beach|budget|city|family|food,0,0.42052
11,171,0.78723,0,1,0,5570000,5,9.6,87,14000000,4,beach|budget|city|family|food,1,0.69864
11,68,0.59485,1,1,0,6910000,3,9.3,96,14000000,4,beach|budget|city|family|food,1,0.79484
11,22,0.1631,0,1,0,8170000,3,8.5,27,14000000,4,beach|budget|city|family|food,0,0.4255
11,182,0.39802,0,1,0,5640000,2,9.5,25,14000000,4,beach|budget|city|family|food,0,0.50617
11,207,0.57569,1,1,1,3610000,4,8.7,64,14000000,4,beach|budget|city|family|food,1,0.80879
11,88,0.03713,0,1,1,6870000,4,9.3,31,14000000,4,beach|budget|city|family|food,0,0.4086
11,34,0.07013,0,1,0,4830000,5,7.8,107,14000000,4,beach|budget|city|family|food,0,0.37945
11,65,0.05295,0,1,1,5980000,4,8.1,6,14000000,4,beach|budget|city|family|food,0,0.40324
11,18,0.42582,0,1,0,6100000,2,7.8,84,14000000,4,beach|budget|city|family|food,1,0.50084
11,127,0.39263,0,1,1,5620000,4,7.9,52,14000000,4,beach|budget|city|family|food,1,0.5439
11,33,0.25108,0,1,0,6090000,3,8.9,45,14000000,4,beach|budget|city|family|food,0,0.46645
11,190,0.60441,1,1,1,9710000,4,9.4,24,14000000,4,beach|budget|city|family|food,1,0.82785
11,222,0.31183,1,1,1,10940000,4,9.6,70,14000000,4,beach|budget|city|family|food,1,0.70697
11,169,0.47191,1,1,0,5620000,5,8.8,5,14000000,4,beach|budget|city|family|food,1,0.7382
11,162,0.68936,0,1,0,8680000,5,8.6,43,14000000,4,beach|budget|city|family|food,1,0.64753
11,26,0.24705,0,1,1,4310000,4,9.7,29,14000000,4,beach|budget|city|family|food,0,0.50076
11,72,0.18208,0,1,0,6980000,3,8.9,58,14000000,4,beach|budget|city|family|food,0,0.43748
11,232,0.61076,1,1,0,10030000,3,8.8,50,14000000,4,beach|budget|city|family|food,1,0.79652
11,74,0.67524,1,1,0,3870000,5,7.7,59,14000000,4,beach|budget|city|family|food,1,0.8126
11,141,0.3757,0,1,0,4800000,2,8.6,28,14000000,4,beach|budget|city|family|food,0,0.48779
11,203,0.37729,0,1,0,4750000,2,8.4,43,14000000,4,beach|budget|city|family|food,0,0.48646
11,13,0.49124,0,1,0,10390000,3,8.6,44,14000000,4,beach|budget|city|family|food,0,0.56432
11,57,0.49165,0,1,0,5360000,3,8.5,66,14000000,4,beach|budget|city|family|food,1,0.56349
11,24,0.70258,0,1,0,5890000,5,8.1,9,14000000,4,beach|budget|city|family|food,1,0.64808
11,116,0.35861,0,1,1,3980000,4,7.9,72,14000000,4,beach|budget|city|family|food,0,0.52962
11,164,0.39322,0,1,0,2350000,3,9.4,29,14000000,4,beach|budget|city|family|food,0,0.53115
11,50,0.03325,0,1,0,5180000,2,9.5,104,14000000,4,beach|budget|city|family|food,0,0.35297
11,173,0.03311,0,1,0,7150000,3,9.4,6,14000000,4,beach|budget|city|family|food,0,0.37991
11,120,0.75079,0,1,0,7330000,3,9.1,82,14000000,4,beach|budget|city|family|food,1,0.67833
12,81,0.26056,0,1,0,4940000,4,9.0,17,8000000,2,beach|food|photography|relax|romantic,0,0.44344
12,37,0.22868,0,1,0,7470000,4,9.4,37,8000000,2,beach|food|photography|relax|romantic,0,0.43404
12,8,0.43778,1,0,0,8190000,3,9.6,107,8000000,2,beach|food|photography|relax|romantic,1,0.72807
12,212,0.79518,0,1,0,7390000,3,8.7,47,8000000,2,beach|food|photography|relax|romantic,1,0.69298
12,82,0.63349,0,1,1,6740000,2,8.9,16,8000000,2,beach|food|photography|relax|romantic,1,0.65506
12,48,0.59008,0,1,0,4820000,4,9.2,103,8000000,2,beach|food|photography|relax|romantic,0,0.58383
12,101,0.57972,0,0,0,9040000,5,7.7,53,8000000,2,beach|food|photography|relax|romantic,0,0.51568
12,92,0.22787,1,1,0,5150000,3,8.1,31,8000000,2,beach|food|photography|relax|romantic,1,0.6287
12,39,0.48698,0,1,0,7320000,3,8.0,80,8000000,2,beach|food|photography|relax|romantic,0,0.55653
12,3,0.46514,1,0,0,8200000,4,7.5,120,8000000,2,beach|food|photography|relax|romantic,1,0.69036
12,238,0.50218,0,1,0,6620000,5,8.4,111,8000000,2,beach|food|photography|relax|romantic,0,0.51091
12,176,0.48613,0,1,0,7390000,5,9.1,92,8000000,2,beach|food|photography|relax|romantic,0,0.51118
12,201,0.48799,0,0,0,8110000,5,8.7,69,8000000,2,beach|food|photography|relax|romantic,1,0.50575
12,178,0.48386,0,1,0,4150000,3,9.3,40,8000000,2,beach|food|photography|relax|romantic,0,0.56822
12,100,0.2867,0,1,0,6530000,3,9.3,83,8000000,2,beach|food|photography|relax|romantic,0,0.48541
12,84,0.23154,1,1,1,4910000,2,9.6,25,8000000,2,beach|food|photography|relax|romantic,1,0.67325
12,227,0.40318,1,0,1,8860000,2,9.0,39,8000000,2,beach|food|photography|relax|romantic,1,0.72214
12,33,0.58747,0,1,0,6090000,3,8.9,45,8000000,2,beach|food|photography|relax|romantic,1,0.60774
12,79,0.34028,0,1,0,5640000,3,9.6,35,8000000,2,beach|food|photography|relax|romantic,0,0.51092
12,44,0.41385,0,1,0,5620000,4,7.4,19,8000000,2,beach|food|photography|relax|romantic,0,0.49182
12,139,0.74413,0,1,0,5100000,3,8.8,86,8000000,2,beach|food|photography|relax|romantic,1,0.67254
12,105,0.50291,0,0,0,12640000,4,8.4,30,8000000,2,beach|food|photography|relax|romantic,0,0.44642
12,66,0.47867,0,1,0,7950000,5,8.3,83,8000000,2,beach|food|photography|relax|romantic,1,0.50004
12,89,0.30812,1,1,0,4550000,4,8.5,70,8000000,2,beach|food|photography|relax|romantic,1,0.63841
12,41,0.60457,0,1,0,6960000,4,9.1,101,8000000,2,beach|food|photography|relax|romantic,1,0.58892
12,23,0.37266,1,1,0,7230000,4,8.5,118,8000000,2,beach|food|photography|relax|romantic,0,0.66552
12,64,0.78648,0,1,0,3540000,3,9.1,12,8000000,2,beach|food|photography|relax|romantic,1,0.69332
12,34,0.36736,1,1,0,4830000,5,7.8,107,8000000,2,beach|food|photography|relax|romantic,1,0.62829
12,104,0.28537,1,0,0,8930000,4,7.4,95,8000000,2,beach|food|photography|relax|romantic,1,0.59926
12,22,0.73834,0,0,0,8170000,3,8.5,27,8000000,2,beach|food|photography|relax|romantic,1,0.6637
12,168,0.50168,0,1,0,6140000,3,8.9,101,8000000,2,beach|food|photography|relax|romantic,1,0.57171
12,207,0.34657,0,1,0,3610000,4,8.7,64,8000000,2,beach|food|photography|relax|romantic,0,0.47656
12,116,0.54369,0,1,0,3980000,4,7.9,72,8000000,2,beach|food|photography|relax|romantic,0,0.55135
12,40,0.76724,0,1,0,5340000,3,7.5,108,8000000,2,beach|food|photography|relax|romantic,1,0.66924
12,205,0.27857,0,1,1,5780000,2,7.9,69,8000000,2,beach|food|photography|relax|romantic,0,0.496
12,137,0.51291,0,1,0,6170000,4,8.6,51,8000000,2,beach|food|photography|relax|romantic,0,0.54542
12,31,0.40876,1,0,1,9440000,2,9.1,25,8000000,2,beach|food|photography|relax|romantic,1,0.71388
12,9,0.68757,1,0,0,9390000,4,8.0,60,8000000,2,beach|food|photography|relax|romantic,1,0.76498
12,209,0.48262,0,0,0,8360000,4,9.1,41,8000000,2,beach|food|photography|relax|romantic,0,0.5305
12,236,0.57046,0,0,0,14120000,4,8.3,70,8000000,2,beach|food|photography|relax|romantic,0,0.44419
12,128,0.50158,0,0,0,13980000,3,9.1,49,8000000,2,beach|food|photography|relax|romantic,1,0.45406
12,109,0.39056,1,1,0,5450000,3,7.6,70,8000000,2,beach|food|photography|relax|romantic,1,0.69204
12,213,0.50073,0,1,0,5480000,4,9.1,25,8000000,2,beach|food|photography|relax|romantic,1,0.54531
12,141,0.2469,0,1,1,4800000,2,8.6,28,8000000,2,beach|food|photography|relax|romantic,0,0.4897
12,184,0.48224,1,1,0,5580000,3,7.6,35,8000000,2,beach|food|photography|relax|romantic,1,0.73054
12,165,0.48245,0,0,0,10700000,4,7.6,38,8000000,2,beach|food|photography|relax|romantic,0,0.46863
12,16,0.27948,1,1,0,6240000,3,9.3,113,8000000,2,beach|food|photography|relax|romantic,1,0.66238
12,38,0.6386,0,1,0,3520000,3,8.5,21,8000000,2,beach|food|photography|relax|romantic,1,0.62521
12,76,0.76679,0,1,0,4280000,5,8.3,39,8000000,2,beach|food|photography|relax|romantic,0,0.62105
12,233,0.42679,0,1,0,6800000,3,8.3,19,8000000,2,beach|food|photography|relax|romantic,0,0.53425
12,146,0.36598,1,0,0,9730000,3,9.7,47,8000000,2,beach|food|photography|relax|romantic,1,0.66811
12,186,0.24367,0,1,0,6850000,3,9.0,61,8000000,2,beach|food|photography|relax|romantic,0,0.46434
12,166,0.31142,1,1,0,6610000,4,7.9,101,8000000,2,beach|food|photography|relax|romantic,0,0.6338
12,232,0.34851,0,0,0,10030000,3,8.8,50,8000000,2,beach|food|photography|relax|romantic,0,0.46577
12,98,0.77282,0,1,0,3780000,5,8.1,109,8000000,2,beach|food|photography|relax|romantic,0,0.62159
12,220,0.4707,0,1,0,4760000,4,8.4,99,8000000,2,beach|food|photography|relax|romantic,0,0.52569
12,95,0.56256,0,0,0,12960000,4,7.5,31,8000000,2,beach|food|photography|relax|romantic,1,0.45608
12,106,0.28178,1,1,0,3480000,3,7.6,42,8000000,2,beach|food|photography|relax|romantic,1,0.64635
12,183,0.37378,0,1,0,6720000,5,8.9,109,8000000,2,beach|food|photography|relax|romantic,0,0.46199
12,215,0.24896,0,1,0,3960000,4,7.5,73,8000000,2,beach|food|photography|relax|romantic,0,0.42356
12,2,0.51822,0,1,0,5410000,5,9.1,111,8000000,2,beach|food|photography|relax|romantic,0,0.52465
12,32,0.51575,0,1,0,6600000,3,7.6,4,8000000,2,beach|food|photography|relax|romantic,1,0.56462
12,154,0.36977,0,1,0,5130000,5,7.8,26,8000000,2,beach|food|photography|relax|romantic,0,0.4493
12,11,0.44399,0,0,0,8160000,4,8.8,13,8000000,2,beach|food|photography|relax|romantic,1,0.51527
12,26,0.83301,0,1,0,4310000,4,9.7,29,8000000,2,beach|food|photography|relax|romantic,1,0.69086
12,164,0.25436,1,1,0,2350000,3,9.4,29,8000000,2,beach|food|photography|relax|romantic,1,0.65283
12,19,0.58912,0,1,0,5280000,3,9.2,81,8000000,2,beach|food|photography|relax|romantic,0,0.61143
12,97,0.4211,0,0,0,9930000,3,7.6,41,8000000,2,beach|food|photography|relax|romantic,0,0.48626
12,27,0.2894,1,1,1,6140000,2,8.9,98,8000000,2,beach|food|photography|relax|romantic,1,0.69055
12,197,0.52877,0,1,0,6280000,3,9.2,55,8000000,2,beach|food|photography|relax|romantic,0,0.58608
13,115,0.66423,0,0,0,6680000,4,8.7,31,4000000,2,beach|cruise|luxury|relax|romantic,0,0.50278
13,163,0.53701,0,0,0,6910000,3,7.6,92,4000000,2,beach|cruise|luxury|relax|romantic,0,0.45714
13,82,0.32686,1,0,1,6740000,2,8.9,16,4000000,2,beach|cruise|luxury|relax|romantic,1,0.59668
13,66,0.35551,0,0,0,7950000,5,8.3,83,4000000,2,beach|cruise|luxury|relax|romantic,0,0.29032
13,18,0.17965,0,0,1,6100000,2,7.8,84,4000000,2,beach|cruise|luxury|relax|romantic,0,0.36945
13,61,0.15665,1,1,1,3850000,2,7.4,61,4000000,2,beach|cruise|luxury|relax|romantic,0,0.61979
13,126,0.33552,0,0,0,9260000,3,8.4,85,4000000,2,beach|cruise|luxury|relax|romantic,0,0.33692
13,68,0.38495,0,0,0,6910000,3,9.3,96,4000000,2,beach|cruise|luxury|relax|romantic,0,0.41028
13,99,0.34545,0,0,0,7510000,5,8.5,34,4000000,2,beach|cruise|luxury|relax|romantic,0,0.30569
13,178,0.43422,0,0,0,4150000,3,9.3,40,4000000,2,beach|cruise|luxury|relax|romantic,0,0.54137
13,196,0.80386,0,0,0,14200000,4,8.3,67,4000000,2,beach|cruise|luxury|relax|romantic,0,0.50462
13,209,0.53692,0,0,0,8360000,4,9.1,41,4000000,2,beach|cruise|luxury|relax|romantic,0,0.40051
13,52,0.3968,1,0,0,7200000,4,7.7,116,4000000,2,beach|cruise|luxury|relax|romantic,0,0.53966
13,161,0.28506,0,0,0,6500000,4,7.5,57,4000000,2,beach|cruise|luxury|relax|romantic,0,0.33873
13,77,0.12403,1,0,0,7160000,3,8.3,95,4000000,2,beach|cruise|luxury|relax|romantic,0,0.46069
13,181,0.349,0,0,0,5530000,5,8.0,103,4000000,2,beach|cruise|luxury|relax|romantic,0,0.38138
13,165,0.49712,0,0,0,10700000,4,7.6,38,4000000,2,beach|cruise|luxury|relax|romantic,0,0.36879
13,84,0.10795,0,0,1,4910000,2,9.6,25,4000000,2,beach|cruise|luxury|relax|romantic,0,0.40494
13,202,0.19995,0,1,1,3200000,2,9.2,60,4000000,2,beach|cruise|luxury|relax|romantic,1,0.47598
13,114,0.4861,0,0,0,10820000,3,9.0,71,4000000,2,beach|cruise|luxury|relax|romantic,0,0.40616
13,104,0.10237,0,0,0,8930000,4,7.4,95,4000000,2,beach|cruise|luxury|relax|romantic,0,0.201
13,100,0.24111,1,0,0,6530000,3,9.3,83,4000000,2,beach|cruise|luxury|relax|romantic,0,0.54507
13,167,0.73656,0,0,0,9750000,3,8.5,4,4000000,2,beach|cruise|luxury|relax|romantic,0,0.50635
13,166,0.09821,1,0,0,6610000,4,7.9,101,4000000,2,beach|cruise|luxury|relax|romantic,0,0.43985
13,139,0.26556,0,0,0,5100000,3,8.8,86,4000000,2,beach|cruise|luxury|relax|romantic,0,0.42754
13,207,0.34355,0,1,0,3610000,4,8.7,64,4000000,2,beach|cruise|luxury|relax|romantic,0,0.47529
13,79,0.46496,0,0,0,5640000,3,9.6,35,4000000,2,beach|cruise|luxury|relax|romantic,0,0.49769
13,101,0.33132,0,0,0,9040000,5,7.7,53,4000000,2,beach|cruise|luxury|relax|romantic,0,0.27215
13,95,0.74963,0,0,0,12960000,4,7.5,31,4000000,2,beach|cruise|luxury|relax|romantic,0,0.47384
13,88,0.06016,1,0,0,6870000,4,9.3,31,4000000,2,beach|cruise|luxury|relax|romantic,0,0.42747
13,12,0.38261,0,0,0,5140000,4,9.6,114,4000000,2,beach|cruise|luxury|relax|romantic,0,0.45509
13,137,0.32379,1,0,0,6170000,4,8.6,51,4000000,2,beach|cruise|luxury|relax|romantic,0,0.55919
13,237,0.2282,1,0,0,4570000,3,9.1,117,4000000,2,beach|cruise|luxury|relax|romantic,1,0.61604
13,108,0.61304,0,0,0,5210000,5,7.8,114,4000000,2,beach|cruise|luxury|relax|romantic,0,0.50308
13,21,0.32683,0,0,0,7690000,5,7.8,21,4000000,2,beach|cruise|luxury|relax|romantic,0,0.28367
13,179,0.76787,0,0,0,5280000,3,9.5,68,4000000,2,beach|cruise|luxury|relax|romantic,1,0.63831
13,222,0.47414,0,0,0,10940000,4,9.6,70,4000000,2,beach|cruise|luxury|relax|romantic,0,0.37914
13,71,0.10859,0,0,0,8030000,3,9.5,81,4000000,2,beach|cruise|luxury|relax|romantic,0,0.25261
13,93,0.10047,1,0,1,7290000,2,9.4,63,4000000,2,beach|cruise|luxury|relax|romantic,0,0.4846
13,119,0.23536,0,0,0,6250000,4,7.4,42,4000000,2,beach|cruise|luxury|relax|romantic,0,0.32685
13,203,0.16175,0,0,1,4750000,2,8.4,43,4000000,2,beach|cruise|luxury|relax|romantic,0,0.42193
13,224,0.56737,0,0,0,9610000,5,8.2,93,4000000,2,beach|cruise|luxury|relax|romantic,0,0.3763
13,116,0.36954,1,1,0,3980000,4,7.9,72,4000000,2,beach|cruise|luxury|relax|romantic,1,0.65821
13,239,0.17574,0,0,0,5380000,3,7.5,103,4000000,2,beach|cruise|luxury|relax|romantic,0,0.36561
13,118,0.34987,0,0,0,7280000,5,8.4,70,4000000,2,beach|cruise|luxury|relax|romantic,0,0.31575
13,96,0.34122,0,0,0,4840000,3,7.8,118,4000000,2,beach|cruise|luxury|relax|romantic,0,0.45971
13,25,0.37387,0,0,0,5890000,4,9.1,67,4000000,2,beach|cruise|luxury|relax|romantic,1,0.41643
13,231,0.12164,1,1,0,3590000,4,9.4,36,4000000,2,beach|cruise|luxury|relax|romantic,0,0.56909
13,102,0.25118,1,0,0,7740000,4,9.2,79,4000000,2,beach|cruise|luxury|relax|romantic,0,0.4719
13,58,0.08679,0,0,0,5490000,4,7.7,45,4000000,2,beach|cruise|luxury|relax|romantic,0,0.29785
13,123,0.34969,0,0,0,7390000,4,8.7,91,4000000,2,beach|cruise|luxury|relax|romantic,0,0.34227
13,174,0.4171,0,0,0,5910000,5,9.4,38,4000000,2,beach|cruise|luxury|relax|romantic,0,0.40878
13,232,0.33414,0,0,0,10030000,3,8.8,50,4000000,2,beach|cruise|luxury|relax|romantic,0,0.34034
13,74,0.40266,0,1,0,3870000,5,7.7,59,4000000,2,beach|cruise|luxury|relax|romantic,0,0.46212
13,177,0.71518,0,0,0,11590000,4,7.5,90,4000000,2,beach|cruise|luxury|relax|romantic,0,0.45937
13,235,0.45814,1,0,0,8550000,3,9.7,29,4000000,2,beach|cruise|luxury|relax|romantic,1,0.58142
13,155,0.45535,0,0,0,4600000,4,9.4,111,4000000,2,beach|cruise|luxury|relax|romantic,0,0.50525
13,110,0.34077,1,0,0,7520000,4,9.4,73,4000000,2,beach|cruise|luxury|relax|romantic,0,0.52032
13,142,0.29952,1,0,0,6670000,4,9.5,72,4000000,2,beach|cruise|luxury|relax|romantic,0,0.538
13,8,0.69762,0,0,0,8190000,3,9.6,107,4000000,2,beach|cruise|luxury|relax|romantic,1,0.501
13,26,0.55737,0,0,0,4310000,4,9.7,29,4000000,2,beach|cruise|luxury|relax|romantic,1,0.5627
13,238,0.75555,0,0,0,6620000,5,8.4,111,4000000,2,beach|cruise|luxury|relax|romantic,0,0.51253
13,97,0.57547,0,0,0,9930000,3,7.6,41,4000000,2,beach|cruise|luxury|relax|romantic,0,0.4297
13,171,0.33417,0,0,0,5570000,5,9.6,87,4000000,2,beach|cruise|luxury|relax|romantic,0,0.38955
13,4,0.70524,0,0,0,6540000,5,8.5,51,4000000,2,beach|cruise|luxury|relax|romantic,1,0.4956
13,47,0.53173,0,0,0,6300000,3,8.3,85,4000000,2,beach|cruise|luxury|relax|romantic,0,0.48633
13,1,0.76642,0,0,0,14160000,4,9.0,35,4000000,2,beach|cruise|luxury|relax|romantic,0,0.4959
13,56,0.56872,0,0,0,12680000,3,9.5,77,4000000,2,beach|cruise|luxury|relax|romantic,0,0.44586
13,36,0.41377,0,0,0,4630000,4,9.0,57,4000000,2,beach|cruise|luxury|relax|romantic,0,0.48258
13,29,0.77648,0,0,0,11690000,3,7.6,35,4000000,2,beach|cruise|luxury|relax|romantic,0,0.51412
14,88,0.79194,0,1,1,6870000,4,9.3,31,18000000,4,adventure|mountain|nature|photography|wildlife,1,0.72561
14,102,0.69983,0,1,1,7740000,4,9.2,79,18000000,4,adventure|mountain|nature|photography|wildlife,1,0.68593
14,31,0.28672,1,1,0,9440000,2,9.1,25,18000000,4,adventure|mountain|nature|photography|wildlife,0,0.63542
14,59,0.25653,0,1,1,6780000,4,8.2,72,18000000,4,adventure|mountain|nature|photography|wildlife,0,0.48974
14,97,0.21306,0,1,0,9930000,3,7.6,41,18000000,4,adventure|mountain|nature|photography|wildlife,0,0.43748
14,15,0.11441,0,1,0,7150000,3,8.9,23,18000000,4,adventure|mountain|nature|photography|wildlife,0,0.40905
14,120,0.26005,1,1,0,7330000,3,9.1,82,18000000,4,adventure|mountain|nature|photography|wildlife,0,0.65222
14,209,0.28285,0,1,1,8360000,4,9.1,41,18000000,4,adventure|mountain|nature|photography|wildlife,0,0.5098
14,217,0.08073,0,1,0,6180000,5,8.0,78,18000000,4,adventure|mountain|nature|photography|wildlife,0,0.38591
14,199,0.13854,0,1,1,7500000,4,8.6,40,18000000,4,adventure|mountain|nature|photography|wildlife,0,0.44419
14,207,0.17905,0,1,1,3610000,4,8.7,64,18000000,4,adventure|mountain|nature|photography|wildlife,0,0.4622
14,44,0.35554,0,1,1,5620000,4,7.4,19,18000000,4,adventure|mountain|nature|photography|wildlife,1,0.52333
14,1,0.11301,0,1,1,14160000,4,9.0,35,18000000,4,adventure|mountain|nature|photography|wildlife,0,0.43746
14,155,0.13945,0,1,1,4600000,4,9.4,111,18000000,4,adventure|mountain|nature|photography|wildlife,0,0.45257
14,39,0.26542,0,1,0,7320000,3,8.0,80,18000000,4,adventure|mountain|nature|photography|wildlife,0,0.46348
14,179,0.12525,0,1,0,5280000,3,9.5,68,18000000,4,adventure|mountain|nature|photography|wildlife,0,0.4196
14,72,0.4827,1,1,0,6980000,3,8.9,58,18000000,4,adventure|mountain|nature|photography|wildlife,1,0.74373
14,205,0.10986,0,1,0,5780000,2,7.9,69,18000000,4,adventure|mountain|nature|photography|wildlife,0,0.36914
14,58,0.0,0,1,1,5490000,4,7.7,45,18000000,4,adventure|mountain|nature|photography|wildlife,0,0.377
14,57,0.11548,0,1,0,5360000,3,8.5,66,18000000,4,adventure|mountain|nature|photography|wildlife,0,0.4055
14,56,0.27218,0,1,0,12680000,3,9.5,77,18000000,4,adventure|mountain|nature|photography|wildlife,0,0.48132
14,55,0.74676,0,1,1,6780000,4,8.3,68,18000000,4,adventure|mountain|nature|photography|wildlife,1,0.69664
14,158,0.07382,0,1,0,13970000,3,8.9,45,18000000,4,adventure|mountain|nature|photography|wildlife,0,0.392
14,175,0.09189,0,1,1,5040000,4,8.4,87,18000000,4,adventure|mountain|nature|photography|wildlife,0,0.42259
14,10,0.44035,1,1,1,3750000,4,9.7,57,18000000,4,adventure|mountain|nature|photography|wildlife,1,0.76195
14,231,0.75257,0,1,1,3590000,4,9.4,36,18000000,4,adventure|mountain|nature|photography|wildlife,1,0.71008
14,62,0.05626,0,1,1,15980000,4,7.5,22,18000000,4,adventure|mountain|nature|photography|wildlife,0,0.39863
14,87,0.20954,1,1,1,6390000,4,8.7,39,18000000,4,adventure|mountain|nature|photography|wildlife,1,0.65501
14,218,0.20302,1,1,1,11480000,4,8.8,31,18000000,4,adventure|mountain|nature|photography|wildlife,0,0.65327
14,185,0.4762,1,1,1,4000000,4,8.9,82,18000000,4,adventure|mountain|nature|photography|wildlife,1,0.76901
14,112,0.17354,1,1,0,5970000,3,8.8,119,18000000,4,adventure|mountain|nature|photography|wildlife,1,0.61289
14,144,0.78491,0,1,0,7040000,2,9.6,16,18000000,4,adventure|mountain|nature|photography|wildlife,1,0.66966
14,95,0.06744,0,1,1,12960000,4,7.5,31,18000000,4,adventure|mountain|nature|photography|wildlife,0,0.40332
14,66,0.0833,0,1,0,7950000,5,8.3,83,18000000,4,adventure|mountain|nature|photography|wildlife,0,0.38999
14,163,0.3079,0,1,0,6910000,3,7.6,92,18000000,4,adventure|mountain|nature|photography|wildlife,1,0.47732
14,36,0.39767,1,1,1,4630000,4,9.0,57,18000000,4,adventure|mountain|nature|photography|wildlife,1,0.73702
14,145,0.05925,0,1,0,5440000,5,7.9,10,18000000,4,adventure|mountain|nature|photography|wildlife,0,0.37588
14,173,0.71002,0,1,0,7150000,3,9.4,6,18000000,4,adventure|mountain|nature|photography|wildlife,1,0.66421
14,69,0.17388,0,1,0,5280000,2,8.1,71,18000000,4,adventure|mountain|nature|photography|wildlife,0,0.39803
14,29,0.14426,0,1,0,11690000,3,7.6,35,18000000,4,adventure|mountain|nature|photography|wildlife,0,0.40859
14,143,0.19309,0,1,1,7280000,4,7.6,88,18000000,4,adventure|mountain|nature|photography|wildlife,0,0.4571
14,28,0.37139,0,1,1,12790000,4,8.6,66,18000000,4,adventure|mountain|nature|photography|wildlife,0,0.54198
14,212,0.38633,1,1,0,7390000,3,8.7,47,18000000,4,adventure|mountain|nature|photography|wildlife,1,0.70126
14,191,0.22346,0,1,1,6590000,4,7.5,40,18000000,4,adventure|mountain|nature|photography|wildlife,0,0.46885
14,141,0.0,0,1,0,4800000,2,8.6,28,18000000,4,adventure|mountain|nature|photography|wildlife,0,0.33
14,47,0.20721,0,1,0,6300000,3,8.3,85,18000000,4,adventure|mountain|nature|photography|wildlife,0,0.44203
14,234,0.43415,1,1,1,3470000,4,7.4,6,18000000,4,adventure|mountain|nature|photography|wildlife,1,0.73634
14,223,0.20541,0,1,1,6120000,4,7.6,85,18000000,4,adventure|mountain|nature|photography|wildlife,0,0.46227
14,162,0.31542,1,1,0,8680000,5,8.6,43,18000000,4,adventure|mountain|nature|photography|wildlife,1,0.67047
14,148,0.23372,0,1,1,11060000,4,9.6,44,18000000,4,adventure|mountain|nature|photography|wildlife,0,0.49416
14,6,0.57018,1,1,0,4460000,5,8.8,16,18000000,4,adventure|mountain|nature|photography|wildlife,1,0.77948
14,165,0.23295,0,1,1,10700000,4,7.6,38,18000000,4,adventure|mountain|nature|photography|wildlife,1,0.47384
14,236,0.13647,0,1,1,14120000,4,8.3,70,18000000,4,adventure|mountain|nature|photography|wildlife,0,0.44032
14,229,0.3052,1,1,1,10990000,4,8.5,60,18000000,4,adventure|mountain|nature|photography|wildlife,1,0.69318
14,142,0.0,0,1,1,6670000,4,9.5,72,18000000,4,adventure|mountain|nature|photography|wildlife,0,0.395
14,78,0.0,0,1,1,6430000,4,9.1,48,18000000,4,adventure|mountain|nature|photography|wildlife,0,0.391
14,237,0.0,0,1,0,4570000,3,9.1,117,18000000,4,adventure|mountain|nature|photography|wildlife,0,0.363
14,166,0.76561,0,1,1,6610000,4,7.9,101,18000000,4,adventure|mountain|nature|photography|wildlife,0,0.70056
14,221,0.47562,1,1,0,3220000,5,8.2,86,18000000,4,adventure|mountain|nature|photography|wildlife,1,0.73376
14,51,0.31694,0,1,0,11500000,5,7.8,99,18000000,4,adventure|mountain|nature|photography|wildlife,0,0.48311
14,138,0.2043,0,1,0,11540000,3,8.0,95,18000000,4,adventure|mountain|nature|photography|wildlife,0,0.43781
14,2,0.07712,0,1,0,5410000,5,9.1,111,18000000,4,adventure|mountain|nature|photography|wildlife,0,0.39539
14,171,0.20674,1,1,0,5570000,5,9.6,87,18000000,4,adventure|mountain|nature|photography|wildlife,1,0.63483
14,32,0.14663,0,1,0,6600000,3,7.6,4,18000000,4,adventure|mountain|nature|photography|wildlife,0,0.40958
14,190,0.06791,0,1,1,9710000,4,9.4,24,18000000,4,adventure|mountain|nature|photography|wildlife,0,0.42252
14,135,0.17714,0,1,0,8470000,5,8.5,106,18000000,4,adventure|mountain|nature|photography|wildlife,0,0.4314
14,23,0.85486,0,1,1,7230000,4,8.5,118,18000000,4,adventure|mountain|nature|photography|wildlife,1,0.74404
14,108,0.3136,0,1,0,5210000,5,7.8,114,18000000,4,adventure|mountain|nature|photography|wildlife,1,0.48171
14,21,0.19272,0,1,0,7690000,5,7.8,21,18000000,4,adventure|mountain|nature|photography|wildlife,0,0.43094
14,137,0.24496,0,1,1,6170000,4,8.6,51,18000000,4,adventure|mountain|nature|photography|wildlife,0,0.48889
15,141,0.68683,0,0,0,4800000,2,8.6,28,4000000,3,city|food|nightlife|photography|shopping,1,0.61447
15,89,0.26776,0,0,0,4550000,4,8.5,70,4000000,3,city|food|nightlife|photography|shopping,0,0.44746
15,143,0.50709,1,0,0,7280000,4,7.6,88,4000000,3,city|food|nightlife|photography|shopping,1,0.60978
15,71,0.84207,1,0,1,8030000,3,9.5,81,4000000,3,city|food|nightlife|photography|shopping,1,0.76867
15,132,0.78862,1,0,1,7100000,3,9.1,74,4000000,3,city|food|nightlife|photography|shopping,1,0.77822
15,51,0.04884,0,0,0,11500000,5,7.8,99,4000000,3,city|food|nightlife|photography|shopping,0,0.18251
15,10,0.25408,1,1,0,3750000,4,9.7,57,4000000,3,city|food|nightlife|photography|shopping,0,0.65571
15,142,0.61388,0,0,0,6670000,4,9.5,72,4000000,3,city|food|nightlife|photography|shopping,0,0.51803
15,177,0.21748,0,0,0,11590000,4,7.5,90,4000000,3,city|food|nightlife|photography|shopping,0,0.27834
15,127,0.61231,0,0,0,5620000,4,7.9,52,4000000,3,city|food|nightlife|photography|shopping,0,0.54337
15,204,0.14596,0,0,0,12320000,5,8.3,93,4000000,3,city|food|nightlife|photography|shopping,0,0.2283
15,64,0.27718,1,1,1,3540000,3,9.1,12,4000000,3,city|food|nightlife|photography|shopping,1,0.68742
15,31,0.19516,0,0,0,9440000,2,9.1,25,4000000,3,city|food|nightlife|photography|shopping,0,0.28497
15,227,0.23005,0,0,0,8860000,2,9.0,39,4000000,3,city|food|nightlife|photography|shopping,0,0.29862
15,15,0.42061,0,0,1,7150000,3,8.9,23,4000000,3,city|food|nightlife|photography|shopping,0,0.43966
15,130,0.27973,0,0,0,6320000,4,8.0,10,4000000,3,city|food|nightlife|photography|shopping,0,0.37669
15,110,0.38695,1,0,0,7520000,4,9.4,73,4000000,3,city|food|nightlife|photography|shopping,0,0.56772
15,118,0.30191,1,0,0,7280000,5,8.4,70,4000000,3,city|food|nightlife|photography|shopping,0,0.5036
15,32,0.0,0,0,1,6600000,3,7.6,4,4000000,3,city|food|nightlife|photography|shopping,0,0.272
15,213,0.42832,1,0,0,5480000,4,9.1,25,4000000,3,city|food|nightlife|photography|shopping,0,0.66369
15,201,0.11435,0,0,0,8110000,5,8.7,69,4000000,3,city|food|nightlife|photography|shopping,0,0.21903
15,113,0.30409,0,0,1,8040000,3,9.3,109,4000000,3,city|food|nightlife|photography|shopping,0,0.36072
15,59,0.42103,0,0,0,6780000,4,8.2,72,4000000,3,city|food|nightlife|photography|shopping,0,0.41963
15,167,0.14341,0,0,1,9750000,3,8.5,4,4000000,3,city|food|nightlife|photography|shopping,0,0.28523
15,224,0.10862,0,0,0,9610000,5,8.2,93,4000000,3,city|food|nightlife|photography|shopping,0,0.21162
15,58,0.87672,1,0,0,5490000,4,7.7,45,4000000,3,city|food|nightlife|photography|shopping,1,0.83762
15,54,0.552,1,0,0,8910000,5,7.6,95,4000000,3,city|food|nightlife|photography|shopping,0,0.57184
15,158,0.01239,0,0,1,13970000,3,8.9,45,4000000,3,city|food|nightlife|photography|shopping,0,0.2342
15,232,0.36974,0,0,1,10030000,3,8.8,50,4000000,3,city|food|nightlife|photography|shopping,0,0.38329
15,168,0.0,0,0,1,6140000,3,8.9,101,4000000,3,city|food|nightlife|photography|shopping,0,0.3034
15,152,0.10181,0,0,1,10060000,3,8.7,54,4000000,3,city|food|nightlife|photography|shopping,0,0.26976
15,78,0.6354,0,0,0,6430000,4,9.1,48,4000000,3,city|food|nightlife|photography|shopping,0,0.53267
15,90,0.77839,1,1,0,2330000,2,9.0,69,4000000,3,city|food|nightlife|photography|shopping,1,0.86892
15,94,0.68202,0,0,0,5190000,2,8.3,80,4000000,3,city|food|nightlife|photography|shopping,1,0.59385
15,61,0.27926,0,1,0,3850000,2,7.4,61,4000000,3,city|food|nightlife|photography|shopping,1,0.46329
15,117,0.5832,0,0,1,4370000,3,8.4,32,4000000,3,city|food|nightlife|photography|shopping,0,0.61414
15,16,0.77004,1,0,1,6240000,3,9.3,113,4000000,3,city|food|nightlife|photography|shopping,1,0.80682
15,35,0.40008,1,0,1,4230000,3,7.8,93,4000000,3,city|food|nightlife|photography|shopping,1,0.71683
15,145,0.09182,0,0,0,5440000,5,7.9,10,4000000,3,city|food|nightlife|photography|shopping,0,0.30396
15,79,0.05513,0,0,1,5640000,3,9.6,35,4000000,3,city|food|nightlife|photography|shopping,0,0.35356
15,144,0.18174,0,0,0,7040000,2,9.6,16,4000000,3,city|food|nightlife|photography|shopping,0,0.32273
15,192,0.84079,1,0,0,4770000,2,9.4,30,4000000,3,city|food|nightlife|photography|shopping,1,0.86833
15,161,0.30374,1,0,0,6500000,4,7.5,57,4000000,3,city|food|nightlife|photography|shopping,1,0.55457
15,38,0.58251,1,1,1,3520000,3,8.5,21,4000000,3,city|food|nightlife|photography|shopping,1,0.80966
15,199,0.36224,1,0,0,7500000,4,8.6,40,4000000,3,city|food|nightlife|photography|shopping,0,0.55014
15,34,0.25207,0,0,0,4830000,5,7.8,107,4000000,3,city|food|nightlife|photography|shopping,0,0.39467
15,216,0.45858,0,0,0,5630000,4,9.4,104,4000000,3,city|food|nightlife|photography|shopping,0,0.4934
15,212,0.46402,1,0,1,7390000,3,8.7,47,4000000,3,city|food|nightlife|photography|shopping,1,0.62629
15,28,0.16586,0,0,0,12790000,4,8.6,66,4000000,3,city|food|nightlife|photography|shopping,0,0.26766
15,8,0.21699,0,0,1,8190000,3,9.6,107,4000000,3,city|food|nightlife|photography|shopping,0,0.32714
15,97,0.10335,0,0,1,9930000,3,7.6,41,4000000,3,city|food|nightlife|photography|shopping,0,0.25941
15,122,0.50334,1,0,1,5960000,3,9.4,46,4000000,3,city|food|nightlife|photography|shopping,1,0.707
15,67,0.52979,0,1,1,3730000,3,9.5,8,4000000,3,city|food|nightlife|photography|shopping,0,0.61751
15,202,0.48047,0,1,0,3200000,2,9.2,60,4000000,3,city|food|nightlife|photography|shopping,0,0.5658
15,229,0.19102,0,0,0,10990000,4,8.5,60,4000000,3,city|food|nightlife|photography|shopping,0,0.27723
15,75,0.06467,0,0,1,14320000,3,8.5,11,4000000,3,city|food|nightlife|photography|shopping,0,0.25216
15,88,0.19711,0,0,0,6870000,4,9.3,31,4000000,3,city|food|nightlife|photography|shopping,0,0.33298
15,42,0.60854,0,0,0,5460000,2,8.4,104,4000000,3,city|food|nightlife|photography|shopping,0,0.55319
15,95,0.07673,0,0,0,12960000,4,7.5,31,4000000,3,city|food|nightlife|photography|shopping,0,0.21923
15,198,0.2846,1,0,1,5820000,3,8.6,8,4000000,3,city|food|nightlife|photography|shopping,1,0.61273
15,173,0.18531,0,0,1,7150000,3,9.4,6,4000000,3,city|food|nightlife|photography|shopping,0,0.34583
15,124,0.335,0,0,0,7340000,5,8.1,59,4000000,3,city|food|nightlife|photography|shopping,0,0.3321
15,93,0.16567,0,0,0,7290000,2,9.4,63,4000000,3,city|food|nightlife|photography|shopping,0,0.30398
15,231,0.19415,0,1,0,3590000,4,9.4,36,4000000,3,city|food|nightlife|photography|shopping,0,0.44754
15,125,0.41136,0,0,1,8660000,3,8.0,70,4000000,3,city|food|nightlife|photography|shopping,0,0.39277
15,99,0.34722,0,0,0,7510000,5,8.5,34,4000000,3,city|food|nightlife|photography|shopping,0,0.33443
15,101,0.48689,1,0,0,9040000,5,7.7,53,4000000,3,city|food|nightlife|photography|shopping,0,0.54549
15,149,0.34723,0,0,0,6170000,5,7.9,53,4000000,3,city|food|nightlife|photography|shopping,0,0.38204
15,12,0.33757,1,0,0,5140000,4,9.6,114,4000000,3,city|food|nightlife|photography|shopping,1,0.64418
15,103,0.3152,1,0,1,5020000,3,9.3,30,4000000,3,city|food|nightlife|photography|shopping,1,0.66458
16,71,0.72762,0,0,0,8030000,3,9.5,81,4000000,4,city|food|nightlife|photography|shopping,1,0.5126
16,105,0.0,0,0,1,12640000,4,8.4,30,4000000,4,city|food|nightlife|photography|shopping,0,0.224
16,140,0.38183,0,1,0,3330000,5,9.2,94,4000000,4,city|food|nightlife|photography|shopping,1,0.52437
16,103,0.41798,0,0,0,5020000,3,9.3,30,4000000,4,city|food|nightlife|photography|shopping,0,0.49975
16,134,0.39791,0,1,1,3330000,4,7.8,89,4000000,4,city|food|nightlife|photography|shopping,0,0.54512
16,108,0.01834,0,0,0,5210000,5,7.8,114,4000000,4,city|food|nightlife|photography|shopping,0,0.3093
16,202,0.44938,0,1,0,3200000,2,9.2,60,4000000,4,city|food|nightlife|photography|shopping,1,0.52474
16,240,0.35354,0,0,1,9370000,4,7.7,33,4000000,4,city|food|nightlife|photography|shopping,0,0.36549
16,118,0.38788,0,0,0,7280000,5,8.4,70,4000000,4,city|food|nightlife|photography|shopping,0,0.38771
16,113,0.35209,0,0,0,8040000,3,9.3,109,4000000,4,city|food|nightlife|photography|shopping,0,0.35288
16,24,0.54391,0,0,0,5890000,5,8.1,9,4000000,4,city|food|nightlife|photography|shopping,0,0.50584
16,160,0.38743,0,1,1,3970000,4,9.2,69,4000000,4,city|food|nightlife|photography|shopping,0,0.55472
16,119,0.61872,0,0,1,6250000,4,7.4,42,4000000,4,city|food|nightlife|photography|shopping,1,0.54386
16,44,0.0,0,0,1,5620000,4,7.4,19,4000000,4,city|food|nightlife|photography|shopping,0,0.3092
16,46,0.42769,0,0,0,8140000,3,9.5,53,4000000,4,city|food|nightlife|photography|shopping,0,0.38663
16,14,0.59128,0,0,0,4940000,5,8.9,82,4000000,4,city|food|nightlife|photography|shopping,0,0.57174
16,54,0.61067,0,0,0,8910000,5,7.6,95,4000000,4,city|food|nightlife|photography|shopping,0,0.44448
16,179,0.08516,0,0,0,5280000,3,9.5,68,4000000,4,city|food|nightlife|photography|shopping,0,0.35157
16,31,0.28321,0,0,0,9440000,2,9.1,25,4000000,4,city|food|nightlife|photography|shopping,0,0.29395
16,23,0.31646,0,0,1,7230000,4,8.5,118,4000000,4,city|food|nightlife|photography|shopping,0,0.38871
16,206,0.50997,0,0,0,4060000,3,9.0,5,4000000,4,city|food|nightlife|photography|shopping,0,0.57379
16,101,0.58422,0,0,0,9040000,5,7.7,53,4000000,4,city|food|nightlife|photography|shopping,1,0.43437
16,109,0.34497,0,0,0,5450000,3,7.6,70,4000000,4,city|food|nightlife|photography|shopping,0,0.43489
16,205,0.47521,0,0,0,5780000,2,7.9,69,4000000,4,city|food|nightlife|photography|shopping,0,0.45139
16,96,0.42936,0,0,0,4840000,3,7.8,118,4000000,4,city|food|nightlife|photography|shopping,0,0.49673
16,139,0.5347,0,0,0,5100000,3,8.8,86,4000000,4,city|food|nightlife|photography|shopping,0,0.54057
16,112,0.26036,0,0,0,5970000,3,8.8,119,4000000,4,city|food|nightlife|photography|shopping,0,0.39055
16,32,0.0,0,0,0,6600000,3,7.6,4,4000000,4,city|food|nightlife|photography|shopping,0,0.244
16,43,0.52417,0,0,0,8280000,3,8.4,120,4000000,4,city|food|nightlife|photography|shopping,0,0.41615
16,200,0.58643,0,0,1,7780000,4,8.8,20,4000000,4,city|food|nightlife|photography|shopping,0,0.4831
16,126,0.5698,0,0,0,9260000,3,8.4,85,4000000,4,city|food|nightlife|photography|shopping,0,0.43532
16,12,0.4195,0,0,1,5140000,4,9.6,114,4000000,4,city|food|nightlife|photography|shopping,0,0.52659
16,7,0.0696,0,0,0,7910000,5,9.3,13,4000000,4,city|food|nightlife|photography|shopping,0,0.23783
16,151,0.34553,0,0,0,7800000,3,7.8,89,4000000,4,city|food|nightlife|photography|shopping,0,0.34312
16,165,0.07624,0,0,1,10700000,4,7.6,38,4000000,4,city|food|nightlife|photography|shopping,0,0.24802
16,45,0.19872,0,0,0,8730000,3,8.1,21,4000000,4,city|food|nightlife|photography|shopping,0,0.27646
16,91,0.13987,0,0,0,5890000,5,9.6,48,4000000,4,city|food|nightlife|photography|shopping,0,0.35115
16,195,0.34108,0,0,0,5880000,5,8.4,105,4000000,4,city|food|nightlife|photography|shopping,0,0.42405
16,63,0.0,0,0,1,5390000,4,7.4,85,4000000,4,city|food|nightlife|photography|shopping,0,0.3184
16,86,0.29904,0,0,0,10640000,3,9.1,83,4000000,4,city|food|nightlife|photography|shopping,0,0.3286
16,98,0.36447,0,1,0,3780000,5,8.1,109,4000000,4,city|food|nightlife|photography|shopping,0,0.50608
16,213,0.40969,0,0,1,5480000,4,9.1,25,4000000,4,city|food|nightlife|photography|shopping,1,0.50387
16,47,0.1987,0,0,0,6300000,3,8.3,85,4000000,4,city|food|nightlife|photography|shopping,0,0.34645
16,182,0.73374,0,0,0,5640000,2,9.5,25,4000000,4,city|food|nightlife|photography|shopping,0,0.58157
16,68,0.4978,1,0,0,6910000,3,9.3,96,4000000,4,city|food|nightlife|photography|shopping,1,0.63768
16,232,0.37553,1,0,0,10030000,3,8.8,50,4000000,4,city|food|nightlife|photography|shopping,0,0.53772
16,191,0.48304,0,0,1,6590000,4,7.5,40,4000000,4,city|food|nightlife|photography|shopping,1,0.47428
16,48,0.52245,0,0,1,4820000,4,9.2,103,4000000,4,city|food|nightlife|photography|shopping,1,0.57863
16,189,0.81645,0,1,1,2850000,4,7.7,89,4000000,4,city|food|nightlife|photography|shopping,1,0.71991
16,62,0.0,0,0,1,15980000,4,7.5,22,4000000,4,city|food|nightlife|photography|shopping,0,0.215
16,30,0.23674,0,1,0,3620000,3,8.3,117,4000000,4,city|food|nightlife|photography|shopping,0,0.45443
16,19,0.58082,0,0,0,5280000,3,9.2,81,4000000,4,city|food|nightlife|photography|shopping,1,0.55675
16,210,0.29089,0,0,0,7500000,3,7.5,13,4000000,4,city|food|nightlife|photography|shopping,0,0.32917
16,214,0.62291,0,0,1,4300000,4,7.8,103,4000000,4,city|food|nightlife|photography|shopping,0,0.62762
16,50,0.23973,0,0,0,5180000,2,9.5,104,4000000,4,city|food|nightlife|photography|shopping,0,0.39249
16,8,0.25389,0,0,0,8190000,3,9.6,107,4000000,4,city|food|nightlife|photography|shopping,0,0.31463
16,33,0.39324,0,0,0,6090000,3,8.9,45,4000000,4,city|food|nightlife|photography|shopping,0,0.44256
16,2,0.0,0,0,0,5410000,5,9.1,111,4000000,4,city|food|nightlife|photography|shopping,0,0.3066
16,116,0.41469,0,1,1,3980000,4,7.9,72,4000000,4,city|food|nightlife|photography|shopping,0,0.55317
16,97,0.052,0,0,0,9930000,3,7.6,41,4000000,4,city|food|nightlife|photography|shopping,0,0.20984
16,85,0.0,0,0,0,11800000,3,9.0,111,4000000,4,city|food|nightlife|photography|shopping,0,0.202
16,52,0.36918,0,0,1,7200000,4,7.7,116,4000000,4,city|food|nightlife|photography|shopping,0,0.40405
16,227,0.27304,0,0,0,8860000,2,9.0,39,4000000,4,city|food|nightlife|photography|shopping,0,0.28868
16,190,0.38573,1,0,1,9710000,4,9.4,24,4000000,4,city|food|nightlife|photography|shopping,1,0.57601
16,93,0.19603,0,0,0,7290000,2,9.4,63,4000000,4,city|food|nightlife|photography|shopping,0,0.28873
16,80,0.54378,1,0,0,4630000,2,9.6,104,4000000,4,city|food|nightlife|photography|shopping,1,0.72319
16,1,0.0,0,0,1,14160000,4,9.0,35,4000000,4,city|food|nightlife|photography|shopping,0,0.23
16,59,0.4258,0,0,1,6780000,4,8.2,72,4000000,4,city|food|nightlife|photography|shopping,0,0.44963
16,171,0.55465,0,0,0,5570000,5,9.6,87,4000000,4,city|food|nightlife|photography|shopping,0,0.53816
16,131,0.67099,1,1,0,3020000,2,8.6,118,4000000,4,city|food|nightlife|photography|shopping,1,0.79182
17,132,0.17634,0,1,0,7100000,3,9.1,74,10000000,2,adventure|mountain|nature|photography|wildlife,0,0.43706
17,85,0.20301,0,0,0,11800000,3,9.0,111,10000000,2,adventure|mountain|nature|photography|wildlife,0,0.41846
17,29,0.13625,1,0,0,11690000,3,7.6,35,10000000,2,adventure|mountain|nature|photography|wildlife,1,0.55819
17,191,0.37427,1,1,0,6590000,4,7.5,40,10000000,2,adventure|mountain|nature|photography|wildlife,1,0.65619
17,34,0.77349,0,1,0,4830000,5,7.8,107,10000000,2,adventure|mountain|nature|photography|wildlife,1,0.61887
17,6,0.65987,0,1,0,4460000,5,8.8,16,10000000,2,adventure|mountain|nature|photography|wildlife,0,0.58115
17,193,0.04876,1,1,0,9300000,3,8.2,66,10000000,2,adventure|mountain|nature|photography|wildlife,0,0.55448
17,150,0.16697,0,1,1,9710000,2,8.3,87,10000000,2,adventure|mountain|nature|photography|wildlife,0,0.45313
17,226,0.25208,0,1,0,7020000,3,9.0,111,10000000,2,adventure|mountain|nature|photography|wildlife,1,0.46787
17,56,0.2179,0,0,0,12680000,3,9.5,77,10000000,2,adventure|mountain|nature|photography|wildlife,0,0.41564
17,86,0.25115,0,0,0,10640000,3,9.1,83,10000000,2,adventure|mountain|nature|photography|wildlife,0,0.45824
17,135,0.10344,0,1,0,8470000,5,8.5,106,10000000,2,adventure|mountain|nature|photography|wildlife,0,0.34445
17,230,0.59566,0,1,0,6950000,5,7.5,10,10000000,2,adventure|mountain|nature|photography|wildlife,0,0.54118
17,171,0.16954,1,1,0,5570000,5,9.6,87,10000000,2,adventure|mountain|nature|photography|wildlife,0,0.56321
17,89,0.77427,0,1,0,4550000,4,8.5,70,10000000,2,adventure|mountain|nature|photography|wildlife,0,0.6542
17,1,0.12073,1,0,0,14160000,4,9.0,35,10000000,2,adventure|mountain|nature|photography|wildlife,0,0.49815
17,26,0.53261,0,1,0,4310000,4,9.7,29,10000000,2,adventure|mountain|nature|photography|wildlife,0,0.5647
17,64,0.62871,0,1,0,3540000,3,9.1,12,10000000,2,adventure|mountain|nature|photography|wildlife,1,0.62706
17,136,0.31586,1,1,0,6220000,3,8.1,117,10000000,2,adventure|mountain|nature|photography|wildlife,1,0.66566
17,202,0.07587,0,1,1,3200000,2,9.2,60,10000000,2,adventure|mountain|nature|photography|wildlife,0,0.42387
17,45,0.80163,0,1,0,8730000,3,8.1,21,10000000,2,adventure|mountain|nature|photography|wildlife,0,0.68969
17,170,0.15475,1,0,0,14230000,3,8.1,81,10000000,2,adventure|mountain|nature|photography|wildlife,1,0.53032
17,158,0.04361,1,0,0,13970000,3,8.9,45,10000000,2,adventure|mountain|nature|photography|wildlife,0,0.4958
17,178,0.02943,0,1,0,4150000,3,9.3,40,10000000,2,adventure|mountain|nature|photography|wildlife,0,0.37736
17,102,0.75448,0,1,0,7740000,4,9.2,79,10000000,2,adventure|mountain|nature|photography|wildlife,1,0.65288
17,216,0.09266,0,1,0,5630000,4,9.4,104,10000000,2,adventure|mountain|nature|photography|wildlife,0,0.37692
17,61,0.77151,0,1,1,3850000,2,7.4,61,10000000,2,adventure|mountain|nature|photography|wildlife,1,0.69804
17,180,0.59857,0,1,0,5160000,4,9.3,30,10000000,2,adventure|mountain|nature|photography|wildlife,1,0.5884
17,159,0.2841,0,0,1,11760000,2,9.2,85,10000000,2,adventure|mountain|nature|photography|wildlife,0,0.48316
17,5,0.14641,1,0,0,15690000,5,8.2,115,10000000,2,adventure|mountain|nature|photography|wildlife,0,0.44845
17,201,0.056,1,1,0,8110000,5,8.7,69,10000000,2,adventure|mountain|nature|photography|wildlife,0,0.50652
17,119,0.152,0,1,0,6250000,4,7.4,42,10000000,2,adventure|mountain|nature|photography|wildlife,0,0.38184
17,40,0.51778,0,1,0,5340000,3,7.5,108,10000000,2,adventure|mountain|nature|photography|wildlife,1,0.56447
17,172,0.04278,1,1,0,7580000,5,7.6,79,10000000,2,adventure|mountain|nature|photography|wildlife,0,0.48997
17,107,0.05677,1,1,0,6120000,3,9.4,13,10000000,2,adventure|mountain|nature|photography|wildlife,0,0.56984
17,84,0.0768,0,1,1,4910000,2,9.6,25,10000000,2,adventure|mountain|nature|photography|wildlife,0,0.42826
17,133,0.2333,0,1,0,5680000,3,9.6,72,10000000,2,adventure|mountain|nature|photography|wildlife,1,0.46599
17,239,0.13766,0,1,0,5380000,3,7.5,103,10000000,2,adventure|mountain|nature|photography|wildlife,0,0.40482
17,194,0.04025,1,1,0,8690000,3,9.4,66,10000000,2,adventure|mountain|nature|photography|wildlife,0,0.56291
17,130,0.816,0,1,0,6320000,4,8.0,10,10000000,2,adventure|mountain|nature|photography|wildlife,1,0.66672
17,183,0.19886,0,1,0,6720000,5,8.9,109,10000000,2,adventure|mountain|nature|photography|wildlife,0,0.38852
17,140,0.54817,0,1,0,3330000,5,9.2,94,10000000,2,adventure|mountain|nature|photography|wildlife,0,0.53823
17,167,0.23884,0,1,0,9750000,3,8.5,4,10000000,2,adventure|mountain|nature|photography|wildlife,0,0.45731
17,59,0.22897,0,1,0,6780000,4,8.2,72,10000000,2,adventure|mountain|nature|photography|wildlife,0,0.42217
17,228,0.77208,0,1,0,7690000,3,7.6,7,10000000,2,adventure|mountain|nature|photography|wildlife,1,0.67227
17,33,0.39295,1,1,0,6090000,3,8.9,45,10000000,2,adventure|mountain|nature|photography|wildlife,1,0.70604
17,115,0.20476,0,1,0,6680000,4,8.7,31,10000000,2,adventure|mountain|nature|photography|wildlife,0,0.417
17,98,0.56379,0,1,0,3780000,5,8.1,109,10000000,2,adventure|mountain|nature|photography|wildlife,0,0.53379
17,24,0.2809,1,1,0,5890000,5,8.1,9,10000000,2,adventure|mountain|nature|photography|wildlife,1,0.59498
17,94,0.23045,1,1,1,5190000,2,8.3,80,10000000,2,adventure|mountain|nature|photography|wildlife,1,0.65979
17,184,0.236,0,1,0,5580000,3,7.6,35,10000000,2,adventure|mountain|nature|photography|wildlife,1,0.44712
17,174,0.18887,1,1,0,5910000,5,9.4,38,10000000,2,adventure|mountain|nature|photography|wildlife,0,0.56932
17,103,0.63037,0,1,0,5020000,3,9.3,30,10000000,2,adventure|mountain|nature|photography|wildlife,1,0.62975
17,78,0.12184,1,1,0,6430000,4,9.1,48,10000000,2,adventure|mountain|nature|photography|wildlife,1,0.56617
17,70,0.07447,0,1,0,7280000,4,8.7,47,10000000,2,adventure|mountain|nature|photography|wildlife,0,0.36228
17,63,0.17423,1,1,0,5390000,4,7.4,85,10000000,2,adventure|mountain|nature|photography|wildlife,0,0.57118
17,237,0.10455,1,1,0,4570000,3,9.1,117,10000000,2,adventure|mountain|nature|photography|wildlife,0,0.58691
17,112,0.2771,0,1,0,5970000,3,8.8,119,10000000,2,adventure|mountain|nature|photography|wildlife,1,0.47638
17,83,0.08027,1,0,0,13980000,3,9.5,52,10000000,2,adventure|mountain|nature|photography|wildlife,1,0.51703
17,66,0.0,0,1,0,7950000,5,8.3,83,10000000,2,adventure|mountain|nature|photography|wildlife,0,0.299
17,111,0.7859,0,1,1,3320000,2,7.8,110,10000000,2,adventure|mountain|nature|photography|wildlife,1,0.70808
17,2,0.05221,1,1,0,5410000,5,9.1,111,10000000,2,adventure|mountain|nature|photography|wildlife,0,0.50893
17,90,0.17517,0,1,1,2330000,2,9.0,69,10000000,2,adventure|mountain|nature|photography|wildlife,0,0.46357
17,238,0.18126,1,1,0,6620000,5,8.4,111,10000000,2,adventure|mountain|nature|photography|wildlife,1,0.55613
17,108,0.26803,0,1,0,5210000,5,7.8,114,10000000,2,adventure|mountain|nature|photography|wildlife,0,0.40657
17,93,0.84104,0,1,1,7290000,2,9.4,63,10000000,2,adventure|mountain|nature|photography|wildlife,1,0.74724
17,213,0.42411,1,1,0,5480000,4,9.1,25,10000000,2,adventure|mountain|nature|photography|wildlife,1,0.69312
17,164,0.06735,0,1,0,2350000,3,9.4,29,10000000,2,adventure|mountain|nature|photography|wildlife,0,0.39429
17,18,0.16294,0,1,1,6100000,2,7.8,84,10000000,2,adventure|mountain|nature|photography|wildlife,0,0.44644
17,134,0.6047,0,1,0,3330000,4,7.8,89,10000000,2,adventure|mountain|nature|photography|wildlife,0,0.57598
18,131,0.72129,0,1,0,3020000,2,8.6,118,14000000,3,city|food|nightlife|photography|shopping,1,0.66094
18,28,0.09831,1,1,0,12790000,4,8.6,66,14000000,3,city|food|nightlife|photography|shopping,0,0.57929
18,98,0.33656,0,1,0,3780000,5,8.1,109,14000000,3,city|food|nightlife|photography|shopping,0,0.46635
18,22,0.37095,0,1,1,8170000,3,8.5,27,14000000,3,city|food|nightlife|photography|shopping,0,0.5408
18,17,0.05865,0,1,0,11980000,4,8.3,109,14000000,3,city|food|nightlife|photography|shopping,0,0.37963
18,106,0.75887,0,1,1,3480000,3,7.6,42,14000000,3,city|food|nightlife|photography|shopping,1,0.69472
18,142,0.62315,0,1,0,6670000,4,9.5,72,14000000,3,city|food|nightlife|photography|shopping,1,0.62872
18,183,0.05836,1,1,0,6720000,5,8.9,109,14000000,3,city|food|nightlife|photography|shopping,1,0.53751
18,176,0.09676,0,1,0,7390000,5,9.1,92,14000000,3,city|food|nightlife|photography|shopping,0,0.37564
18,122,0.49078,0,1,1,5960000,3,9.4,46,14000000,3,city|food|nightlife|photography|shopping,0,0.60013
18,165,0.09293,1,1,0,10700000,4,7.6,38,14000000,3,city|food|nightlife|photography|shopping,0,0.56703
18,159,0.1806,0,1,0,11760000,2,9.2,85,14000000,3,city|food|nightlife|photography|shopping,0,0.43985
18,222,0.0,1,1,0,10940000,4,9.6,70,14000000,3,city|food|nightlife|photography|shopping,0,0.548
18,129,0.2332,1,1,0,4650000,5,9.7,7,14000000,3,city|food|nightlife|photography|shopping,0,0.61894
18,52,0.3352,0,1,0,7200000,4,7.7,116,14000000,3,city|food|nightlife|photography|shopping,0,0.48978
18,188,0.64767,0,1,0,2280000,2,7.5,73,14000000,3,city|food|nightlife|photography|shopping,0,0.61902
18,89,0.25625,1,1,0,4550000,4,8.5,70,14000000,3,city|food|nightlife|photography|shopping,1,0.64462
18,77,0.28139,1,1,1,7160000,3,8.3,95,14000000,3,city|food|nightlife|photography|shopping,0,0.68118
18,65,0.16608,1,1,0,5980000,4,8.1,6,14000000,3,city|food|nightlife|photography|shopping,0,0.60275
18,11,0.45609,0,1,0,8160000,4,8.8,13,14000000,3,city|food|nightlife|photography|shopping,0,0.55156
18,207,0.38817,0,1,0,3610000,4,8.7,64,14000000,3,city|food|nightlife|photography|shopping,0,0.52203
18,37,0.37974,1,1,0,7470000,4,9.4,37,14000000,3,city|food|nightlife|photography|shopping,0,0.70549
18,220,0.3007,0,1,0,4760000,4,8.4,99,14000000,3,city|food|nightlife|photography|shopping,0,0.48229
18,224,0.04408,1,1,0,9610000,5,8.2,93,14000000,3,city|food|nightlife|photography|shopping,0,0.52451
18,185,0.3856,0,1,0,4000000,4,8.9,82,14000000,3,city|food|nightlife|photography|shopping,0,0.52295
18,4,0.0435,0,1,0,6540000,5,8.5,51,14000000,3,city|food|nightlife|photography|shopping,0,0.34727
18,239,0.52691,1,1,1,5380000,3,7.5,103,14000000,3,city|food|nightlife|photography|shopping,1,0.7763
18,25,0.30976,0,1,0,5890000,4,9.1,67,14000000,3,city|food|nightlife|photography|shopping,1,0.4931
18,192,0.79261,0,1,0,4770000,2,9.4,30,14000000,3,city|food|nightlife|photography|shopping,0,0.6989
18,85,0.0,1,1,1,11800000,3,9.0,111,14000000,3,city|food|nightlife|photography|shopping,1,0.57
18,78,0.6558,0,1,0,6430000,4,9.1,48,14000000,3,city|food|nightlife|photography|shopping,1,0.63844
18,97,0.05165,1,1,1,9930000,3,7.6,41,14000000,3,city|food|nightlife|photography|shopping,0,0.57769
18,141,0.68703,0,1,0,4800000,2,8.6,28,14000000,3,city|food|nightlife|photography|shopping,1,0.64655
18,55,0.16303,1,1,0,6780000,4,8.3,68,14000000,3,city|food|nightlife|photography|shopping,1,0.60347
18,231,0.18793,1,1,0,3590000,4,9.4,36,14000000,3,city|food|nightlife|photography|shopping,1,0.62493
18,133,0.49653,1,1,1,5680000,3,9.6,72,14000000,3,city|food|nightlife|photography|shopping,1,0.78454
18,38,0.62206,0,1,1,3520000,3,8.5,21,14000000,3,city|food|nightlife|photography|shopping,1,0.64626
18,108,0.0,1,1,0,5210000,5,7.8,114,14000000,3,city|food|nightlife|photography|shopping,1,0.502
18,30,0.18485,1,1,1,3620000,3,8.3,117,14000000,3,city|food|nightlife|photography|shopping,1,0.64064
18,101,0.53345,0,1,0,9040000,5,7.7,53,14000000,3,city|food|nightlife|photography|shopping,0,0.54505
18,136,0.35341,0,1,1,6220000,3,8.1,117,14000000,3,city|food|nightlife|photography|shopping,0,0.52943
18,126,0.5269,0,1,1,9260000,3,8.4,85,14000000,3,city|food|nightlife|photography|shopping,1,0.6053
18,155,0.40012,0,1,0,4600000,4,9.4,111,14000000,3,city|food|nightlife|photography|shopping,1,0.53405
18,200,0.52759,0,1,0,7780000,4,8.8,20,14000000,3,city|food|nightlife|photography|shopping,0,0.58159
18,156,0.21603,1,1,0,7480000,2,9.0,38,14000000,3,city|food|nightlife|photography|shopping,1,0.63273
18,114,0.0,1,1,1,10820000,3,9.0,71,14000000,3,city|food|nightlife|photography|shopping,1,0.57
18,105,0.0,0,1,0,12640000,4,8.4,30,14000000,3,city|food|nightlife|photography|shopping,0,0.356
18,138,0.0,1,1,1,11540000,3,8.0,95,14000000,3,city|food|nightlife|photography|shopping,0,0.56
18,161,0.3354,0,1,0,6500000,4,7.5,57,14000000,3,city|food|nightlife|photography|shopping,0,0.48787
18,177,0.18473,0,1,0,11590000,4,7.5,90,14000000,3,city|food|nightlife|photography|shopping,0,0.42459
18,61,0.26407,1,1,0,3850000,2,7.4,61,14000000,3,city|food|nightlife|photography|shopping,1,0.63691
18,208,0.8605,0,1,1,3970000,3,8.8,28,14000000,3,city|food|nightlife|photography|shopping,1,0.74941
18,118,0.34551,0,1,0,7280000,5,8.4,70,14000000,3,city|food|nightlife|photography|shopping,0,0.47311
18,68,0.4701,0,1,1,6910000,3,9.3,96,14000000,3,city|food|nightlife|photography|shopping,1,0.59044
18,94,0.66903,0,1,0,5190000,2,8.3,80,14000000,3,city|food|nightlife|photography|shopping,1,0.63599
18,143,0.44525,0,1,0,7280000,4,7.6,88,14000000,3,city|food|nightlife|photography|shopping,0,0.535
18,181,0.61616,0,1,0,5530000,5,8.0,103,14000000,3,city|food|nightlife|photography|shopping,1,0.58279
18,180,0.33801,0,1,0,5160000,4,9.3,30,14000000,3,city|food|nightlife|photography|shopping,0,0.50696
18,80,0.60597,0,1,0,4630000,2,9.6,104,14000000,3,city|food|nightlife|photography|shopping,1,0.62251
18,135,0.33942,0,1,0,8470000,5,8.5,106,14000000,3,city|food|nightlife|photography|shopping,0,0.47155
18,49,0.11087,0,1,1,5810000,3,8.0,112,14000000,3,city|food|nightlife|photography|shopping,0,0.42656
18,96,0.39403,0,1,1,4840000,3,7.8,118,14000000,3,city|food|nightlife|photography|shopping,1,0.54349
18,18,0.44793,1,1,0,6100000,2,7.8,84,14000000,3,city|food|nightlife|photography|shopping,1,0.71813
18,158,0.01994,0,1,1,13970000,3,8.9,45,14000000,3,city|food|nightlife|photography|shopping,0,0.39738
18,157,0.06492,1,1,0,11560000,5,9.6,14,14000000,3,city|food|nightlife|photography|shopping,0,0.54727
18,103,0.34167,0,1,1,5020000,3,9.3,30,14000000,3,city|food|nightlife|photography|shopping,0,0.5365
18,214,0.57544,0,1,0,4300000,4,7.8,103,14000000,3,city|food|nightlife|photography|shopping,1,0.59169
18,100,0.57087,0,1,1,6530000,3,9.3,83,14000000,3,city|food|nightlife|photography|shopping,1,0.63277
18,206,0.45847,0,1,1,4060000,3,9.0,5,14000000,3,city|food|nightlife|photography|shopping,0,0.58256
18,146,0.24819,1,1,1,9730000,3,9.7,47,14000000,3,city|food|nightlife|photography|shopping,1,0.68124
19,112,0.3111,0,1,1,5970000,3,8.8,119,10000000,3,city|food|nightlife|photography|shopping,0,0.51866
19,30,0.29813,0,1,1,3620000,3,8.3,117,10000000,3,city|food|nightlife|photography|shopping,1,0.50821
19,122,0.50355,0,1,1,5960000,3,9.4,46,10000000,3,city|food|nightlife|photography|shopping,1,0.60549
19,81,0.5239,0,1,0,4940000,4,9.0,17,10000000,3,city|food|nightlife|photography|shopping,0,0.58204
19,37,0.34518,0,1,0,7470000,4,9.4,37,10000000,3,city|food|nightlife|photography|shopping,1,0.51098
19,83,0.29666,0,0,1,13980000,3,9.5,52,10000000,3,city|food|nightlife|photography|shopping,0,0.45592
19,55,0.2838,0,1,0,6780000,4,8.3,68,10000000,3,city|food|nightlife|photography|shopping,0,0.4742
19,213,0.4923,0,1,0,5480000,4,9.1,25,10000000,3,city|food|nightlife|photography|shopping,0,0.56977
19,59,0.38158,0,1,0,6780000,4,8.2,72,10000000,3,city|food|nightlife|photography|shopping,0,0.51426
19,41,0.55586,1,1,0,6960000,4,9.1,101,10000000,3,city|food|nightlife|photography|shopping,1,0.77646
19,74,0.3419,0,1,0,3870000,5,7.7,59,10000000,3,city|food|nightlife|photography|shopping,0,0.4646
19,4,0.15612,0,1,0,6540000,5,8.5,51,10000000,3,city|food|nightlife|photography|shopping,0,0.39457
19,235,0.59516,0,1,1,8550000,3,9.7,29,10000000,3,city|food|nightlife|photography|shopping,1,0.64697
19,232,0.33695,0,0,1,10030000,3,8.8,50,10000000,3,city|food|nightlife|photography|shopping,0,0.52904
19,66,0.4072,0,1,0,7950000,5,8.3,83,10000000,3,city|food|nightlife|photography|shopping,0,0.49802
19,31,0.36095,0,1,0,9440000,2,9.1,25,10000000,3,city|food|nightlife|photography|shopping,0,0.5146
19,5,0.23344,0,0,0,15690000,5,8.2,115,10000000,3,city|food|nightlife|photography|shopping,0,0.333
19,54,0.61701,1,1,0,8910000,5,7.6,95,10000000,3,city|food|nightlife|photography|shopping,1,0.75915
19,96,0.43192,0,1,1,4840000,3,7.8,118,10000000,3,city|food|nightlife|photography|shopping,0,0.55941
19,160,0.43046,0,1,0,3970000,4,9.2,69,10000000,3,city|food|nightlife|photography|shopping,1,0.54479
19,20,0.59972,0,1,0,6490000,2,8.3,67,10000000,3,city|food|nightlife|photography|shopping,0,0.60688
19,139,0.52459,0,1,1,5100000,3,8.8,86,10000000,3,city|food|nightlife|photography|shopping,1,0.60833
19,179,0.21142,0,1,1,5280000,3,9.5,68,10000000,3,city|food|nightlife|photography|shopping,0,0.4838
19,121,0.46341,0,1,1,5510000,3,7.8,82,10000000,3,city|food|nightlife|photography|shopping,0,0.57263
19,202,0.39641,0,1,0,3200000,2,9.2,60,10000000,3,city|food|nightlife|photography|shopping,0,0.53049
19,132,0.69669,0,1,1,7100000,3,9.1,74,10000000,3,city|food|nightlife|photography|shopping,1,0.68361
19,33,0.43267,0,1,1,6090000,3,8.9,45,10000000,3,city|food|nightlife|photography|shopping,0,0.57072
19,32,0.14824,0,1,1,6600000,3,7.6,4,10000000,3,city|food|nightlife|photography|shopping,0,0.43826
19,106,0.68725,0,1,1,3480000,3,7.6,42,10000000,3,city|food|nightlife|photography|shopping,1,0.66465
19,238,0.19116,0,1,0,6620000,5,8.4,111,10000000,3,city|food|nightlife|photography|shopping,0,0.40829
19,211,0.31266,0,1,0,4990000,4,9.4,22,10000000,3,city|food|nightlife|photography|shopping,0,0.49732
19,64,0.43988,0,1,1,3540000,3,9.1,12,10000000,3,city|food|nightlife|photography|shopping,0,0.57575
19,101,0.55259,1,1,0,9040000,5,7.7,53,10000000,3,city|food|nightlife|photography|shopping,1,0.73309
19,147,0.55058,1,1,1,8820000,3,8.4,18,10000000,3,city|food|nightlife|photography|shopping,1,0.79524
19,9,0.51764,0,1,0,9390000,4,8.0,60,10000000,3,city|food|nightlife|photography|shopping,0,0.56941
19,116,0.44462,0,1,0,3980000,4,7.9,72,10000000,3,city|food|nightlife|photography|shopping,1,0.53774
19,190,0.34812,0,1,0,9710000,4,9.4,24,10000000,3,city|food|nightlife|photography|shopping,0,0.51221
19,62,0.15366,0,0,0,15980000,4,7.5,22,10000000,3,city|food|nightlife|photography|shopping,0,0.31586
19,167,0.30063,0,1,1,9750000,3,8.5,4,10000000,3,city|food|nightlife|photography|shopping,0,0.51126
19,78,0.60632,0,1,0,6430000,4,9.1,48,10000000,3,city|food|nightlife|photography|shopping,1,0.61765
19,230,0.44961,0,1,0,6950000,5,7.5,10,10000000,3,city|food|nightlife|photography|shopping,0,0.50784
19,57,0.67528,0,1,1,5360000,3,8.5,66,10000000,3,city|food|nightlife|photography|shopping,1,0.66862
19,6,0.47099,0,1,0,4460000,5,8.8,16,10000000,3,city|food|nightlife|photography|shopping,0,0.52981
19,17,0.23229,0,0,0,11980000,4,8.3,109,10000000,3,city|food|nightlife|photography|shopping,0,0.42088
19,184,0.427,0,1,1,5580000,3,7.6,35,10000000,3,city|food|nightlife|photography|shopping,0,0.55534
19,222,0.04004,1,0,0,10940000,4,9.6,70,10000000,3,city|food|nightlife|photography|shopping,1,0.54978
19,27,0.31412,0,1,0,6140000,2,8.9,98,10000000,3,city|food|nightlife|photography|shopping,1,0.49293
19,145,0.21691,0,1,0,5440000,5,7.9,10,10000000,3,city|food|nightlife|photography|shopping,0,0.4141
19,25,0.37673,0,1,0,5890000,4,9.1,67,10000000,3,city|food|nightlife|photography|shopping,0,0.52123
19,240,0.40426,0,1,0,9370000,4,7.7,33,10000000,3,city|food|nightlife|photography|shopping,1,0.51879
19,158,0.12267,0,0,1,13970000,3,8.9,45,10000000,3,city|food|nightlife|photography|shopping,0,0.377
19,34,0.3475,0,1,0,4830000,5,7.8,107,10000000,3,city|food|nightlife|photography|shopping,0,0.46795
19,73,0.42068,0,1,1,7600000,3,8.4,56,10000000,3,city|food|nightlife|photography|shopping,0,0.56069
19,40,0.47598,0,1,1,5340000,3,7.5,108,10000000,3,city|food|nightlife|photography|shopping,1,0.57491
19,82,0.48004,0,1,0,6740000,2,8.9,16,10000000,3,city|food|nightlife|photography|shopping,0,0.56262
19,229,0.30777,0,0,0,10990000,4,8.5,60,10000000,3,city|food|nightlife|photography|shopping,1,0.47042
19,189,0.81828,0,1,0,2850000,4,7.7,89,10000000,3,city|food|nightlife|photography|shopping,1,0.69268
19,118,0.39964,0,1,0,7280000,5,8.4,70,10000000,3,city|food|nightlife|photography|shopping,0,0.49585
19,142,0.57173,0,1,0,6670000,4,9.5,72,10000000,3,city|food|nightlife|photography|shopping,0,0.60713
19,102,0.32251,0,1,0,7740000,4,9.2,79,10000000,3,city|food|nightlife|photography|shopping,0,0.49946
19,220,0.39644,0,1,0,4760000,4,8.4,99,10000000,3,city|food|nightlife|photography|shopping,0,0.52251
19,199,0.39819,0,1,0,7500000,4,8.6,40,10000000,3,city|food|nightlife|photography|shopping,0,0.52524
19,207,0.38064,0,1,0,3610000,4,8.7,64,10000000,3,city|food|nightlife|photography|shopping,1,0.51887
19,181,0.64458,1,1,0,5530000,5,8.0,103,10000000,3,city|food|nightlife|photography|shopping,1,0.77472
19,67,0.47711,0,1,1,3730000,3,9.5,8,10000000,3,city|food|nightlife|photography|shopping,1,0.59538
19,135,0.32364,0,1,0,8470000,5,8.5,106,10000000,3,city|food|nightlife|photography|shopping,0,0.46493
19,216,0.42922,0,1,0,5630000,4,9.4,104,10000000,3,city|food|nightlife|photography|shopping,1,0.54627
19,169,0.11856,0,1,0,5620000,5,8.8,5,10000000,3,city|food|nightlife|photography|shopping,0,0.38179
19,210,0.31919,0,1,1,7500000,3,7.5,13,10000000,3,city|food|nightlife|photography|shopping,0,0.50906
19,105,0.15714,0,0,0,12640000,4,8.4,30,10000000,3,city|food|nightlife|photography|shopping,0,0.37976
20,168,0.56663,0,0,1,6140000,3,8.9,101,6000000,3,beach|food|photography|relax|romantic,0,0.62325
20,38,0.56588,0,1,1,3520000,3,8.5,21,6000000,3,beach|food|photography|relax|romantic,0,0.62267
20,49,0.54422,0,1,1,5810000,3,8.0,112,6000000,3,beach|food|photography|relax|romantic,0,0.60857
20,220,0.54319,0,1,0,4760000,4,8.4,99,6000000,3,beach|food|photography|relax|romantic,0,0.58414
20,94,0.31882,0,1,0,5190000,2,8.3,80,6000000,3,beach|food|photography|relax|romantic,0,0.48891
20,209,0.48712,1,0,0,8360000,4,9.1,41,6000000,3,beach|food|photography|relax|romantic,1,0.68466
20,74,0.44141,0,1,0,3870000,5,7.7,59,6000000,3,beach|food|photography|relax|romantic,0,0.50639
20,60,0.25527,0,1,0,2850000,4,8.8,84,6000000,3,beach|food|photography|relax|romantic,1,0.46721
20,188,0.30985,0,1,0,2280000,2,7.5,73,6000000,3,beach|food|photography|relax|romantic,1,0.47714
20,125,0.48073,0,0,1,8660000,3,8.0,70,6000000,3,beach|food|photography|relax|romantic,1,0.51097
20,10,0.68746,1,1,0,3750000,4,9.7,57,6000000,3,beach|food|photography|relax|romantic,1,0.83773
20,98,0.68929,1,1,0,3780000,5,8.1,109,6000000,3,beach|food|photography|relax|romantic,1,0.7945
20,42,0.30889,0,1,0,5460000,2,8.4,104,6000000,3,beach|food|photography|relax|romantic,0,0.48573
20,43,0.69753,0,0,1,8280000,3,8.4,120,6000000,3,beach|food|photography|relax|romantic,0,0.61616
20,229,0.41908,0,0,0,10990000,4,8.5,60,6000000,3,beach|food|photography|relax|romantic,0,0.39995
20,36,0.73795,1,1,0,4630000,4,9.0,57,6000000,3,beach|food|photography|relax|romantic,1,0.85194
20,29,0.59265,0,0,1,11690000,3,7.6,35,6000000,3,beach|food|photography|relax|romantic,0,0.47318
20,119,0.39823,0,0,0,6250000,4,7.4,42,6000000,3,beach|food|photography|relax|romantic,0,0.50659
20,151,0.68433,1,0,1,7800000,3,7.8,89,6000000,3,beach|food|photography|relax|romantic,1,0.79742
20,162,0.54301,0,0,0,8680000,5,8.6,43,6000000,3,beach|food|photography|relax|romantic,0,0.4866
20,24,0.53662,0,1,0,5890000,5,8.1,9,6000000,3,beach|food|photography|relax|romantic,1,0.55038
20,197,0.48791,0,0,1,6280000,3,9.2,55,6000000,3,beach|food|photography|relax|romantic,0,0.58946
20,117,0.32239,0,1,1,4370000,3,8.4,32,6000000,3,beach|food|photography|relax|romantic,0,0.51941
20,54,0.49908,0,0,0,8910000,5,7.6,95,6000000,3,beach|food|photography|relax|romantic,1,0.45201
20,3,0.49098,0,0,0,8200000,4,7.5,120,6000000,3,beach|food|photography|relax|romantic,0,0.49455
20,50,0.26531,0,1,0,5180000,2,9.5,104,6000000,3,beach|food|photography|relax|romantic,0,0.47843
20,101,0.52677,0,0,0,9040000,5,7.7,53,6000000,3,beach|food|photography|relax|romantic,0,0.46118
20,68,0.52442,0,0,1,6910000,3,9.3,96,6000000,3,beach|food|photography|relax|romantic,0,0.58899
20,20,0.67815,0,0,0,6490000,2,8.3,67,6000000,3,beach|food|photography|relax|romantic,0,0.62676
20,72,0.6614,1,0,1,6980000,3,8.9,58,6000000,3,beach|food|photography|relax|romantic,1,0.82066
20,77,0.26543,0,0,1,7160000,3,8.3,95,6000000,3,beach|food|photography|relax|romantic,0,0.46355
20,75,0.67254,0,0,1,14320000,3,8.5,11,6000000,3,beach|food|photography|relax|romantic,1,0.50746
20,76,0.67276,1,1,0,4280000,5,8.3,39,6000000,3,beach|food|photography|relax|romantic,1,0.78956
20,108,0.43418,1,1,0,5210000,5,7.8,114,6000000,3,beach|food|photography|relax|romantic,1,0.68435
20,28,0.39036,1,0,0,12790000,4,8.6,66,6000000,3,beach|food|photography|relax|romantic,0,0.54195
20,118,0.68542,1,0,0,7280000,5,8.4,70,6000000,3,beach|food|photography|relax|romantic,1,0.76174
20,163,0.50651,1,0,1,6910000,3,7.6,92,6000000,3,beach|food|photography|relax|romantic,1,0.74447
20,138,0.36483,1,0,1,11540000,3,8.0,95,6000000,3,beach|food|photography|relax|romantic,0,0.56549
20,40,0.71748,1,1,1,5340000,3,7.5,108,6000000,3,beach|food|photography|relax|romantic,1,0.85634
20,91,0.61977,0,1,0,5890000,5,9.6,48,6000000,3,beach|food|photography|relax|romantic,1,0.6003
20,146,0.31872,0,0,1,9730000,3,9.7,47,6000000,3,beach|food|photography|relax|romantic,0,0.4314
20,147,0.60487,0,0,1,8820000,3,8.4,18,6000000,3,beach|food|photography|relax|romantic,1,0.56284
20,155,0.54566,0,1,0,4600000,4,9.4,111,6000000,3,beach|food|photography|relax|romantic,1,0.59518
20,107,0.59602,0,0,1,6120000,3,9.4,13,6000000,3,beach|food|photography|relax|romantic,1,0.64113
20,37,0.23993,0,0,0,7470000,4,9.4,37,6000000,3,beach|food|photography|relax|romantic,0,0.42757
20,16,0.25251,1,0,1,6240000,3,9.3,113,6000000,3,beach|food|photography|relax|romantic,1,0.67266
20,179,0.58746,0,1,1,5280000,3,9.5,68,6000000,3,beach|food|photography|relax|romantic,0,0.64173
20,19,0.53049,0,1,1,5280000,3,9.2,81,6000000,3,beach|food|photography|relax|romantic,0,0.6148
20,15,0.29723,0,0,1,7150000,3,8.9,23,6000000,3,beach|food|photography|relax|romantic,0,0.48317
20,53,0.74354,0,0,0,6850000,4,8.6,65,6000000,3,beach|food|photography|relax|romantic,1,0.64762
20,228,0.22764,0,0,1,7690000,3,7.6,7,6000000,3,beach|food|photography|relax|romantic,0,0.42654
20,134,0.70105,1,1,0,3330000,4,7.8,89,6000000,3,beach|food|photography|relax|romantic,1,0.82444
20,198,0.64164,1,1,1,5820000,3,8.6,8,6000000,3,beach|food|photography|relax|romantic,1,0.83549
20,1,0.54781,0,0,0,14160000,4,9.0,35,6000000,3,beach|food|photography|relax|romantic,1,0.43208
20,176,0.5368,0,0,0,7390000,5,9.1,92,6000000,3,beach|food|photography|relax|romantic,0,0.52339
20,211,0.43975,0,1,0,4990000,4,9.4,22,6000000,3,beach|food|photography|relax|romantic,1,0.5507
20,213,0.56941,0,1,0,5480000,4,9.1,25,6000000,3,beach|food|photography|relax|romantic,0,0.60215
20,45,0.23429,0,0,1,8730000,3,8.1,21,6000000,3,beach|food|photography|relax|romantic,0,0.4066
20,106,0.21747,1,1,1,3480000,3,7.6,42,6000000,3,beach|food|photography|relax|romantic,1,0.64734
20,221,0.69805,1,1,0,3220000,5,8.2,86,6000000,3,beach|food|photography|relax|romantic,1,0.79918
20,114,0.40768,1,0,1,10820000,3,9.0,71,6000000,3,beach|food|photography|relax|romantic,0,0.61269
20,240,0.18546,0,0,0,9370000,4,7.7,33,6000000,3,beach|food|photography|relax|romantic,0,0.33703
20,232,0.38915,0,0,1,10030000,3,8.8,50,6000000,3,beach|food|photography|relax|romantic,0,0.44397
20,182,0.2312,1,1,0,5640000,2,9.5,25,6000000,3,beach|food|photography|relax|romantic,1,0.6441
20,126,0.55247,0,0,1,9260000,3,8.4,85,6000000,3,beach|food|photography|relax|romantic,1,0.5291
20,81,0.32008,0,1,0,4940000,4,9.0,17,6000000,3,beach|food|photography|relax|romantic,0,0.49643
20,181,0.6063,0,1,0,5530000,5,8.0,103,6000000,3,beach|food|photography|relax|romantic,1,0.57865
20,14,0.50083,0,1,0,4940000,5,8.9,82,6000000,3,beach|food|photography|relax|romantic,1,0.54335
20,144,0.25507,0,0,0,7040000,2,9.6,16,6000000,3,beach|food|photography|relax|romantic,0,0.4474
20,141,0.28463,0,1,0,4800000,2,8.6,28,6000000,3,beach|food|photography|relax|romantic,0,0.47754
21,181,0.24328,0,1,0,5530000,5,8.0,103,10000000,2,adventure|mountain|nature|photography|wildlife,0,0.39818
21,147,0.21895,0,1,0,8820000,3,8.4,18,10000000,2,adventure|mountain|nature|photography|wildlife,0,0.44796
21,33,0.32968,0,1,0,6090000,3,8.9,45,10000000,2,adventure|mountain|nature|photography|wildlife,0,0.49947
21,137,0.28587,0,1,0,6170000,4,8.6,51,10000000,2,adventure|mountain|nature|photography|wildlife,0,0.45007
21,133,0.24395,1,1,0,5680000,3,9.6,72,10000000,2,adventure|mountain|nature|photography|wildlife,0,0.65046
21,121,0.2749,0,1,0,5510000,3,7.8,82,10000000,2,adventure|mountain|nature|photography|wildlife,0,0.46546
21,77,0.73201,0,1,0,7160000,3,8.3,95,10000000,2,adventure|mountain|nature|photography|wildlife,1,0.66245
21,234,0.5397,0,1,0,3470000,4,7.4,6,10000000,2,adventure|mountain|nature|photography|wildlife,0,0.54467
21,32,0.09481,0,1,0,6600000,3,7.6,4,10000000,2,adventure|mountain|nature|photography|wildlife,0,0.38782
21,58,0.07215,0,1,0,5490000,4,7.7,45,10000000,2,adventure|mountain|nature|photography|wildlife,0,0.3513
21,75,0.09918,0,0,0,14320000,3,8.5,11,10000000,2,adventure|mountain|nature|photography|wildlife,0,0.32954
21,9,0.21679,0,1,0,9390000,4,8.0,60,10000000,2,adventure|mountain|nature|photography|wildlife,0,0.41505
21,57,0.17738,1,1,0,5360000,3,8.5,66,10000000,2,adventure|mountain|nature|photography|wildlife,1,0.6115
21,230,0.61272,0,1,0,6950000,5,7.5,10,10000000,2,adventure|mountain|nature|photography|wildlife,1,0.54834
21,203,0.19133,1,1,1,4750000,2,8.4,43,10000000,2,adventure|mountain|nature|photography|wildlife,1,0.64436
21,29,0.15307,0,0,0,11690000,3,7.6,35,10000000,2,adventure|mountain|nature|photography|wildlife,0,0.38525
21,4,0.15266,0,1,0,6540000,5,8.5,51,10000000,2,adventure|mountain|nature|photography|wildlife,0,0.36512
21,209,0.26909,0,1,0,8360000,4,9.1,41,10000000,2,adventure|mountain|nature|photography|wildlife,0,0.44802
21,19,0.23527,0,1,0,5280000,3,9.2,81,10000000,2,adventure|mountain|nature|photography|wildlife,0,0.46281
21,85,0.26815,0,0,0,11800000,3,9.0,111,10000000,2,adventure|mountain|nature|photography|wildlife,0,0.44582
21,235,0.24878,0,1,0,8550000,3,9.7,29,10000000,2,adventure|mountain|nature|photography|wildlife,0,0.47349
21,164,0.10105,0,1,0,2350000,3,9.4,29,10000000,2,adventure|mountain|nature|photography|wildlife,0,0.40844
21,107,0.02749,0,1,0,6120000,3,9.4,13,10000000,2,adventure|mountain|nature|photography|wildlife,0,0.37755
21,21,0.1634,0,1,0,7690000,5,7.8,21,10000000,2,adventure|mountain|nature|photography|wildlife,0,0.36263
21,74,0.09472,0,1,0,3870000,5,7.7,59,10000000,2,adventure|mountain|nature|photography|wildlife,0,0.33278
21,208,0.18855,0,1,0,3970000,3,8.8,28,10000000,2,adventure|mountain|nature|photography|wildlife,0,0.43919
21,160,0.59665,0,1,0,3970000,4,9.2,69,10000000,2,adventure|mountain|nature|photography|wildlife,1,0.58659
21,15,0.16292,1,1,0,7150000,3,8.9,23,10000000,2,adventure|mountain|nature|photography|wildlife,1,0.60942
21,114,0.36176,0,0,0,10820000,3,9.0,71,10000000,2,adventure|mountain|nature|photography|wildlife,1,0.50082
21,239,0.14053,1,1,0,5380000,3,7.5,103,10000000,2,adventure|mountain|nature|photography|wildlife,1,0.58602
21,226,0.17626,0,1,0,7020000,3,9.0,111,10000000,2,adventure|mountain|nature|photography|wildlife,0,0.43603
21,222,0.24254,0,0,0,10940000,4,9.6,70,10000000,2,adventure|mountain|nature|photography|wildlife,0,0.42682
21,98,0.55937,0,1,0,3780000,5,8.1,109,10000000,2,adventure|mountain|nature|photography|wildlife,1,0.53194
21,109,0.17755,0,1,0,5450000,3,7.6,70,10000000,2,adventure|mountain|nature|photography|wildlife,0,0.42257
21,16,0.13484,0,1,0,6240000,3,9.3,113,10000000,2,adventure|mountain|nature|photography|wildlife,0,0.42163
21,6,0.64344,0,1,0,4460000,5,8.8,16,10000000,2,adventure|mountain|nature|photography|wildlife,0,0.57425
21,195,0.52702,0,1,0,5880000,5,8.4,105,10000000,2,adventure|mountain|nature|photography|wildlife,1,0.52135
21,103,0.61485,0,1,0,5020000,3,9.3,30,10000000,2,adventure|mountain|nature|photography|wildlife,1,0.62324
21,197,0.19849,0,1,0,6280000,3,9.2,55,10000000,2,adventure|mountain|nature|photography|wildlife,0,0.44737
21,50,0.75297,0,1,1,5180000,2,9.5,104,10000000,2,adventure|mountain|nature|photography|wildlife,1,0.71125
21,95,0.0553,0,0,0,12960000,4,7.5,31,10000000,2,adventure|mountain|nature|photography|wildlife,0,0.29487
21,214,0.24828,0,1,0,4300000,4,7.8,103,10000000,2,adventure|mountain|nature|photography|wildlife,0,0.42628
21,128,0.14085,0,0,0,13980000,3,9.1,49,10000000,2,adventure|mountain|nature|photography|wildlife,0,0.35848
21,190,0.07495,0,1,0,9710000,4,9.4,24,10000000,2,adventure|mountain|nature|photography|wildlife,0,0.36948
21,91,0.10663,0,1,0,5890000,5,9.6,48,10000000,2,adventure|mountain|nature|photography|wildlife,0,0.35678
21,224,0.21845,0,1,0,9610000,5,8.2,93,10000000,2,adventure|mountain|nature|photography|wildlife,0,0.38975
21,67,0.10274,1,1,0,3730000,3,9.5,8,10000000,2,adventure|mountain|nature|photography|wildlife,0,0.59015
21,155,0.17228,0,1,0,4600000,4,9.4,111,10000000,2,adventure|mountain|nature|photography|wildlife,0,0.41036
21,218,0.183,0,0,0,11480000,4,8.8,31,10000000,2,adventure|mountain|nature|photography|wildlife,0,0.38518
21,100,0.17788,1,1,0,6530000,3,9.3,83,10000000,2,adventure|mountain|nature|photography|wildlife,1,0.61971
21,72,0.54855,0,1,0,6980000,3,8.9,58,10000000,2,adventure|mountain|nature|photography|wildlife,0,0.59139
21,201,0.03232,0,1,0,8110000,5,8.7,69,10000000,2,adventure|mountain|nature|photography|wildlife,0,0.31657
21,10,0.56051,0,1,0,3750000,4,9.7,57,10000000,2,adventure|mountain|nature|photography|wildlife,0,0.57641
21,156,0.74796,0,1,1,7480000,2,9.0,38,10000000,2,adventure|mountain|nature|photography|wildlife,1,0.70414
21,111,0.6772,0,1,1,3320000,2,7.8,110,10000000,2,adventure|mountain|nature|photography|wildlife,1,0.66242
21,113,0.19257,0,1,0,8040000,3,9.3,109,10000000,2,adventure|mountain|nature|photography|wildlife,0,0.44588
21,162,0.3098,0,1,0,8680000,5,8.6,43,10000000,2,adventure|mountain|nature|photography|wildlife,0,0.43211
21,62,0.02579,0,0,0,15980000,4,7.5,22,10000000,2,adventure|mountain|nature|photography|wildlife,0,0.23415
21,47,0.17933,0,1,0,6300000,3,8.3,85,10000000,2,adventure|mountain|nature|photography|wildlife,0,0.43032
21,97,0.21385,0,1,0,9930000,3,7.6,41,10000000,2,adventure|mountain|nature|photography|wildlife,0,0.43782
21,145,0.02716,0,1,0,5440000,5,7.9,10,10000000,2,adventure|mountain|nature|photography|wildlife,0,0.30641
21,124,0.73527,0,1,0,7340000,5,8.1,59,10000000,2,adventure|mountain|nature|photography|wildlife,1,0.60581
21,89,0.73746,0,1,0,4550000,4,8.5,70,10000000,2,adventure|mountain|nature|photography|wildlife,1,0.63873
21,69,0.25551,0,1,1,5280000,2,8.1,71,10000000,2,adventure|mountain|nature|photography|wildlife,0,0.48831
21,167,0.13222,0,1,0,9750000,3,8.5,4,10000000,2,adventure|mountain|nature|photography|wildlife,0,0.41253
21,139,0.63723,0,1,0,5100000,3,8.8,86,10000000,2,adventure|mountain|nature|photography|wildlife,1,0.62764
21,84,0.08349,0,1,1,4910000,2,9.6,25,10000000,2,adventure|mountain|nature|photography|wildlife,0,0.43107
21,144,0.80397,0,1,1,7040000,2,9.6,16,10000000,2,adventure|mountain|nature|photography|wildlife,1,0.73367
21,216,0.17241,0,1,0,5630000,4,9.4,104,10000000,2,adventure|mountain|nature|photography|wildlife,0,0.41041
21,79,0.19242,0,1,0,5640000,3,9.6,35,10000000,2,adventure|mountain|nature|photography|wildlife,0,0.44882
22,201,0.39659,0,0,0,8110000,5,8.7,69,4000000,4,beach|budget|city|family|food,0,0.36557
22,126,0.66054,1,0,0,9260000,3,8.4,85,4000000,4,beach|budget|city|family|food,0,0.65343
22,63,0.36211,0,0,1,5390000,4,7.4,85,4000000,4,beach|budget|city|family|food,1,0.47049
22,209,0.31931,0,0,1,8360000,4,9.1,41,4000000,4,beach|budget|city|family|food,0,0.36511
22,172,0.36766,0,0,0,7580000,5,7.6,79,4000000,4,beach|budget|city|family|food,0,0.35922
22,7,0.33088,0,0,0,7910000,5,9.3,13,4000000,4,beach|budget|city|family|food,0,0.34757
22,15,0.53889,0,0,0,7150000,3,8.9,23,4000000,4,beach|budget|city|family|food,0,0.46134
22,22,0.2474,0,0,0,8170000,3,8.5,27,4000000,4,beach|budget|city|family|food,0,0.30091
22,120,0.73791,1,0,0,7330000,3,9.1,82,4000000,4,beach|budget|city|family|food,1,0.71972
22,77,0.17822,0,0,0,7160000,3,8.3,95,4000000,4,beach|budget|city|family|food,0,0.30345
22,6,0.28548,0,0,0,4460000,5,8.8,16,4000000,4,beach|budget|city|family|food,1,0.4615
22,66,0.67839,0,0,0,7950000,5,8.3,83,4000000,4,beach|budget|city|family|food,0,0.48192
22,180,0.26672,0,0,1,5160000,4,9.3,30,4000000,4,beach|budget|city|family|food,0,0.45862
22,129,0.18052,1,0,0,4650000,5,9.7,7,4000000,4,beach|budget|city|family|food,0,0.59882
22,225,0.24937,0,0,0,5050000,5,8.1,21,4000000,4,beach|budget|city|family|food,0,0.41573
22,109,0.32449,1,0,0,5450000,3,7.6,70,4000000,4,beach|budget|city|family|food,1,0.60629
22,236,0.4293,0,0,1,14120000,4,8.3,70,4000000,4,beach|budget|city|family|food,0,0.40331
22,235,0.39029,0,0,0,8550000,3,9.7,29,4000000,4,beach|budget|city|family|food,0,0.37292
22,194,0.39225,0,0,0,8690000,3,9.4,66,4000000,4,beach|budget|city|family|food,0,0.37074
22,8,0.48462,1,0,0,8190000,3,9.6,107,4000000,4,beach|budget|city|family|food,1,0.59154
22,88,0.11213,0,0,1,6870000,4,9.3,31,4000000,4,beach|budget|city|family|food,0,0.3253
22,73,0.17888,0,0,0,7600000,3,8.4,56,4000000,4,beach|budget|city|family|food,0,0.28713
22,14,0.71503,1,0,0,4940000,5,8.9,82,4000000,4,beach|budget|city|family|food,1,0.80371
22,67,0.45437,0,1,0,3730000,3,9.5,8,4000000,4,beach|budget|city|family|food,1,0.55784
22,164,0.4648,1,1,0,2350000,3,9.4,29,4000000,4,beach|budget|city|family|food,1,0.74122
22,216,0.58436,0,0,1,5630000,4,9.4,104,4000000,4,beach|budget|city|family|food,0,0.57423
22,12,0.32407,0,0,1,5140000,4,9.6,114,4000000,4,beach|budget|city|family|food,0,0.48651
22,135,0.51831,0,0,0,8470000,5,8.5,106,4000000,4,beach|budget|city|family|food,0,0.41469
22,231,0.24251,0,1,1,3590000,4,9.4,36,4000000,4,beach|budget|city|family|food,0,0.49585
22,197,0.66255,1,0,0,6280000,3,9.2,55,4000000,4,beach|budget|city|family|food,1,0.73107
22,219,0.34365,1,0,0,8840000,3,9.2,91,4000000,4,beach|budget|city|family|food,0,0.52833
22,33,0.24443,0,0,0,6090000,3,8.9,45,4000000,4,beach|budget|city|family|food,0,0.38006
22,158,0.35589,0,0,0,13970000,3,8.9,45,4000000,4,beach|budget|city|family|food,0,0.35047
22,218,0.45196,1,0,1,11480000,4,8.8,31,4000000,4,beach|budget|city|family|food,1,0.59782
22,71,0.40866,1,0,0,8030000,3,9.5,81,4000000,4,beach|budget|city|family|food,1,0.55864
22,207,0.49975,0,1,1,3610000,4,8.7,64,4000000,4,beach|budget|city|family|food,0,0.59689
22,53,0.35237,0,0,1,6850000,4,8.6,65,4000000,4,beach|budget|city|family|food,0,0.41999
22,155,0.57816,0,0,1,4600000,4,9.4,111,4000000,4,beach|budget|city|family|food,1,0.61283
22,74,0.57489,0,1,0,3870000,5,7.7,59,4000000,4,beach|budget|city|family|food,1,0.59046
22,16,0.46797,1,0,0,6240000,3,9.3,113,4000000,4,beach|budget|city|family|food,1,0.65195
22,85,0.42882,0,0,0,11800000,3,9.0,111,4000000,4,beach|budget|city|family|food,0,0.38211
22,58,0.55752,1,0,1,5490000,4,7.7,45,4000000,4,beach|budget|city|family|food,1,0.73156
22,147,0.67813,1,0,0,8820000,3,8.4,18,4000000,4,beach|budget|city|family|food,1,0.66081
22,61,0.10214,0,1,0,3850000,2,7.4,61,4000000,4,beach|budget|city|family|food,0,0.3609
22,190,0.50839,0,0,1,9710000,4,9.4,24,4000000,4,beach|budget|city|family|food,0,0.44752
22,224,0.36128,0,0,0,9610000,5,8.2,93,4000000,4,beach|budget|city|family|food,0,0.34574
22,5,0.33145,0,0,0,15690000,5,8.2,115,4000000,4,beach|budget|city|family|food,0,0.33321
22,212,0.36036,0,0,0,7390000,3,8.7,47,4000000,4,beach|budget|city|family|food,0,0.37475
22,145,0.40725,0,0,0,5440000,5,7.9,10,4000000,4,beach|budget|city|family|food,1,0.46444
22,139,0.33147,0,0,0,5100000,3,8.8,86,4000000,4,beach|budget|city|family|food,0,0.45522
22,144,0.20902,0,0,0,7040000,2,9.6,16,4000000,4,beach|budget|city|family|food,0,0.30619
22,179,0.31688,0,0,0,5280000,3,9.5,68,4000000,4,beach|budget|city|family|food,0,0.44889
22,206,0.31633,0,0,0,4060000,3,9.0,5,4000000,4,beach|budget|city|family|food,0,0.49246
22,233,0.54057,0,0,0,6800000,3,8.3,19,4000000,4,beach|budget|city|family|food,0,0.47004
22,161,0.21428,0,0,1,6500000,4,7.5,57,4000000,4,beach|budget|city|family|food,0,0.365
22,76,0.30942,0,0,0,4280000,5,8.3,39,4000000,4,beach|budget|city|family|food,0,0.47375
22,159,0.37264,1,0,0,11760000,2,9.2,85,4000000,4,beach|budget|city|family|food,0,0.51251
22,215,0.50324,0,1,1,3960000,4,7.5,73,4000000,4,beach|budget|city|family|food,1,0.58636
22,175,0.49746,0,0,1,5040000,4,8.4,87,4000000,4,beach|budget|city|family|food,0,0.55133
22,196,0.36608,0,0,1,14200000,4,8.3,67,4000000,4,beach|budget|city|family|food,0,0.37675
22,29,0.29622,0,0,0,11690000,3,7.6,35,4000000,4,beach|budget|city|family|food,0,0.31241
22,238,0.33105,0,0,0,6620000,5,8.4,111,4000000,4,beach|budget|city|family|food,0,0.39024
22,118,0.22603,0,0,0,7280000,5,8.4,70,4000000,4,beach|budget|city|family|food,0,0.31973
22,137,0.20763,0,0,1,6170000,4,8.6,51,4000000,4,beach|budget|city|family|food,0,0.3864
22,124,0.10128,1,0,0,7340000,5,8.1,59,4000000,4,beach|budget|city|family|food,0,0.44194
22,26,0.28749,0,0,1,4310000,4,9.7,29,4000000,4,beach|budget|city|family|food,1,0.50535
22,97,0.32844,0,0,0,9930000,3,7.6,41,4000000,4,beach|budget|city|family|food,0,0.32595
22,84,0.46229,1,0,0,4910000,2,9.6,25,4000000,4,beach|budget|city|family|food,1,0.67776
22,115,0.43366,1,0,1,6680000,4,8.7,31,4000000,4,beach|budget|city|family|food,0,0.64194
22,46,0.22859,0,0,0,8140000,3,9.5,53,4000000,4,beach|budget|city|family|food,0,0.30301
23,62,0.73706,0,0,0,15980000,4,7.5,22,10000000,2,beach|cruise|luxury|relax|romantic,1,0.53288
23,7,0.5246,1,1,0,7910000,5,9.3,13,10000000,2,beach|cruise|luxury|relax|romantic,1,0.70933
23,117,0.18272,0,1,0,4370000,3,8.4,32,10000000,2,beach|cruise|luxury|relax|romantic,0,0.43274
23,27,0.0,0,1,1,6140000,2,8.9,98,10000000,2,beach|cruise|luxury|relax|romantic,0,0.389
23,6,0.43894,1,1,0,4460000,5,8.8,16,10000000,2,beach|cruise|luxury|relax|romantic,1,0.66835
23,124,0.01414,0,1,0,7340000,5,8.1,59,10000000,2,beach|cruise|luxury|relax|romantic,0,0.30294
23,5,0.67227,0,0,0,15690000,5,8.2,115,10000000,2,beach|cruise|luxury|relax|romantic,0,0.48931
23,115,0.51481,0,1,0,6680000,4,8.7,31,10000000,2,beach|cruise|luxury|relax|romantic,1,0.54722
23,162,0.29523,1,1,0,8680000,5,8.6,43,10000000,2,beach|cruise|luxury|relax|romantic,0,0.606
23,152,0.42421,1,0,0,10060000,3,8.7,54,10000000,2,beach|cruise|luxury|relax|romantic,1,0.71621
23,232,0.16345,0,0,0,10030000,3,8.8,50,10000000,2,beach|cruise|luxury|relax|romantic,0,0.42817
23,208,0.10806,1,1,0,3970000,3,8.8,28,10000000,2,beach|cruise|luxury|relax|romantic,0,0.58538
23,199,0.3129,0,1,0,7500000,4,8.6,40,10000000,2,beach|cruise|luxury|relax|romantic,0,0.46142
23,19,0.25619,1,1,0,5280000,3,9.2,81,10000000,2,beach|cruise|luxury|relax|romantic,0,0.6516
23,204,0.7295,0,0,0,12320000,5,8.3,93,10000000,2,beach|cruise|luxury|relax|romantic,0,0.56827
23,196,0.7402,0,0,0,14200000,4,8.3,67,10000000,2,beach|cruise|luxury|relax|romantic,0,0.57068
23,119,0.14664,0,1,0,6250000,4,7.4,42,10000000,2,beach|cruise|luxury|relax|romantic,0,0.37959
23,57,0.1866,0,1,0,5360000,3,8.5,66,10000000,2,beach|cruise|luxury|relax|romantic,0,0.43537
23,193,0.7495,0,1,0,9300000,3,8.2,66,10000000,2,beach|cruise|luxury|relax|romantic,1,0.66879
23,130,0.07294,0,1,0,6320000,4,8.0,10,10000000,2,beach|cruise|luxury|relax|romantic,0,0.35463
23,226,0.55654,0,1,0,7020000,3,9.0,111,10000000,2,beach|cruise|luxury|relax|romantic,1,0.59575
23,203,0.06531,0,1,1,4750000,2,8.4,43,10000000,2,beach|cruise|luxury|relax|romantic,0,0.41143
23,52,0.26373,0,1,0,7200000,4,7.7,116,10000000,2,beach|cruise|luxury|relax|romantic,0,0.43176
23,134,0.40839,1,1,0,3330000,4,7.8,89,10000000,2,beach|cruise|luxury|relax|romantic,1,0.67353
23,213,0.31071,0,1,0,5480000,4,9.1,25,10000000,2,beach|cruise|luxury|relax|romantic,0,0.4655
23,231,0.0,0,1,0,3590000,4,9.4,36,10000000,2,beach|cruise|luxury|relax|romantic,0,0.338
23,233,0.26342,0,1,0,6800000,3,8.3,19,10000000,2,beach|cruise|luxury|relax|romantic,1,0.46564
23,150,0.50968,0,1,1,9710000,2,8.3,87,10000000,2,beach|cruise|luxury|relax|romantic,0,0.59706
23,223,0.28468,0,1,0,6120000,4,7.6,85,10000000,2,beach|cruise|luxury|relax|romantic,0,0.43956
23,191,0.26793,0,1,0,6590000,4,7.5,40,10000000,2,beach|cruise|luxury|relax|romantic,0,0.43153
23,31,0.46554,0,1,1,9440000,2,9.1,25,10000000,2,beach|cruise|luxury|relax|romantic,1,0.58653
23,12,0.45189,1,1,0,5140000,4,9.6,114,10000000,2,beach|cruise|luxury|relax|romantic,1,0.70979
23,88,0.0,0,1,0,6870000,4,9.3,31,10000000,2,beach|cruise|luxury|relax|romantic,0,0.337
23,164,0.11889,1,1,0,2350000,3,9.4,29,10000000,2,beach|cruise|luxury|relax|romantic,1,0.59593
23,79,0.33741,1,1,0,5640000,3,9.6,35,10000000,2,beach|cruise|luxury|relax|romantic,1,0.68971
23,98,0.44338,1,1,0,3780000,5,8.1,109,10000000,2,beach|cruise|luxury|relax|romantic,1,0.66322
23,15,0.05901,0,1,0,7150000,3,8.9,23,10000000,2,beach|cruise|luxury|relax|romantic,0,0.38578
23,131,0.11045,0,1,1,3020000,2,8.6,118,10000000,2,beach|cruise|luxury|relax|romantic,0,0.43239
23,139,0.35044,1,1,0,5100000,3,8.8,86,10000000,2,beach|cruise|luxury|relax|romantic,1,0.68719
23,200,0.19819,1,1,0,7780000,4,8.8,20,10000000,2,beach|cruise|luxury|relax|romantic,1,0.59524
23,96,0.40953,1,1,0,4840000,3,7.8,118,10000000,2,beach|cruise|luxury|relax|romantic,1,0.702
23,72,0.43765,1,1,0,6980000,3,8.9,58,10000000,2,beach|cruise|luxury|relax|romantic,1,0.72481
23,25,0.41924,1,1,0,5890000,4,9.1,67,10000000,2,beach|cruise|luxury|relax|romantic,1,0.69108
23,64,0.53293,1,1,0,3540000,3,9.1,12,10000000,2,beach|cruise|luxury|relax|romantic,1,0.76683
23,215,0.12197,0,1,0,3960000,4,7.5,73,10000000,2,beach|cruise|luxury|relax|romantic,0,0.37023
23,237,0.19599,0,1,0,4570000,3,9.1,117,10000000,2,beach|cruise|luxury|relax|romantic,0,0.44532
23,217,0.28112,0,1,0,6180000,5,8.0,78,10000000,2,beach|cruise|luxury|relax|romantic,0,0.41407
23,238,0.66804,0,1,0,6620000,5,8.4,111,10000000,2,beach|cruise|luxury|relax|romantic,0,0.58058
23,209,0.41396,1,1,0,8360000,4,9.1,41,10000000,2,beach|cruise|luxury|relax|romantic,1,0.68887
23,82,0.25446,0,1,1,6740000,2,8.9,16,10000000,2,beach|cruise|luxury|relax|romantic,0,0.49587
23,224,0.44909,1,1,0,9610000,5,8.2,93,10000000,2,beach|cruise|luxury|relax|romantic,1,0.66662
23,103,0.44939,1,1,0,5020000,3,9.3,30,10000000,2,beach|cruise|luxury|relax|romantic,1,0.73374
23,9,0.60831,0,1,0,9390000,4,8.0,60,10000000,2,beach|cruise|luxury|relax|romantic,0,0.57949
23,154,0.19236,0,1,0,5130000,5,7.8,26,10000000,2,beach|cruise|luxury|relax|romantic,0,0.37479
23,185,0.34594,1,1,0,4000000,4,8.9,82,10000000,2,beach|cruise|luxury|relax|romantic,0,0.6583
23,107,0.71927,0,1,0,6120000,3,9.4,13,10000000,2,beach|cruise|luxury|relax|romantic,1,0.6681
23,170,0.65475,0,0,0,14230000,3,8.1,81,10000000,2,beach|cruise|luxury|relax|romantic,1,0.56032
23,135,0.19879,0,1,0,8470000,5,8.5,106,10000000,2,beach|cruise|luxury|relax|romantic,0,0.38449
23,195,0.473,1,1,0,5880000,5,8.4,105,10000000,2,beach|cruise|luxury|relax|romantic,1,0.67866
23,206,0.29519,0,1,0,4060000,3,9.0,5,10000000,2,beach|cruise|luxury|relax|romantic,0,0.48598
23,168,0.70877,0,1,0,6140000,3,8.9,101,10000000,2,beach|cruise|luxury|relax|romantic,1,0.65868
23,239,0.09072,0,1,0,5380000,3,7.5,103,10000000,2,beach|cruise|luxury|relax|romantic,0,0.3851
23,140,0.48594,1,1,0,3330000,5,9.2,94,10000000,2,beach|cruise|luxury|relax|romantic,1,0.69209
23,100,0.17131,0,1,0,6530000,3,9.3,83,10000000,2,beach|cruise|luxury|relax|romantic,0,0.43695
23,24,0.31143,1,1,0,5890000,5,8.1,9,10000000,2,beach|cruise|luxury|relax|romantic,0,0.6078
23,47,0.48065,1,1,0,6300000,3,8.3,85,10000000,2,beach|cruise|luxury|relax|romantic,1,0.73687
23,137,0.20187,0,1,0,6170000,4,8.6,51,10000000,2,beach|cruise|luxury|relax|romantic,0,0.41479
23,235,0.40187,0,1,0,8550000,3,9.7,29,10000000,2,beach|cruise|luxury|relax|romantic,1,0.53778
23,128,0.66913,0,0,0,13980000,3,9.1,49,10000000,2,beach|cruise|luxury|relax|romantic,1,0.58036
23,222,0.3684,1,0,0,10940000,4,9.6,70,10000000,2,beach|cruise|luxury|relax|romantic,1,0.65969
24,216,0.37193,0,1,0,5630000,4,9.4,104,6000000,5,city|culture|food|history|spiritual,1,0.52221
24,44,0.42368,0,1,0,5620000,4,7.4,19,6000000,5,city|culture|food|history|spiritual,0,0.52395
24,32,0.10812,1,0,0,6600000,3,7.6,4,6000000,5,city|culture|food|history|spiritual,1,0.52941
24,230,0.19496,0,0,1,6950000,5,7.5,10,6000000,5,city|culture|food|history|spiritual,0,0.43155
24,120,0.32908,0,0,0,7330000,3,9.1,82,6000000,5,city|culture|food|history|spiritual,0,0.43775
24,97,0.52536,0,0,0,9930000,3,7.6,41,6000000,5,city|culture|food|history|spiritual,0,0.43585
24,95,0.09364,1,0,0,12960000,4,7.5,31,6000000,5,city|culture|food|history|spiritual,0,0.40633
24,224,0.48081,0,0,1,9610000,5,8.2,93,6000000,5,city|culture|food|history|spiritual,0,0.48767
24,56,0.4884,0,0,0,12680000,3,9.5,77,6000000,5,city|culture|food|history|spiritual,0,0.38413
24,82,0.48937,1,0,0,6740000,2,8.9,16,6000000,5,city|culture|food|history|spiritual,1,0.6708
24,20,0.53501,1,0,0,6490000,2,8.3,67,6000000,5,city|culture|food|history|spiritual,1,0.69064
24,200,0.36159,0,0,0,7780000,4,8.8,20,6000000,5,city|culture|food|history|spiritual,1,0.4644
24,172,0.04876,1,0,1,7580000,5,7.6,79,6000000,5,city|culture|food|history|spiritual,1,0.53435
24,36,0.30851,0,1,0,4630000,4,9.0,57,6000000,5,city|culture|food|history|spiritual,0,0.49157
24,162,0.29853,0,0,1,8680000,5,8.6,43,6000000,5,city|culture|food|history|spiritual,0,0.43991
24,35,0.54238,1,1,0,4230000,3,7.8,93,6000000,5,city|culture|food|history|spiritual,0,0.7298
24,229,0.0,0,0,0,10990000,4,8.5,60,6000000,5,city|culture|food|history|spiritual,0,0.22393
24,219,0.07731,0,0,0,8840000,3,9.2,91,6000000,5,city|culture|food|history|spiritual,0,0.29274
24,228,0.18849,0,0,0,7690000,3,7.6,7,6000000,5,city|culture|food|history|spiritual,0,0.3541
24,166,0.18464,0,0,0,6610000,4,7.9,101,6000000,5,city|culture|food|history|spiritual,0,0.41228
24,15,0.94811,0,0,0,7150000,3,8.9,23,6000000,5,city|culture|food|history|spiritual,1,0.70054
24,128,0.0,1,0,0,13980000,3,9.1,49,6000000,5,city|culture|food|history|spiritual,0,0.355
24,138,0.5601,0,0,0,11540000,3,8.0,95,6000000,5,city|culture|food|history|spiritual,0,0.41151
24,27,0.22913,0,0,0,6140000,2,8.9,98,6000000,5,city|culture|food|history|spiritual,0,0.3975
24,59,0.91674,0,0,0,6780000,4,8.2,72,6000000,5,city|culture|food|history|spiritual,1,0.71823
24,6,0.20086,0,1,1,4460000,5,8.8,16,6000000,5,city|culture|food|history|spiritual,0,0.47236
24,134,0.19079,0,1,0,3330000,4,7.8,89,6000000,5,city|culture|food|history|spiritual,0,0.43013
24,233,0.23233,0,0,0,6800000,3,8.3,19,6000000,5,city|culture|food|history|spiritual,0,0.40324
24,87,0.39607,0,0,0,6390000,4,8.7,39,6000000,5,city|culture|food|history|spiritual,1,0.51495
24,167,0.0,0,0,0,9750000,3,8.5,4,6000000,5,city|culture|food|history|spiritual,0,0.229
24,104,0.12142,0,0,0,8930000,4,7.4,95,6000000,5,city|culture|food|history|spiritual,0,0.31886
24,101,0.36687,0,0,1,9040000,5,7.7,53,6000000,5,city|culture|food|history|spiritual,0,0.45002
24,136,0.64252,1,0,0,6220000,3,8.1,117,6000000,5,city|culture|food|history|spiritual,1,0.76899
24,214,0.46403,0,1,0,4300000,4,7.8,103,6000000,5,city|culture|food|history|spiritual,0,0.54489
24,155,0.20686,0,1,0,4600000,4,9.4,111,6000000,5,city|culture|food|history|spiritual,0,0.45288
24,52,0.54758,1,0,0,7200000,4,7.7,116,6000000,5,city|culture|food|history|spiritual,1,0.72698
24,158,0.0,1,0,0,13970000,3,8.9,45,6000000,5,city|culture|food|history|spiritual,0,0.353
24,80,0.88949,0,1,0,4630000,2,9.6,104,6000000,5,city|culture|food|history|spiritual,1,0.68559
24,117,0.75464,0,1,0,4370000,3,8.4,32,6000000,5,city|culture|food|history|spiritual,0,0.64495
24,211,0.0,0,1,0,4990000,4,9.4,22,6000000,5,city|culture|food|history|spiritual,0,0.366
24,124,0.14401,0,0,1,7340000,5,8.1,59,6000000,5,city|culture|food|history|spiritual,0,0.40575
24,217,0.2228,0,0,1,6180000,5,8.0,78,6000000,5,city|culture|food|history|spiritual,0,0.46878
24,129,0.109,0,1,1,4650000,5,9.7,7,6000000,5,city|culture|food|history|spiritual,0,0.44278
24,69,0.58391,1,1,0,5280000,2,8.1,71,6000000,5,city|culture|food|history|spiritual,1,0.72224
24,93,0.10859,0,0,0,7290000,2,9.4,63,6000000,5,city|culture|food|history|spiritual,0,0.32121
24,109,0.0,0,1,0,5450000,3,7.6,70,6000000,5,city|culture|food|history|spiritual,0,0.32
24,26,0.20674,0,1,0,4310000,4,9.7,29,6000000,5,city|culture|food|history|spiritual,1,0.45583
24,119,0.90782,0,0,0,6250000,4,7.4,42,6000000,5,city|culture|food|history|spiritual,1,0.72062
24,125,0.20188,0,0,0,8660000,3,8.0,70,6000000,5,city|culture|food|history|spiritual,0,0.33785
24,79,0.58715,0,1,0,5640000,3,9.6,35,6000000,5,city|culture|food|history|spiritual,1,0.5866
24,204,0.05657,1,0,1,12320000,5,8.3,93,6000000,5,city|culture|food|history|spiritual,0,0.42676
24,62,0.05522,1,0,0,15980000,4,7.5,22,6000000,5,city|culture|food|history|spiritual,0,0.39019
24,40,0.24718,0,1,0,5340000,3,7.5,108,6000000,5,city|culture|food|history|spiritual,0,0.42282
24,53,0.54284,1,0,0,6850000,4,8.6,65,6000000,5,city|culture|food|history|spiritual,1,0.74333
24,148,0.40845,0,0,0,11060000,4,9.6,44,6000000,5,city|culture|food|history|spiritual,0,0.40461
24,185,0.21063,0,1,0,4000000,4,8.9,82,6000000,5,city|culture|food|history|spiritual,1,0.44946
24,222,0.46737,0,0,0,10940000,4,9.6,70,6000000,5,city|culture|food|history|spiritual,0,0.43256
24,210,0.20165,0,0,0,7500000,3,7.5,13,6000000,5,city|culture|food|history|spiritual,0,0.36369
24,123,0.24601,0,0,0,7390000,4,8.7,91,6000000,5,city|culture|food|history|spiritual,0,0.42526
24,31,0.05603,0,0,0,9440000,2,9.1,25,6000000,5,city|culture|food|history|spiritual,0,0.2388
24,21,0.26635,0,0,1,7690000,5,7.8,21,6000000,5,city|culture|food|history|spiritual,0,0.4448
24,103,0.16561,0,1,0,5020000,3,9.3,30,6000000,5,city|culture|food|history|spiritual,0,0.40655
24,100,0.73328,0,0,0,6530000,3,9.3,83,6000000,5,city|culture|food|history|spiritual,1,0.63084
24,121,0.58145,1,1,0,5510000,3,7.8,82,6000000,5,city|culture|food|history|spiritual,1,0.74621
24,147,0.39381,0,0,0,8820000,3,8.4,18,6000000,5,city|culture|food|history|spiritual,0,0.4182
24,133,0.92562,0,1,0,5680000,3,9.6,72,6000000,5,city|culture|food|history|spiritual,1,0.72876
24,171,0.34378,0,1,1,5570000,5,9.6,87,6000000,5,city|culture|food|history|spiritual,0,0.54039
24,65,0.21762,0,1,0,5980000,4,8.1,6,6000000,5,city|culture|food|history|spiritual,0,0.4444
24,58,0.60516,0,1,0,5490000,4,7.7,45,6000000,5,city|culture|food|history|spiritual,0,0.60317
24,106,0.5907,0,1,0,3480000,3,7.6,42,6000000,5,city|culture|food|history|spiritual,0,0.56809
25,199,0.1916,0,1,1,7500000,4,8.6,40,8000000,4,adventure|mountain|nature|photography|wildlife,0,0.46647
25,220,0.33894,0,1,1,4760000,4,8.4,99,8000000,4,adventure|mountain|nature|photography|wildlife,0,0.52635
25,137,0.29064,0,1,1,6170000,4,8.6,51,8000000,4,adventure|mountain|nature|photography|wildlife,0,0.50807
25,30,0.8039,0,1,0,3620000,3,8.3,117,8000000,4,adventure|mountain|nature|photography|wildlife,1,0.69264
25,239,0.14964,0,1,0,5380000,3,7.5,103,8000000,4,adventure|mountain|nature|photography|wildlife,0,0.40985
25,61,0.7025,0,1,0,3850000,2,7.4,61,8000000,4,adventure|mountain|nature|photography|wildlife,1,0.61305
25,74,0.06347,0,1,0,3870000,5,7.7,59,8000000,4,adventure|mountain|nature|photography|wildlife,0,0.37566
25,121,0.2455,0,1,0,5510000,3,7.8,82,8000000,4,adventure|mountain|nature|photography|wildlife,0,0.45311
25,64,0.59347,0,1,0,3540000,3,9.1,12,8000000,4,adventure|mountain|nature|photography|wildlife,1,0.61226
25,229,0.2978,1,0,1,10990000,4,8.5,60,8000000,4,adventure|mountain|nature|photography|wildlife,1,0.63027
25,43,0.25758,0,0,0,8280000,3,8.4,120,8000000,4,adventure|mountain|nature|photography|wildlife,1,0.45858
25,207,0.17603,0,1,1,3610000,4,8.7,64,8000000,4,adventure|mountain|nature|photography|wildlife,0,0.46093
25,119,0.14483,0,1,1,6250000,4,7.4,42,8000000,4,adventure|mountain|nature|photography|wildlife,0,0.43483
25,78,0.027,1,1,1,6430000,4,9.1,48,8000000,4,adventure|mountain|nature|photography|wildlife,1,0.58234
25,151,0.4862,0,1,0,7800000,3,7.8,89,8000000,4,adventure|mountain|nature|photography|wildlife,0,0.5542
25,87,0.20928,0,1,1,6390000,4,8.7,39,8000000,4,adventure|mountain|nature|photography|wildlife,1,0.4749
25,76,0.48348,0,1,0,4280000,5,8.3,39,8000000,4,adventure|mountain|nature|photography|wildlife,0,0.55806
25,216,0.16386,0,1,1,5630000,4,9.4,104,8000000,4,adventure|mountain|nature|photography|wildlife,0,0.46282
25,215,0.14592,1,1,1,3960000,4,7.5,73,8000000,4,adventure|mountain|nature|photography|wildlife,1,0.61629
25,131,0.02719,1,1,0,3020000,2,8.6,118,8000000,4,adventure|mountain|nature|photography|wildlife,0,0.52142
25,224,0.27097,0,0,0,9610000,5,8.2,93,8000000,4,adventure|mountain|nature|photography|wildlife,0,0.43561
25,93,0.78665,0,1,0,7290000,2,9.4,63,8000000,4,adventure|mountain|nature|photography|wildlife,1,0.66839
25,54,0.20422,0,0,0,8910000,5,7.6,95,8000000,4,adventure|mountain|nature|photography|wildlife,0,0.41557
25,73,0.60806,0,1,0,7600000,3,8.4,56,8000000,4,adventure|mountain|nature|photography|wildlife,1,0.61139
25,85,0.29606,0,0,0,11800000,3,9.0,111,8000000,4,adventure|mountain|nature|photography|wildlife,0,0.41034
25,41,0.22301,0,1,1,6960000,4,9.1,101,8000000,4,adventure|mountain|nature|photography|wildlife,1,0.48466
25,203,0.18641,0,1,0,4750000,2,8.4,43,8000000,4,adventure|mountain|nature|photography|wildlife,0,0.40629
25,28,0.40036,0,0,1,12790000,4,8.6,66,8000000,4,adventure|mountain|nature|photography|wildlife,0,0.45835
25,37,0.24354,0,1,1,7470000,4,9.4,37,8000000,4,adventure|mountain|nature|photography|wildlife,0,0.49629
25,123,0.1356,0,1,1,7390000,4,8.7,91,8000000,4,adventure|mountain|nature|photography|wildlife,0,0.44395
25,40,0.46413,0,1,0,5340000,3,7.5,108,8000000,4,adventure|mountain|nature|photography|wildlife,1,0.54194
25,11,0.11199,0,0,1,8160000,4,8.8,13,8000000,4,adventure|mountain|nature|photography|wildlife,0,0.43184
25,225,0.50635,0,1,0,5050000,5,8.1,21,8000000,4,adventure|mountain|nature|photography|wildlife,1,0.56567
25,127,0.18172,0,1,1,5620000,4,7.9,52,8000000,4,adventure|mountain|nature|photography|wildlife,0,0.45532
25,52,0.36667,0,1,1,7200000,4,7.7,116,8000000,4,adventure|mountain|nature|photography|wildlife,1,0.531
25,49,0.16021,0,1,0,5810000,3,8.0,112,8000000,4,adventure|mountain|nature|photography|wildlife,0,0.41929
25,186,0.08072,0,1,0,6850000,3,9.0,61,8000000,4,adventure|mountain|nature|photography|wildlife,0,0.3959
25,71,0.07979,0,0,0,8030000,3,9.5,81,8000000,4,adventure|mountain|nature|photography|wildlife,0,0.39991
25,191,0.26474,0,1,1,6590000,4,7.5,40,8000000,4,adventure|mountain|nature|photography|wildlife,0,0.48619
25,115,0.18234,1,1,1,6680000,4,8.7,31,8000000,4,adventure|mountain|nature|photography|wildlife,1,0.64358
25,180,0.51059,0,1,1,5160000,4,9.3,30,8000000,4,adventure|mountain|nature|photography|wildlife,0,0.60745
25,212,0.42129,0,1,0,7390000,3,8.7,47,8000000,4,adventure|mountain|nature|photography|wildlife,1,0.53594
25,156,0.7846,0,1,0,7480000,2,9.0,38,8000000,4,adventure|mountain|nature|photography|wildlife,1,0.66353
25,167,0.15791,1,0,0,9750000,3,8.5,4,8000000,4,adventure|mountain|nature|photography|wildlife,0,0.56832
25,169,0.10135,0,1,0,5620000,5,8.8,5,8000000,4,adventure|mountain|nature|photography|wildlife,0,0.40257
25,138,0.24653,0,0,0,11540000,3,8.0,95,8000000,4,adventure|mountain|nature|photography|wildlife,0,0.38474
25,32,0.13808,0,1,0,6600000,3,7.6,4,8000000,4,adventure|mountain|nature|photography|wildlife,0,0.40599
25,201,0.07335,0,0,0,8110000,5,8.7,69,8000000,4,adventure|mountain|nature|photography|wildlife,0,0.38761
25,29,0.15151,0,0,0,11690000,3,7.6,35,8000000,4,adventure|mountain|nature|photography|wildlife,0,0.33783
25,33,0.30718,0,1,0,6090000,3,8.9,45,8000000,4,adventure|mountain|nature|photography|wildlife,0,0.49001
25,58,0.02373,0,1,1,5490000,4,7.7,45,8000000,4,adventure|mountain|nature|photography|wildlife,0,0.38697
25,158,0.08199,0,0,0,13970000,3,8.9,45,8000000,4,adventure|mountain|nature|photography|wildlife,0,0.27604
25,192,0.03995,0,1,0,4770000,2,9.4,30,8000000,4,adventure|mountain|nature|photography|wildlife,0,0.35478
25,104,0.82804,0,0,1,8930000,4,7.4,95,8000000,4,adventure|mountain|nature|photography|wildlife,1,0.70318
25,240,0.75172,0,0,1,9370000,4,7.7,33,8000000,4,adventure|mountain|nature|photography|wildlife,1,0.66532
25,187,0.07573,0,1,1,4850000,4,9.4,44,8000000,4,adventure|mountain|nature|photography|wildlife,1,0.42581
25,177,0.19037,1,0,1,11590000,4,7.5,90,8000000,4,adventure|mountain|nature|photography|wildlife,1,0.56316
25,236,0.15666,0,0,1,14120000,4,8.3,70,8000000,4,adventure|mountain|nature|photography|wildlife,0,0.3264
25,143,0.24137,0,1,1,7280000,4,7.6,88,8000000,4,adventure|mountain|nature|photography|wildlife,0,0.47738
25,153,0.29071,0,0,0,8920000,5,9.0,5,8000000,4,adventure|mountain|nature|photography|wildlife,0,0.4657
25,106,0.10889,0,1,0,3480000,3,7.6,42,8000000,4,adventure|mountain|nature|photography|wildlife,0,0.39373
25,217,0.07562,0,1,0,6180000,5,8.0,78,8000000,4,adventure|mountain|nature|photography|wildlife,0,0.38376
25,81,0.02915,1,1,1,4940000,4,9.0,17,8000000,4,adventure|mountain|nature|photography|wildlife,1,0.58224
25,230,0.56348,0,1,0,6950000,5,7.5,10,8000000,4,adventure|mountain|nature|photography|wildlife,1,0.58366
25,65,0.75186,0,1,1,5980000,4,8.1,6,8000000,4,adventure|mountain|nature|photography|wildlife,1,0.69678
25,96,0.46944,0,1,0,4840000,3,7.8,118,8000000,4,adventure|mountain|nature|photography|wildlife,0,0.54717
25,117,0.03379,1,1,0,4370000,3,8.4,32,8000000,4,adventure|mountain|nature|photography|wildlife,0,0.55019
25,218,0.21855,1,0,1,11480000,4,8.8,31,8000000,4,adventure|mountain|nature|photography|wildlife,1,0.59019
25,232,0.05742,0,0,0,10030000,3,8.8,50,8000000,4,adventure|mountain|nature|photography|wildlife,0,0.34352
25,19,0.25042,0,1,0,5280000,3,9.2,81,8000000,4,adventure|mountain|nature|photography|wildlife,0,0.46918
26,73,0.22394,0,1,0,7600000,3,8.4,56,18000000,5,beach|budget|city|family|food,0,0.42205
26,135,0.57444,1,1,1,8470000,5,8.5,106,18000000,5,beach|budget|city|family|food,1,0.80626
26,158,0.43333,1,1,0,13970000,3,8.9,45,18000000,5,beach|budget|city|family|food,0,0.695
26,53,0.47327,1,1,0,6850000,4,8.6,65,18000000,5,beach|budget|city|family|food,1,0.73678
26,48,0.40332,1,1,0,4820000,4,9.2,103,18000000,5,beach|budget|city|family|food,1,0.7134
26,24,0.71156,0,1,1,5890000,5,8.1,9,18000000,5,beach|budget|city|family|food,1,0.67985
26,171,0.78734,0,1,1,5570000,5,9.6,87,18000000,5,beach|budget|city|family|food,1,0.72668
26,15,0.49057,0,1,0,7150000,3,8.9,23,18000000,5,beach|budget|city|family|food,0,0.53904
26,160,0.37528,0,1,0,3970000,4,9.2,69,18000000,5,beach|budget|city|family|food,0,0.52162
26,126,0.68505,0,1,0,9260000,3,8.4,85,18000000,5,beach|budget|city|family|food,1,0.61572
26,13,0.3634,0,1,0,10390000,3,8.6,44,18000000,5,beach|budget|city|family|food,0,0.48263
26,134,0.3001,0,1,0,3330000,4,7.8,89,18000000,5,beach|budget|city|family|food,0,0.47604
26,35,0.33512,1,1,0,4230000,3,7.8,93,18000000,5,beach|budget|city|family|food,0,0.64275
26,47,0.34222,0,1,0,6300000,3,8.3,85,18000000,5,beach|budget|city|family|food,0,0.47073
26,143,0.36659,1,1,0,7280000,4,7.6,88,18000000,5,beach|budget|city|family|food,1,0.68197
26,146,0.18138,1,1,0,9730000,3,9.7,47,18000000,5,beach|budget|city|family|food,1,0.59718
26,82,0.45002,1,1,0,6740000,2,8.9,16,18000000,5,beach|budget|city|family|food,1,0.67401
26,52,0.42169,1,1,0,7200000,4,7.7,116,18000000,5,beach|budget|city|family|food,1,0.70611
26,90,0.39512,0,1,0,2330000,2,9.0,69,18000000,5,beach|budget|city|family|food,0,0.47195
26,145,0.48941,1,1,1,5440000,5,7.9,10,18000000,5,beach|budget|city|family|food,1,0.76455
26,65,0.056,0,1,0,5980000,4,8.1,6,18000000,5,beach|budget|city|family|food,0,0.37652
26,234,0.33856,0,1,0,3470000,4,7.4,6,18000000,5,beach|budget|city|family|food,0,0.4882
26,159,0.39871,0,1,0,11760000,2,9.2,85,18000000,5,beach|budget|city|family|food,1,0.47546
26,21,0.57151,1,1,1,7690000,5,7.8,21,18000000,5,beach|budget|city|family|food,1,0.79803
26,93,0.08587,0,1,0,7290000,2,9.4,63,18000000,5,beach|budget|city|family|food,0,0.34606
26,205,0.4637,0,1,0,5780000,2,7.9,69,18000000,5,beach|budget|city|family|food,0,0.48976
26,151,0.27658,0,1,0,7800000,3,7.8,89,18000000,5,beach|budget|city|family|food,0,0.43816
26,196,0.48859,1,1,0,14200000,4,8.3,67,18000000,5,beach|budget|city|family|food,1,0.74021
26,68,0.6217,1,1,0,6910000,3,9.3,96,18000000,5,beach|budget|city|family|food,1,0.77812
26,233,0.64924,1,1,0,6800000,3,8.3,19,18000000,5,beach|budget|city|family|food,1,0.77968
26,49,0.53044,1,1,0,5810000,3,8.0,112,18000000,5,beach|budget|city|family|food,1,0.72679
26,9,0.56193,0,1,0,9390000,4,8.0,60,18000000,5,beach|budget|city|family|food,0,0.58801
26,144,0.15871,0,1,0,7040000,2,9.6,16,18000000,5,beach|budget|city|family|food,0,0.37866
26,226,0.45126,0,1,0,7020000,3,9.0,111,18000000,5,beach|budget|city|family|food,0,0.52353
26,2,0.41421,1,1,1,5410000,5,9.1,111,18000000,5,beach|budget|city|family|food,1,0.74497
26,216,0.64191,1,1,0,5630000,4,9.4,104,18000000,5,beach|budget|city|family|food,1,0.8156
26,149,0.60616,1,1,1,6170000,5,7.9,53,18000000,5,beach|budget|city|family|food,1,0.81359
26,32,0.38535,1,1,0,6600000,3,7.6,4,18000000,5,beach|budget|city|family|food,1,0.66185
26,168,0.42927,1,1,0,6140000,3,8.9,101,18000000,5,beach|budget|city|family|food,1,0.69329
26,223,0.43737,1,1,0,6120000,4,7.6,85,18000000,5,beach|budget|city|family|food,1,0.7117
26,109,0.35796,0,1,0,5450000,3,7.6,70,18000000,5,beach|budget|city|family|food,0,0.47034
26,10,0.25955,0,1,0,3750000,4,9.7,57,18000000,5,beach|budget|city|family|food,0,0.47801
26,87,0.75734,0,1,0,6390000,4,8.7,39,18000000,5,beach|budget|city|family|food,0,0.67708
26,33,0.30174,1,1,0,6090000,3,8.9,45,18000000,5,beach|budget|city|family|food,1,0.63973
26,44,0.34034,0,1,0,5620000,4,7.4,19,18000000,5,beach|budget|city|family|food,0,0.48894
26,188,0.37425,0,1,0,2280000,2,7.5,73,18000000,5,beach|budget|city|family|food,0,0.44818
26,70,0.40495,0,1,0,7280000,4,8.7,47,18000000,5,beach|budget|city|family|food,0,0.52908
26,114,0.27656,0,1,0,10820000,3,9.0,71,18000000,5,beach|budget|city|family|food,0,0.45015
26,59,0.42827,0,1,0,6780000,4,8.2,72,18000000,5,beach|budget|city|family|food,1,0.53388
26,71,0.35045,0,1,0,8030000,3,9.5,81,18000000,5,beach|budget|city|family|food,0,0.48619
26,200,0.64337,0,1,0,7780000,4,8.8,20,18000000,5,beach|budget|city|family|food,0,0.63022
26,78,0.42299,0,1,0,6430000,4,9.1,48,18000000,5,beach|budget|city|family|food,0,0.54066
26,37,0.39155,0,1,0,7470000,4,9.4,37,18000000,5,beach|budget|city|family|food,1,0.53045
26,26,0.34778,0,1,0,4310000,4,9.7,29,18000000,5,beach|budget|city|family|food,1,0.51507
26,165,0.36574,0,1,0,10700000,4,7.6,38,18000000,5,beach|budget|city|family|food,1,0.50161
26,66,0.71519,1,1,1,7950000,5,8.3,83,18000000,5,beach|budget|city|family|food,1,0.86338
26,195,0.33541,0,1,1,5880000,5,8.4,105,18000000,5,beach|budget|city|family|food,0,0.52487
26,130,0.12722,1,1,0,6320000,4,8.0,10,18000000,5,beach|budget|city|family|food,1,0.58543
26,96,0.30427,0,1,0,4840000,3,7.8,118,18000000,5,beach|budget|city|family|food,0,0.44979
26,88,0.06526,0,1,0,6870000,4,9.3,31,18000000,5,beach|budget|city|family|food,0,0.39241
26,218,0.46572,0,1,0,11480000,4,8.8,31,18000000,5,beach|budget|city|family|food,1,0.5556
26,155,0.64689,1,1,0,4600000,4,9.4,111,18000000,5,beach|budget|city|family|food,1,0.81769
26,40,0.34662,0,1,0,5340000,3,7.5,108,18000000,5,beach|budget|city|family|food,0,0.46458
26,147,0.73421,0,1,0,8820000,3,8.4,18,18000000,5,beach|budget|city|family|food,1,0.63637
26,17,0.47893,1,1,0,11980000,4,8.3,109,18000000,5,beach|budget|city|family|food,1,0.73615
26,18,0.44262,0,1,0,6100000,2,7.8,84,18000000,5,beach|budget|city|family|food,0,0.4799
26,92,0.40959,0,1,0,5150000,3,8.1,31,18000000,5,beach|budget|city|family|food,0,0.49703
26,197,0.69599,0,1,0,6280000,3,9.2,55,18000000,5,beach|budget|city|family|food,0,0.62832
26,58,0.45995,0,1,0,5490000,4,7.7,45,18000000,5,beach|budget|city|family|food,0,0.54218
26,116,0.39078,1,1,0,3980000,4,7.9,72,18000000,5,beach|budget|city|family|food,1,0.69513
27,54,0.51429,1,1,0,8910000,5,7.6,95,18000000,4,beach|food|photography|relax|romantic,1,0.744
27,20,0.67745,0,1,0,6490000,2,8.3,67,18000000,4,beach|food|photography|relax|romantic,1,0.61153
27,13,0.39362,0,1,0,10390000,3,8.6,44,18000000,4,beach|food|photography|relax|romantic,0,0.52332
27,210,0.26592,0,1,0,7500000,3,7.5,13,18000000,4,beach|food|photography|relax|romantic,0,0.45868
27,205,0.16402,0,1,0,5780000,2,7.9,69,18000000,4,beach|food|photography|relax|romantic,0,0.39189
27,187,0.22679,0,1,1,4850000,4,9.4,44,18000000,4,beach|food|photography|relax|romantic,0,0.48925
27,66,0.43636,0,1,0,7950000,5,8.3,83,18000000,4,beach|food|photography|relax|romantic,1,0.53827
27,127,0.27748,0,1,1,5620000,4,7.9,52,18000000,4,beach|food|photography|relax|romantic,0,0.49554
27,161,0.67483,0,1,1,6500000,4,7.5,57,18000000,4,beach|food|photography|relax|romantic,0,0.65843
27,239,0.21676,0,1,0,5380000,3,7.5,103,18000000,4,beach|food|photography|relax|romantic,0,0.43804
27,219,0.47561,0,1,0,8840000,3,9.2,91,18000000,4,beach|food|photography|relax|romantic,0,0.56375
27,105,0.55185,0,1,1,12640000,4,8.4,30,18000000,4,beach|food|photography|relax|romantic,1,0.61578
27,130,0.24837,0,1,1,6320000,4,8.0,10,18000000,4,beach|food|photography|relax|romantic,0,0.48431
27,120,0.56332,1,1,0,7330000,3,9.1,82,18000000,4,beach|food|photography|relax|romantic,1,0.77959
27,209,0.43681,0,1,1,8360000,4,9.1,41,18000000,4,beach|food|photography|relax|romantic,0,0.57446
27,15,0.19967,0,1,0,7150000,3,8.9,23,18000000,4,beach|food|photography|relax|romantic,0,0.44486
27,236,0.58077,0,1,1,14120000,4,8.3,70,18000000,4,beach|food|photography|relax|romantic,1,0.62692
27,62,0.58888,0,1,1,15980000,4,7.5,22,18000000,4,beach|food|photography|relax|romantic,0,0.62233
27,97,0.34936,0,1,0,9930000,3,7.6,41,18000000,4,beach|food|photography|relax|romantic,0,0.49473
27,48,0.63504,0,1,1,4820000,4,9.2,103,18000000,4,beach|food|photography|relax|romantic,1,0.65871
27,142,0.21106,0,1,1,6670000,4,9.5,72,18000000,4,beach|food|photography|relax|romantic,1,0.48365
27,189,0.22587,1,1,1,2850000,4,7.7,89,18000000,4,beach|food|photography|relax|romantic,1,0.65186
27,119,0.265,0,1,1,6250000,4,7.4,42,18000000,4,beach|food|photography|relax|romantic,0,0.4853
27,136,0.57919,0,1,0,6220000,3,8.1,117,18000000,4,beach|food|photography|relax|romantic,1,0.59626
27,126,0.53553,1,1,0,9260000,3,8.4,85,18000000,4,beach|food|photography|relax|romantic,1,0.76092
27,151,0.71004,0,1,0,7800000,3,7.8,89,18000000,4,beach|food|photography|relax|romantic,0,0.64822
27,77,0.32675,0,1,0,7160000,3,8.3,95,18000000,4,beach|food|photography|relax|romantic,0,0.49224
27,28,0.31899,0,1,1,12790000,4,8.6,66,18000000,4,beach|food|photography|relax|romantic,1,0.51997
27,100,0.21336,0,1,0,6530000,3,9.3,83,18000000,4,beach|food|photography|relax|romantic,0,0.45461
27,96,0.67819,0,1,0,4840000,3,7.8,118,18000000,4,beach|food|photography|relax|romantic,0,0.63484
27,137,0.59195,0,1,1,6170000,4,8.6,51,18000000,4,beach|food|photography|relax|romantic,0,0.63462
27,34,0.32169,0,1,0,4830000,5,7.8,107,18000000,4,beach|food|photography|relax|romantic,0,0.48511
27,99,0.35108,0,1,0,7510000,5,8.5,34,18000000,4,beach|food|photography|relax|romantic,0,0.50445
27,225,0.70741,0,1,0,5050000,5,8.1,21,18000000,4,beach|food|photography|relax|romantic,1,0.65011
27,125,0.39555,0,1,0,8660000,3,8.0,70,18000000,4,beach|food|photography|relax|romantic,0,0.51813
27,214,0.55399,1,1,1,4300000,4,7.8,103,18000000,4,beach|food|photography|relax|romantic,1,0.79068
27,111,0.2854,0,1,0,3320000,2,7.8,110,18000000,4,beach|food|photography|relax|romantic,0,0.44187
27,145,0.54668,0,1,0,5440000,5,7.9,10,18000000,4,beach|food|photography|relax|romantic,0,0.58061
27,132,0.18664,1,1,0,7100000,3,9.1,74,18000000,4,beach|food|photography|relax|romantic,0,0.62139
27,98,0.75017,0,1,0,3780000,5,8.1,109,18000000,4,beach|food|photography|relax|romantic,1,0.66807
27,216,0.3411,0,1,1,5630000,4,9.4,104,18000000,4,beach|food|photography|relax|romantic,0,0.53726
27,68,0.45999,0,1,0,6910000,3,9.3,96,18000000,4,beach|food|photography|relax|romantic,1,0.5582
27,41,0.57761,1,1,1,6960000,4,9.1,101,18000000,4,beach|food|photography|relax|romantic,1,0.8136
27,18,0.1441,0,1,0,6100000,2,7.8,84,18000000,4,beach|food|photography|relax|romantic,0,0.38252
27,168,0.5207,0,1,0,6140000,3,8.9,101,18000000,4,beach|food|photography|relax|romantic,1,0.5797
27,95,0.6025,0,1,1,12960000,4,7.5,31,18000000,4,beach|food|photography|relax|romantic,0,0.62805
27,177,0.43709,0,1,1,11590000,4,7.5,90,18000000,4,beach|food|photography|relax|romantic,1,0.55858
27,237,0.18972,0,1,0,4570000,3,9.1,117,18000000,4,beach|food|photography|relax|romantic,0,0.44268
27,138,0.2842,0,1,0,11540000,3,8.0,95,18000000,4,beach|food|photography|relax|romantic,0,0.47136
27,190,0.33154,0,1,1,9710000,4,9.4,24,18000000,4,beach|food|photography|relax|romantic,1,0.53325
27,113,0.45582,0,1,0,8040000,3,9.3,109,18000000,4,beach|food|photography|relax|romantic,1,0.55644
27,201,0.54915,0,1,0,8110000,5,8.7,69,18000000,4,beach|food|photography|relax|romantic,1,0.58964
27,104,0.2511,0,1,1,8930000,4,7.4,95,18000000,4,beach|food|photography|relax|romantic,1,0.47946
27,217,0.42608,0,1,0,6180000,5,8.0,78,18000000,4,beach|food|photography|relax|romantic,0,0.53095
27,106,0.14525,1,1,0,3480000,3,7.6,42,18000000,4,beach|food|photography|relax|romantic,0,0.58901
27,74,0.37214,0,1,0,3870000,5,7.7,59,18000000,4,beach|food|photography|relax|romantic,1,0.5053
27,108,0.32118,0,1,0,5210000,5,7.8,114,18000000,4,beach|food|photography|relax|romantic,1,0.48489
27,152,0.40313,0,1,0,10060000,3,8.7,54,18000000,4,beach|food|photography|relax|romantic,0,0.52832
27,55,0.22664,0,1,1,6780000,4,8.3,68,18000000,4,beach|food|photography|relax|romantic,1,0.47819
27,230,0.73191,0,1,0,6950000,5,7.5,10,18000000,4,beach|food|photography|relax|romantic,1,0.6544
27,200,0.55642,1,1,1,7780000,4,8.8,20,18000000,4,beach|food|photography|relax|romantic,1,0.8017
27,131,0.17366,0,1,0,3020000,2,8.6,118,18000000,4,beach|food|photography|relax|romantic,0,0.40294
27,231,0.25539,0,1,1,3590000,4,9.4,36,18000000,4,beach|food|photography|relax|romantic,1,0.50127
27,240,0.2154,0,1,1,9370000,4,7.7,33,18000000,4,beach|food|photography|relax|romantic,0,0.46747
27,179,0.5716,0,1,0,5280000,3,9.5,68,18000000,4,beach|food|photography|relax|romantic,0,0.60707
27,30,0.25698,0,1,0,3620000,3,8.3,117,18000000,4,beach|food|photography|relax|romantic,1,0.46293
27,27,0.25746,0,1,0,6140000,2,8.9,98,18000000,4,beach|food|photography|relax|romantic,0,0.44113
27,71,0.14953,1,1,0,8030000,3,9.5,81,18000000,4,beach|food|photography|relax|romantic,1,0.6098
27,173,0.35674,0,1,0,7150000,3,9.4,6,18000000,4,beach|food|photography|relax|romantic,0,0.51583
27,65,0.23088,0,1,1,5980000,4,8.1,6,18000000,4,beach|food|photography|relax|romantic,0,0.47797
28,167,0.17348,0,1,0,9750000,3,8.5,4,14000000,4,adventure|mountain|nature|photography|wildlife,0,0.42986
28,54,0.19871,0,1,0,8910000,5,7.6,95,14000000,4,adventure|mountain|nature|photography|wildlife,0,0.43146
28,126,0.30883,0,1,0,9260000,3,8.4,85,14000000,4,adventure|mountain|nature|photography|wildlife,1,0.48571
28,104,0.8318,0,1,1,8930000,4,7.4,95,14000000,4,adventure|mountain|nature|photography|wildlife,1,0.72336
28,30,0.79674,1,1,0,3620000,3,8.3,117,14000000,4,adventure|mountain|nature|photography|wildlife,1,0.86963
28,97,0.14128,0,1,0,9930000,3,7.6,41,14000000,4,adventure|mountain|nature|photography|wildlife,0,0.40734
28,154,0.02772,0,1,0,5130000,5,7.8,26,14000000,4,adventure|mountain|nature|photography|wildlife,0,0.36164
28,19,0.24455,0,1,0,5280000,3,9.2,81,14000000,4,adventure|mountain|nature|photography|wildlife,0,0.46671
28,46,0.26752,0,1,0,8140000,3,9.5,53,14000000,4,adventure|mountain|nature|photography|wildlife,0,0.47936
28,171,0.19512,0,1,0,5570000,5,9.6,87,14000000,4,adventure|mountain|nature|photography|wildlife,0,0.44995
28,138,0.11722,0,1,0,11540000,3,8.0,95,14000000,4,adventure|mountain|nature|photography|wildlife,0,0.40123
28,233,0.04225,0,1,0,6800000,3,8.3,19,14000000,4,adventure|mountain|nature|photography|wildlife,0,0.37274
28,129,0.73939,0,1,0,4650000,5,9.7,7,14000000,4,adventure|mountain|nature|photography|wildlife,1,0.67954
28,65,0.72725,1,1,1,5980000,4,8.1,6,14000000,4,adventure|mountain|nature|photography|wildlife,1,0.86645
28,163,0.22251,0,1,0,6910000,3,7.6,92,14000000,4,adventure|mountain|nature|photography|wildlife,0,0.44146
28,187,0.02979,0,1,1,4850000,4,9.4,44,14000000,4,adventure|mountain|nature|photography|wildlife,0,0.40651
28,148,0.16885,0,1,1,11060000,4,9.6,44,14000000,4,adventure|mountain|nature|photography|wildlife,0,0.46692
28,198,0.72776,1,1,0,5820000,3,8.6,8,14000000,4,adventure|mountain|nature|photography|wildlife,1,0.84366
28,74,0.0357,0,1,0,3870000,5,7.7,59,14000000,4,adventure|mountain|nature|photography|wildlife,0,0.36399
28,189,0.20647,0,1,1,2850000,4,7.7,89,14000000,4,adventure|mountain|nature|photography|wildlife,0,0.46372
28,89,0.76274,1,1,1,4550000,4,8.5,70,14000000,4,adventure|mountain|nature|photography|wildlife,1,0.88535
28,34,0.71637,0,1,0,4830000,5,7.8,107,14000000,4,adventure|mountain|nature|photography|wildlife,0,0.65088
28,180,0.57992,1,1,1,5160000,4,9.3,30,14000000,4,adventure|mountain|nature|photography|wildlife,1,0.81657
28,35,0.32253,0,1,0,4230000,3,7.8,93,14000000,4,adventure|mountain|nature|photography|wildlife,0,0.48546
28,223,0.27925,0,1,1,6120000,4,7.6,85,14000000,4,adventure|mountain|nature|photography|wildlife,0,0.49329
28,60,0.12826,0,1,1,2850000,4,8.8,84,14000000,4,adventure|mountain|nature|photography|wildlife,0,0.44187
28,143,0.25527,0,1,1,7280000,4,7.6,88,14000000,4,adventure|mountain|nature|photography|wildlife,0,0.48321
28,51,0.27912,0,1,0,11500000,5,7.8,99,14000000,4,adventure|mountain|nature|photography|wildlife,0,0.46723
28,117,0.03776,0,1,0,4370000,3,8.4,32,14000000,4,adventure|mountain|nature|photography|wildlife,0,0.37186
28,161,0.72875,1,1,1,6500000,4,7.5,57,14000000,4,adventure|mountain|nature|photography|wildlife,1,0.86107
28,111,0.7197,1,1,0,3320000,2,7.8,110,14000000,4,adventure|mountain|nature|photography|wildlife,1,0.80428
28,56,0.21154,0,1,0,12680000,3,9.5,77,14000000,4,adventure|mountain|nature|photography|wildlife,1,0.45585
28,150,0.16334,0,1,0,9710000,2,8.3,87,14000000,4,adventure|mountain|nature|photography|wildlife,0,0.3956
28,106,0.15963,0,1,0,3480000,3,7.6,42,14000000,4,adventure|mountain|nature|photography|wildlife,0,0.41504
28,24,0.31507,0,1,0,5890000,5,8.1,9,14000000,4,adventure|mountain|nature|photography|wildlife,0,0.48533
28,210,0.76168,0,1,0,7500000,3,7.5,13,14000000,4,adventure|mountain|nature|photography|wildlife,0,0.6669
28,75,0.06605,0,0,0,14320000,3,8.5,11,14000000,4,adventure|mountain|nature|photography|wildlife,0,0.38108
28,200,0.37204,0,1,1,7780000,4,8.8,20,14000000,4,adventure|mountain|nature|photography|wildlife,0,0.54426
28,190,0.03186,0,1,1,9710000,4,9.4,24,14000000,4,adventure|mountain|nature|photography|wildlife,0,0.40738
28,82,0.44659,0,1,0,6740000,2,8.9,16,14000000,4,adventure|mountain|nature|photography|wildlife,0,0.52057
28,166,0.77596,1,1,1,6610000,4,7.9,101,14000000,4,adventure|mountain|nature|photography|wildlife,1,0.8849
28,192,0.02837,0,1,0,4770000,2,9.4,30,14000000,4,adventure|mountain|nature|photography|wildlife,0,0.34991
28,207,0.12151,0,1,1,3610000,4,8.7,64,14000000,4,adventure|mountain|nature|photography|wildlife,0,0.43803
28,42,0.04083,0,1,0,5460000,2,8.4,104,14000000,4,adventure|mountain|nature|photography|wildlife,0,0.34515
28,8,0.2067,0,1,0,8190000,3,9.6,107,14000000,4,adventure|mountain|nature|photography|wildlife,0,0.45482
28,17,0.05522,0,1,1,11980000,4,8.3,109,14000000,4,adventure|mountain|nature|photography|wildlife,0,0.40619
28,114,0.29994,0,1,0,10820000,3,9.0,71,14000000,4,adventure|mountain|nature|photography|wildlife,1,0.48798
28,71,0.09144,0,1,0,8030000,3,9.5,81,14000000,4,adventure|mountain|nature|photography|wildlife,0,0.4054
28,135,0.10437,0,1,0,8470000,5,8.5,106,14000000,4,adventure|mountain|nature|photography|wildlife,0,0.40083
28,72,0.54462,1,1,0,6980000,3,8.9,58,14000000,4,adventure|mountain|nature|photography|wildlife,1,0.76974
28,53,0.21682,0,1,1,6850000,4,8.6,65,14000000,4,adventure|mountain|nature|photography|wildlife,1,0.47707
28,216,0.11838,0,1,1,5630000,4,9.4,104,14000000,4,adventure|mountain|nature|photography|wildlife,0,0.44372
28,64,0.63353,1,1,0,3540000,3,9.1,12,14000000,4,adventure|mountain|nature|photography|wildlife,1,0.80908
28,102,0.72324,1,1,1,7740000,4,9.2,79,14000000,4,adventure|mountain|nature|photography|wildlife,1,0.87576
28,78,0.04211,0,1,1,6430000,4,9.1,48,14000000,4,adventure|mountain|nature|photography|wildlife,0,0.40869
28,149,0.12406,0,1,0,6170000,5,7.9,53,14000000,4,adventure|mountain|nature|photography|wildlife,0,0.40311
28,221,0.57282,1,1,0,3220000,5,8.2,86,14000000,4,adventure|mountain|nature|photography|wildlife,1,0.77458
28,41,0.22228,0,1,1,6960000,4,9.1,101,14000000,4,adventure|mountain|nature|photography|wildlife,1,0.48436
28,194,0.0,0,1,0,8690000,3,9.4,66,14000000,4,adventure|mountain|nature|photography|wildlife,0,0.366
28,96,0.54719,1,1,0,4840000,3,7.8,118,14000000,4,adventure|mountain|nature|photography|wildlife,1,0.75982
28,76,0.54811,1,1,0,4280000,5,8.3,39,14000000,4,adventure|mountain|nature|photography|wildlife,1,0.76521
28,122,0.32538,0,1,0,5960000,3,9.4,46,14000000,4,adventure|mountain|nature|photography|wildlife,0,0.50266
28,152,0.15406,0,1,0,10060000,3,8.7,54,14000000,4,adventure|mountain|nature|photography|wildlife,0,0.4237
28,174,0.19202,0,1,0,5910000,5,9.4,38,14000000,4,adventure|mountain|nature|photography|wildlife,0,0.44665
28,47,0.12193,0,1,0,6300000,3,8.3,85,14000000,4,adventure|mountain|nature|photography|wildlife,0,0.40621
28,202,0.03341,0,1,0,3200000,2,9.2,60,14000000,4,adventure|mountain|nature|photography|wildlife,0,0.35003
28,136,0.23056,0,1,0,6220000,3,8.1,117,14000000,4,adventure|mountain|nature|photography|wildlife,0,0.44983
28,13,0.27308,0,1,0,10390000,3,8.6,44,14000000,4,adventure|mountain|nature|photography|wildlife,0,0.47269
28,206,0.25607,0,1,0,4060000,3,9.0,5,14000000,4,adventure|mountain|nature|photography|wildlife,0,0.46955
28,176,0.0,0,1,0,7390000,5,9.1,92,14000000,4,adventure|mountain|nature|photography|wildlife,0,0.363
29,138,0.32487,0,1,0,11540000,3,8.0,95,14000000,5,beach|food|photography|relax|romantic,0,0.46045
29,224,0.36843,0,1,1,9610000,5,8.2,93,14000000,5,beach|food|photography|relax|romantic,0,0.53674
29,37,0.1964,0,1,0,7470000,4,9.4,37,14000000,5,beach|food|photography|relax|romantic,0,0.44849
29,34,0.3132,0,1,1,4830000,5,7.8,107,14000000,5,beach|food|photography|relax|romantic,0,0.50954
29,140,0.64203,0,1,1,3330000,5,9.2,94,14000000,5,beach|food|photography|relax|romantic,0,0.66165
29,43,0.6843,0,1,0,8280000,3,8.4,120,14000000,5,beach|food|photography|relax|romantic,1,0.6154
29,177,0.34739,1,1,0,11590000,4,7.5,90,14000000,5,beach|food|photography|relax|romantic,1,0.6729
29,174,0.63009,0,1,1,5910000,5,9.4,38,14000000,5,beach|food|photography|relax|romantic,1,0.65864
29,109,0.30641,1,1,0,5450000,3,7.6,70,14000000,5,beach|food|photography|relax|romantic,1,0.62869
29,20,0.72129,0,1,0,6490000,2,8.3,67,14000000,5,beach|food|photography|relax|romantic,1,0.60194
29,221,0.69999,0,1,1,3220000,5,8.2,86,14000000,5,beach|food|photography|relax|romantic,1,0.67599
29,158,0.46819,1,1,0,13970000,3,8.9,45,14000000,5,beach|food|photography|relax|romantic,1,0.70964
29,82,0.62541,0,1,0,6740000,2,8.9,16,14000000,5,beach|food|photography|relax|romantic,1,0.56767
29,205,0.20794,0,1,0,5780000,2,7.9,69,14000000,5,beach|food|photography|relax|romantic,0,0.38233
29,150,0.29801,1,1,0,9710000,2,8.3,87,14000000,5,beach|food|photography|relax|romantic,0,0.60416
29,77,0.28559,0,1,0,7160000,3,8.3,95,14000000,5,beach|food|photography|relax|romantic,0,0.44695
29,192,0.32098,0,1,0,4770000,2,9.4,30,14000000,5,beach|food|photography|relax|romantic,0,0.44481
29,25,0.66596,0,1,0,5890000,4,9.1,67,14000000,5,beach|food|photography|relax|romantic,0,0.6427
29,191,0.60421,0,1,0,6590000,4,7.5,40,14000000,5,beach|food|photography|relax|romantic,1,0.60077
29,130,0.21252,0,1,0,6320000,4,8.0,10,14000000,5,beach|food|photography|relax|romantic,0,0.44126
29,99,0.39379,0,1,1,7510000,5,8.5,34,14000000,5,beach|food|photography|relax|romantic,0,0.55039
29,128,0.47995,1,1,0,13980000,3,9.1,49,14000000,5,beach|food|photography|relax|romantic,1,0.71658
29,161,0.65362,0,1,0,6500000,4,7.5,57,14000000,5,beach|food|photography|relax|romantic,0,0.62152
29,196,0.581,1,0,0,14200000,4,8.3,67,14000000,5,beach|food|photography|relax|romantic,1,0.77673
29,211,0.32215,1,1,0,4990000,4,9.4,22,14000000,5,beach|food|photography|relax|romantic,1,0.6813
29,115,0.30442,1,1,0,6680000,4,8.7,31,14000000,5,beach|food|photography|relax|romantic,1,0.66686
29,30,0.20591,0,1,0,3620000,3,8.3,117,14000000,5,beach|food|photography|relax|romantic,0,0.41348
29,84,0.27369,0,1,0,4910000,2,9.6,25,14000000,5,beach|food|photography|relax|romantic,0,0.42695
29,40,0.69808,0,1,0,5340000,3,7.5,108,14000000,5,beach|food|photography|relax|romantic,1,0.61219
29,200,0.51688,0,1,0,7780000,4,8.8,20,14000000,5,beach|food|photography|relax|romantic,0,0.57709
29,70,0.32643,0,1,0,7280000,4,8.7,47,14000000,5,beach|food|photography|relax|romantic,0,0.4961
29,88,0.21937,0,1,0,6870000,4,9.3,31,14000000,5,beach|food|photography|relax|romantic,0,0.45714
29,207,0.41111,0,1,0,3610000,4,8.7,64,14000000,5,beach|food|photography|relax|romantic,0,0.53167
29,121,0.56902,0,1,0,5510000,3,7.8,82,14000000,5,beach|food|photography|relax|romantic,0,0.56099
29,60,0.26814,1,1,0,2850000,4,8.8,84,14000000,5,beach|food|photography|relax|romantic,0,0.65262
29,141,0.30951,1,1,0,4800000,2,8.6,28,14000000,5,beach|food|photography|relax|romantic,0,0.612
29,172,0.45782,1,1,1,7580000,5,7.6,79,14000000,5,beach|food|photography|relax|romantic,1,0.74828
29,117,0.30166,1,1,0,4370000,3,8.4,32,14000000,5,beach|food|photography|relax|romantic,1,0.6347
29,168,0.50466,1,1,0,6140000,3,8.9,101,14000000,5,beach|food|photography|relax|romantic,1,0.72496
29,81,0.31516,1,1,0,4940000,4,9.0,17,14000000,5,beach|food|photography|relax|romantic,0,0.67437
29,80,0.31024,1,1,0,4630000,2,9.6,104,14000000,5,beach|food|photography|relax|romantic,1,0.6223
29,46,0.54511,0,1,0,8140000,3,9.5,53,14000000,5,beach|food|photography|relax|romantic,1,0.56795
29,79,0.32259,0,1,0,5640000,3,9.6,35,14000000,5,beach|food|photography|relax|romantic,0,0.47549
29,57,0.44053,1,1,0,5360000,3,8.5,66,14000000,5,beach|food|photography|relax|romantic,0,0.69402
29,5,0.54348,1,0,1,15690000,5,8.2,115,14000000,5,beach|food|photography|relax|romantic,1,0.77095
29,202,0.23158,0,1,0,3200000,2,9.2,60,14000000,5,beach|food|photography|relax|romantic,0,0.40526
29,28,0.36376,0,1,0,12790000,4,8.6,66,14000000,5,beach|food|photography|relax|romantic,1,0.51078
29,18,0.2367,0,1,0,6100000,2,7.8,84,14000000,5,beach|food|photography|relax|romantic,0,0.39341
29,228,0.21985,0,1,0,7690000,3,7.6,7,14000000,5,beach|food|photography|relax|romantic,0,0.41234
29,124,0.22463,0,1,1,7340000,5,8.1,59,14000000,5,beach|food|photography|relax|romantic,0,0.47534
29,90,0.4407,0,1,0,2330000,2,9.0,69,14000000,5,beach|food|photography|relax|romantic,0,0.4911
29,164,0.29791,0,1,0,2350000,3,9.4,29,14000000,5,beach|food|photography|relax|romantic,1,0.46312
29,85,0.37996,0,1,0,11800000,3,9.0,111,14000000,5,beach|food|photography|relax|romantic,0,0.49358
29,127,0.29329,0,1,0,5620000,4,7.9,52,14000000,5,beach|food|photography|relax|romantic,0,0.47418
29,166,0.24659,0,1,0,6610000,4,7.9,101,14000000,5,beach|food|photography|relax|romantic,0,0.45457
29,71,0.32316,0,1,0,8030000,3,9.5,81,14000000,5,beach|food|photography|relax|romantic,0,0.47473
29,114,0.40299,0,1,0,10820000,3,9.0,71,14000000,5,beach|food|photography|relax|romantic,0,0.50326
29,136,0.5404,0,1,0,6220000,3,8.1,117,14000000,5,beach|food|photography|relax|romantic,1,0.55197
29,147,0.55122,0,1,0,8820000,3,8.4,18,14000000,5,beach|food|photography|relax|romantic,1,0.55951
29,113,0.42451,1,1,0,8040000,3,9.3,109,14000000,5,beach|food|photography|relax|romantic,1,0.69529
29,173,0.32287,0,1,0,7150000,3,9.4,6,14000000,5,beach|food|photography|relax|romantic,0,0.4736
29,151,0.6817,0,1,0,7800000,3,7.8,89,14000000,5,beach|food|photography|relax|romantic,0,0.60832
29,163,0.47019,0,1,0,6910000,3,7.6,92,14000000,5,beach|food|photography|relax|romantic,1,0.51748
29,35,0.55104,0,1,0,4230000,3,7.8,93,14000000,5,beach|food|photography|relax|romantic,1,0.55344
29,157,0.40846,0,1,1,11560000,5,9.6,14,14000000,5,beach|food|photography|relax|romantic,0,0.56755
29,175,0.37524,0,1,0,5040000,4,8.4,87,14000000,5,beach|food|photography|relax|romantic,0,0.5136
29,3,0.40628,1,1,0,8200000,4,7.5,120,14000000,5,beach|food|photography|relax|romantic,1,0.69764
29,47,0.3813,0,1,0,6300000,3,8.3,85,14000000,5,beach|food|photography|relax|romantic,0,0.48715
29,182,0.32599,0,1,0,5640000,2,9.5,25,14000000,5,beach|food|photography|relax|romantic,1,0.44791
29,66,0.44377,0,1,1,7950000,5,8.3,83,14000000,5,beach|food|photography|relax|romantic,1,0.56938
30,54,0.47777,1,1,0,8910000,5,7.6,95,14000000,2,beach|food|photography|relax|romantic,1,0.67266
30,106,0.1946,0,1,0,3480000,3,7.6,42,14000000,2,beach|food|photography|relax|romantic,0,0.42973
30,51,0.43973,1,1,0,11500000,5,7.8,99,14000000,2,beach|food|photography|relax|romantic,1,0.65869
30,230,0.75304,0,1,0,6950000,5,7.5,10,14000000,2,beach|food|photography|relax|romantic,1,0.60728
30,163,0.4345,1,1,0,6910000,3,7.6,92,14000000,2,beach|food|photography|relax|romantic,0,0.71049
30,159,0.48453,1,1,1,11760000,2,9.2,85,14000000,2,beach|food|photography|relax|romantic,1,0.7755
30,142,0.20249,0,1,0,6670000,4,9.5,72,14000000,2,beach|food|photography|relax|romantic,0,0.42405
30,151,0.69163,0,1,0,7800000,3,7.8,89,14000000,2,beach|food|photography|relax|romantic,1,0.64048
30,209,0.48805,1,1,0,8360000,4,9.1,41,14000000,2,beach|food|photography|relax|romantic,1,0.71998
30,9,0.69937,1,1,0,9390000,4,8.0,60,14000000,2,beach|food|photography|relax|romantic,1,0.79773
30,201,0.51269,0,1,0,8110000,5,8.7,69,14000000,2,beach|food|photography|relax|romantic,1,0.51833
30,1,0.51398,0,0,0,14160000,4,9.0,35,14000000,2,beach|food|photography|relax|romantic,0,0.54804
30,39,0.48893,1,1,0,7320000,3,8.0,80,14000000,2,beach|food|photography|relax|romantic,1,0.73735
30,4,0.50826,0,1,0,6540000,5,8.5,51,14000000,2,beach|food|photography|relax|romantic,1,0.51447
30,216,0.35887,0,1,0,5630000,4,9.4,104,14000000,2,beach|food|photography|relax|romantic,0,0.48873
30,13,0.4838,1,1,0,10390000,3,8.6,44,14000000,2,beach|food|photography|relax|romantic,1,0.7412
30,83,0.56194,0,1,0,13980000,3,9.5,52,14000000,2,beach|food|photography|relax|romantic,0,0.60302
30,139,0.68152,0,1,0,5100000,3,8.8,86,14000000,2,beach|food|photography|relax|romantic,0,0.64624
30,82,0.59385,1,1,1,6740000,2,8.9,16,14000000,2,beach|food|photography|relax|romantic,1,0.81842
30,42,0.17121,0,1,1,5460000,2,8.4,104,14000000,2,beach|food|photography|relax|romantic,0,0.45591
30,123,0.37318,0,1,0,7390000,4,8.7,91,14000000,2,beach|food|photography|relax|romantic,0,0.48774
30,210,0.29562,0,1,0,7500000,3,7.5,13,14000000,2,beach|food|photography|relax|romantic,0,0.47116
30,7,0.40774,1,1,0,7910000,5,9.3,13,14000000,2,beach|food|photography|relax|romantic,1,0.66025
30,58,0.19022,0,1,0,5490000,4,7.7,45,14000000,2,beach|food|photography|relax|romantic,0,0.40089
30,40,0.72371,0,1,0,5340000,3,7.5,108,14000000,2,beach|food|photography|relax|romantic,1,0.65096
30,21,0.32385,0,1,0,7690000,5,7.8,21,14000000,2,beach|food|photography|relax|romantic,0,0.43002
30,158,0.50613,0,1,0,13970000,3,8.9,45,14000000,2,beach|food|photography|relax|romantic,1,0.57358
30,47,0.41528,1,1,0,6300000,3,8.3,85,14000000,2,beach|food|photography|relax|romantic,1,0.70942
30,127,0.29118,0,1,0,5620000,4,7.9,52,14000000,2,beach|food|photography|relax|romantic,1,0.4453
30,33,0.596,1,1,0,6090000,3,8.9,45,14000000,2,beach|food|photography|relax|romantic,1,0.79132
30,57,0.34608,0,1,0,5360000,3,8.5,66,14000000,2,beach|food|photography|relax|romantic,1,0.50235
30,155,0.46793,0,1,0,4600000,4,9.4,111,14000000,2,beach|food|photography|relax|romantic,0,0.53453
30,50,0.33149,0,1,1,5180000,2,9.5,104,14000000,2,beach|food|photography|relax|romantic,1,0.53422
30,222,0.34949,1,1,0,10940000,4,9.6,70,14000000,2,beach|food|photography|relax|romantic,1,0.66678
30,81,0.16626,0,1,0,4940000,4,9.0,17,14000000,2,beach|food|photography|relax|romantic,0,0.40383
30,75,0.59527,0,0,0,14320000,3,8.5,11,14000000,2,beach|food|photography|relax|romantic,0,0.60336
30,211,0.48284,1,1,0,4990000,4,9.4,22,14000000,2,beach|food|photography|relax|romantic,1,0.72079
30,179,0.56219,0,1,0,5280000,3,9.5,68,14000000,2,beach|food|photography|relax|romantic,0,0.60312
30,232,0.3329,0,1,0,10030000,3,8.8,50,14000000,2,beach|food|photography|relax|romantic,0,0.49982
30,184,0.51272,1,1,0,5580000,3,7.6,35,14000000,2,beach|food|photography|relax|romantic,1,0.74334
30,64,0.75612,0,1,0,3540000,3,9.1,12,14000000,2,beach|food|photography|relax|romantic,1,0.68057
30,76,0.69088,0,1,0,4280000,5,8.3,39,14000000,2,beach|food|photography|relax|romantic,1,0.58917
30,124,0.27792,0,1,0,7340000,5,8.1,59,14000000,2,beach|food|photography|relax|romantic,0,0.41373
30,138,0.32967,1,1,0,11540000,3,8.0,95,14000000,2,beach|food|photography|relax|romantic,1,0.67046
30,104,0.24785,0,1,0,8930000,4,7.4,95,14000000,2,beach|food|photography|relax|romantic,0,0.4221
30,114,0.38481,1,1,0,10820000,3,9.0,71,14000000,2,beach|food|photography|relax|romantic,1,0.70362
30,6,0.67151,0,1,0,4460000,5,8.8,16,14000000,2,beach|food|photography|relax|romantic,0,0.58603
30,55,0.24536,0,1,0,6780000,4,8.3,68,14000000,2,beach|food|photography|relax|romantic,0,0.43005
30,38,0.57314,1,1,0,3520000,3,8.5,21,14000000,2,beach|food|photography|relax|romantic,1,0.77772
30,156,0.23958,0,1,1,7480000,2,9.0,38,14000000,2,beach|food|photography|relax|romantic,0,0.49063
30,239,0.20117,0,1,0,5380000,3,7.5,103,14000000,2,beach|food|photography|relax|romantic,0,0.43149
30,173,0.38164,0,1,0,7150000,3,9.4,6,14000000,2,beach|food|photography|relax|romantic,0,0.52629
30,74,0.36568,0,1,0,3870000,5,7.7,59,14000000,2,beach|food|photography|relax|romantic,0,0.44658
30,196,0.54799,0,0,0,14200000,4,8.3,67,14000000,2,beach|food|photography|relax|romantic,0,0.55487
30,229,0.45611,1,1,0,10990000,4,8.5,60,14000000,2,beach|food|photography|relax|romantic,1,0.70057
30,203,0.16511,0,1,1,4750000,2,8.4,43,14000000,2,beach|food|photography|relax|romantic,0,0.45335
30,111,0.29649,0,1,1,3320000,2,7.8,110,14000000,2,beach|food|photography|relax|romantic,0,0.50253
30,160,0.77319,0,1,0,3970000,4,9.2,69,14000000,2,beach|food|photography|relax|romantic,1,0.66074
30,198,0.66588,0,1,0,5820000,3,8.6,8,14000000,2,beach|food|photography|relax|romantic,0,0.63767
30,122,0.59356,1,1,0,5960000,3,9.4,46,14000000,2,beach|food|photography|relax|romantic,1,0.7953
30,86,0.48118,1,1,0,10640000,3,9.1,83,14000000,2,beach|food|photography|relax|romantic,1,0.7451
30,90,0.32516,0,1,1,2330000,2,9.0,69,14000000,2,beach|food|photography|relax|romantic,1,0.52657
30,88,0.27407,0,1,0,6870000,4,9.3,31,14000000,2,beach|food|photography|relax|romantic,0,0.45211
30,52,0.51478,1,1,0,7200000,4,7.7,116,14000000,2,beach|food|photography|relax|romantic,1,0.71721
30,16,0.22787,0,1,0,6240000,3,9.3,113,14000000,2,beach|food|photography|relax|romantic,0,0.4607
30,153,0.62612,1,1,0,8920000,5,9.0,5,14000000,2,beach|food|photography|relax|romantic,1,0.74897
30,214,0.52923,1,1,0,4300000,4,7.8,103,14000000,2,beach|food|photography|relax|romantic,1,0.72428
30,224,0.38069,1,1,0,9610000,5,8.2,93,14000000,2,beach|food|photography|relax|romantic,1,0.63789
30,217,0.43857,0,1,0,6180000,5,8.0,78,14000000,2,beach|food|photography|relax|romantic,1,0.4802
30,176,0.52261,0,1,0,7390000,5,9.1,92,14000000,2,beach|food|photography|relax|romantic,1,0.52649
31,73,0.70526,0,1,1,7600000,3,8.4,56,8000000,3,beach|food|photography|relax|romantic,1,0.68021
31,200,0.51063,0,1,0,7780000,4,8.8,20,8000000,3,beach|food|photography|relax|romantic,1,0.57446
31,49,0.50775,0,1,1,5810000,3,8.0,112,8000000,3,beach|food|photography|relax|romantic,0,0.59325
31,82,0.64817,0,1,0,6740000,2,8.9,16,8000000,3,beach|food|photography|relax|romantic,1,0.63323
31,84,0.15876,0,1,0,4910000,2,9.6,25,8000000,3,beach|food|photography|relax|romantic,1,0.43468
31,109,0.35262,0,1,1,5450000,3,7.6,70,8000000,3,beach|food|photography|relax|romantic,0,0.5241
31,90,0.28943,0,1,0,2330000,2,9.0,69,8000000,3,beach|food|photography|relax|romantic,0,0.48356
31,183,0.34443,0,1,0,6720000,5,8.9,109,8000000,3,beach|food|photography|relax|romantic,0,0.47766
31,147,0.56348,0,0,1,8820000,3,8.4,18,8000000,3,beach|food|photography|relax|romantic,1,0.60426
31,145,0.53284,0,1,0,5440000,5,7.9,10,8000000,3,beach|food|photography|relax|romantic,1,0.54679
31,130,0.24686,0,1,0,6320000,4,8.0,10,8000000,3,beach|food|photography|relax|romantic,0,0.45568
31,77,0.31293,0,1,1,7160000,3,8.3,95,8000000,3,beach|food|photography|relax|romantic,0,0.51443
31,220,0.5696,0,1,0,4760000,4,8.4,99,8000000,3,beach|food|photography|relax|romantic,0,0.59523
31,63,0.51766,0,1,0,5390000,4,7.4,85,8000000,3,beach|food|photography|relax|romantic,1,0.56342
31,118,0.72525,0,1,0,7280000,5,8.4,70,8000000,3,beach|food|photography|relax|romantic,0,0.63261
31,172,0.46325,0,1,0,7580000,5,7.6,79,8000000,3,beach|food|photography|relax|romantic,0,0.51457
31,22,0.73209,0,0,1,8170000,3,8.5,27,8000000,3,beach|food|photography|relax|romantic,1,0.68908
31,44,0.36892,0,1,0,5620000,4,7.4,19,8000000,3,beach|food|photography|relax|romantic,1,0.50095
31,215,0.21474,1,1,0,3960000,4,7.5,73,8000000,3,beach|food|photography|relax|romantic,0,0.61719
31,113,0.42848,0,0,1,8040000,3,9.3,109,8000000,3,beach|food|photography|relax|romantic,0,0.57216
31,89,0.24144,0,1,0,4550000,4,8.5,70,8000000,3,beach|food|photography|relax|romantic,0,0.4584
31,26,0.77423,0,1,0,4310000,4,9.7,29,8000000,3,beach|food|photography|relax|romantic,1,0.69418
31,178,0.48789,0,1,1,4150000,3,9.3,40,8000000,3,beach|food|photography|relax|romantic,1,0.59791
31,221,0.73874,0,1,0,3220000,5,8.2,86,8000000,3,beach|food|photography|relax|romantic,0,0.63627
31,197,0.4601,0,1,1,6280000,3,9.2,55,8000000,3,beach|food|photography|relax|romantic,1,0.58524
31,159,0.38279,0,0,0,11760000,2,9.2,85,8000000,3,beach|food|photography|relax|romantic,0,0.44957
31,33,0.65731,0,1,1,6090000,3,8.9,45,8000000,3,beach|food|photography|relax|romantic,1,0.66507
31,81,0.24662,1,1,0,4940000,4,9.0,17,8000000,3,beach|food|photography|relax|romantic,0,0.64558
31,61,0.22599,0,1,0,3850000,2,7.4,61,8000000,3,beach|food|photography|relax|romantic,0,0.44092
31,143,0.65391,0,1,0,7280000,4,7.6,88,8000000,3,beach|food|photography|relax|romantic,1,0.62264
31,57,0.39382,1,1,1,5360000,3,8.5,66,8000000,3,beach|food|photography|relax|romantic,1,0.73041
31,30,0.25085,0,1,1,3620000,3,8.3,117,8000000,3,beach|food|photography|relax|romantic,0,0.48836
31,43,0.74077,0,0,1,8280000,3,8.4,120,8000000,3,beach|food|photography|relax|romantic,1,0.68952
31,52,0.60246,0,1,0,7200000,4,7.7,116,8000000,3,beach|food|photography|relax|romantic,1,0.60203
31,219,0.47645,0,0,1,8840000,3,9.2,91,8000000,3,beach|food|photography|relax|romantic,0,0.57531
31,100,0.26988,1,1,1,6530000,3,9.3,83,8000000,3,beach|food|photography|relax|romantic,1,0.68635
31,224,0.36611,0,0,0,9610000,5,8.2,93,8000000,3,beach|food|photography|relax|romantic,0,0.44756
31,235,0.72774,0,0,1,8550000,3,9.7,29,8000000,3,beach|food|photography|relax|romantic,1,0.69165
31,137,0.59982,0,1,0,6170000,4,8.6,51,8000000,3,beach|food|photography|relax|romantic,0,0.60992
31,62,0.58272,0,0,0,15980000,4,7.5,22,8000000,3,beach|food|photography|relax|romantic,0,0.43214
31,217,0.4359,0,1,0,6180000,5,8.0,78,8000000,3,beach|food|photography|relax|romantic,1,0.50708
31,155,0.45553,0,1,0,4600000,4,9.4,111,8000000,3,beach|food|photography|relax|romantic,0,0.55732
31,192,0.23213,0,1,0,4770000,2,9.4,30,8000000,3,beach|food|photography|relax|romantic,0,0.4635
31,74,0.3705,0,1,0,3870000,5,7.7,59,8000000,3,beach|food|photography|relax|romantic,0,0.47661
31,53,0.75216,0,1,0,6850000,4,8.6,65,8000000,3,beach|food|photography|relax|romantic,1,0.67391
31,193,0.527,0,0,1,9300000,3,8.2,66,8000000,3,beach|food|photography|relax|romantic,0,0.57734
31,169,0.50163,0,1,0,5620000,5,8.8,5,8000000,3,beach|food|photography|relax|romantic,0,0.54268
31,132,0.22984,0,1,1,7100000,3,9.1,74,8000000,3,beach|food|photography|relax|romantic,0,0.48753
31,204,0.53386,0,0,0,12320000,5,8.3,93,8000000,3,beach|food|photography|relax|romantic,1,0.46482
31,135,0.32163,0,0,0,8470000,5,8.5,106,8000000,3,beach|food|photography|relax|romantic,0,0.45468
31,68,0.46841,0,1,1,6910000,3,9.3,96,8000000,3,beach|food|photography|relax|romantic,1,0.58973
31,175,0.32155,0,1,0,5040000,4,8.4,87,8000000,3,beach|food|photography|relax|romantic,0,0.49105
31,71,0.18413,0,0,1,8030000,3,9.5,81,8000000,3,beach|food|photography|relax|romantic,0,0.47173
31,191,0.63071,0,1,0,6590000,4,7.5,40,8000000,3,beach|food|photography|relax|romantic,0,0.6119
31,199,0.67795,0,1,0,7500000,4,8.6,40,8000000,3,beach|food|photography|relax|romantic,0,0.64274
31,17,0.52873,0,0,0,11980000,4,8.3,109,8000000,3,beach|food|photography|relax|romantic,1,0.49747
31,5,0.50747,0,0,0,15690000,5,8.2,115,8000000,3,beach|food|photography|relax|romantic,0,0.38534
31,213,0.60848,0,1,0,5480000,4,9.1,25,8000000,3,beach|food|photography|relax|romantic,1,0.61856
31,101,0.52151,0,0,0,9040000,5,7.7,53,8000000,3,beach|food|photography|relax|romantic,0,0.51923
31,214,0.54128,0,1,0,4300000,4,7.8,103,8000000,3,beach|food|photography|relax|romantic,1,0.57734
31,23,0.31615,0,1,0,7230000,4,8.5,118,8000000,3,beach|food|photography|relax|romantic,1,0.48978
31,218,0.36165,0,0,0,11480000,4,8.8,31,8000000,3,beach|food|photography|relax|romantic,0,0.44229
31,157,0.38932,0,0,0,11560000,5,9.6,14,8000000,3,beach|food|photography|relax|romantic,0,0.43231
31,158,0.4762,0,0,1,13970000,3,8.9,45,8000000,3,beach|food|photography|relax|romantic,0,0.46961
31,164,0.18776,0,1,1,2350000,3,9.4,29,8000000,3,beach|food|photography|relax|romantic,0,0.47286
31,8,0.34777,0,0,1,8190000,3,9.6,107,8000000,3,beach|food|photography|relax|romantic,0,0.53826
31,165,0.44399,0,0,0,10700000,4,7.6,38,8000000,3,beach|food|photography|relax|romantic,0,0.48048
31,21,0.33517,0,1,0,7690000,5,7.8,21,8000000,3,beach|food|photography|relax|romantic,1,0.46277
31,29,0.5553,0,0,1,11690000,3,7.6,35,8000000,3,beach|food|photography|relax|romantic,0,0.53543
31,1,0.52588,0,0,0,14160000,4,9.0,35,8000000,3,beach|food|photography|relax|romantic,0,0.45967
32,128,0.66251,0,1,0,13980000,3,9.1,49,18000000,5,beach|cruise|luxury|relax|romantic,1,0.61326
32,120,0.17996,0,1,0,7330000,3,9.1,82,18000000,5,beach|cruise|luxury|relax|romantic,0,0.41058
32,51,0.51236,0,1,1,11500000,5,7.8,99,18000000,5,beach|cruise|luxury|relax|romantic,0,0.59319
32,172,0.64178,0,1,1,7580000,5,7.6,79,18000000,5,beach|cruise|luxury|relax|romantic,1,0.64555
32,137,0.23237,1,1,0,6170000,4,8.6,51,18000000,5,beach|cruise|luxury|relax|romantic,1,0.6356
32,155,0.32207,1,1,0,4600000,4,9.4,111,18000000,5,beach|cruise|luxury|relax|romantic,1,0.68127
32,117,0.18471,0,1,0,4370000,3,8.4,32,18000000,5,beach|cruise|luxury|relax|romantic,0,0.40558
32,109,0.53698,0,1,0,5450000,3,7.6,70,18000000,5,beach|cruise|luxury|relax|romantic,1,0.54553
32,104,0.15007,0,1,0,8930000,4,7.4,95,18000000,5,beach|cruise|luxury|relax|romantic,0,0.40903
32,5,0.64126,0,1,1,15690000,5,8.2,115,18000000,5,beach|cruise|luxury|relax|romantic,0,0.65133
32,203,0.10042,1,1,0,4750000,2,8.4,43,18000000,5,beach|cruise|luxury|relax|romantic,1,0.52217
32,139,0.36009,0,1,0,5100000,3,8.8,86,18000000,5,beach|cruise|luxury|relax|romantic,1,0.48324
32,207,0.17661,1,1,0,3610000,4,8.7,64,18000000,5,beach|cruise|luxury|relax|romantic,0,0.61318
32,221,0.40974,0,1,1,3220000,5,8.2,86,18000000,5,beach|cruise|luxury|relax|romantic,1,0.55409
32,82,0.26154,1,1,0,6740000,2,8.9,16,18000000,5,beach|cruise|luxury|relax|romantic,0,0.59485
32,229,0.49632,0,1,0,10990000,4,8.5,60,18000000,5,beach|cruise|luxury|relax|romantic,1,0.56546
32,135,0.22976,1,1,1,8470000,5,8.5,106,18000000,5,beach|cruise|luxury|relax|romantic,1,0.6615
32,182,0.08474,0,1,0,5640000,2,9.5,25,18000000,5,beach|cruise|luxury|relax|romantic,0,0.34659
32,133,0.11213,1,1,0,5680000,3,9.6,72,18000000,5,beach|cruise|luxury|relax|romantic,0,0.56709
32,201,0.6306,0,1,1,8110000,5,8.7,69,18000000,5,beach|cruise|luxury|relax|romantic,0,0.65185
32,18,0.06398,1,1,0,6100000,2,7.8,84,18000000,5,beach|cruise|luxury|relax|romantic,0,0.50087
32,58,0.03663,0,1,0,5490000,4,7.7,45,18000000,5,beach|cruise|luxury|relax|romantic,0,0.36438
32,136,0.28093,1,1,0,6220000,3,8.1,117,18000000,5,beach|cruise|luxury|relax|romantic,0,0.62299
32,90,0.2196,0,1,0,2330000,2,9.0,69,18000000,5,beach|cruise|luxury|relax|romantic,0,0.39823
32,76,0.4177,0,1,1,4280000,5,8.3,39,18000000,5,beach|cruise|luxury|relax|romantic,1,0.55843
32,215,0.15487,0,1,0,3960000,4,7.5,73,18000000,5,beach|cruise|luxury|relax|romantic,0,0.41205
32,39,0.46845,0,1,0,7320000,3,8.0,80,18000000,5,beach|cruise|luxury|relax|romantic,0,0.52075
32,66,0.20776,1,1,1,7950000,5,8.3,83,18000000,5,beach|cruise|luxury|relax|romantic,1,0.65026
32,105,0.75955,0,1,0,12640000,4,8.4,30,18000000,5,beach|cruise|luxury|relax|romantic,1,0.67501
32,71,0.0395,0,1,0,8030000,3,9.5,81,18000000,5,beach|cruise|luxury|relax|romantic,0,0.35559
32,197,0.20926,0,1,0,6280000,3,9.2,55,18000000,5,beach|cruise|luxury|relax|romantic,0,0.42389
32,9,0.5873,0,1,0,9390000,4,8.0,60,18000000,5,beach|cruise|luxury|relax|romantic,1,0.59867
32,237,0.17249,0,1,0,4570000,3,9.1,117,18000000,5,beach|cruise|luxury|relax|romantic,0,0.40745
32,213,0.36521,1,1,0,5480000,4,9.1,25,18000000,5,beach|cruise|luxury|relax|romantic,1,0.69639
32,132,0.13663,0,1,0,7100000,3,9.1,74,18000000,5,beach|cruise|luxury|relax|romantic,0,0.39238
32,134,0.43883,0,1,0,3330000,4,7.8,89,18000000,5,beach|cruise|luxury|relax|romantic,0,0.53431
32,27,0.13741,1,1,0,6140000,2,8.9,98,18000000,5,beach|cruise|luxury|relax|romantic,1,0.54271
32,65,0.16538,1,1,0,5980000,4,8.1,6,18000000,5,beach|cruise|luxury|relax|romantic,0,0.60246
32,72,0.46788,0,1,0,6980000,3,8.9,58,18000000,5,beach|cruise|luxury|relax|romantic,1,0.52951
32,80,0.10048,0,1,0,4630000,2,9.6,104,18000000,5,beach|cruise|luxury|relax|romantic,0,0.3542
32,84,0.03217,0,1,0,4910000,2,9.6,25,18000000,5,beach|cruise|luxury|relax|romantic,0,0.32551
32,125,0.20374,1,1,0,8660000,3,8.0,70,18000000,5,beach|cruise|luxury|relax|romantic,0,0.58957
32,55,0.15145,1,1,0,6780000,4,8.3,68,18000000,5,beach|cruise|luxury|relax|romantic,1,0.59861
32,100,0.1669,0,1,0,6530000,3,9.3,83,18000000,5,beach|cruise|luxury|relax|romantic,0,0.4071
32,161,0.37374,0,1,0,6500000,4,7.5,57,18000000,5,beach|cruise|luxury|relax|romantic,1,0.50397
32,20,0.32617,1,1,0,6490000,2,8.3,67,18000000,5,beach|cruise|luxury|relax|romantic,1,0.61599
32,179,0.68331,0,1,0,5280000,3,9.5,68,18000000,5,beach|cruise|luxury|relax|romantic,0,0.62599
32,78,0.17224,0,1,0,6430000,4,9.1,48,18000000,5,beach|cruise|luxury|relax|romantic,0,0.43534
32,1,0.66156,0,1,0,14160000,4,9.0,35,18000000,5,beach|cruise|luxury|relax|romantic,1,0.63986
32,56,0.51461,0,1,0,12680000,3,9.5,77,18000000,5,beach|cruise|luxury|relax|romantic,0,0.55514
32,107,0.696,0,1,0,6120000,3,9.4,13,18000000,5,beach|cruise|luxury|relax|romantic,0,0.63032
32,24,0.20866,0,1,1,5890000,5,8.1,9,18000000,5,beach|cruise|luxury|relax|romantic,0,0.46864
32,143,0.42141,1,1,0,7280000,4,7.6,88,18000000,5,beach|cruise|luxury|relax|romantic,1,0.70499
32,147,0.27526,0,1,0,8820000,3,8.4,18,18000000,5,beach|cruise|luxury|relax|romantic,0,0.44361
32,180,0.43377,0,1,0,5160000,4,9.3,30,18000000,5,beach|cruise|luxury|relax|romantic,1,0.54719
32,53,0.36413,1,1,0,6850000,4,8.6,65,18000000,5,beach|cruise|luxury|relax|romantic,1,0.69093
32,150,0.5442,0,1,0,9710000,2,8.3,87,18000000,5,beach|cruise|luxury|relax|romantic,1,0.52756
32,86,0.61307,0,1,0,10640000,3,9.1,83,18000000,5,beach|cruise|luxury|relax|romantic,1,0.59249
32,48,0.26957,1,1,0,4820000,4,9.2,103,18000000,5,beach|cruise|luxury|relax|romantic,1,0.65722
32,11,0.13598,1,1,0,8160000,4,8.8,13,18000000,5,beach|cruise|luxury|relax|romantic,1,0.59711
32,15,0.07507,1,1,0,7150000,3,8.9,23,18000000,5,beach|cruise|luxury|relax|romantic,1,0.54453
32,209,0.47686,0,1,0,8360000,4,9.1,41,18000000,5,beach|cruise|luxury|relax|romantic,0,0.56328
32,62,0.74001,0,1,0,15980000,4,7.5,22,18000000,5,beach|cruise|luxury|relax|romantic,1,0.65781
32,217,0.24914,1,1,1,6180000,5,8.0,78,18000000,5,beach|cruise|luxury|relax|romantic,1,0.66464
32,227,0.47721,0,1,0,8860000,2,9.0,39,18000000,5,beach|cruise|luxury|relax|romantic,0,0.50643
32,208,0.02932,0,1,0,3970000,3,8.8,28,18000000,5,beach|cruise|luxury|relax|romantic,0,0.34431
32,123,0.18806,1,1,0,7390000,4,8.7,91,18000000,5,beach|cruise|luxury|relax|romantic,1,0.61799
32,176,0.62597,0,1,1,7390000,5,9.1,92,18000000,5,beach|cruise|luxury|relax|romantic,1,0.65391
32,186,0.06985,1,1,0,6850000,3,9.0,61,18000000,5,beach|cruise|luxury|relax|romantic,0,0.54334
32,190,0.18691,1,1,0,9710000,4,9.4,24,18000000,5,beach|cruise|luxury|relax|romantic,0,0.6245
33,208,0.0,0,1,0,3970000,3,8.8,28,10000000,2,beach|cruise|luxury|relax|romantic,0,0.36
33,206,0.27103,1,1,0,4060000,3,9.0,5,10000000,2,beach|cruise|luxury|relax|romantic,0,0.65583
33,143,0.38051,1,1,0,7280000,4,7.6,88,10000000,2,beach|cruise|luxury|relax|romantic,1,0.65981
33,100,0.07388,0,1,0,6530000,3,9.3,83,10000000,2,beach|cruise|luxury|relax|romantic,0,0.39603
33,165,0.37967,0,0,0,10700000,4,7.6,38,10000000,2,beach|cruise|luxury|relax|romantic,1,0.46826
33,75,0.77907,0,0,0,14320000,3,8.5,11,10000000,2,beach|cruise|luxury|relax|romantic,1,0.61509
33,223,0.2443,1,1,0,6120000,4,7.6,85,10000000,2,beach|cruise|luxury|relax|romantic,0,0.6026
33,210,0.04753,0,1,0,7500000,3,7.5,13,10000000,2,beach|cruise|luxury|relax|romantic,0,0.36696
33,86,0.57798,0,0,0,10640000,3,9.1,83,10000000,2,beach|cruise|luxury|relax|romantic,0,0.59551
33,4,0.66854,0,1,0,6540000,5,8.5,51,10000000,2,beach|cruise|luxury|relax|romantic,0,0.58178
33,120,0.16228,0,1,0,7330000,3,9.1,82,10000000,2,beach|cruise|luxury|relax|romantic,0,0.43116
33,167,0.56636,0,1,0,9750000,3,8.5,4,10000000,2,beach|cruise|luxury|relax|romantic,0,0.59487
33,132,0.10381,0,1,0,7100000,3,9.1,74,10000000,2,beach|cruise|luxury|relax|romantic,0,0.4066
33,152,0.40639,0,0,0,10060000,3,8.7,54,10000000,2,beach|cruise|luxury|relax|romantic,1,0.52872
33,138,0.32245,0,0,0,11540000,3,8.0,95,10000000,2,beach|cruise|luxury|relax|romantic,0,0.46279
33,63,0.68003,0,1,0,5390000,4,7.4,85,10000000,2,beach|cruise|luxury|relax|romantic,0,0.60361
33,65,0.0,0,1,0,5980000,4,8.1,6,10000000,2,beach|cruise|luxury|relax|romantic,0,0.325
33,125,0.18998,1,1,0,8660000,3,8.0,70,10000000,2,beach|cruise|luxury|relax|romantic,1,0.61179
33,40,0.52443,0,1,0,5340000,3,7.5,108,10000000,2,beach|cruise|luxury|relax|romantic,0,0.56726
33,176,0.66232,0,1,0,7390000,5,9.1,92,10000000,2,beach|cruise|luxury|relax|romantic,0,0.58517
33,37,0.0,0,1,0,7470000,4,9.4,37,10000000,2,beach|cruise|luxury|relax|romantic,0,0.338
33,102,0.1416,0,1,0,7740000,4,9.2,79,10000000,2,beach|cruise|luxury|relax|romantic,0,0.39547
33,153,0.23171,0,1,0,8920000,5,9.0,5,10000000,2,beach|cruise|luxury|relax|romantic,0,0.40332
33,121,0.20797,1,1,0,5510000,3,7.8,82,10000000,2,beach|cruise|luxury|relax|romantic,1,0.61735
33,183,0.33203,0,1,0,6720000,5,8.9,109,10000000,2,beach|cruise|luxury|relax|romantic,0,0.44445
33,139,0.33611,0,1,0,5100000,3,8.8,86,10000000,2,beach|cruise|luxury|relax|romantic,0,0.50117
33,196,0.75268,0,0,0,14200000,4,8.3,67,10000000,2,beach|cruise|luxury|relax|romantic,0,0.57592
33,238,0.71163,0,1,0,6620000,5,8.4,111,10000000,2,beach|cruise|luxury|relax|romantic,1,0.59888
33,135,0.14575,1,1,0,8470000,5,8.5,106,10000000,2,beach|cruise|luxury|relax|romantic,1,0.54221
33,67,0.0,0,1,0,3730000,3,9.5,8,10000000,2,beach|cruise|luxury|relax|romantic,0,0.367
33,162,0.22003,0,1,0,8680000,5,8.6,43,10000000,2,beach|cruise|luxury|relax|romantic,0,0.39441
33,169,0.73125,0,1,0,5620000,5,8.8,5,10000000,2,beach|cruise|luxury|relax|romantic,0,0.61113
33,46,0.22024,1,1,0,8140000,3,9.5,53,10000000,2,beach|cruise|luxury|relax|romantic,0,0.6395
33,23,0.02166,0,1,0,7230000,4,8.5,118,10000000,2,beach|cruise|luxury|relax|romantic,0,0.3381
33,109,0.47547,0,1,0,5450000,3,7.6,70,10000000,2,beach|cruise|luxury|relax|romantic,0,0.5477
33,96,0.43792,0,1,0,4840000,3,7.8,118,10000000,2,beach|cruise|luxury|relax|romantic,1,0.53393
33,45,0.0377,0,1,0,8730000,3,8.1,21,10000000,2,beach|cruise|luxury|relax|romantic,0,0.36883
33,47,0.40861,0,1,0,6300000,3,8.3,85,10000000,2,beach|cruise|luxury|relax|romantic,0,0.52662
33,66,0.20113,1,1,0,7950000,5,8.3,83,10000000,2,beach|cruise|luxury|relax|romantic,0,0.56347
33,168,0.75465,0,1,0,6140000,3,8.9,101,10000000,2,beach|cruise|luxury|relax|romantic,1,0.67795
33,91,0.72552,0,1,0,5890000,5,9.6,48,10000000,2,beach|cruise|luxury|relax|romantic,1,0.61672
33,137,0.20718,1,1,0,6170000,4,8.6,51,10000000,2,beach|cruise|luxury|relax|romantic,0,0.59701
33,119,0.05811,0,1,0,6250000,4,7.4,42,10000000,2,beach|cruise|luxury|relax|romantic,0,0.34241
33,173,0.14563,0,1,0,7150000,3,9.4,6,10000000,2,beach|cruise|luxury|relax|romantic,0,0.42717
33,159,0.45591,0,0,1,11760000,2,9.2,85,10000000,2,beach|cruise|luxury|relax|romantic,1,0.55532
33,124,0.0,0,1,0,7340000,5,8.1,59,10000000,2,beach|cruise|luxury|relax|romantic,0,0.297
33,53,0.3442,1,1,0,6850000,4,8.6,65,10000000,2,beach|cruise|luxury|relax|romantic,0,0.65457
33,127,0.0,0,1,0,5620000,4,7.9,52,10000000,2,beach|cruise|luxury|relax|romantic,0,0.323
33,19,0.13942,0,1,0,5280000,3,9.2,81,10000000,2,beach|cruise|luxury|relax|romantic,1,0.42256
33,114,0.39949,0,0,0,10820000,3,9.0,71,10000000,2,beach|cruise|luxury|relax|romantic,1,0.51667
33,74,0.14969,1,1,0,3870000,5,7.7,59,10000000,2,beach|cruise|luxury|relax|romantic,1,0.53587
33,163,0.42995,0,1,0,6910000,3,7.6,92,10000000,2,beach|cruise|luxury|relax|romantic,0,0.52858
33,129,0.0805,0,1,0,4650000,5,9.7,7,10000000,2,beach|cruise|luxury|relax|romantic,0,0.34681
33,122,0.20851,1,1,0,5960000,3,9.4,46,10000000,2,beach|cruise|luxury|relax|romantic,1,0.63357
33,233,0.21042,1,1,0,6800000,3,8.3,19,10000000,2,beach|cruise|luxury|relax|romantic,0,0.62338
33,87,0.1589,0,1,0,6390000,4,8.7,39,10000000,2,beach|cruise|luxury|relax|romantic,0,0.39774
33,88,0.0,0,1,0,6870000,4,9.3,31,10000000,2,beach|cruise|luxury|relax|romantic,0,0.337
33,83,0.78225,0,0,0,13980000,3,9.5,52,10000000,2,beach|cruise|luxury|relax|romantic,1,0.63187
33,78,0.06441,0,1,0,6430000,4,9.1,48,10000000,2,beach|cruise|luxury|relax|romantic,0,0.36205
33,64,0.5698,0,1,0,3540000,3,9.1,12,10000000,2,beach|cruise|luxury|relax|romantic,1,0.60232
33,141,0.0,0,1,1,4800000,2,8.6,28,10000000,2,beach|cruise|luxury|relax|romantic,0,0.386
33,29,0.75446,0,0,0,11690000,3,7.6,35,10000000,2,beach|cruise|luxury|relax|romantic,0,0.63783
33,217,0.22425,1,1,0,6180000,5,8.0,78,10000000,2,beach|cruise|luxury|relax|romantic,1,0.57019
33,105,0.77423,0,0,0,12640000,4,8.4,30,10000000,2,beach|cruise|luxury|relax|romantic,1,0.61094
33,131,0.0,0,1,1,3020000,2,8.6,118,10000000,2,beach|cruise|luxury|relax|romantic,0,0.386
33,15,0.0,0,1,0,7150000,3,8.9,23,10000000,2,beach|cruise|luxury|relax|romantic,0,0.361
33,99,0.14178,1,1,0,7510000,5,8.5,34,10000000,2,beach|cruise|luxury|relax|romantic,0,0.54055
33,230,0.42602,0,1,0,6950000,5,7.5,10,10000000,2,beach|cruise|luxury|relax|romantic,0,0.46993
33,211,0.43864,0,1,0,4990000,4,9.4,22,10000000,2,beach|cruise|luxury|relax|romantic,1,0.52223
33,79,0.32029,0,1,0,5640000,3,9.6,35,10000000,2,beach|cruise|luxury|relax|romantic,1,0.50252
34,116,0.55787,1,1,0,3980000,4,7.9,72,4000000,2,beach|food|photography|relax|romantic,1,0.73731
34,50,0.31977,0,0,1,5180000,2,9.5,104,4000000,2,beach|food|photography|relax|romantic,1,0.4821
34,151,0.6633,0,0,0,7800000,3,7.8,89,4000000,2,beach|food|photography|relax|romantic,0,0.47659
34,123,0.44435,0,0,0,7390000,4,8.7,91,4000000,2,beach|food|photography|relax|romantic,0,0.38203
34,67,0.22784,0,1,0,3730000,3,9.5,8,4000000,2,beach|food|photography|relax|romantic,0,0.46269
34,102,0.31661,0,0,0,7740000,4,9.2,79,4000000,2,beach|food|photography|relax|romantic,0,0.31938
34,7,0.4223,0,0,0,7910000,5,9.3,13,4000000,2,beach|food|photography|relax|romantic,0,0.32997
34,142,0.27872,0,0,0,6670000,4,9.5,72,4000000,2,beach|food|photography|relax|romantic,0,0.34926
34,159,0.44429,0,0,1,11760000,2,9.2,85,4000000,2,beach|food|photography|relax|romantic,0,0.4186
34,202,0.22245,0,1,1,3200000,2,9.2,60,4000000,2,beach|food|photography|relax|romantic,0,0.48543
34,146,0.29627,1,0,0,9730000,3,9.7,47,4000000,2,beach|food|photography|relax|romantic,0,0.51343
34,149,0.43935,0,0,0,6170000,5,7.9,53,4000000,2,beach|food|photography|relax|romantic,0,0.39273
34,13,0.42888,0,0,0,10390000,3,8.6,44,4000000,2,beach|food|photography|relax|romantic,0,0.37813
34,234,0.76364,0,1,0,3470000,4,7.4,6,4000000,2,beach|food|photography|relax|romantic,1,0.63873
34,204,0.51975,0,0,0,12320000,5,8.3,93,4000000,2,beach|food|photography|relax|romantic,0,0.35729
34,186,0.23071,0,0,0,6850000,3,9.0,61,4000000,2,beach|food|photography|relax|romantic,0,0.3449
34,148,0.46429,0,0,0,11060000,4,9.6,44,4000000,2,beach|food|photography|relax|romantic,0,0.375
34,41,0.60783,0,0,0,6960000,4,9.1,101,4000000,2,beach|food|photography|relax|romantic,0,0.47189
34,201,0.49998,0,0,0,8110000,5,8.7,69,4000000,2,beach|food|photography|relax|romantic,0,0.35299
34,221,0.67858,0,1,0,3220000,5,8.2,86,4000000,2,beach|food|photography|relax|romantic,0,0.583
34,92,0.22463,1,0,0,5150000,3,8.1,31,4000000,2,beach|food|photography|relax|romantic,1,0.58135
34,77,0.33374,0,0,0,7160000,3,8.3,95,4000000,2,beach|food|photography|relax|romantic,0,0.36877
34,26,0.73784,0,0,0,4310000,4,9.7,29,4000000,2,beach|food|photography|relax|romantic,0,0.63849
34,36,0.71707,0,0,0,4630000,4,9.0,57,4000000,2,beach|food|photography|relax|romantic,1,0.60997
34,42,0.24041,0,0,1,5460000,2,8.4,104,4000000,2,beach|food|photography|relax|romantic,0,0.42657
34,111,0.29027,0,1,1,3320000,2,7.8,110,4000000,2,beach|food|photography|relax|romantic,0,0.49992
34,43,0.71701,1,0,0,8280000,3,8.4,120,4000000,2,beach|food|photography|relax|romantic,1,0.67714
34,180,0.65868,0,0,0,5160000,4,9.3,30,4000000,2,beach|food|photography|relax|romantic,1,0.56725
34,211,0.42336,0,0,0,4990000,4,9.4,22,4000000,2,beach|food|photography|relax|romantic,1,0.47621
34,18,0.20402,0,0,1,6100000,2,7.8,84,4000000,2,beach|food|photography|relax|romantic,0,0.37969
34,167,0.46635,0,0,0,9750000,3,8.5,4,4000000,2,beach|food|photography|relax|romantic,0,0.39287
34,9,0.67257,0,0,0,9390000,4,8.0,60,4000000,2,beach|food|photography|relax|romantic,1,0.44648
34,30,0.25852,0,1,0,3620000,3,8.3,117,4000000,2,beach|food|photography|relax|romantic,0,0.46358
34,225,0.69517,0,0,0,5050000,5,8.1,21,4000000,2,beach|food|photography|relax|romantic,1,0.54697
34,72,0.65554,0,0,0,6980000,3,8.9,58,4000000,2,beach|food|photography|relax|romantic,1,0.51712
34,133,0.32763,0,0,0,5680000,3,9.6,72,4000000,2,beach|food|photography|relax|romantic,0,0.43841
34,14,0.53535,0,0,0,4940000,5,8.9,82,4000000,2,beach|food|photography|relax|romantic,1,0.49225
34,200,0.55556,0,0,0,7780000,4,8.8,20,4000000,2,beach|food|photography|relax|romantic,0,0.41413
34,183,0.41103,0,0,0,6720000,5,8.9,109,4000000,2,beach|food|photography|relax|romantic,0,0.36883
34,95,0.58013,0,0,0,12960000,4,7.5,31,4000000,2,beach|food|photography|relax|romantic,0,0.40265
34,71,0.22104,1,0,0,8030000,3,9.5,81,4000000,2,beach|food|photography|relax|romantic,0,0.47984
34,129,0.21868,1,0,0,4650000,5,9.7,7,4000000,2,beach|food|photography|relax|romantic,0,0.55885
34,1,0.51266,0,0,0,14160000,4,9.0,35,4000000,2,beach|food|photography|relax|romantic,0,0.38932
34,40,0.66631,0,0,0,5340000,3,7.5,108,4000000,2,beach|food|photography|relax|romantic,1,0.57325
34,172,0.47174,0,0,0,7580000,5,7.6,79,4000000,2,beach|food|photography|relax|romantic,0,0.34693
34,207,0.43779,0,1,0,3610000,4,8.7,64,4000000,2,beach|food|photography|relax|romantic,0,0.51487
34,96,0.65581,0,0,0,4840000,3,7.8,118,4000000,2,beach|food|photography|relax|romantic,0,0.59184
34,46,0.58604,1,0,0,8140000,3,9.5,53,4000000,2,beach|food|photography|relax|romantic,0,0.63314
34,47,0.44212,0,0,0,6300000,3,8.3,85,4000000,2,beach|food|photography|relax|romantic,0,0.44869
34,168,0.50626,0,0,0,6140000,3,8.9,101,4000000,2,beach|food|photography|relax|romantic,0,0.48803
34,73,0.6525,0,0,0,7600000,3,8.4,56,4000000,2,beach|food|photography|relax|romantic,1,0.48605
34,229,0.39997,0,0,0,10990000,4,8.5,60,4000000,2,beach|food|photography|relax|romantic,0,0.33699
34,181,0.64766,0,0,0,5530000,5,8.0,103,4000000,2,beach|food|photography|relax|romantic,0,0.50682
34,220,0.5226,1,0,0,4760000,4,8.4,99,4000000,2,beach|food|photography|relax|romantic,1,0.69709
34,235,0.71413,1,0,0,8550000,3,9.7,29,4000000,2,beach|food|photography|relax|romantic,1,0.68893
34,152,0.51602,0,0,0,10060000,3,8.7,54,4000000,2,beach|food|photography|relax|romantic,0,0.41573
34,27,0.26591,0,0,1,6140000,2,8.9,98,4000000,2,beach|food|photography|relax|romantic,0,0.41508
34,137,0.57828,1,0,0,6170000,4,8.6,51,4000000,2,beach|food|photography|relax|romantic,0,0.66608
34,140,0.62275,0,1,0,3330000,5,9.2,94,4000000,2,beach|food|photography|relax|romantic,1,0.56956
34,163,0.45859,0,0,0,6910000,3,7.6,92,4000000,2,beach|food|photography|relax|romantic,0,0.42421
34,199,0.62524,1,0,0,7500000,4,8.6,40,4000000,2,beach|food|photography|relax|romantic,0,0.6326
34,218,0.41438,0,0,0,11480000,4,8.8,31,4000000,2,beach|food|photography|relax|romantic,0,0.34604
34,193,0.53355,0,0,0,9300000,3,8.2,66,4000000,2,beach|food|photography|relax|romantic,0,0.41809
34,179,0.56912,0,0,0,5280000,3,9.5,68,4000000,2,beach|food|photography|relax|romantic,0,0.55483
34,39,0.50426,0,0,0,7320000,3,8.0,80,4000000,2,beach|food|photography|relax|romantic,0,0.43099
34,34,0.33066,1,0,0,4830000,5,7.8,107,4000000,2,beach|food|photography|relax|romantic,0,0.57968
34,143,0.68458,1,0,0,7280000,4,7.6,88,4000000,2,beach|food|photography|relax|romantic,1,0.65632
34,208,0.35479,1,1,0,3970000,3,8.8,28,4000000,2,beach|food|photography|relax|romantic,1,0.68901
34,182,0.25633,1,0,1,5640000,2,9.5,25,4000000,2,beach|food|photography|relax|romantic,1,0.61706
34,176,0.52497,0,0,0,7390000,5,9.1,92,4000000,2,beach|food|photography|relax|romantic,0,0.39189
35,197,0.58607,1,0,0,6280000,3,9.2,55,4000000,4,city|food|nightlife|photography|shopping,1,0.69895
35,74,0.35122,0,1,0,3870000,5,7.7,59,4000000,4,city|food|nightlife|photography|shopping,1,0.49651
35,181,0.57776,1,0,0,5530000,5,8.0,103,4000000,4,city|food|nightlife|photography|shopping,1,0.71346
35,83,0.13477,1,0,0,13980000,3,9.5,52,4000000,4,city|food|nightlife|photography|shopping,0,0.4436
35,145,0.06559,1,0,0,5440000,5,7.9,10,4000000,4,city|food|nightlife|photography|shopping,0,0.50095
35,82,0.43167,0,0,0,6740000,2,8.9,16,4000000,4,city|food|nightlife|photography|shopping,0,0.4047
35,37,0.28401,0,0,1,7470000,4,9.4,37,4000000,4,city|food|nightlife|photography|shopping,0,0.37448
35,148,0.0,1,0,1,11060000,4,9.6,44,4000000,4,city|food|nightlife|photography|shopping,0,0.416
35,153,0.49586,1,0,0,8920000,5,9.0,5,4000000,4,city|food|nightlife|photography|shopping,0,0.59026
35,51,0.0,1,0,0,11500000,5,7.8,99,4000000,4,city|food|nightlife|photography|shopping,0,0.37
35,131,0.63633,1,1,0,3020000,2,8.6,118,4000000,4,city|food|nightlife|photography|shopping,1,0.77726
35,112,0.23221,0,0,0,5970000,3,8.8,119,4000000,4,city|food|nightlife|photography|shopping,0,0.37873
35,107,0.0,1,0,0,6120000,3,9.4,13,4000000,4,city|food|nightlife|photography|shopping,0,0.4612
35,81,0.49257,1,0,1,4940000,4,9.0,17,4000000,4,city|food|nightlife|photography|shopping,1,0.73928
35,56,0.0518,1,0,0,12680000,3,9.5,77,4000000,4,city|food|nightlife|photography|shopping,0,0.40875
35,50,0.26422,0,0,0,5180000,2,9.5,104,4000000,4,city|food|nightlife|photography|shopping,0,0.40277
35,156,0.26393,0,0,0,7480000,2,9.0,38,4000000,4,city|food|nightlife|photography|shopping,0,0.30565
35,196,0.0,1,0,1,14200000,4,8.3,67,4000000,4,city|food|nightlife|photography|shopping,0,0.403
35,20,0.51602,0,0,0,6490000,2,8.3,67,4000000,4,city|food|nightlife|photography|shopping,0,0.44413
35,180,0.34811,0,0,1,5160000,4,9.3,30,4000000,4,city|food|nightlife|photography|shopping,0,0.49281
35,99,0.34093,0,0,0,7510000,5,8.5,34,4000000,4,city|food|nightlife|photography|shopping,0,0.35979
35,192,0.72662,0,0,0,4770000,2,9.4,30,4000000,4,city|food|nightlife|photography|shopping,1,0.61238
35,43,0.51094,0,0,0,8280000,3,8.4,120,4000000,4,city|food|nightlife|photography|shopping,1,0.41059
35,182,0.75028,0,0,0,5640000,2,9.5,25,4000000,4,city|food|nightlife|photography|shopping,1,0.58852
35,54,0.55749,1,0,0,8910000,5,7.6,95,4000000,4,city|food|nightlife|photography|shopping,1,0.60215
35,193,0.0493,1,0,0,9300000,3,8.2,66,4000000,4,city|food|nightlife|photography|shopping,0,0.3947
35,213,0.43777,0,0,1,5480000,4,9.1,25,4000000,4,city|food|nightlife|photography|shopping,1,0.51566
35,17,0.06065,1,0,1,11980000,4,8.3,109,4000000,4,city|food|nightlife|photography|shopping,0,0.42847
35,22,0.39095,0,0,0,8170000,3,8.5,27,4000000,4,city|food|nightlife|photography|shopping,0,0.3612
35,163,0.105,1,0,0,6910000,3,7.6,92,4000000,4,city|food|nightlife|photography|shopping,0,0.4557
35,231,0.24982,0,1,1,3590000,4,9.4,36,4000000,4,city|food|nightlife|photography|shopping,0,0.49893
35,130,0.31387,0,0,1,6320000,4,8.0,10,4000000,4,city|food|nightlife|photography|shopping,0,0.41903
35,169,0.00968,1,0,0,5620000,5,8.8,5,4000000,4,city|food|nightlife|photography|shopping,0,0.47927
35,9,0.4291,0,0,1,9390000,4,8.0,60,4000000,4,city|food|nightlife|photography|shopping,0,0.40022
35,187,0.40434,0,0,1,4850000,4,9.4,44,4000000,4,city|food|nightlife|photography|shopping,0,0.52982
35,47,0.16156,1,0,0,6300000,3,8.3,85,4000000,4,city|food|nightlife|photography|shopping,0,0.51085
35,223,0.5624,0,0,1,6120000,4,7.6,85,4000000,4,city|food|nightlife|photography|shopping,1,0.52741
35,89,0.30214,0,0,1,4550000,4,8.5,70,4000000,4,city|food|nightlife|photography|shopping,0,0.4899
35,140,0.33895,0,1,0,3330000,5,9.2,94,4000000,4,city|food|nightlife|photography|shopping,0,0.50636
35,174,0.49515,1,0,0,5910000,5,9.4,38,4000000,4,city|food|nightlife|photography|shopping,1,0.67756
35,240,0.35735,0,0,1,9370000,4,7.7,33,4000000,4,city|food|nightlife|photography|shopping,0,0.36708
35,142,0.5317,1,0,1,6670000,4,9.5,72,4000000,4,city|food|nightlife|photography|shopping,0,0.69152
35,207,0.37337,0,1,1,3610000,4,8.7,64,4000000,4,city|food|nightlife|photography|shopping,0,0.54381
35,72,0.33508,0,0,0,6980000,3,8.9,58,4000000,4,city|food|nightlife|photography|shopping,0,0.38253
35,118,0.37033,0,0,0,7280000,5,8.4,70,4000000,4,city|food|nightlife|photography|shopping,0,0.38034
35,92,0.74702,0,0,0,5150000,3,8.1,31,4000000,4,city|food|nightlife|photography|shopping,1,0.62075
35,30,0.26093,0,1,0,3620000,3,8.3,117,4000000,4,city|food|nightlife|photography|shopping,0,0.46459
35,65,0.23442,0,0,1,5980000,4,8.1,6,4000000,4,city|food|nightlife|photography|shopping,0,0.40026
35,88,0.25705,0,0,1,6870000,4,9.3,31,4000000,4,city|food|nightlife|photography|shopping,0,0.38616
35,75,0.0738,1,0,0,14320000,3,8.5,11,4000000,4,city|food|nightlife|photography|shopping,1,0.408
35,176,0.11099,1,0,0,7390000,5,9.1,92,4000000,4,city|food|nightlife|photography|shopping,1,0.45401
35,105,0.0,1,0,1,12640000,4,8.4,30,4000000,4,city|food|nightlife|photography|shopping,0,0.404
35,200,0.525,1,0,1,7780000,4,8.8,20,4000000,4,city|food|nightlife|photography|shopping,1,0.6373
35,62,0.0,1,0,1,15980000,4,7.5,22,4000000,4,city|food|nightlife|photography|shopping,0,0.395
35,94,0.60196,1,0,0,5190000,2,8.3,80,4000000,4,city|food|nightlife|photography|shopping,1,0.71222
35,38,0.60576,1,1,0,3520000,3,8.5,21,4000000,4,city|food|nightlife|photography|shopping,1,0.79142
35,96,0.41187,0,0,0,4840000,3,7.8,118,4000000,4,city|food|nightlife|photography|shopping,0,0.48939
35,194,0.0481,1,0,0,8690000,3,9.4,66,4000000,4,city|food|nightlife|photography|shopping,0,0.4062
35,135,0.34018,0,0,0,8470000,5,8.5,106,4000000,4,city|food|nightlife|photography|shopping,0,0.33987
35,34,0.30623,0,0,0,4830000,5,7.8,107,4000000,4,city|food|nightlife|photography|shopping,0,0.44542
35,239,0.44662,0,0,0,5380000,3,7.5,103,4000000,4,city|food|nightlife|photography|shopping,0,0.47938
35,109,0.32704,0,0,0,5450000,3,7.6,70,4000000,4,city|food|nightlife|photography|shopping,0,0.42736
35,170,0.11575,1,0,0,14230000,3,8.1,81,4000000,4,city|food|nightlife|photography|shopping,0,0.42162
35,121,0.44094,0,0,0,5510000,3,7.8,82,4000000,4,city|food|nightlife|photography|shopping,0,0.4748
35,113,0.3688,0,0,0,8040000,3,9.3,109,4000000,4,city|food|nightlife|photography|shopping,0,0.35989
35,79,0.0,1,0,0,5640000,3,9.6,35,4000000,4,city|food|nightlife|photography|shopping,0,0.4824
35,201,0.1073,1,0,0,8110000,5,8.7,69,4000000,4,city|food|nightlife|photography|shopping,0,0.42407
35,25,0.34642,0,0,1,5890000,4,9.1,67,4000000,4,city|food|nightlife|photography|shopping,0,0.4609
35,219,0.20308,0,0,0,8840000,3,9.2,91,4000000,4,city|food|nightlife|photography|shopping,0,0.28929
35,172,0.10238,1,0,0,7580000,5,7.6,79,4000000,4,city|food|nightlife|photography|shopping,0,0.4278
36,84,0.60739,0,1,0,4910000,2,9.6,25,10000000,3,city|culture|food|history|spiritual,1,0.6231
36,111,0.22995,0,1,0,3320000,2,7.8,110,10000000,3,city|culture|food|history|spiritual,1,0.44658
36,132,0.53229,0,1,1,7100000,3,9.1,74,10000000,3,city|culture|food|history|spiritual,0,0.61456
36,199,0.6406,0,1,0,7500000,4,8.6,40,10000000,3,city|culture|food|history|spiritual,1,0.62705
36,104,0.20964,1,1,0,8930000,4,7.4,95,10000000,3,city|culture|food|history|spiritual,1,0.61405
36,213,0.5271,0,1,0,5480000,4,9.1,25,10000000,3,city|culture|food|history|spiritual,1,0.58438
36,233,0.32326,0,1,1,6800000,3,8.3,19,10000000,3,city|culture|food|history|spiritual,1,0.51877
36,51,0.45709,0,0,0,11500000,5,7.8,99,10000000,3,city|culture|food|history|spiritual,1,0.48998
36,41,0.47189,0,1,0,6960000,4,9.1,101,10000000,3,city|culture|food|history|spiritual,1,0.56119
36,200,0.40262,0,1,0,7780000,4,8.8,20,10000000,3,city|culture|food|history|spiritual,0,0.5291
36,220,0.67311,0,1,0,4760000,4,8.4,99,10000000,3,city|culture|food|history|spiritual,1,0.63871
36,22,0.3276,0,1,1,8170000,3,8.5,27,10000000,3,city|culture|food|history|spiritual,0,0.52259
36,56,0.49158,0,0,1,12680000,3,9.5,77,10000000,3,city|culture|food|history|spiritual,1,0.55859
36,125,0.31929,0,1,1,8660000,3,8.0,70,10000000,3,city|culture|food|history|spiritual,0,0.5141
36,11,0.3945,0,1,0,8160000,4,8.8,13,10000000,3,city|culture|food|history|spiritual,1,0.52569
36,119,0.89468,0,1,0,6250000,4,7.4,42,10000000,3,city|culture|food|history|spiritual,1,0.72177
36,218,0.18146,0,0,0,11480000,4,8.8,31,10000000,3,city|culture|food|history|spiritual,0,0.41253
36,42,0.84457,0,1,0,5460000,2,8.4,104,10000000,3,city|culture|food|history|spiritual,1,0.71072
36,240,0.24394,1,1,0,9370000,4,7.7,33,10000000,3,city|culture|food|history|spiritual,1,0.63145
36,34,0.2432,1,1,0,4830000,5,7.8,107,10000000,3,city|culture|food|history|spiritual,1,0.60415
36,74,0.35571,0,1,0,3870000,5,7.7,59,10000000,3,city|culture|food|history|spiritual,1,0.4704
36,131,0.73192,0,1,0,3020000,2,8.6,118,10000000,3,city|culture|food|history|spiritual,1,0.66541
36,68,0.43109,0,1,1,6910000,3,9.3,96,10000000,3,city|culture|food|history|spiritual,1,0.57406
36,101,0.4416,0,1,0,9040000,5,7.7,53,10000000,3,city|culture|food|history|spiritual,1,0.50647
36,126,0.48212,0,1,1,9260000,3,8.4,85,10000000,3,city|culture|food|history|spiritual,0,0.58649
36,158,0.21148,1,0,1,13970000,3,8.9,45,10000000,3,city|culture|food|history|spiritual,0,0.5943
36,80,0.82814,0,1,0,4630000,2,9.6,104,10000000,3,city|culture|food|history|spiritual,1,0.71582
36,37,0.89215,0,1,0,7470000,4,9.4,37,10000000,3,city|culture|food|history|spiritual,1,0.7407
36,159,0.17353,0,0,0,11760000,2,9.2,85,10000000,3,city|culture|food|history|spiritual,0,0.40872
36,160,0.21113,0,1,0,3970000,4,9.2,69,10000000,3,city|culture|food|history|spiritual,0,0.45267
36,18,0.88433,0,1,0,6100000,2,7.8,84,10000000,3,city|culture|food|history|spiritual,1,0.72142
36,19,0.43489,0,1,1,5280000,3,9.2,81,10000000,3,city|culture|food|history|spiritual,1,0.57465
36,6,0.2393,0,1,0,4460000,5,8.8,16,10000000,3,city|culture|food|history|spiritual,0,0.43251
36,102,0.2391,0,1,0,7740000,4,9.2,79,10000000,3,city|culture|food|history|spiritual,0,0.46442
36,214,0.51329,0,1,0,4300000,4,7.8,103,10000000,3,city|culture|food|history|spiritual,0,0.56558
36,86,0.26668,0,0,1,10640000,3,9.1,83,10000000,3,city|culture|food|history|spiritual,0,0.49277
36,124,0.19166,1,1,0,7340000,5,8.1,59,10000000,3,city|culture|food|history|spiritual,0,0.5855
36,1,0.26302,1,0,0,14160000,4,9.0,35,10000000,3,city|culture|food|history|spiritual,1,0.58591
36,142,0.65835,0,1,0,6670000,4,9.5,72,10000000,3,city|culture|food|history|spiritual,1,0.64351
36,3,0.14714,0,1,0,8200000,4,7.5,120,10000000,3,city|culture|food|history|spiritual,0,0.4088
36,53,0.56605,0,1,0,6850000,4,8.6,65,10000000,3,city|culture|food|history|spiritual,0,0.59574
36,171,0.3953,0,1,0,5570000,5,9.6,87,10000000,3,city|culture|food|history|spiritual,0,0.50603
36,133,0.90327,0,1,1,5680000,3,9.6,72,10000000,3,city|culture|food|history|spiritual,1,0.77538
36,198,0.23983,0,1,1,5820000,3,8.6,8,10000000,3,city|culture|food|history|spiritual,1,0.48673
36,30,0.27375,0,1,1,3620000,3,8.3,117,10000000,3,city|culture|food|history|spiritual,1,0.49798
36,69,0.62552,0,1,0,5280000,2,8.1,71,10000000,3,city|culture|food|history|spiritual,1,0.61572
36,182,0.46699,0,1,0,5640000,2,9.5,25,10000000,3,city|culture|food|history|spiritual,0,0.56314
36,83,0.2831,1,0,1,13980000,3,9.5,52,10000000,3,city|culture|food|history|spiritual,1,0.63022
36,175,0.39924,0,1,0,5040000,4,8.4,87,10000000,3,city|culture|food|history|spiritual,1,0.52368
36,193,0.24931,1,1,1,9300000,3,8.2,66,10000000,3,city|culture|food|history|spiritual,1,0.66671
36,110,0.67643,0,1,0,7520000,4,9.4,73,10000000,3,city|culture|food|history|spiritual,1,0.6501
36,219,0.23326,0,1,1,8840000,3,9.2,91,10000000,3,city|culture|food|history|spiritual,0,0.48997
36,21,0.37987,0,1,0,7690000,5,7.8,21,10000000,3,city|culture|food|history|spiritual,0,0.48155
36,190,0.36111,0,1,0,9710000,4,9.4,24,10000000,3,city|culture|food|history|spiritual,0,0.51767
36,237,0.72807,0,1,1,4570000,3,9.1,117,10000000,3,city|culture|food|history|spiritual,0,0.69679
36,67,0.88524,0,1,1,3730000,3,9.5,8,10000000,3,city|culture|food|history|spiritual,1,0.7668
36,229,0.15556,0,0,0,10990000,4,8.5,60,10000000,3,city|culture|food|history|spiritual,0,0.40649
36,238,0.25588,1,1,0,6620000,5,8.4,111,10000000,3,city|culture|food|history|spiritual,1,0.61547
36,149,0.26037,0,1,0,6170000,5,7.9,53,10000000,3,city|culture|food|history|spiritual,1,0.43236
36,78,0.75605,0,1,0,6430000,4,9.1,48,10000000,3,city|culture|food|history|spiritual,1,0.68054
36,145,0.28748,1,1,0,5440000,5,7.9,10,10000000,3,city|culture|food|history|spiritual,0,0.62374
36,183,0.43885,0,1,0,6720000,5,8.9,109,10000000,3,city|culture|food|history|spiritual,0,0.51732
36,139,0.29478,0,1,1,5100000,3,8.8,86,10000000,3,city|culture|food|history|spiritual,1,0.51181
36,211,0.13539,0,1,0,4990000,4,9.4,22,10000000,3,city|culture|food|history|spiritual,0,0.42287
36,164,0.53736,0,1,1,2350000,3,9.4,29,10000000,3,city|culture|food|history|spiritual,1,0.61969
36,203,0.89011,0,1,0,4750000,2,8.4,43,10000000,3,city|culture|food|history|spiritual,1,0.72985
36,71,0.50283,0,1,1,8030000,3,9.5,81,10000000,3,city|culture|food|history|spiritual,1,0.60619
36,76,0.38889,0,1,0,4280000,5,8.3,39,10000000,3,city|culture|food|history|spiritual,0,0.49034
36,176,0.21415,1,1,0,7390000,5,9.1,92,10000000,3,city|culture|food|history|spiritual,0,0.60494
36,187,0.89078,0,1,0,4850000,4,9.4,44,10000000,3,city|culture|food|history|spiritual,1,0.74013
37,77,0.06014,0,0,0,7160000,3,8.3,95,6000000,5,beach|budget|city|family|food,0,0.32132
37,34,0.075,0,1,1,4830000,5,7.8,107,6000000,5,beach|budget|city|family|food,0,0.4095
37,100,0.41651,0,0,0,6530000,3,9.3,83,6000000,5,beach|budget|city|family|food,0,0.4978
37,51,0.29521,0,0,1,11500000,5,7.8,99,6000000,5,beach|budget|city|family|food,0,0.35532
37,220,0.22145,0,1,0,4760000,4,8.4,99,6000000,5,beach|budget|city|family|food,0,0.44901
37,180,0.25987,0,1,0,5160000,4,9.3,30,6000000,5,beach|budget|city|family|food,1,0.47415
37,139,0.2982,0,1,0,5100000,3,8.8,86,6000000,5,beach|budget|city|family|food,0,0.45724
37,134,0.24742,0,1,0,3330000,4,7.8,89,6000000,5,beach|budget|city|family|food,0,0.45392
37,162,0.63308,0,0,1,8680000,5,8.6,43,6000000,5,beach|budget|city|family|food,1,0.58043
37,205,0.4832,0,1,0,5780000,2,7.9,69,6000000,5,beach|budget|city|family|food,0,0.49794
37,17,0.44532,0,0,0,11980000,4,8.3,109,6000000,5,beach|budget|city|family|food,0,0.38257
37,165,0.30962,0,0,0,10700000,4,7.6,38,6000000,5,beach|budget|city|family|food,0,0.35271
37,158,0.44772,0,0,0,13970000,3,8.9,45,6000000,5,beach|budget|city|family|food,0,0.36104
37,66,0.69129,1,0,1,7950000,5,8.3,83,6000000,5,beach|budget|city|family|food,1,0.80134
37,22,0.26063,0,0,0,8170000,3,8.5,27,6000000,5,beach|budget|city|family|food,0,0.3806
37,194,0.42949,0,0,0,8690000,3,9.4,66,6000000,5,beach|budget|city|family|food,0,0.44665
37,178,0.61993,1,1,0,4150000,3,9.3,40,6000000,5,beach|budget|city|family|food,1,0.77737
37,48,0.34999,0,1,0,4820000,4,9.2,103,6000000,5,beach|budget|city|family|food,1,0.511
37,55,0.04168,0,0,0,6780000,4,8.3,68,6000000,5,beach|budget|city|family|food,0,0.3517
37,76,0.30734,0,1,1,4280000,5,8.3,39,6000000,5,beach|budget|city|family|food,0,0.51208
37,223,0.4345,0,0,0,6120000,4,7.6,85,6000000,5,beach|budget|city|family|food,0,0.52729
37,155,0.60876,1,1,0,4600000,4,9.4,111,6000000,5,beach|budget|city|family|food,1,0.80168
37,79,0.16158,0,1,0,5640000,3,9.6,35,6000000,5,beach|budget|city|family|food,0,0.40786
37,126,0.64998,0,0,0,9260000,3,8.4,85,6000000,5,beach|budget|city|family|food,1,0.51406
37,185,0.26579,0,1,0,4000000,4,8.9,82,6000000,5,beach|budget|city|family|food,0,0.47263
37,130,0.07494,0,0,0,6320000,4,8.0,10,6000000,5,beach|budget|city|family|food,0,0.37494
37,143,0.31069,0,0,0,7280000,4,7.6,88,6000000,5,beach|budget|city|family|food,0,0.44436
37,80,0.45172,0,1,0,4630000,2,9.6,104,6000000,5,beach|budget|city|family|food,1,0.50172
37,154,0.60815,1,1,1,5130000,5,7.8,26,6000000,5,beach|budget|city|family|food,1,0.81342
37,29,0.36225,0,0,0,11690000,3,7.6,35,6000000,5,beach|budget|city|family|food,0,0.32041
37,11,0.62087,1,0,0,8160000,4,8.8,13,6000000,5,beach|budget|city|family|food,1,0.74317
37,240,0.06216,0,0,0,9370000,4,7.7,33,6000000,5,beach|budget|city|family|food,0,0.28524
37,132,0.53091,1,0,0,7100000,3,9.1,74,6000000,5,beach|budget|city|family|food,1,0.70865
37,141,0.47384,0,1,0,4800000,2,8.6,28,6000000,5,beach|budget|city|family|food,0,0.50101
37,117,0.63487,0,1,0,4370000,3,8.4,32,6000000,5,beach|budget|city|family|food,0,0.59465
37,221,0.24716,0,1,1,3220000,5,8.2,86,6000000,5,beach|budget|city|family|food,0,0.48581
37,175,0.53102,1,1,0,5040000,4,8.4,87,6000000,5,beach|budget|city|family|food,1,0.75903
37,71,0.44864,1,0,0,8030000,3,9.5,81,6000000,5,beach|budget|city|family|food,1,0.6533
37,104,0.1791,0,0,0,8930000,4,7.4,95,6000000,5,beach|budget|city|family|food,0,0.34309
37,136,0.23799,0,0,0,6220000,3,8.1,117,6000000,5,beach|budget|city|family|food,0,0.41909
37,148,0.23826,0,0,0,11060000,4,9.6,44,6000000,5,beach|budget|city|family|food,0,0.33314
37,68,0.55734,1,0,0,6910000,3,9.3,96,6000000,5,beach|budget|city|family|food,1,0.72682
37,225,0.23799,0,1,1,5050000,5,8.1,21,6000000,5,beach|budget|city|family|food,1,0.48096
37,181,0.71335,0,1,1,5530000,5,8.0,103,6000000,5,beach|budget|city|family|food,1,0.67961
37,113,0.51226,1,0,0,8040000,3,9.3,109,6000000,5,beach|budget|city|family|food,1,0.67775
37,215,0.46643,0,1,0,3960000,4,7.5,73,6000000,5,beach|budget|city|family|food,0,0.5429
37,70,0.46925,1,0,0,7280000,4,8.7,47,6000000,5,beach|budget|city|family|food,0,0.70195
37,208,0.45929,1,1,0,3970000,3,8.8,28,6000000,5,beach|budget|city|family|food,1,0.7049
37,99,0.54662,1,0,1,7510000,5,8.5,34,6000000,5,beach|budget|city|family|food,1,0.75431
37,163,0.27887,0,0,0,6910000,3,7.6,92,6000000,5,beach|budget|city|family|food,0,0.41286
37,94,0.43579,0,1,0,5190000,2,8.3,80,6000000,5,beach|budget|city|family|food,0,0.48203
37,32,0.33886,0,0,0,6600000,3,7.6,4,6000000,5,beach|budget|city|family|food,0,0.44632
37,96,0.25001,0,1,0,4840000,3,7.8,118,6000000,5,beach|budget|city|family|food,0,0.427
37,122,0.35065,0,1,0,5960000,3,9.4,46,6000000,5,beach|budget|city|family|food,0,0.48527
37,87,0.71184,0,0,0,6390000,4,8.7,39,6000000,5,beach|budget|city|family|food,0,0.64757
37,74,0.5974,1,1,1,3870000,5,7.7,59,6000000,5,beach|budget|city|family|food,1,0.80791
37,75,0.46229,0,0,0,14320000,3,8.5,11,6000000,5,beach|budget|city|family|food,0,0.36316
37,35,0.2861,0,1,0,4230000,3,7.8,93,6000000,5,beach|budget|city|family|food,1,0.44216
37,4,0.37825,0,0,1,6540000,5,8.5,51,6000000,5,beach|budget|city|family|food,1,0.52947
37,190,0.55144,1,0,0,9710000,4,9.4,24,6000000,5,beach|budget|city|family|food,1,0.67867
37,118,0.23039,0,0,1,7280000,5,8.4,70,6000000,5,beach|budget|city|family|food,0,0.44663
37,187,0.44805,0,1,0,4850000,4,9.4,44,6000000,5,beach|budget|city|family|food,1,0.55418
37,47,0.31743,0,0,0,6300000,3,8.3,85,6000000,5,beach|budget|city|family|food,0,0.45232
37,85,0.31728,0,0,0,11800000,3,9.0,111,6000000,5,beach|budget|city|family|food,0,0.31259
37,27,0.09074,0,0,0,6140000,2,8.9,98,6000000,5,beach|budget|city|family|food,0,0.33938
37,53,0.3969,0,0,0,6850000,4,8.6,65,6000000,5,beach|budget|city|family|food,1,0.50203
37,10,0.20941,0,1,0,3750000,4,9.7,57,6000000,5,beach|budget|city|family|food,0,0.45695
37,182,0.4799,1,1,0,5640000,2,9.5,25,6000000,5,beach|budget|city|family|food,1,0.69256
37,16,0.44854,1,0,0,6240000,3,9.3,113,6000000,5,beach|budget|city|family|food,1,0.69899
37,204,0.41762,0,0,1,12320000,5,8.3,93,6000000,5,beach|budget|city|family|food,0,0.3984
38,146,0.32365,0,1,0,9730000,3,9.7,47,14000000,5,city|food|nightlife|photography|shopping,0,0.47693
38,204,0.15237,0,1,1,12320000,5,8.3,93,14000000,5,city|food|nightlife|photography|shopping,0,0.447
38,2,0.01635,0,1,1,5410000,5,9.1,111,14000000,5,city|food|nightlife|photography|shopping,0,0.39787
38,220,0.2946,1,1,0,4760000,4,8.4,99,14000000,5,city|food|nightlife|photography|shopping,1,0.65973
38,81,0.54652,1,1,0,4940000,4,9.0,17,14000000,5,city|food|nightlife|photography|shopping,1,0.77154
38,186,0.37659,0,1,0,6850000,3,9.0,61,14000000,5,city|food|nightlife|photography|shopping,1,0.49217
38,78,0.6127,1,1,0,6430000,4,9.1,48,14000000,5,city|food|nightlife|photography|shopping,1,0.80033
38,99,0.3633,0,1,1,7510000,5,8.5,34,14000000,5,city|food|nightlife|photography|shopping,0,0.53759
38,35,0.37089,1,1,0,4230000,3,7.8,93,14000000,5,city|food|nightlife|photography|shopping,1,0.65777
38,60,0.55068,1,1,0,2850000,4,8.8,84,14000000,5,city|food|nightlife|photography|shopping,1,0.77129
38,89,0.31332,0,1,0,4550000,4,8.5,70,14000000,5,city|food|nightlife|photography|shopping,0,0.4886
38,75,0.09279,0,0,0,14320000,3,8.5,11,14000000,5,city|food|nightlife|photography|shopping,0,0.36431
38,9,0.35906,0,1,0,9390000,4,8.0,60,14000000,5,city|food|nightlife|photography|shopping,1,0.50281
38,115,0.1465,0,1,0,6680000,4,8.7,31,14000000,5,city|food|nightlife|photography|shopping,0,0.42053
38,10,0.34894,0,1,0,3750000,4,9.7,57,14000000,5,city|food|nightlife|photography|shopping,0,0.51556
38,147,0.44998,0,1,0,8820000,3,8.4,18,14000000,5,city|food|nightlife|photography|shopping,1,0.51699
38,52,0.29919,1,1,0,7200000,4,7.7,116,14000000,5,city|food|nightlife|photography|shopping,1,0.65466
38,169,0.01571,0,1,1,5620000,5,8.8,5,14000000,5,city|food|nightlife|photography|shopping,0,0.3946
38,23,0.3687,0,1,0,7230000,4,8.5,118,14000000,5,city|food|nightlife|photography|shopping,1,0.51185
38,112,0.15009,0,1,0,5970000,3,8.8,119,14000000,5,city|food|nightlife|photography|shopping,0,0.39504
38,171,0.44786,0,1,1,5570000,5,9.6,87,14000000,5,city|food|nightlife|photography|shopping,1,0.5841
38,90,0.74053,0,1,0,2330000,2,9.0,69,14000000,5,city|food|nightlife|photography|shopping,0,0.61702
38,65,0.22796,0,1,0,5980000,4,8.1,6,14000000,5,city|food|nightlife|photography|shopping,0,0.44874
38,166,0.25016,0,1,0,6610000,4,7.9,101,14000000,5,city|food|nightlife|photography|shopping,0,0.45607
38,39,0.16703,0,1,0,7320000,3,8.0,80,14000000,5,city|food|nightlife|photography|shopping,0,0.39415
38,68,0.47206,0,1,0,6910000,3,9.3,96,14000000,5,city|food|nightlife|photography|shopping,0,0.53527
38,6,0.40425,0,1,1,4460000,5,8.8,16,14000000,5,city|food|nightlife|photography|shopping,0,0.55778
38,152,0.10253,0,1,0,10060000,3,8.7,54,14000000,5,city|food|nightlife|photography|shopping,0,0.37406
38,159,0.17292,0,1,0,11760000,2,9.2,85,14000000,5,city|food|nightlife|photography|shopping,0,0.38063
38,153,0.4782,0,1,1,8920000,5,9.0,5,14000000,5,city|food|nightlife|photography|shopping,1,0.59084
38,108,0.07907,0,1,1,5210000,5,7.8,114,14000000,5,city|food|nightlife|photography|shopping,0,0.41121
38,25,0.37407,0,1,0,5890000,4,9.1,67,14000000,5,city|food|nightlife|photography|shopping,1,0.52011
38,109,0.24367,0,1,0,5450000,3,7.6,70,14000000,5,city|food|nightlife|photography|shopping,0,0.42234
38,199,0.31347,1,1,0,7500000,4,8.6,40,14000000,5,city|food|nightlife|photography|shopping,0,0.66966
38,126,0.47572,0,1,0,9260000,3,8.4,85,14000000,5,city|food|nightlife|photography|shopping,1,0.5278
38,157,0.12313,0,1,1,11560000,5,9.6,14,14000000,5,city|food|nightlife|photography|shopping,0,0.44771
38,21,0.38055,0,1,1,7690000,5,7.8,21,14000000,5,city|food|nightlife|photography|shopping,0,0.53783
38,194,0.04646,0,1,0,8690000,3,9.4,66,14000000,5,city|food|nightlife|photography|shopping,0,0.35751
38,149,0.37845,0,1,1,6170000,5,7.9,53,14000000,5,city|food|nightlife|photography|shopping,0,0.53795
38,119,0.5362,0,1,0,6250000,4,7.4,42,14000000,5,city|food|nightlife|photography|shopping,0,0.5712
38,196,0.0,0,0,0,14200000,4,8.3,67,14000000,5,city|food|nightlife|photography|shopping,0,0.35271
38,84,0.79255,0,1,0,4910000,2,9.6,25,14000000,5,city|food|nightlife|photography|shopping,1,0.64487
38,218,0.17559,0,1,0,11480000,4,8.8,31,14000000,5,city|food|nightlife|photography|shopping,0,0.43375
38,11,0.44482,0,1,0,8160000,4,8.8,13,14000000,5,city|food|nightlife|photography|shopping,1,0.54682
38,94,0.65365,1,1,0,5190000,2,8.3,80,14000000,5,city|food|nightlife|photography|shopping,1,0.75353
38,41,0.43682,0,1,0,6960000,4,9.1,101,14000000,5,city|food|nightlife|photography|shopping,1,0.54646
38,155,0.38461,0,1,0,4600000,4,9.4,111,14000000,5,city|food|nightlife|photography|shopping,0,0.52754
38,138,0.0531,0,1,0,11540000,3,8.0,95,14000000,5,city|food|nightlife|photography|shopping,0,0.3463
38,19,0.47063,0,1,0,5280000,3,9.2,81,14000000,5,city|food|nightlife|photography|shopping,0,0.53367
38,29,0.04523,0,1,0,11690000,3,7.6,35,14000000,5,city|food|nightlife|photography|shopping,0,0.339
38,16,0.69704,0,1,0,6240000,3,9.3,113,14000000,5,city|food|nightlife|photography|shopping,0,0.62976
38,13,0.16475,0,1,0,10390000,3,8.6,44,14000000,5,city|food|nightlife|photography|shopping,0,0.39919
38,223,0.48171,1,1,0,6120000,4,7.6,85,14000000,5,city|food|nightlife|photography|shopping,1,0.73032
38,113,0.29168,0,1,0,8040000,3,9.3,109,14000000,5,city|food|nightlife|photography|shopping,0,0.4595
38,173,0.24389,0,1,0,7150000,3,9.4,6,14000000,5,city|food|nightlife|photography|shopping,0,0.44043
38,150,0.11945,0,1,0,9710000,2,8.3,87,14000000,5,city|food|nightlife|photography|shopping,0,0.34917
38,185,0.42874,0,1,0,4000000,4,8.9,82,14000000,5,city|food|nightlife|photography|shopping,0,0.54107
38,210,0.28826,0,1,0,7500000,3,7.5,13,14000000,5,city|food|nightlife|photography|shopping,0,0.44007
38,209,0.09201,0,1,0,8360000,4,9.1,41,14000000,5,city|food|nightlife|photography|shopping,0,0.40165
38,232,0.35965,0,1,0,10030000,3,8.8,50,14000000,5,city|food|nightlife|photography|shopping,0,0.48305
38,201,0.08773,0,1,1,8110000,5,8.7,69,14000000,5,city|food|nightlife|photography|shopping,0,0.42385
38,71,0.81237,0,1,0,8030000,3,9.5,81,14000000,5,city|food|nightlife|photography|shopping,1,0.6802
38,123,0.46469,0,1,0,7390000,4,8.7,91,14000000,5,city|food|nightlife|photography|shopping,1,0.55417
38,33,0.33026,1,1,0,6090000,3,8.9,45,14000000,5,city|food|nightlife|photography|shopping,1,0.65171
38,36,0.38794,0,1,0,4630000,4,9.0,57,14000000,5,city|food|nightlife|photography|shopping,1,0.52493
38,118,0.40758,0,1,1,7280000,5,8.4,70,14000000,5,city|food|nightlife|photography|shopping,0,0.55518
38,58,0.80697,0,1,0,5490000,4,7.7,45,14000000,5,city|food|nightlife|photography|shopping,1,0.68793
38,31,0.1867,0,1,0,9440000,2,9.1,25,14000000,5,city|food|nightlife|photography|shopping,0,0.38541
38,77,0.33582,0,1,0,7160000,3,8.3,95,14000000,5,city|food|nightlife|photography|shopping,0,0.46805
38,64,0.35738,0,1,0,3540000,3,9.1,12,14000000,5,city|food|nightlife|photography|shopping,0,0.4851
39,129,0.1722,0,0,0,4650000,5,9.7,7,4000000,4,beach|food|photography|relax|romantic,0,0.41532
39,133,0.24933,0,0,0,5680000,3,9.6,72,4000000,4,beach|food|photography|relax|romantic,0,0.40552
39,70,0.1812,0,0,1,7280000,4,8.7,47,4000000,4,beach|food|photography|relax|romantic,0,0.3319
39,167,0.45331,0,0,0,9750000,3,8.5,4,4000000,4,beach|food|photography|relax|romantic,0,0.38739
39,5,0.60064,0,0,0,15690000,5,8.2,115,4000000,4,beach|food|photography|relax|romantic,0,0.44627
39,118,0.69206,1,0,0,7280000,5,8.4,70,4000000,4,beach|food|photography|relax|romantic,1,0.69547
39,189,0.23912,0,1,1,2850000,4,7.7,89,4000000,4,beach|food|photography|relax|romantic,0,0.47743
39,14,0.45638,0,0,0,4940000,5,8.9,82,4000000,4,beach|food|photography|relax|romantic,1,0.51508
39,20,0.62959,0,0,0,6490000,2,8.3,67,4000000,4,beach|food|photography|relax|romantic,0,0.49183
39,234,0.82425,1,1,1,3470000,4,7.4,6,4000000,4,beach|food|photography|relax|romantic,1,0.90018
39,96,0.69457,1,0,0,4840000,3,7.8,118,4000000,4,beach|food|photography|relax|romantic,1,0.78812
39,30,0.2369,0,1,0,3620000,3,8.3,117,4000000,4,beach|food|photography|relax|romantic,0,0.4545
39,84,0.14955,0,0,0,4910000,2,9.6,25,4000000,4,beach|food|photography|relax|romantic,0,0.36641
39,33,0.59271,0,0,0,6090000,3,8.9,45,4000000,4,beach|food|photography|relax|romantic,0,0.52634
39,240,0.21405,0,0,1,9370000,4,7.7,33,4000000,4,beach|food|photography|relax|romantic,0,0.3069
39,115,0.34941,0,0,1,6680000,4,8.7,31,4000000,4,beach|food|photography|relax|romantic,0,0.42655
39,135,0.33922,0,0,0,8470000,5,8.5,106,4000000,4,beach|food|photography|relax|romantic,0,0.33947
39,211,0.39464,0,0,1,4990000,4,9.4,22,4000000,4,beach|food|photography|relax|romantic,1,0.52015
39,36,0.76803,1,0,1,4630000,4,9.0,57,4000000,4,beach|food|photography|relax|romantic,1,0.86737
39,49,0.56716,0,0,0,5810000,3,8.0,112,4000000,4,beach|food|photography|relax|romantic,0,0.51781
39,206,0.55384,0,0,0,4060000,3,9.0,5,4000000,4,beach|food|photography|relax|romantic,0,0.59221
39,216,0.35436,0,0,1,5630000,4,9.4,104,4000000,4,beach|food|photography|relax|romantic,0,0.47763
39,4,0.59122,0,0,0,6540000,5,8.5,51,4000000,4,beach|food|photography|relax|romantic,1,0.50371
39,200,0.46254,0,0,1,7780000,4,8.8,20,4000000,4,beach|food|photography|relax|romantic,0,0.43107
39,140,0.67729,1,1,0,3330000,5,9.2,94,4000000,4,beach|food|photography|relax|romantic,1,0.82846
39,235,0.65057,0,0,0,8550000,3,9.7,29,4000000,4,beach|food|photography|relax|romantic,0,0.48224
39,236,0.6365,0,0,1,14120000,4,8.3,70,4000000,4,beach|food|photography|relax|romantic,0,0.49033
39,165,0.54241,0,0,1,10700000,4,7.6,38,4000000,4,beach|food|photography|relax|romantic,0,0.44381
39,178,0.48989,0,0,0,4150000,3,9.3,40,4000000,4,beach|food|photography|relax|romantic,1,0.56475
39,93,0.28289,0,0,0,7290000,2,9.4,63,4000000,4,beach|food|photography|relax|romantic,0,0.32521
39,191,0.53916,0,0,1,6590000,4,7.5,40,4000000,4,beach|food|photography|relax|romantic,1,0.49785
39,166,0.27593,0,0,1,6610000,4,7.9,101,4000000,4,beach|food|photography|relax|romantic,0,0.39049
39,80,0.17507,1,0,0,4630000,2,9.6,104,4000000,4,beach|food|photography|relax|romantic,0,0.56833
39,203,0.17681,0,0,0,4750000,2,8.4,43,4000000,4,beach|food|photography|relax|romantic,0,0.37226
39,158,0.53113,0,0,0,13970000,3,8.9,45,4000000,4,beach|food|photography|relax|romantic,0,0.42407
39,103,0.69589,1,0,0,5020000,3,9.3,30,4000000,4,beach|food|photography|relax|romantic,1,0.79647
39,198,0.66376,1,0,0,5820000,3,8.6,8,4000000,4,beach|food|photography|relax|romantic,1,0.74398
39,109,0.34932,0,0,0,5450000,3,7.6,70,4000000,4,beach|food|photography|relax|romantic,0,0.43671
39,217,0.4379,0,0,0,6180000,5,8.0,78,4000000,4,beach|food|photography|relax|romantic,0,0.44872
39,220,0.48781,0,0,1,4760000,4,8.4,99,4000000,4,beach|food|photography|relax|romantic,0,0.55848
39,35,0.53005,0,0,0,4230000,3,7.8,93,4000000,4,beach|food|photography|relax|romantic,1,0.56342
39,45,0.26682,0,0,0,8730000,3,8.1,21,4000000,4,beach|food|photography|relax|romantic,0,0.30506
39,153,0.59856,0,0,0,8920000,5,9.0,5,4000000,4,beach|food|photography|relax|romantic,1,0.45339
39,207,0.32731,0,1,1,3610000,4,8.7,64,4000000,4,beach|food|photography|relax|romantic,0,0.52447
39,48,0.56955,0,0,1,4820000,4,9.2,103,4000000,4,beach|food|photography|relax|romantic,1,0.59841
39,40,0.70468,1,0,0,5340000,3,7.5,108,4000000,4,beach|food|photography|relax|romantic,1,0.76937
39,228,0.25394,0,0,0,7690000,3,7.6,7,4000000,4,beach|food|photography|relax|romantic,0,0.30706
39,3,0.43597,0,0,1,8200000,4,7.5,120,4000000,4,beach|food|photography|relax|romantic,0,0.39811
39,188,0.2382,1,1,0,2280000,2,7.5,73,4000000,4,beach|food|photography|relax|romantic,0,0.59905
39,219,0.51125,0,0,0,8840000,3,9.2,91,4000000,4,beach|food|photography|relax|romantic,1,0.41872
39,26,0.81419,1,0,1,4310000,4,9.7,29,4000000,4,beach|food|photography|relax|romantic,1,0.90656
39,155,0.4702,0,0,1,4600000,4,9.4,111,4000000,4,beach|food|photography|relax|romantic,0,0.56749
39,239,0.1933,0,0,0,5380000,3,7.5,103,4000000,4,beach|food|photography|relax|romantic,0,0.37299
39,179,0.63752,0,0,0,5280000,3,9.5,68,4000000,4,beach|food|photography|relax|romantic,0,0.58356
39,215,0.16204,1,1,1,3960000,4,7.5,73,4000000,4,beach|food|photography|relax|romantic,1,0.62306
39,125,0.41778,0,0,0,8660000,3,8.0,70,4000000,4,beach|food|photography|relax|romantic,0,0.36747
39,75,0.65366,0,0,0,14320000,3,8.5,11,4000000,4,beach|food|photography|relax|romantic,0,0.47154
39,28,0.45308,0,0,1,12790000,4,8.6,66,4000000,4,beach|food|photography|relax|romantic,0,0.41629
39,31,0.36917,0,0,0,9440000,2,9.1,25,4000000,4,beach|food|photography|relax|romantic,0,0.33005
39,110,0.54668,0,0,1,7520000,4,9.4,73,4000000,4,beach|food|photography|relax|romantic,0,0.4828
39,169,0.56226,0,0,0,5620000,5,8.8,5,4000000,4,beach|food|photography|relax|romantic,0,0.53135
39,67,0.17008,0,1,0,3730000,3,9.5,8,4000000,4,beach|food|photography|relax|romantic,0,0.43843
39,130,0.22806,0,0,1,6320000,4,8.0,10,4000000,4,beach|food|photography|relax|romantic,0,0.38299
39,160,0.81197,1,1,1,3970000,4,9.2,69,4000000,4,beach|food|photography|relax|romantic,1,0.91303
39,194,0.56455,0,0,0,8690000,3,9.4,66,4000000,4,beach|food|photography|relax|romantic,0,0.44311
39,64,0.76264,1,1,0,3540000,3,9.1,12,4000000,4,beach|food|photography|relax|romantic,1,0.86331
39,128,0.58328,0,0,0,13980000,3,9.1,49,4000000,4,beach|food|photography|relax|romantic,0,0.44798
39,88,0.23134,0,0,1,6870000,4,9.3,31,4000000,4,beach|food|photography|relax|romantic,0,0.37536
39,172,0.5196,0,0,0,7580000,5,7.6,79,4000000,4,beach|food|photography|relax|romantic,0,0.42303
39,51,0.57649,0,0,0,11500000,5,7.8,99,4000000,4,beach|food|photography|relax|romantic,0,0.43213
40,205,0.15442,0,0,1,5780000,2,7.9,69,4000000,2,beach|cruise|luxury|relax|romantic,0,0.37265
40,39,0.48485,0,0,0,7320000,3,8.0,80,4000000,2,beach|cruise|luxury|relax|romantic,0,0.42284
40,211,0.52511,1,0,0,4990000,4,9.4,22,4000000,2,beach|cruise|luxury|relax|romantic,1,0.69895
40,110,0.1997,1,0,0,7520000,4,9.4,73,4000000,2,beach|cruise|luxury|relax|romantic,0,0.46107
40,191,0.20569,1,0,0,6590000,4,7.5,40,4000000,2,beach|cruise|luxury|relax|romantic,0,0.48179
40,111,0.09579,0,1,1,3320000,2,7.8,110,4000000,2,beach|cruise|luxury|relax|romantic,0,0.41823
40,125,0.26706,0,0,0,8660000,3,8.0,70,4000000,2,beach|cruise|luxury|relax|romantic,0,0.30416
40,25,0.35792,0,0,0,5890000,4,9.1,67,4000000,2,beach|cruise|luxury|relax|romantic,0,0.40973
40,63,0.69155,0,0,0,5390000,4,7.4,85,4000000,2,beach|cruise|luxury|relax|romantic,0,0.55285
40,128,0.69624,0,0,0,13980000,3,9.1,49,4000000,2,beach|cruise|luxury|relax|romantic,0,0.49542
40,168,0.73367,0,0,0,6140000,3,8.9,101,4000000,2,beach|cruise|luxury|relax|romantic,0,0.58354
40,186,0.07097,0,0,0,6850000,3,9.0,61,4000000,2,beach|cruise|luxury|relax|romantic,0,0.27781
40,62,0.76745,0,0,0,15980000,4,7.5,22,4000000,2,beach|cruise|luxury|relax|romantic,1,0.48133
40,41,0.36335,0,0,0,6960000,4,9.1,101,4000000,2,beach|cruise|luxury|relax|romantic,0,0.36921
40,226,0.59089,1,0,0,7020000,3,9.0,111,4000000,2,beach|cruise|luxury|relax|romantic,0,0.66937
40,59,0.07475,0,0,0,6780000,4,8.2,72,4000000,2,beach|cruise|luxury|relax|romantic,0,0.2462
40,223,0.24903,1,0,0,6120000,4,7.6,85,4000000,2,beach|cruise|luxury|relax|romantic,0,0.51979
40,103,0.37672,0,0,0,5020000,3,9.3,30,4000000,2,beach|cruise|luxury|relax|romantic,1,0.48242
40,48,0.21349,1,0,0,4820000,4,9.2,103,4000000,2,beach|cruise|luxury|relax|romantic,1,0.57287
40,11,0.18818,0,0,0,8160000,4,8.8,13,4000000,2,beach|cruise|luxury|relax|romantic,0,0.25104
40,2,0.74283,0,0,0,5410000,5,9.1,111,4000000,2,beach|cruise|luxury|relax|romantic,1,0.56259
40,61,0.16385,0,1,1,3850000,2,7.4,61,4000000,2,beach|cruise|luxury|relax|romantic,0,0.44282
40,7,0.61142,0,0,0,7910000,5,9.3,13,4000000,2,beach|cruise|luxury|relax|romantic,0,0.4094
40,38,0.2473,0,1,0,3520000,3,8.5,21,4000000,2,beach|cruise|luxury|relax|romantic,0,0.46087
40,109,0.56024,1,0,0,5450000,3,7.6,70,4000000,2,beach|cruise|luxury|relax|romantic,1,0.7053
40,43,0.27282,1,0,0,8280000,3,8.4,120,4000000,2,beach|cruise|luxury|relax|romantic,0,0.49058
40,1,0.65669,0,0,0,14160000,4,9.0,35,4000000,2,beach|cruise|luxury|relax|romantic,0,0.44981
40,96,0.33194,0,0,0,4840000,3,7.8,118,4000000,2,beach|cruise|luxury|relax|romantic,0,0.45582
40,197,0.26481,0,0,0,6280000,3,9.2,55,4000000,2,beach|cruise|luxury|relax|romantic,0,0.38402
40,213,0.2527,1,0,0,5480000,4,9.1,25,4000000,2,beach|cruise|luxury|relax|romantic,0,0.56194
40,159,0.55196,1,0,1,11760000,2,9.2,85,4000000,2,beach|cruise|luxury|relax|romantic,1,0.64383
40,148,0.62491,0,0,0,11060000,4,9.6,44,4000000,2,beach|cruise|luxury|relax|romantic,0,0.44246
40,167,0.64207,1,0,0,9750000,3,8.5,4,4000000,2,beach|cruise|luxury|relax|romantic,0,0.64667
40,73,0.33697,0,0,0,7600000,3,8.4,56,4000000,2,beach|cruise|luxury|relax|romantic,0,0.35353
40,126,0.2335,0,0,0,9260000,3,8.4,85,4000000,2,beach|cruise|luxury|relax|romantic,0,0.29407
40,141,0.08669,1,0,1,4800000,2,8.6,28,4000000,2,beach|cruise|luxury|relax|romantic,1,0.57041
40,236,0.69967,0,0,0,14120000,4,8.3,70,4000000,2,beach|cruise|luxury|relax|romantic,0,0.46086
40,33,0.28068,1,0,0,6090000,3,8.9,45,4000000,2,beach|cruise|luxury|relax|romantic,1,0.57529
40,98,0.37463,0,1,0,3780000,5,8.1,109,4000000,2,beach|cruise|luxury|relax|romantic,0,0.45435
40,60,0.09431,1,1,0,2850000,4,8.8,84,4000000,2,beach|cruise|luxury|relax|romantic,0,0.55161
40,13,0.61079,1,0,0,10390000,3,8.6,44,4000000,2,beach|cruise|luxury|relax|romantic,1,0.63453
40,150,0.57006,1,0,1,9710000,2,8.3,87,4000000,2,beach|cruise|luxury|relax|romantic,1,0.64243
40,67,0.07994,0,1,0,3730000,3,9.5,8,4000000,2,beach|cruise|luxury|relax|romantic,0,0.40057
40,123,0.21013,0,0,0,7390000,4,8.7,91,4000000,2,beach|cruise|luxury|relax|romantic,0,0.28365
40,175,0.22234,0,0,0,5040000,4,8.4,87,4000000,2,beach|cruise|luxury|relax|romantic,0,0.37978
40,8,0.63557,1,0,0,8190000,3,9.6,107,4000000,2,beach|cruise|luxury|relax|romantic,0,0.65494
40,212,0.38203,0,0,0,7390000,3,8.7,47,4000000,2,beach|cruise|luxury|relax|romantic,0,0.38385
40,158,0.7387,0,0,0,13970000,3,8.9,45,4000000,2,beach|cruise|luxury|relax|romantic,0,0.51125
40,21,0.2191,0,0,0,7690000,5,7.8,21,4000000,2,beach|cruise|luxury|relax|romantic,0,0.23842
40,22,0.29857,0,0,0,8170000,3,8.5,27,4000000,2,beach|cruise|luxury|relax|romantic,0,0.3224
40,76,0.3282,0,0,0,4280000,5,8.3,39,4000000,2,beach|cruise|luxury|relax|romantic,0,0.42565
40,152,0.52737,0,0,0,10060000,3,8.7,54,4000000,2,beach|cruise|luxury|relax|romantic,0,0.4205
40,66,0.26434,0,0,0,7950000,5,8.3,83,4000000,2,beach|cruise|luxury|relax|romantic,0,0.25202
40,15,0.07627,0,0,0,7150000,3,8.9,23,4000000,2,beach|cruise|luxury|relax|romantic,0,0.26703
40,221,0.32986,0,1,0,3220000,5,8.2,86,4000000,2,beach|cruise|luxury|relax|romantic,0,0.43654
40,40,0.43866,0,0,0,5340000,3,7.5,108,4000000,2,beach|cruise|luxury|relax|romantic,0,0.47764
40,69,0.26005,1,0,1,5280000,2,8.1,71,4000000,2,beach|cruise|luxury|relax|romantic,1,0.61902
40,95,0.66651,0,0,0,12960000,4,7.5,31,4000000,2,beach|cruise|luxury|relax|romantic,0,0.43893
40,237,0.12978,1,0,0,4570000,3,9.1,117,4000000,2,beach|cruise|luxury|relax|romantic,1,0.57471
40,220,0.23006,1,0,0,4760000,4,8.4,99,4000000,2,beach|cruise|luxury|relax|romantic,1,0.57423
40,120,0.23157,0,0,0,7330000,3,9.1,82,4000000,2,beach|cruise|luxury|relax|romantic,0,0.32706
40,30,0.06204,0,1,0,3620000,3,8.3,117,4000000,2,beach|cruise|luxury|relax|romantic,0,0.38106
40,45,0.13113,0,0,0,8730000,3,8.1,21,4000000,2,beach|cruise|luxury|relax|romantic,0,0.24807
40,138,0.41542,0,0,0,11540000,3,8.0,95,4000000,2,beach|cruise|luxury|relax|romantic,0,0.36648
40,224,0.52314,0,0,0,9610000,5,8.2,93,4000000,2,beach|cruise|luxury|relax|romantic,0,0.35772
40,218,0.52262,1,0,0,11480000,4,8.8,31,4000000,2,beach|cruise|luxury|relax|romantic,0,0.5715
40,94,0.11774,1,0,1,5190000,2,8.3,80,4000000,2,beach|cruise|luxury|relax|romantic,0,0.56485
40,107,0.73173,0,0,0,6120000,3,9.4,13,4000000,2,beach|cruise|luxury|relax|romantic,0,0.58853
40,207,0.22696,0,1,0,3610000,4,8.7,64,4000000,2,beach|cruise|luxury|relax|romantic,0,0.42632
40,157,0.40838,0,0,0,11560000,5,9.6,14,4000000,2,beach|cruise|luxury|relax|romantic,0,0.32352
41,173,0.78437,0,1,0,7150000,3,9.4,6,8000000,2,adventure|mountain|nature|photography|wildlife,1,0.69544
41,108,0.30452,0,1,0,5210000,5,7.8,114,8000000,2,adventure|mountain|nature|photography|wildlife,0,0.4219
41,29,0.13478,0,0,0,11690000,3,7.6,35,8000000,2,adventure|mountain|nature|photography|wildlife,0,0.33081
41,5,0.10501,0,0,0,15690000,5,8.2,115,8000000,2,adventure|mountain|nature|photography|wildlife,0,0.1883
41,71,0.04861,0,0,0,8030000,3,9.5,81,8000000,2,adventure|mountain|nature|photography|wildlife,0,0.38682
41,149,0.08078,1,1,0,6170000,5,7.9,53,8000000,2,adventure|mountain|nature|photography|wildlife,1,0.50893
41,83,0.05562,0,0,0,13980000,3,9.5,52,8000000,2,adventure|mountain|nature|photography|wildlife,0,0.27076
41,187,0.0,0,1,0,4850000,4,9.4,44,8000000,2,adventure|mountain|nature|photography|wildlife,0,0.338
41,96,0.54215,0,1,0,4840000,3,7.8,118,8000000,2,adventure|mountain|nature|photography|wildlife,0,0.5777
41,79,0.17423,0,1,0,5640000,3,9.6,35,8000000,2,adventure|mountain|nature|photography|wildlife,0,0.44118
41,77,0.8104,0,1,0,7160000,3,8.3,95,8000000,2,adventure|mountain|nature|photography|wildlife,1,0.69537
41,59,0.21317,0,1,0,6780000,4,8.2,72,8000000,2,adventure|mountain|nature|photography|wildlife,0,0.41553
41,67,0.0,0,1,0,3730000,3,9.5,8,8000000,2,adventure|mountain|nature|photography|wildlife,0,0.367
41,114,0.34959,0,0,0,10820000,3,9.0,71,8000000,2,adventure|mountain|nature|photography|wildlife,0,0.45243
41,98,0.56932,0,1,0,3780000,5,8.1,109,8000000,2,adventure|mountain|nature|photography|wildlife,0,0.53612
41,70,0.0,0,1,0,7280000,4,8.7,47,8000000,2,adventure|mountain|nature|photography|wildlife,0,0.331
41,219,0.16861,1,0,0,8840000,3,9.2,91,8000000,2,adventure|mountain|nature|photography|wildlife,0,0.59802
41,163,0.26701,0,1,0,6910000,3,7.6,92,8000000,2,adventure|mountain|nature|photography|wildlife,0,0.46014
41,136,0.22962,0,1,0,6220000,3,8.1,117,8000000,2,adventure|mountain|nature|photography|wildlife,0,0.44944
41,76,0.53005,0,1,0,4280000,5,8.3,39,8000000,2,adventure|mountain|nature|photography|wildlife,0,0.52162
41,188,0.12738,0,1,1,2280000,2,7.5,73,8000000,2,adventure|mountain|nature|photography|wildlife,0,0.4285
41,102,0.76383,0,1,0,7740000,4,9.2,79,8000000,2,adventure|mountain|nature|photography|wildlife,0,0.65681
41,62,0.063,0,0,0,15980000,4,7.5,22,8000000,2,adventure|mountain|nature|photography|wildlife,0,0.18586
41,130,0.789,0,1,0,6320000,4,8.0,10,8000000,2,adventure|mountain|nature|photography|wildlife,1,0.65538
41,228,0.77817,0,1,0,7690000,3,7.6,7,8000000,2,adventure|mountain|nature|photography|wildlife,1,0.67483
41,167,0.1719,1,0,0,9750000,3,8.5,4,8000000,2,adventure|mountain|nature|photography|wildlife,1,0.5742
41,171,0.14846,0,1,0,5570000,5,9.6,87,8000000,2,adventure|mountain|nature|photography|wildlife,0,0.37435
41,46,0.26002,0,0,0,8140000,3,9.5,53,8000000,2,adventure|mountain|nature|photography|wildlife,1,0.47341
41,155,0.10431,1,1,0,4600000,4,9.4,111,8000000,2,adventure|mountain|nature|photography|wildlife,0,0.56181
41,74,0.0,1,1,0,3870000,5,7.7,59,8000000,2,adventure|mountain|nature|photography|wildlife,0,0.473
41,165,0.20844,0,0,0,10700000,4,7.6,38,8000000,2,adventure|mountain|nature|photography|wildlife,0,0.35355
41,236,0.13475,0,0,0,14120000,4,8.3,70,8000000,2,adventure|mountain|nature|photography|wildlife,0,0.2612
41,43,0.27444,0,0,0,8280000,3,8.4,120,8000000,2,adventure|mountain|nature|photography|wildlife,0,0.46567
41,235,0.27402,0,0,0,8550000,3,9.7,29,8000000,2,adventure|mountain|nature|photography|wildlife,0,0.47309
41,88,0.84274,0,1,0,6870000,4,9.3,31,8000000,2,adventure|mountain|nature|photography|wildlife,1,0.69095
41,95,0.05476,0,0,0,12960000,4,7.5,31,8000000,2,adventure|mountain|nature|photography|wildlife,0,0.2428
41,42,0.0,0,1,1,5460000,2,8.4,104,8000000,2,adventure|mountain|nature|photography|wildlife,0,0.384
41,41,0.18447,0,1,0,6960000,4,9.1,101,8000000,2,adventure|mountain|nature|photography|wildlife,0,0.41248
41,195,0.50721,0,1,0,5880000,5,8.4,105,8000000,2,adventure|mountain|nature|photography|wildlife,1,0.51303
41,30,0.80353,0,1,0,3620000,3,8.3,117,8000000,2,adventure|mountain|nature|photography|wildlife,1,0.69248
41,150,0.1462,1,0,1,9710000,2,8.3,87,8000000,2,adventure|mountain|nature|photography|wildlife,0,0.59021
41,33,0.30902,0,1,0,6090000,3,8.9,45,8000000,2,adventure|mountain|nature|photography|wildlife,1,0.49079
41,8,0.20633,1,0,0,8190000,3,9.6,107,8000000,2,adventure|mountain|nature|photography|wildlife,1,0.63086
41,93,0.81694,0,1,1,7290000,2,9.4,63,8000000,2,adventure|mountain|nature|photography|wildlife,1,0.73711
41,103,0.61466,0,1,0,5020000,3,9.3,30,8000000,2,adventure|mountain|nature|photography|wildlife,0,0.62316
41,143,0.24698,0,1,0,7280000,4,7.6,88,8000000,2,adventure|mountain|nature|photography|wildlife,0,0.42373
41,57,0.10389,0,1,0,5360000,3,8.5,66,8000000,2,adventure|mountain|nature|photography|wildlife,0,0.40064
41,4,0.13128,0,1,0,6540000,5,8.5,51,8000000,2,adventure|mountain|nature|photography|wildlife,0,0.35614
41,182,0.0,0,1,1,5640000,2,9.5,25,8000000,2,adventure|mountain|nature|photography|wildlife,0,0.395
41,47,0.16245,0,1,0,6300000,3,8.3,85,8000000,2,adventure|mountain|nature|photography|wildlife,0,0.42323
41,137,0.28238,0,1,0,6170000,4,8.6,51,8000000,2,adventure|mountain|nature|photography|wildlife,0,0.4486
41,89,0.78895,0,1,0,4550000,4,8.5,70,8000000,2,adventure|mountain|nature|photography|wildlife,1,0.66036
41,35,0.29752,0,1,0,4230000,3,7.8,93,8000000,2,adventure|mountain|nature|photography|wildlife,0,0.47496
41,226,0.19347,1,1,0,7020000,3,9.0,111,8000000,2,adventure|mountain|nature|photography|wildlife,1,0.62326
41,172,0.04091,0,1,0,7580000,5,7.6,79,8000000,2,adventure|mountain|nature|photography|wildlife,0,0.30918
41,44,0.3263,0,1,0,5620000,4,7.4,19,8000000,2,adventure|mountain|nature|photography|wildlife,0,0.45505
41,39,0.23896,0,1,0,7320000,3,8.0,80,8000000,2,adventure|mountain|nature|photography|wildlife,0,0.45236
41,212,0.47235,0,1,0,7390000,3,8.7,47,8000000,2,adventure|mountain|nature|photography|wildlife,0,0.55739
41,90,0.12462,0,1,1,2330000,2,9.0,69,8000000,2,adventure|mountain|nature|photography|wildlife,0,0.44234
41,164,0.0,0,1,0,2350000,3,9.4,29,8000000,2,adventure|mountain|nature|photography|wildlife,0,0.366
41,183,0.23615,0,1,0,6720000,5,8.9,109,8000000,2,adventure|mountain|nature|photography|wildlife,0,0.40418
41,224,0.20433,0,0,0,9610000,5,8.2,93,8000000,2,adventure|mountain|nature|photography|wildlife,0,0.35162
41,202,0.0,0,1,1,3200000,2,9.2,60,8000000,2,adventure|mountain|nature|photography|wildlife,0,0.392
41,230,0.60976,0,1,0,6950000,5,7.5,10,8000000,2,adventure|mountain|nature|photography|wildlife,0,0.5471
41,129,0.79082,0,1,0,4650000,5,9.7,7,8000000,2,adventure|mountain|nature|photography|wildlife,0,0.64514
41,203,0.09465,0,1,1,4750000,2,8.4,43,8000000,2,adventure|mountain|nature|photography|wildlife,0,0.42375
41,1,0.12879,0,0,0,14160000,4,9.0,35,8000000,2,adventure|mountain|nature|photography|wildlife,0,0.26489
41,214,0.17455,0,1,0,4300000,4,7.8,103,8000000,2,adventure|mountain|nature|photography|wildlife,0,0.39531
41,132,0.09275,0,1,0,7100000,3,9.1,74,8000000,2,adventure|mountain|nature|photography|wildlife,0,0.40196
41,40,0.52334,0,1,0,5340000,3,7.5,108,8000000,2,adventure|mountain|nature|photography|wildlife,0,0.5668
42,173,0.30426,0,1,1,7150000,3,9.4,6,18000000,3,city|culture|food|history|spiritual,1,0.52179
42,48,0.61792,0,1,0,4820000,4,9.2,103,18000000,3,city|culture|food|history|spiritual,1,0.62353
42,233,0.23878,0,1,1,6800000,3,8.3,19,18000000,3,city|culture|food|history|spiritual,0,0.48329
42,82,0.5038,0,1,0,6740000,2,8.9,16,18000000,3,city|culture|food|history|spiritual,0,0.5726
42,167,0.03153,0,1,1,9750000,3,8.5,4,18000000,3,city|culture|food|history|spiritual,0,0.39824
42,34,0.29036,1,1,0,4830000,5,7.8,107,18000000,3,city|culture|food|history|spiritual,0,0.62395
42,75,0.06165,0,1,1,14320000,3,8.5,11,18000000,3,city|culture|food|history|spiritual,0,0.41089
42,68,0.37004,0,1,1,6910000,3,9.3,96,18000000,3,city|culture|food|history|spiritual,0,0.54842
42,88,0.24805,0,1,0,6870000,4,9.3,31,18000000,3,city|culture|food|history|spiritual,0,0.46918
42,202,0.94352,1,1,0,3200000,2,9.2,60,18000000,3,city|culture|food|history|spiritual,1,0.94028
42,109,0.02284,0,1,1,5450000,3,7.6,70,18000000,3,city|culture|food|history|spiritual,0,0.38559
42,100,0.70895,1,1,1,6530000,3,9.3,83,18000000,3,city|culture|food|history|spiritual,1,0.87076
42,192,0.58453,0,1,0,4770000,2,9.4,30,18000000,3,city|culture|food|history|spiritual,0,0.6115
42,2,0.05818,0,1,0,5410000,5,9.1,111,18000000,3,city|culture|food|history|spiritual,0,0.35944
42,123,0.28239,0,1,0,7390000,4,8.7,91,18000000,3,city|culture|food|history|spiritual,0,0.4776
42,33,0.54075,0,1,1,6090000,3,8.9,45,18000000,3,city|culture|food|history|spiritual,1,0.61611
42,43,0.49742,0,1,1,8280000,3,8.4,120,18000000,3,city|culture|food|history|spiritual,1,0.59292
42,221,0.27729,1,1,0,3220000,5,8.2,86,18000000,3,city|culture|food|history|spiritual,0,0.62246
42,98,0.16384,1,1,0,3780000,5,8.1,109,18000000,3,city|culture|food|history|spiritual,1,0.57381
42,189,0.6142,0,1,0,2850000,4,7.7,89,18000000,3,city|culture|food|history|spiritual,1,0.60696
42,212,0.35199,1,1,1,7390000,3,8.7,47,18000000,3,city|culture|food|history|spiritual,1,0.71483
42,14,0.38286,0,1,0,4940000,5,8.9,82,18000000,3,city|culture|food|history|spiritual,1,0.4938
42,158,0.0,0,1,1,13970000,3,8.9,45,18000000,3,city|culture|food|history|spiritual,0,0.389
42,134,0.20646,1,1,0,3330000,4,7.8,89,18000000,3,city|culture|food|history|spiritual,1,0.61671
42,147,0.42143,0,1,1,8820000,3,8.4,18,18000000,3,city|culture|food|history|spiritual,0,0.561
42,30,0.34438,0,1,1,3620000,3,8.3,117,18000000,3,city|culture|food|history|spiritual,0,0.52764
42,203,0.88111,1,1,0,4750000,2,8.4,43,18000000,3,city|culture|food|history|spiritual,1,0.90607
42,209,0.40151,0,1,0,8360000,4,9.1,41,18000000,3,city|culture|food|history|spiritual,0,0.53163
42,184,0.19896,0,1,1,5580000,3,7.6,35,18000000,3,city|culture|food|history|spiritual,1,0.45956
42,94,0.74071,1,1,0,5190000,2,8.3,80,18000000,3,city|culture|food|history|spiritual,1,0.8461
42,3,0.0,0,1,0,8200000,4,7.5,120,18000000,3,city|culture|food|history|spiritual,0,0.347
42,131,0.80402,1,1,0,3020000,2,8.6,118,18000000,3,city|culture|food|history|spiritual,1,0.87569
42,57,0.82596,1,1,1,5360000,3,8.5,66,18000000,3,city|culture|food|history|spiritual,1,0.91191
42,28,0.29135,0,1,0,12790000,4,8.6,66,18000000,3,city|culture|food|history|spiritual,1,0.48037
42,165,0.3977,0,1,0,10700000,4,7.6,38,18000000,3,city|culture|food|history|spiritual,0,0.51504
42,160,0.19924,1,1,0,3970000,4,9.2,69,18000000,3,city|culture|food|history|spiritual,0,0.62768
42,9,0.18288,0,1,0,9390000,4,8.0,60,18000000,3,city|culture|food|history|spiritual,0,0.42881
42,220,0.63596,0,1,0,4760000,4,8.4,99,18000000,3,city|culture|food|history|spiritual,1,0.6231
42,200,0.34047,0,1,0,7780000,4,8.8,20,18000000,3,city|culture|food|history|spiritual,0,0.503
42,150,0.0,0,1,0,9710000,2,8.3,87,18000000,3,city|culture|food|history|spiritual,0,0.355
42,59,0.93511,1,1,0,6780000,4,8.2,72,18000000,3,city|culture|food|history|spiritual,1,0.92675
42,127,0.91368,1,1,0,5620000,4,7.9,52,18000000,3,city|culture|food|history|spiritual,1,0.91475
42,84,0.69235,0,1,0,4910000,2,9.6,25,18000000,3,city|culture|food|history|spiritual,1,0.65879
42,102,0.28382,0,1,0,7740000,4,9.2,79,18000000,3,city|culture|food|history|spiritual,0,0.48321
42,55,0.3767,0,1,0,6780000,4,8.3,68,18000000,3,city|culture|food|history|spiritual,0,0.51322
42,10,0.24544,1,1,0,3750000,4,9.7,57,18000000,3,city|culture|food|history|spiritual,1,0.65208
42,193,0.07656,0,1,1,9300000,3,8.2,66,18000000,3,city|culture|food|history|spiritual,0,0.41415
42,42,0.86382,1,1,0,5460000,2,8.4,104,18000000,3,city|culture|food|history|spiritual,1,0.8988
42,53,0.52928,0,1,0,6850000,4,8.6,65,18000000,3,city|culture|food|history|spiritual,1,0.5803
42,52,0.52881,0,1,0,7200000,4,7.7,116,18000000,3,city|culture|food|history|spiritual,0,0.5711
42,128,0.0845,0,1,1,13980000,3,9.1,49,18000000,3,city|culture|food|history|spiritual,0,0.42649
42,219,0.0564,0,1,1,8840000,3,9.2,91,18000000,3,city|culture|food|history|spiritual,0,0.41569
42,224,0.42535,0,1,0,9610000,5,8.2,93,18000000,3,city|culture|food|history|spiritual,1,0.50465
42,118,0.37356,1,1,0,7280000,5,8.4,70,18000000,3,city|culture|food|history|spiritual,0,0.6649
42,218,0.0,0,1,0,11480000,4,8.8,31,18000000,3,city|culture|food|history|spiritual,0,0.36
42,182,0.56657,0,1,0,5640000,2,9.5,25,18000000,3,city|culture|food|history|spiritual,1,0.60496
42,181,0.39157,0,1,0,5530000,5,8.0,103,18000000,3,city|culture|food|history|spiritual,0,0.48846
42,86,0.08206,0,1,1,10640000,3,9.1,83,18000000,3,city|culture|food|history|spiritual,0,0.42546
42,7,0.38245,0,1,0,7910000,5,9.3,13,18000000,3,city|culture|food|history|spiritual,0,0.49763
42,107,0.0506,0,1,1,6120000,3,9.4,13,18000000,3,city|culture|food|history|spiritual,0,0.41525
42,1,0.07165,0,1,0,14160000,4,9.0,35,18000000,3,city|culture|food|history|spiritual,0,0.39209
42,141,0.7838,1,1,0,4800000,2,8.6,28,18000000,3,city|culture|food|history|spiritual,1,0.8672
42,67,0.89711,1,1,1,3730000,3,9.5,8,18000000,3,city|culture|food|history|spiritual,1,0.95179
42,5,0.12145,0,1,0,15690000,5,8.2,115,18000000,3,city|culture|food|history|spiritual,0,0.37701
42,148,0.36059,0,1,0,11060000,4,9.6,44,18000000,3,city|culture|food|history|spiritual,1,0.51945
42,172,0.07772,0,1,0,7580000,5,7.6,79,18000000,3,city|culture|food|history|spiritual,0,0.35264
42,122,0.58169,0,1,1,5960000,3,9.4,46,18000000,3,city|culture|food|history|spiritual,0,0.63831
42,108,0.3358,0,1,0,5210000,5,7.8,114,18000000,3,city|culture|food|history|spiritual,0,0.46304
42,149,0.18707,0,1,0,6170000,5,7.9,53,18000000,3,city|culture|food|history|spiritual,0,0.40157
42,73,0.18076,1,1,1,7600000,3,8.4,56,18000000,3,city|culture|food|history|spiritual,1,0.63992
43,91,0.09376,0,1,0,5890000,5,9.6,48,18000000,4,adventure|mountain|nature|photography|wildlife,0,0.40738
43,31,0.22587,0,1,0,9440000,2,9.1,25,18000000,4,adventure|mountain|nature|photography|wildlife,0,0.42986
43,35,0.19773,0,1,0,4230000,3,7.8,93,18000000,4,adventure|mountain|nature|photography|wildlife,0,0.43305
43,237,0.03385,0,1,0,4570000,3,9.1,117,18000000,4,adventure|mountain|nature|photography|wildlife,0,0.37722
43,141,0.02013,0,1,0,4800000,2,8.6,28,18000000,4,adventure|mountain|nature|photography|wildlife,0,0.33846
43,112,0.18213,0,1,0,5970000,3,8.8,119,18000000,4,adventure|mountain|nature|photography|wildlife,0,0.4365
43,232,0.17218,0,1,0,10030000,3,8.8,50,18000000,4,adventure|mountain|nature|photography|wildlife,1,0.43232
43,17,0.09319,0,1,1,11980000,4,8.3,109,18000000,4,adventure|mountain|nature|photography|wildlife,0,0.42214
43,143,0.19055,0,1,1,7280000,4,7.6,88,18000000,4,adventure|mountain|nature|photography|wildlife,0,0.45603
43,201,0.09609,0,1,0,8110000,5,8.7,69,18000000,4,adventure|mountain|nature|photography|wildlife,0,0.39936
43,64,0.5432,0,1,0,3540000,3,9.1,12,18000000,4,adventure|mountain|nature|photography|wildlife,0,0.59114
43,61,0.65489,1,1,0,3850000,2,7.4,61,18000000,4,adventure|mountain|nature|photography|wildlife,1,0.77305
43,236,0.1001,0,1,1,14120000,4,8.3,70,18000000,4,adventure|mountain|nature|photography|wildlife,0,0.42504
43,219,0.11792,0,1,0,8840000,3,9.2,91,18000000,4,adventure|mountain|nature|photography|wildlife,1,0.41352
43,68,0.1647,0,1,0,6910000,3,9.3,96,18000000,4,adventure|mountain|nature|photography|wildlife,0,0.43417
43,43,0.18191,0,1,0,8280000,3,8.4,120,18000000,4,adventure|mountain|nature|photography|wildlife,0,0.4324
43,102,0.68963,1,1,1,7740000,4,9.2,79,18000000,4,adventure|mountain|nature|photography|wildlife,1,0.86164
43,124,0.74715,0,1,0,7340000,5,8.1,59,18000000,4,adventure|mountain|nature|photography|wildlife,1,0.6668
43,181,0.16282,0,1,0,5530000,5,8.0,103,18000000,4,adventure|mountain|nature|photography|wildlife,0,0.42038
43,140,0.44738,0,1,0,3330000,5,9.2,94,18000000,4,adventure|mountain|nature|photography|wildlife,0,0.5519
43,167,0.14192,0,1,0,9750000,3,8.5,4,18000000,4,adventure|mountain|nature|photography|wildlife,0,0.41661
43,158,0.0572,0,1,0,13970000,3,8.9,45,18000000,4,adventure|mountain|nature|photography|wildlife,0,0.38503
43,1,0.11357,0,1,1,14160000,4,9.0,35,18000000,4,adventure|mountain|nature|photography|wildlife,0,0.4377
43,110,0.21618,0,1,1,7520000,4,9.4,73,18000000,4,adventure|mountain|nature|photography|wildlife,1,0.48479
43,174,0.12631,0,1,0,5910000,5,9.4,38,18000000,4,adventure|mountain|nature|photography|wildlife,0,0.41905
43,180,0.50893,0,1,1,5160000,4,9.3,30,18000000,4,adventure|mountain|nature|photography|wildlife,0,0.60675
43,99,0.19468,0,1,0,7510000,5,8.5,34,18000000,4,adventure|mountain|nature|photography|wildlife,0,0.43877
43,190,0.11439,0,1,1,9710000,4,9.4,24,18000000,4,adventure|mountain|nature|photography|wildlife,0,0.44204
43,38,0.16743,0,1,0,3520000,3,8.5,21,18000000,4,adventure|mountain|nature|photography|wildlife,0,0.42732
43,157,0.25041,1,1,0,11560000,5,9.6,14,18000000,4,adventure|mountain|nature|photography|wildlife,1,0.65317
43,46,0.17831,0,1,0,8140000,3,9.5,53,18000000,4,adventure|mountain|nature|photography|wildlife,0,0.44189
43,108,0.27931,1,1,0,5210000,5,7.8,114,18000000,4,adventure|mountain|nature|photography|wildlife,1,0.64731
43,130,0.72617,0,1,1,6320000,4,8.0,10,18000000,4,adventure|mountain|nature|photography|wildlife,1,0.68499
43,146,0.68007,0,1,0,9730000,3,9.7,47,18000000,4,adventure|mountain|nature|photography|wildlife,1,0.65463
43,77,0.78107,1,1,0,7160000,3,8.3,95,18000000,4,adventure|mountain|nature|photography|wildlife,1,0.86305
43,233,0.10859,0,1,0,6800000,3,8.3,19,18000000,4,adventure|mountain|nature|photography|wildlife,0,0.40061
43,229,0.24913,0,1,1,10990000,4,8.5,60,18000000,4,adventure|mountain|nature|photography|wildlife,0,0.48963
43,228,0.70888,0,1,0,7690000,3,7.6,7,18000000,4,adventure|mountain|nature|photography|wildlife,1,0.64573
43,144,0.77645,1,1,0,7040000,2,9.6,16,18000000,4,adventure|mountain|nature|photography|wildlife,1,0.84611
43,65,0.70193,1,1,1,5980000,4,8.1,6,18000000,4,adventure|mountain|nature|photography|wildlife,1,0.85581
43,45,0.74652,0,1,0,8730000,3,8.1,21,18000000,4,adventure|mountain|nature|photography|wildlife,0,0.66654
43,125,0.11531,0,1,0,8660000,3,8.0,70,18000000,4,adventure|mountain|nature|photography|wildlife,0,0.40043
43,96,0.48554,0,1,0,4840000,3,7.8,118,18000000,4,adventure|mountain|nature|photography|wildlife,1,0.55393
43,175,0.14296,0,1,1,5040000,4,8.4,87,18000000,4,adventure|mountain|nature|photography|wildlife,0,0.44404
43,54,0.13785,0,1,0,8910000,5,7.6,95,18000000,4,adventure|mountain|nature|photography|wildlife,0,0.4059
43,72,0.44684,0,1,0,6980000,3,8.9,58,18000000,4,adventure|mountain|nature|photography|wildlife,1,0.54867
43,52,0.25882,0,1,1,7200000,4,7.7,116,18000000,4,adventure|mountain|nature|photography|wildlife,0,0.48571
43,109,0.17465,0,1,0,5450000,3,7.6,70,18000000,4,adventure|mountain|nature|photography|wildlife,0,0.42135
43,196,0.12963,0,1,1,14200000,4,8.3,67,18000000,4,adventure|mountain|nature|photography|wildlife,0,0.43744
43,154,0.15635,0,1,0,5130000,5,7.8,26,18000000,4,adventure|mountain|nature|photography|wildlife,0,0.41567
43,48,0.2323,0,1,1,4820000,4,9.2,103,18000000,4,adventure|mountain|nature|photography|wildlife,0,0.48957
43,147,0.14514,0,1,0,8820000,3,8.4,18,18000000,4,adventure|mountain|nature|photography|wildlife,0,0.41696
43,203,0.09365,0,1,0,4750000,2,8.4,43,18000000,4,adventure|mountain|nature|photography|wildlife,0,0.36733
43,44,0.28666,1,1,1,5620000,4,7.4,19,18000000,4,adventure|mountain|nature|photography|wildlife,1,0.6744
43,75,0.07804,0,1,0,14320000,3,8.5,11,18000000,4,adventure|mountain|nature|photography|wildlife,0,0.38978
43,69,0.12872,0,1,0,5280000,2,8.1,71,18000000,4,adventure|mountain|nature|photography|wildlife,0,0.37906
43,208,0.14639,0,1,0,3970000,3,8.8,28,18000000,4,adventure|mountain|nature|photography|wildlife,0,0.42148
43,118,0.47267,0,1,0,7280000,5,8.4,70,18000000,4,adventure|mountain|nature|photography|wildlife,0,0.55452
43,145,0.0291,0,1,0,5440000,5,7.9,10,18000000,4,adventure|mountain|nature|photography|wildlife,0,0.36322
43,227,0.24812,0,1,0,8860000,2,9.0,39,18000000,4,adventure|mountain|nature|photography|wildlife,0,0.43821
43,87,0.14183,0,1,1,6390000,4,8.7,39,18000000,4,adventure|mountain|nature|photography|wildlife,1,0.44657
43,90,0.18202,0,1,0,2330000,2,9.0,69,18000000,4,adventure|mountain|nature|photography|wildlife,0,0.41045
43,58,0.10136,0,1,1,5490000,4,7.7,45,18000000,4,adventure|mountain|nature|photography|wildlife,0,0.41957
43,231,0.74458,1,1,1,3590000,4,9.4,36,18000000,4,adventure|mountain|nature|photography|wildlife,1,0.88672
43,13,0.19656,0,1,0,10390000,3,8.6,44,18000000,4,adventure|mountain|nature|photography|wildlife,0,0.44056
43,11,0.13191,0,1,1,8160000,4,8.8,13,18000000,4,adventure|mountain|nature|photography|wildlife,0,0.4434
43,9,0.16226,0,1,1,9390000,4,8.0,60,18000000,4,adventure|mountain|nature|photography|wildlife,0,0.44815
43,19,0.17821,0,1,0,5280000,3,9.2,81,18000000,4,adventure|mountain|nature|photography|wildlife,0,0.43885
43,136,0.12313,0,1,0,6220000,3,8.1,117,18000000,4,adventure|mountain|nature|photography|wildlife,0,0.40471
43,120,0.21309,0,1,0,7330000,3,9.1,82,18000000,4,adventure|mountain|nature|photography|wildlife,0,0.4525
44,155,0.11963,1,1,0,4600000,4,9.4,111,18000000,3,adventure|mountain|nature|photography|wildlife,1,0.59624
44,226,0.15973,0,1,1,7020000,3,9.0,111,18000000,3,adventure|mountain|nature|photography|wildlife,0,0.45709
44,110,0.21176,1,1,0,7520000,4,9.4,73,18000000,3,adventure|mountain|nature|photography|wildlife,0,0.63494
44,164,0.02491,0,1,1,2350000,3,9.4,29,18000000,3,adventure|mountain|nature|photography|wildlife,0,0.40446
44,109,0.15974,0,1,1,5450000,3,7.6,70,18000000,3,adventure|mountain|nature|photography|wildlife,0,0.44309
44,210,0.76959,0,1,1,7500000,3,7.5,13,18000000,3,adventure|mountain|nature|photography|wildlife,1,0.69823
44,76,0.49135,0,1,0,4280000,5,8.3,39,18000000,3,adventure|mountain|nature|photography|wildlife,0,0.53337
44,126,0.24443,0,1,1,9260000,3,8.4,85,18000000,3,adventure|mountain|nature|photography|wildlife,0,0.48666
44,120,0.16204,0,1,1,7330000,3,9.1,82,18000000,3,adventure|mountain|nature|photography|wildlife,0,0.45906
44,98,0.52169,0,1,0,3780000,5,8.1,109,18000000,3,adventure|mountain|nature|photography|wildlife,0,0.54411
44,58,0.03235,0,1,0,5490000,4,7.7,45,18000000,3,adventure|mountain|nature|photography|wildlife,0,0.36259
44,11,0.04515,1,1,0,8160000,4,8.8,13,18000000,3,adventure|mountain|nature|photography|wildlife,0,0.55896
44,88,0.80687,0,1,0,6870000,4,9.3,31,18000000,3,adventure|mountain|nature|photography|wildlife,1,0.70389
44,125,0.0,1,1,1,8660000,3,8.0,70,18000000,3,adventure|mountain|nature|photography|wildlife,1,0.56
44,28,0.3963,0,1,0,12790000,4,8.6,66,18000000,3,adventure|mountain|nature|photography|wildlife,0,0.52445
44,225,0.50138,0,1,0,5050000,5,8.1,21,18000000,3,adventure|mountain|nature|photography|wildlife,1,0.53558
44,236,0.08125,0,1,0,14120000,4,8.3,70,18000000,3,adventure|mountain|nature|photography|wildlife,0,0.38913
44,64,0.59703,0,1,1,3540000,3,9.1,12,18000000,3,adventure|mountain|nature|photography|wildlife,0,0.64175
44,3,0.26103,0,1,0,8200000,4,7.5,120,18000000,3,adventure|mountain|nature|photography|wildlife,0,0.45663
44,218,0.16464,0,1,0,11480000,4,8.8,31,18000000,3,adventure|mountain|nature|photography|wildlife,0,0.42915
44,134,0.57659,0,1,0,3330000,4,7.8,89,18000000,3,adventure|mountain|nature|photography|wildlife,1,0.59217
44,33,0.20962,1,1,1,6090000,3,8.9,45,18000000,3,adventure|mountain|nature|photography|wildlife,1,0.65704
44,34,0.73386,0,1,0,4830000,5,7.8,107,18000000,3,adventure|mountain|nature|photography|wildlife,0,0.63022
44,31,0.21952,0,1,0,9440000,2,9.1,25,18000000,3,adventure|mountain|nature|photography|wildlife,0,0.4552
44,230,0.55627,0,1,0,6950000,5,7.5,10,18000000,3,adventure|mountain|nature|photography|wildlife,0,0.55263
44,240,0.73888,0,1,0,9370000,4,7.7,33,18000000,3,adventure|mountain|nature|photography|wildlife,1,0.65933
44,77,0.76886,0,1,1,7160000,3,8.3,95,18000000,3,adventure|mountain|nature|photography|wildlife,0,0.70592
44,186,0.0,0,1,1,6850000,3,9.0,61,18000000,3,adventure|mountain|nature|photography|wildlife,0,0.39
44,153,0.19775,0,1,0,8920000,5,9.0,5,18000000,3,adventure|mountain|nature|photography|wildlife,0,0.41705
44,194,0.0,0,1,1,8690000,3,9.4,66,18000000,3,adventure|mountain|nature|photography|wildlife,0,0.394
44,173,0.73761,0,1,1,7150000,3,9.4,6,18000000,3,adventure|mountain|nature|photography|wildlife,1,0.70379
44,59,0.20569,0,1,0,6780000,4,8.2,72,18000000,3,adventure|mountain|nature|photography|wildlife,0,0.44039
44,136,0.13488,1,1,1,6220000,3,8.1,117,18000000,3,adventure|mountain|nature|photography|wildlife,1,0.61765
44,1,0.07845,0,1,0,14160000,4,9.0,35,18000000,3,adventure|mountain|nature|photography|wildlife,0,0.39495
44,208,0.10927,0,1,1,3970000,3,8.8,28,18000000,3,adventure|mountain|nature|photography|wildlife,0,0.43389
44,20,0.26881,1,1,0,6490000,2,8.3,67,18000000,3,adventure|mountain|nature|photography|wildlife,1,0.6479
44,180,0.53486,0,1,0,5160000,4,9.3,30,18000000,3,adventure|mountain|nature|photography|wildlife,0,0.58964
44,40,0.48628,0,1,1,5340000,3,7.5,108,18000000,3,adventure|mountain|nature|photography|wildlife,1,0.57924
44,159,0.16214,0,1,0,11760000,2,9.2,85,18000000,3,adventure|mountain|nature|photography|wildlife,0,0.4321
44,91,0.08156,0,1,0,5890000,5,9.6,48,18000000,3,adventure|mountain|nature|photography|wildlife,0,0.37426
44,187,0.0,0,1,0,4850000,4,9.4,44,18000000,3,adventure|mountain|nature|photography|wildlife,0,0.366
44,204,0.01456,0,1,0,12320000,5,8.3,93,18000000,3,adventure|mountain|nature|photography|wildlife,0,0.33311
44,237,0.02263,0,1,1,4570000,3,9.1,117,18000000,3,adventure|mountain|nature|photography|wildlife,0,0.40051
44,190,0.0,1,1,0,9710000,4,9.4,24,18000000,3,adventure|mountain|nature|photography|wildlife,1,0.546
44,35,0.20485,1,1,1,4230000,3,7.8,93,18000000,3,adventure|mountain|nature|photography|wildlife,1,0.64404
44,95,0.0,0,1,0,12960000,4,7.5,31,18000000,3,adventure|mountain|nature|photography|wildlife,0,0.347
44,41,0.13263,0,1,0,6960000,4,9.1,101,18000000,3,adventure|mountain|nature|photography|wildlife,0,0.4187
44,9,0.17775,0,1,0,9390000,4,8.0,60,18000000,3,adventure|mountain|nature|photography|wildlife,0,0.42666
44,135,0.12087,1,1,0,8470000,5,8.5,106,18000000,3,adventure|mountain|nature|photography|wildlife,0,0.55977
44,12,0.43675,0,1,0,5140000,4,9.6,114,18000000,3,adventure|mountain|nature|photography|wildlife,0,0.55143
44,133,0.16303,0,1,1,5680000,3,9.6,72,18000000,3,adventure|mountain|nature|photography|wildlife,0,0.46447
44,228,0.73911,0,1,1,7690000,3,7.6,7,18000000,3,adventure|mountain|nature|photography|wildlife,1,0.68643
44,85,0.25398,0,1,1,11800000,3,9.0,111,18000000,3,adventure|mountain|nature|photography|wildlife,0,0.49667
44,202,0.00825,0,1,0,3200000,2,9.2,60,18000000,3,adventure|mountain|nature|photography|wildlife,0,0.36746
44,46,0.16096,1,1,1,8140000,3,9.5,53,18000000,3,adventure|mountain|nature|photography|wildlife,1,0.6426
44,81,0.02338,0,1,0,4940000,4,9.0,17,18000000,3,adventure|mountain|nature|photography|wildlife,0,0.37182
44,2,0.0,0,1,0,5410000,5,9.1,111,18000000,3,adventure|mountain|nature|photography|wildlife,0,0.335
44,151,0.51947,0,1,1,7800000,3,7.8,89,18000000,3,adventure|mountain|nature|photography|wildlife,1,0.59618
44,221,0.50876,0,1,0,3220000,5,8.2,86,18000000,3,adventure|mountain|nature|photography|wildlife,0,0.53968
44,87,0.12667,0,1,0,6390000,4,8.7,39,18000000,3,adventure|mountain|nature|photography|wildlife,0,0.4122
44,54,0.12738,0,1,0,8910000,5,7.6,95,18000000,3,adventure|mountain|nature|photography|wildlife,0,0.3735
44,128,0.08679,0,1,1,13980000,3,9.1,49,18000000,3,adventure|mountain|nature|photography|wildlife,0,0.42745
44,123,0.0945,1,1,0,7390000,4,8.7,91,18000000,3,adventure|mountain|nature|photography|wildlife,1,0.57869
44,23,0.84029,0,1,0,7230000,4,8.5,118,18000000,3,adventure|mountain|nature|photography|wildlife,1,0.70992
44,158,0.0,0,1,1,13970000,3,8.9,45,18000000,3,adventure|mountain|nature|photography|wildlife,0,0.389
44,216,0.12621,1,1,0,5630000,4,9.4,104,18000000,3,adventure|mountain|nature|photography|wildlife,1,0.59901
44,112,0.14074,0,1,1,5970000,3,8.8,119,18000000,3,adventure|mountain|nature|photography|wildlife,0,0.44711
44,203,0.10856,0,1,0,4750000,2,8.4,43,18000000,3,adventure|mountain|nature|photography|wildlife,0,0.4016
44,39,0.25956,0,1,1,7320000,3,8.0,80,18000000,3,adventure|mountain|nature|photography|wildlife,0,0.48902
44,32,0.06316,0,1,1,6600000,3,7.6,4,18000000,3,adventure|mountain|nature|photography|wildlife,0,0.40253
45,212,0.45179,0,1,0,7390000,3,8.7,47,14000000,5,adventure|mountain|nature|photography|wildlife,1,0.52075
45,5,0.11913,0,0,1,15690000,5,8.2,115,14000000,5,adventure|mountain|nature|photography|wildlife,0,0.41272
45,31,0.31628,0,1,0,9440000,2,9.1,25,14000000,5,adventure|mountain|nature|photography|wildlife,0,0.43984
45,40,0.49413,0,1,0,5340000,3,7.5,108,14000000,5,adventure|mountain|nature|photography|wildlife,0,0.52653
45,119,0.16874,0,1,0,6250000,4,7.4,42,14000000,5,adventure|mountain|nature|photography|wildlife,0,0.41687
45,87,0.2524,0,1,0,6390000,4,8.7,39,14000000,5,adventure|mountain|nature|photography|wildlife,0,0.46501
45,97,0.13922,1,1,0,9930000,3,7.6,41,14000000,5,adventure|mountain|nature|photography|wildlife,0,0.55847
45,21,0.15882,1,1,1,7690000,5,7.8,21,14000000,5,adventure|mountain|nature|photography|wildlife,0,0.62471
45,52,0.36337,0,1,0,7200000,4,7.7,116,14000000,5,adventure|mountain|nature|photography|wildlife,1,0.50161
45,105,0.07778,0,1,0,12640000,4,8.4,30,14000000,5,adventure|mountain|nature|photography|wildlife,0,0.38867
45,209,0.23456,1,1,0,8360000,4,9.1,41,14000000,5,adventure|mountain|nature|photography|wildlife,0,0.64152
45,164,0.0,1,1,0,2350000,3,9.4,29,14000000,5,adventure|mountain|nature|photography|wildlife,0,0.518
45,184,0.29786,0,1,0,5580000,3,7.6,35,14000000,5,adventure|mountain|nature|photography|wildlife,1,0.4451
45,91,0.16129,0,1,1,5890000,5,9.6,48,14000000,5,adventure|mountain|nature|photography|wildlife,1,0.46374
45,203,0.13026,0,1,0,4750000,2,8.4,43,14000000,5,adventure|mountain|nature|photography|wildlife,0,0.35471
45,51,0.30848,1,1,1,11500000,5,7.8,99,14000000,5,adventure|mountain|nature|photography|wildlife,1,0.68756
45,200,0.36605,0,1,0,7780000,4,8.8,20,14000000,5,adventure|mountain|nature|photography|wildlife,1,0.51374
45,125,0.05921,1,1,0,8660000,3,8.0,70,14000000,5,adventure|mountain|nature|photography|wildlife,1,0.52887
45,206,0.28421,0,1,0,4060000,3,9.0,5,14000000,5,adventure|mountain|nature|photography|wildlife,0,0.45337
45,155,0.13608,1,1,0,4600000,4,9.4,111,14000000,5,adventure|mountain|nature|photography|wildlife,0,0.60315
45,208,0.12119,1,1,0,3970000,3,8.8,28,14000000,5,adventure|mountain|nature|photography|wildlife,1,0.5629
45,2,0.05506,0,1,1,5410000,5,9.1,111,14000000,5,adventure|mountain|nature|photography|wildlife,0,0.41413
45,188,0.21333,1,1,0,2280000,2,7.5,73,14000000,5,adventure|mountain|nature|photography|wildlife,1,0.5606
45,68,0.16631,1,1,0,6910000,3,9.3,96,14000000,5,adventure|mountain|nature|photography|wildlife,0,0.58685
45,216,0.13423,1,1,0,5630000,4,9.4,104,14000000,5,adventure|mountain|nature|photography|wildlife,1,0.60237
45,185,0.55141,0,1,0,4000000,4,8.9,82,14000000,5,adventure|mountain|nature|photography|wildlife,1,0.59259
45,133,0.24516,0,1,0,5680000,3,9.6,72,14000000,5,adventure|mountain|nature|photography|wildlife,0,0.44297
45,14,0.31787,0,1,1,4940000,5,8.9,82,14000000,5,adventure|mountain|nature|photography|wildlife,1,0.52251
45,179,0.10132,0,1,0,5280000,3,9.5,68,14000000,5,adventure|mountain|nature|photography|wildlife,0,0.38155
45,62,0.07553,0,0,0,15980000,4,7.5,22,14000000,5,adventure|mountain|nature|photography|wildlife,0,0.35609
45,49,0.11387,0,1,0,5810000,3,8.0,112,14000000,5,adventure|mountain|nature|photography|wildlife,0,0.37183
45,229,0.40316,0,1,0,10990000,4,8.5,60,14000000,5,adventure|mountain|nature|photography|wildlife,0,0.52633
45,135,0.15839,1,1,1,8470000,5,8.5,106,14000000,5,adventure|mountain|nature|photography|wildlife,1,0.63152
45,174,0.19741,0,1,1,5910000,5,9.4,38,14000000,5,adventure|mountain|nature|photography|wildlife,0,0.47691
45,16,0.04124,1,1,0,6240000,3,9.3,113,14000000,5,adventure|mountain|nature|photography|wildlife,0,0.53432
45,223,0.30526,0,1,0,6120000,4,7.6,85,14000000,5,adventure|mountain|nature|photography|wildlife,0,0.47621
45,13,0.30734,0,1,0,10390000,3,8.6,44,14000000,5,adventure|mountain|nature|photography|wildlife,0,0.45908
45,215,0.17044,1,1,0,3960000,4,7.5,73,14000000,5,adventure|mountain|nature|photography|wildlife,1,0.59859
45,143,0.2834,0,1,0,7280000,4,7.6,88,14000000,5,adventure|mountain|nature|photography|wildlife,0,0.46703
45,57,0.17567,1,1,0,5360000,3,8.5,66,14000000,5,adventure|mountain|nature|photography|wildlife,0,0.58278
45,132,0.11817,1,1,0,7100000,3,9.1,74,14000000,5,adventure|mountain|nature|photography|wildlife,0,0.56463
45,175,0.05767,1,1,0,5040000,4,8.4,87,14000000,5,adventure|mountain|nature|photography|wildlife,1,0.56022
45,161,0.66847,0,1,0,6500000,4,7.5,57,14000000,5,adventure|mountain|nature|photography|wildlife,1,0.62776
45,18,0.11444,0,1,0,6100000,2,7.8,84,14000000,5,adventure|mountain|nature|photography|wildlife,0,0.34207
45,96,0.50331,0,1,0,4840000,3,7.8,118,14000000,5,adventure|mountain|nature|photography|wildlife,0,0.53339
45,225,0.55442,0,1,1,5050000,5,8.1,21,14000000,5,adventure|mountain|nature|photography|wildlife,0,0.61386
45,232,0.08754,1,1,0,10030000,3,8.8,50,14000000,5,adventure|mountain|nature|photography|wildlife,0,0.54877
45,159,0.2963,0,1,0,11760000,2,9.2,85,14000000,5,adventure|mountain|nature|photography|wildlife,0,0.43244
45,7,0.11486,1,1,1,7910000,5,9.3,13,14000000,5,adventure|mountain|nature|photography|wildlife,0,0.62124
45,226,0.26394,0,1,0,7020000,3,9.0,111,14000000,5,adventure|mountain|nature|photography|wildlife,0,0.44486
45,1,0.13226,0,0,0,14160000,4,9.0,35,14000000,5,adventure|mountain|nature|photography|wildlife,0,0.41572
45,173,0.77603,0,1,0,7150000,3,9.4,6,14000000,5,adventure|mountain|nature|photography|wildlife,1,0.66393
45,163,0.19831,1,1,0,6910000,3,7.6,92,14000000,5,adventure|mountain|nature|photography|wildlife,0,0.58329
45,95,0.05321,0,1,0,12960000,4,7.5,31,14000000,5,adventure|mountain|nature|photography|wildlife,0,0.36935
45,37,0.18966,0,1,0,7470000,4,9.4,37,14000000,5,adventure|mountain|nature|photography|wildlife,0,0.44566
45,45,0.80376,0,1,0,8730000,3,8.1,21,14000000,5,adventure|mountain|nature|photography|wildlife,0,0.66258
45,58,0.02024,1,1,0,5490000,4,7.7,45,14000000,5,adventure|mountain|nature|photography|wildlife,1,0.5375
45,187,0.05257,0,1,0,4850000,4,9.4,44,14000000,5,adventure|mountain|nature|photography|wildlife,0,0.38808
45,167,0.23235,0,1,0,9750000,3,8.5,4,14000000,5,adventure|mountain|nature|photography|wildlife,0,0.42659
45,48,0.33539,0,1,0,4820000,4,9.2,103,14000000,5,adventure|mountain|nature|photography|wildlife,0,0.50486
45,34,0.7565,0,1,1,4830000,5,7.8,107,14000000,5,adventure|mountain|nature|photography|wildlife,1,0.69573
45,81,0.07917,1,1,0,4940000,4,9.0,17,14000000,5,adventure|mountain|nature|photography|wildlife,1,0.57525
45,228,0.8112,0,1,0,7690000,3,7.6,7,14000000,5,adventure|mountain|nature|photography|wildlife,1,0.6607
45,41,0.27144,0,1,0,6960000,4,9.1,101,14000000,5,adventure|mountain|nature|photography|wildlife,0,0.477
45,100,0.1197,1,1,0,6530000,3,9.3,83,14000000,5,adventure|mountain|nature|photography|wildlife,1,0.56728
45,205,0.13016,0,1,0,5780000,2,7.9,69,14000000,5,adventure|mountain|nature|photography|wildlife,0,0.34967
45,38,0.27025,0,1,0,3520000,3,8.5,21,14000000,5,adventure|mountain|nature|photography|wildlife,0,0.44251
45,12,0.48723,0,1,0,5140000,4,9.6,114,14000000,5,adventure|mountain|nature|photography|wildlife,0,0.57264
45,42,0.05796,1,1,0,5460000,2,8.4,104,14000000,5,adventure|mountain|nature|photography|wildlife,0,0.50434
45,29,0.15377,0,1,0,11690000,3,7.6,35,14000000,5,adventure|mountain|nature|photography|wildlife,0,0.38458
46,124,0.20266,1,0,0,7340000,5,8.1,59,4000000,2,beach|food|photography|relax|romantic,0,0.42852
46,149,0.44165,1,0,0,6170000,5,7.9,53,4000000,2,beach|food|photography|relax|romantic,1,0.57369
46,157,0.51496,1,0,0,11560000,5,9.6,14,4000000,2,beach|food|photography|relax|romantic,0,0.54828
46,196,0.61202,0,0,0,14200000,4,8.3,67,4000000,2,beach|food|photography|relax|romantic,0,0.42405
46,74,0.50714,1,1,0,3870000,5,7.7,59,4000000,2,beach|food|photography|relax|romantic,1,0.686
46,222,0.46739,1,0,0,10940000,4,9.6,70,4000000,2,beach|food|photography|relax|romantic,0,0.5563
46,54,0.57556,0,0,0,8910000,5,7.6,95,4000000,2,beach|food|photography|relax|romantic,0,0.37374
46,103,0.65209,0,0,0,5020000,3,9.3,30,4000000,2,beach|food|photography|relax|romantic,0,0.59808
46,181,0.67874,0,0,0,5530000,5,8.0,103,4000000,2,beach|food|photography|relax|romantic,1,0.51987
46,51,0.56109,1,0,0,11500000,5,7.8,99,4000000,2,beach|food|photography|relax|romantic,0,0.54966
46,189,0.3072,0,1,0,2850000,4,7.7,89,4000000,2,beach|food|photography|relax|romantic,1,0.45002
46,36,0.75501,0,0,0,4630000,4,9.0,57,4000000,2,beach|food|photography|relax|romantic,1,0.6259
46,158,0.52222,0,0,0,13970000,3,8.9,45,4000000,2,beach|food|photography|relax|romantic,0,0.42033
46,232,0.40241,1,0,0,10030000,3,8.8,50,4000000,2,beach|food|photography|relax|romantic,1,0.54901
46,90,0.34038,0,1,1,2330000,2,9.0,69,4000000,2,beach|food|photography|relax|romantic,1,0.53296
46,225,0.7042,0,0,0,5050000,5,8.1,21,4000000,2,beach|food|photography|relax|romantic,1,0.55076
46,161,0.61161,0,0,0,6500000,4,7.5,57,4000000,2,beach|food|photography|relax|romantic,0,0.47588
46,52,0.63911,0,0,0,7200000,4,7.7,116,4000000,2,beach|food|photography|relax|romantic,0,0.46143
46,212,0.65177,0,0,0,7390000,3,8.7,47,4000000,2,beach|food|photography|relax|romantic,0,0.49714
46,224,0.47522,1,0,0,9610000,5,8.2,93,4000000,2,beach|food|photography|relax|romantic,0,0.51759
46,152,0.55091,1,0,0,10060000,3,8.7,54,4000000,2,beach|food|photography|relax|romantic,1,0.61038
46,184,0.53254,0,0,0,5580000,3,7.6,35,4000000,2,beach|food|photography|relax|romantic,0,0.50847
46,237,0.25478,0,0,0,4570000,3,9.1,117,4000000,2,beach|food|photography|relax|romantic,0,0.44721
46,81,0.27176,0,0,0,4940000,4,9.0,17,4000000,2,beach|food|photography|relax|romantic,0,0.41054
46,15,0.27073,1,0,0,7150000,3,8.9,23,4000000,2,beach|food|photography|relax|romantic,0,0.52871
46,45,0.24632,1,0,0,8730000,3,8.1,21,4000000,2,beach|food|photography|relax|romantic,0,0.47645
46,58,0.2095,0,0,0,5490000,4,7.7,45,4000000,2,beach|food|photography|relax|romantic,0,0.34939
46,88,0.21853,0,0,0,6870000,4,9.3,31,4000000,2,beach|food|photography|relax|romantic,0,0.31398
46,216,0.43076,1,0,0,5630000,4,9.4,104,4000000,2,beach|food|photography|relax|romantic,0,0.63372
46,172,0.51828,0,0,0,7580000,5,7.6,79,4000000,2,beach|food|photography|relax|romantic,0,0.36648
46,209,0.5763,1,0,0,8360000,4,9.1,41,4000000,2,beach|food|photography|relax|romantic,1,0.59705
46,5,0.59696,0,0,0,15690000,5,8.2,115,4000000,2,beach|food|photography|relax|romantic,0,0.38872
46,219,0.56591,0,0,0,8840000,3,9.2,91,4000000,2,beach|food|photography|relax|romantic,1,0.44168
46,180,0.69038,0,0,0,5160000,4,9.3,30,4000000,2,beach|food|photography|relax|romantic,0,0.58056
46,146,0.29912,1,0,0,9730000,3,9.7,47,4000000,2,beach|food|photography|relax|romantic,1,0.51463
46,186,0.31495,1,0,0,6850000,3,9.0,61,4000000,2,beach|food|photography|relax|romantic,1,0.56028
46,14,0.56185,0,0,0,4940000,5,8.9,82,4000000,2,beach|food|photography|relax|romantic,0,0.50338
46,176,0.56418,0,0,0,7390000,5,9.1,92,4000000,2,beach|food|photography|relax|romantic,0,0.40835
46,122,0.64592,0,0,0,5960000,3,9.4,46,4000000,2,beach|food|photography|relax|romantic,1,0.55889
46,115,0.44892,0,0,0,6680000,4,8.7,31,4000000,2,beach|food|photography|relax|romantic,0,0.41234
46,16,0.31352,0,0,0,6240000,3,9.3,113,4000000,2,beach|food|photography|relax|romantic,0,0.40708
46,71,0.25523,0,0,0,8030000,3,9.5,81,4000000,2,beach|food|photography|relax|romantic,0,0.31419
46,72,0.67136,0,0,0,6980000,3,8.9,58,4000000,2,beach|food|photography|relax|romantic,0,0.52377
46,166,0.23754,0,0,0,6610000,4,7.9,101,4000000,2,beach|food|photography|relax|romantic,0,0.31837
46,87,0.66357,0,0,0,6390000,4,8.7,39,4000000,2,beach|food|photography|relax|romantic,0,0.5141
46,9,0.69142,0,0,0,9390000,4,8.0,60,4000000,2,beach|food|photography|relax|romantic,0,0.4544
46,99,0.45092,1,0,0,7510000,5,8.5,34,4000000,2,beach|food|photography|relax|romantic,0,0.52998
46,92,0.27086,0,0,0,5150000,3,8.1,31,4000000,2,beach|food|photography|relax|romantic,0,0.42076
46,44,0.46669,1,0,0,5620000,4,7.4,19,4000000,2,beach|food|photography|relax|romantic,1,0.62921
46,207,0.41137,1,1,0,3610000,4,8.7,64,4000000,2,beach|food|photography|relax|romantic,1,0.68378
46,194,0.5828,0,0,0,8690000,3,9.4,66,4000000,2,beach|food|photography|relax|romantic,0,0.45078
46,49,0.56427,0,0,0,5810000,3,8.0,112,4000000,2,beach|food|photography|relax|romantic,1,0.51659
46,223,0.72261,0,0,0,6120000,4,7.6,85,4000000,2,beach|food|photography|relax|romantic,0,0.53869
46,211,0.46537,0,0,0,4990000,4,9.4,22,4000000,2,beach|food|photography|relax|romantic,0,0.49386
46,78,0.27704,0,0,0,6430000,4,9.1,48,4000000,2,beach|food|photography|relax|romantic,0,0.35416
46,19,0.609,0,0,0,5280000,3,9.2,81,4000000,2,beach|food|photography|relax|romantic,1,0.56858
46,153,0.68956,0,0,0,8920000,5,9.0,5,4000000,2,beach|food|photography|relax|romantic,0,0.43561
46,169,0.54253,0,0,0,5620000,5,8.8,5,4000000,2,beach|food|photography|relax|romantic,0,0.46706
46,62,0.61382,0,0,0,15980000,4,7.5,22,4000000,2,beach|food|photography|relax|romantic,0,0.4168
46,168,0.56345,0,0,0,6140000,3,8.9,101,4000000,2,beach|food|photography|relax|romantic,0,0.51205
46,79,0.41806,1,0,0,5640000,3,9.6,35,4000000,2,beach|food|photography|relax|romantic,1,0.65799
46,167,0.52104,0,0,0,9750000,3,8.5,4,4000000,2,beach|food|photography|relax|romantic,0,0.41584
46,95,0.63419,0,0,0,12960000,4,7.5,31,4000000,2,beach|food|photography|relax|romantic,0,0.42536
46,29,0.59097,0,0,0,11690000,3,7.6,35,4000000,2,beach|food|photography|relax|romantic,0,0.43621
46,165,0.53898,1,0,0,10700000,4,7.6,38,4000000,2,beach|food|photography|relax|romantic,1,0.56637
46,17,0.59078,0,0,0,11980000,4,8.3,109,4000000,2,beach|food|photography|relax|romantic,1,0.41513
46,199,0.67121,0,0,0,7500000,4,8.6,40,4000000,2,beach|food|photography|relax|romantic,0,0.47191
46,117,0.30072,0,0,0,4370000,3,8.4,32,4000000,2,beach|food|photography|relax|romantic,0,0.4675
46,106,0.28415,0,1,0,3480000,3,7.6,42,4000000,2,beach|food|photography|relax|romantic,0,0.46734
46,218,0.47234,0,0,0,11480000,4,8.8,31,4000000,2,beach|food|photography|relax|romantic,0,0.37038
47,57,0.49955,0,1,0,5360000,3,8.5,66,8000000,2,beach|budget|city|family|food,1,0.56681
47,117,0.55149,0,1,0,4370000,3,8.4,32,8000000,2,beach|budget|city|family|food,0,0.58763
47,112,0.38436,1,1,0,5970000,3,8.8,119,8000000,2,beach|budget|city|family|food,1,0.70143
47,83,0.33034,1,0,0,13980000,3,9.5,52,8000000,2,beach|budget|city|family|food,0,0.56614
47,150,0.45568,1,0,1,9710000,2,8.3,87,8000000,2,beach|budget|city|family|food,1,0.72019
47,154,0.65897,1,1,0,5130000,5,7.8,26,8000000,2,beach|budget|city|family|food,1,0.75077
47,89,0.12829,0,1,0,4550000,4,8.5,70,8000000,2,beach|budget|city|family|food,0,0.38288
47,2,0.30364,1,1,0,5410000,5,9.1,111,8000000,2,beach|budget|city|family|food,0,0.61453
47,33,0.18825,0,1,0,6090000,3,8.9,45,8000000,2,beach|budget|city|family|food,0,0.44006
47,169,0.3418,1,1,0,5620000,5,8.8,5,8000000,2,beach|budget|city|family|food,1,0.62756
47,170,0.29286,1,0,0,14230000,3,8.1,81,8000000,2,beach|budget|city|family|food,0,0.5314
47,102,0.10979,0,1,0,7740000,4,9.2,79,8000000,2,beach|budget|city|family|food,0,0.38211
47,105,0.26572,1,0,0,12640000,4,8.4,30,8000000,2,beach|budget|city|family|food,1,0.5268
47,72,0.22507,0,1,0,6980000,3,8.9,58,8000000,2,beach|budget|city|family|food,0,0.45553
47,233,0.61567,1,1,0,6800000,3,8.3,19,8000000,2,beach|budget|city|family|food,1,0.79358
47,103,0.13923,0,1,0,5020000,3,9.3,30,8000000,2,beach|budget|city|family|food,0,0.42348
47,183,0.28161,0,1,0,6720000,5,8.9,109,8000000,2,beach|budget|city|family|food,0,0.42328
47,38,0.61842,0,1,0,3520000,3,8.5,21,8000000,2,beach|budget|city|family|food,0,0.61674
47,56,0.30537,0,0,0,12680000,3,9.5,77,8000000,2,beach|budget|city|family|food,0,0.40166
47,24,0.62569,0,1,0,5890000,5,8.1,9,8000000,2,beach|budget|city|family|food,0,0.55979
47,160,0.2424,0,1,0,3970000,4,9.2,69,8000000,2,beach|budget|city|family|food,0,0.43781
47,79,0.24312,0,1,0,5640000,3,9.6,35,8000000,2,beach|budget|city|family|food,0,0.47011
47,120,0.71371,0,1,0,7330000,3,9.1,82,8000000,2,beach|budget|city|family|food,0,0.66276
47,58,0.56841,0,1,0,5490000,4,7.7,45,8000000,2,beach|budget|city|family|food,0,0.55973
47,137,0.2003,0,1,0,6170000,4,8.6,51,8000000,2,beach|budget|city|family|food,0,0.41413
47,176,0.36288,1,1,0,7390000,5,9.1,92,8000000,2,beach|budget|city|family|food,1,0.63941
47,53,0.32119,0,1,0,6850000,4,8.6,65,8000000,2,beach|budget|city|family|food,0,0.4649
47,217,0.53397,1,1,0,6180000,5,8.0,78,8000000,2,beach|budget|city|family|food,1,0.70027
47,168,0.34375,1,1,0,6140000,3,8.9,101,8000000,2,beach|budget|city|family|food,1,0.68538
47,182,0.4564,0,1,1,5640000,2,9.5,25,8000000,2,beach|budget|city|family|food,1,0.58669
47,124,0.03108,0,1,0,7340000,5,8.1,59,8000000,2,beach|budget|city|family|food,0,0.31005
47,111,0.0,0,1,1,3320000,2,7.8,110,8000000,2,beach|budget|city|family|food,0,0.378
47,230,0.2042,0,1,0,6950000,5,7.5,10,8000000,2,beach|budget|city|family|food,0,0.37676
47,21,0.52724,1,1,0,7690000,5,7.8,21,8000000,2,beach|budget|city|family|food,1,0.69544
47,86,0.38917,1,0,0,10640000,3,9.1,83,8000000,2,beach|budget|city|family|food,0,0.65365
47,55,0.07951,0,1,0,6780000,4,8.3,68,8000000,2,beach|budget|city|family|food,0,0.36039
47,119,0.4895,1,1,0,6250000,4,7.4,42,8000000,2,beach|budget|city|family|food,0,0.70359
47,127,0.51196,1,1,0,5620000,4,7.9,52,8000000,2,beach|budget|city|family|food,0,0.71802
47,151,0.16118,0,1,0,7800000,3,7.8,89,8000000,2,beach|budget|city|family|food,0,0.41769
47,88,0.0,0,1,0,6870000,4,9.3,31,8000000,2,beach|budget|city|family|food,0,0.337
47,113,0.3441,1,0,0,8040000,3,9.3,109,8000000,2,beach|budget|city|family|food,1,0.68872
47,54,0.65294,0,0,0,8910000,5,7.6,95,8000000,2,beach|budget|city|family|food,0,0.54803
47,35,0.23546,0,1,0,4230000,3,7.8,93,8000000,2,beach|budget|city|family|food,1,0.44889
47,202,0.42968,1,1,1,3200000,2,9.2,60,8000000,2,beach|budget|city|family|food,1,0.75247
47,153,0.61719,0,0,0,8920000,5,9.0,5,8000000,2,beach|budget|city|family|food,0,0.54682
47,200,0.57191,0,1,0,7780000,4,8.8,20,8000000,2,beach|budget|city|family|food,0,0.5722
47,187,0.56401,1,1,0,4850000,4,9.4,44,8000000,2,beach|budget|city|family|food,1,0.75489
47,144,0.08598,0,1,1,7040000,2,9.6,16,8000000,2,beach|budget|city|family|food,0,0.43211
47,9,0.48741,1,0,0,9390000,4,8.0,60,8000000,2,beach|budget|city|family|food,1,0.68091
47,43,0.2815,0,0,0,8280000,3,8.4,120,8000000,2,beach|budget|city|family|food,1,0.46863
47,156,0.05001,0,1,1,7480000,2,9.0,38,8000000,2,beach|budget|city|family|food,0,0.41101
47,198,0.2001,0,1,0,5820000,3,8.6,8,8000000,2,beach|budget|city|family|food,0,0.44204
47,6,0.20587,0,1,0,4460000,5,8.8,16,8000000,2,beach|budget|city|family|food,0,0.39047
47,184,0.44687,1,1,0,5580000,3,7.6,35,8000000,2,beach|budget|city|family|food,1,0.71568
47,159,0.32631,1,0,1,11760000,2,9.2,85,8000000,2,beach|budget|city|family|food,1,0.63385
47,177,0.45385,1,0,0,11590000,4,7.5,90,8000000,2,beach|budget|city|family|food,1,0.61782
47,143,0.29316,0,1,0,7280000,4,7.6,88,8000000,2,beach|budget|city|family|food,0,0.44313
47,173,0.0,0,1,0,7150000,3,9.4,6,8000000,2,beach|budget|city|family|food,0,0.366
47,17,0.31812,1,0,0,11980000,4,8.3,109,8000000,2,beach|budget|city|family|food,1,0.56101
47,140,0.1576,0,1,0,3330000,5,9.2,94,8000000,2,beach|budget|city|family|food,0,0.37419
47,146,0.1071,0,0,0,9730000,3,9.7,47,8000000,2,beach|budget|city|family|food,0,0.37938
47,178,0.60642,1,1,0,4150000,3,9.3,40,8000000,2,beach|budget|city|family|food,1,0.79969
47,199,0.20791,0,1,0,7500000,4,8.6,40,8000000,2,beach|budget|city|family|food,0,0.41732
47,39,0.24394,0,1,0,7320000,3,8.0,80,8000000,2,beach|budget|city|family|food,0,0.45445
47,216,0.66441,1,1,0,5630000,4,9.4,104,8000000,2,beach|budget|city|family|food,1,0.79705
47,189,0.45103,0,1,0,2850000,4,7.7,89,8000000,2,beach|budget|city|family|food,0,0.51043
47,211,0.3523,1,1,0,4990000,4,9.4,22,8000000,2,beach|budget|city|family|food,1,0.66597
47,196,0.31324,1,0,0,14200000,4,8.3,67,8000000,2,beach|budget|city|family|food,0,0.51456
47,201,0.4093,1,0,0,8110000,5,8.7,69,8000000,2,beach|budget|city|family|food,1,0.65271
47,76,0.2952,0,1,0,4280000,5,8.3,39,8000000,2,beach|budget|city|family|food,0,0.42298
48,2,0.06209,0,1,0,5410000,5,9.1,111,18000000,3,city|food|nightlife|photography|shopping,0,0.36108
48,214,0.66548,1,1,0,4300000,4,7.8,103,18000000,3,city|food|nightlife|photography|shopping,1,0.8095
48,178,0.44882,1,1,1,4150000,3,9.3,40,18000000,3,city|food|nightlife|photography|shopping,1,0.76151
48,168,0.06183,0,1,1,6140000,3,8.9,101,18000000,3,city|food|nightlife|photography|shopping,1,0.41497
48,236,0.22061,0,1,0,14120000,4,8.3,70,18000000,3,city|food|nightlife|photography|shopping,0,0.44766
48,96,0.41434,1,1,1,4840000,3,7.8,118,18000000,3,city|food|nightlife|photography|shopping,1,0.73202
48,221,0.41065,1,1,0,3220000,5,8.2,86,18000000,3,city|food|nightlife|photography|shopping,0,0.67847
48,146,0.27971,0,1,1,9730000,3,9.7,47,18000000,3,city|food|nightlife|photography|shopping,1,0.51448
48,145,0.15748,0,1,0,5440000,5,7.9,10,18000000,3,city|food|nightlife|photography|shopping,0,0.38914
48,103,0.3872,1,1,1,5020000,3,9.3,30,18000000,3,city|food|nightlife|photography|shopping,1,0.73563
48,213,0.43083,0,1,0,5480000,4,9.1,25,18000000,3,city|food|nightlife|photography|shopping,1,0.54395
48,126,0.59941,1,1,1,9260000,3,8.4,85,18000000,3,city|food|nightlife|photography|shopping,1,0.81575
48,177,0.22763,0,1,0,11590000,4,7.5,90,18000000,3,city|food|nightlife|photography|shopping,0,0.44261
48,120,0.63948,1,1,1,7330000,3,9.1,82,18000000,3,city|food|nightlife|photography|shopping,1,0.83958
48,28,0.08953,0,1,0,12790000,4,8.6,66,18000000,3,city|food|nightlife|photography|shopping,0,0.3956
48,34,0.26078,0,1,0,4830000,5,7.8,107,18000000,3,city|food|nightlife|photography|shopping,0,0.43153
48,69,0.45559,0,1,0,5280000,2,8.1,71,18000000,3,city|food|nightlife|photography|shopping,1,0.54435
48,64,0.34539,1,1,1,3540000,3,9.1,12,18000000,3,city|food|nightlife|photography|shopping,1,0.71606
48,11,0.53319,1,1,0,8160000,4,8.8,13,18000000,3,city|food|nightlife|photography|shopping,1,0.76394
48,237,0.60415,1,1,1,4570000,3,9.1,117,18000000,3,city|food|nightlife|photography|shopping,1,0.82474
48,57,0.7017,1,1,1,5360000,3,8.5,66,18000000,3,city|food|nightlife|photography|shopping,1,0.85971
48,109,0.34713,0,1,1,5450000,3,7.6,70,18000000,3,city|food|nightlife|photography|shopping,0,0.52179
48,82,0.42399,0,1,0,6740000,2,8.9,16,18000000,3,city|food|nightlife|photography|shopping,0,0.53907
48,156,0.25233,0,1,0,7480000,2,9.0,38,18000000,3,city|food|nightlife|photography|shopping,1,0.46798
48,97,0.05159,0,1,1,9930000,3,7.6,41,18000000,3,city|food|nightlife|photography|shopping,0,0.39767
48,37,0.37243,0,1,0,7470000,4,9.4,37,18000000,3,city|food|nightlife|photography|shopping,0,0.52242
48,32,0.04214,0,1,1,6600000,3,7.6,4,18000000,3,city|food|nightlife|photography|shopping,0,0.3937
48,134,0.39047,1,1,0,3330000,4,7.8,89,18000000,3,city|food|nightlife|photography|shopping,0,0.694
48,239,0.52386,0,1,1,5380000,3,7.5,103,18000000,3,city|food|nightlife|photography|shopping,1,0.59502
48,35,0.45054,0,1,1,4230000,3,7.8,93,18000000,3,city|food|nightlife|photography|shopping,0,0.56723
48,78,0.63198,1,1,0,6430000,4,9.1,48,18000000,3,city|food|nightlife|photography|shopping,1,0.80843
48,174,0.61993,1,1,0,5910000,5,9.4,38,18000000,3,city|food|nightlife|photography|shopping,1,0.77837
48,119,0.57349,0,1,0,6250000,4,7.4,42,18000000,3,city|food|nightlife|photography|shopping,0,0.58687
48,155,0.44592,1,1,0,4600000,4,9.4,111,18000000,3,city|food|nightlife|photography|shopping,1,0.73328
48,73,0.38663,1,1,1,7600000,3,8.4,56,18000000,3,city|food|nightlife|photography|shopping,1,0.72638
48,175,0.46446,1,1,0,5040000,4,8.4,87,18000000,3,city|food|nightlife|photography|shopping,1,0.73107
48,196,0.06151,0,1,0,14200000,4,8.3,67,18000000,3,city|food|nightlife|photography|shopping,0,0.38083
48,140,0.34494,1,1,0,3330000,5,9.2,94,18000000,3,city|food|nightlife|photography|shopping,0,0.66088
48,58,0.78398,0,1,0,5490000,4,7.7,45,18000000,3,city|food|nightlife|photography|shopping,0,0.67827
48,181,0.70171,1,1,0,5530000,5,8.0,103,18000000,3,city|food|nightlife|photography|shopping,1,0.79872
48,202,0.44808,0,1,0,3200000,2,9.2,60,18000000,3,city|food|nightlife|photography|shopping,0,0.55219
48,43,0.50775,0,1,1,8280000,3,8.4,120,18000000,3,city|food|nightlife|photography|shopping,0,0.59726
48,133,0.511,0,1,1,5680000,3,9.6,72,18000000,3,city|food|nightlife|photography|shopping,1,0.61062
48,170,0.16292,0,1,1,14230000,3,8.1,81,18000000,3,city|food|nightlife|photography|shopping,0,0.44942
48,13,0.26456,0,1,1,10390000,3,8.6,44,18000000,3,city|food|nightlife|photography|shopping,1,0.49712
48,198,0.36046,1,1,1,5820000,3,8.6,8,18000000,3,city|food|nightlife|photography|shopping,0,0.71739
48,224,0.04014,0,1,0,9610000,5,8.2,93,18000000,3,city|food|nightlife|photography|shopping,0,0.34286
48,130,0.30793,0,1,0,6320000,4,8.0,10,18000000,3,city|food|nightlife|photography|shopping,0,0.48133
48,101,0.62555,1,1,0,9040000,5,7.7,53,18000000,3,city|food|nightlife|photography|shopping,1,0.76373
48,207,0.43195,1,1,0,3610000,4,8.7,64,18000000,3,city|food|nightlife|photography|shopping,1,0.72042
48,53,0.42991,0,1,0,6850000,4,8.6,65,18000000,3,city|food|nightlife|photography|shopping,0,0.53856
48,229,0.29036,0,1,0,10990000,4,8.5,60,18000000,3,city|food|nightlife|photography|shopping,1,0.47895
48,114,0.0,0,1,1,10820000,3,9.0,71,18000000,3,city|food|nightlife|photography|shopping,0,0.39
48,27,0.26226,0,1,0,6140000,2,8.9,98,18000000,3,city|food|nightlife|photography|shopping,0,0.47115
48,81,0.5679,1,1,0,4940000,4,9.0,17,18000000,3,city|food|nightlife|photography|shopping,1,0.78052
48,117,0.56452,1,1,1,4370000,3,8.4,32,18000000,3,city|food|nightlife|photography|shopping,1,0.8011
48,128,0.10921,0,1,1,13980000,3,9.1,49,18000000,3,city|food|nightlife|photography|shopping,0,0.43687
48,183,0.05314,0,1,0,6720000,5,8.9,109,18000000,3,city|food|nightlife|photography|shopping,0,0.35532
48,132,0.7455,0,1,1,7100000,3,9.1,74,18000000,3,city|food|nightlife|photography|shopping,1,0.70411
48,65,0.20591,0,1,0,5980000,4,8.1,6,18000000,3,city|food|nightlife|photography|shopping,0,0.43948
48,234,0.32897,1,1,0,3470000,4,7.4,6,18000000,3,city|food|nightlife|photography|shopping,1,0.66417
48,59,0.41207,0,1,0,6780000,4,8.2,72,18000000,3,city|food|nightlife|photography|shopping,1,0.52707
48,193,0.11309,0,1,1,9300000,3,8.2,66,18000000,3,city|food|nightlife|photography|shopping,0,0.4295
48,238,0.10024,0,1,0,6620000,5,8.4,111,18000000,3,city|food|nightlife|photography|shopping,0,0.3701
48,231,0.23562,0,1,0,3590000,4,9.4,36,18000000,3,city|food|nightlife|photography|shopping,1,0.46496
48,19,0.62994,1,1,1,5280000,3,9.2,81,18000000,3,city|food|nightlife|photography|shopping,1,0.83658
48,148,0.0,0,1,0,11060000,4,9.6,44,18000000,3,city|food|nightlife|photography|shopping,0,0.368
48,54,0.67067,1,1,0,8910000,5,7.6,95,18000000,3,city|food|nightlife|photography|shopping,1,0.78168
48,142,0.57236,1,1,0,6670000,4,9.5,72,18000000,3,city|food|nightlife|photography|shopping,1,0.78739
48,212,0.54781,1,1,1,7390000,3,8.7,47,18000000,3,city|food|nightlife|photography|shopping,1,0.79708
49,207,0.37833,0,1,1,3610000,4,8.7,64,4000000,4,city|culture|food|history|spiritual,1,0.5459
49,180,0.24008,0,0,1,5160000,4,9.3,30,4000000,4,city|culture|food|history|spiritual,0,0.44743
49,10,0.15559,0,1,1,3750000,4,9.7,57,4000000,4,city|culture|food|history|spiritual,0,0.46235
49,126,0.51025,0,0,0,9260000,3,8.4,85,4000000,4,city|culture|food|history|spiritual,0,0.41031
49,111,0.26132,1,1,0,3320000,2,7.8,110,4000000,4,city|culture|food|history|spiritual,1,0.61175
49,159,0.03025,0,0,0,11760000,2,9.2,85,4000000,4,city|culture|food|history|spiritual,0,0.1887
49,211,0.02792,0,0,1,4990000,4,9.4,22,4000000,4,city|culture|food|history|spiritual,0,0.36612
49,7,0.47863,0,0,0,7910000,5,9.3,13,4000000,4,city|culture|food|history|spiritual,0,0.40962
49,212,0.28071,0,0,0,7390000,3,8.7,47,4000000,4,city|culture|food|history|spiritual,0,0.3413
49,170,0.20525,0,0,0,14230000,3,8.1,81,4000000,4,city|culture|food|history|spiritual,0,0.27921
49,53,0.53018,0,0,1,6850000,4,8.6,65,4000000,4,city|culture|food|history|spiritual,0,0.49468
49,29,0.1005,0,0,0,11690000,3,7.6,35,4000000,4,city|culture|food|history|spiritual,0,0.23021
49,23,0.28391,1,0,1,7230000,4,8.5,118,4000000,4,city|culture|food|history|spiritual,1,0.55504
49,229,0.0249,0,0,1,10990000,4,8.5,60,4000000,4,city|culture|food|history|spiritual,0,0.23546
49,97,0.51065,0,0,0,9930000,3,7.6,41,4000000,4,city|culture|food|history|spiritual,0,0.40247
49,114,0.4598,0,0,0,10820000,3,9.0,71,4000000,4,city|culture|food|history|spiritual,0,0.39511
49,129,0.18199,0,0,0,4650000,5,9.7,7,4000000,4,city|culture|food|history|spiritual,0,0.41944
49,81,0.76967,1,0,1,4940000,4,9.0,17,4000000,4,city|culture|food|history|spiritual,1,0.85566
49,166,0.23847,1,0,1,6610000,4,7.9,101,4000000,4,city|culture|food|history|spiritual,1,0.55476
49,165,0.47157,0,0,1,10700000,4,7.6,38,4000000,4,city|culture|food|history|spiritual,0,0.41406
49,88,0.19679,1,0,1,6870000,4,9.3,31,4000000,4,city|culture|food|history|spiritual,1,0.54085
49,134,0.14522,0,1,1,3330000,4,7.8,89,4000000,4,city|culture|food|history|spiritual,0,0.43899
49,136,0.62856,0,0,0,6220000,3,8.1,117,4000000,4,city|culture|food|history|spiritual,0,0.5282
49,161,0.15719,0,0,1,6500000,4,7.5,57,4000000,4,city|culture|food|history|spiritual,0,0.34102
49,140,0.23386,0,1,0,3330000,5,9.2,94,4000000,4,city|culture|food|history|spiritual,0,0.46222
49,122,0.54516,0,0,0,5960000,3,9.4,46,4000000,4,city|culture|food|history|spiritual,1,0.51657
49,27,0.3021,1,0,0,6140000,2,8.9,98,4000000,4,city|culture|food|history|spiritual,0,0.55428
49,216,0.40996,0,0,1,5630000,4,9.4,104,4000000,4,city|culture|food|history|spiritual,1,0.50098
49,5,0.2254,0,0,0,15690000,5,8.2,115,4000000,4,city|culture|food|history|spiritual,0,0.28867
49,185,0.16032,0,1,1,4000000,4,8.9,82,4000000,4,city|culture|food|history|spiritual,0,0.45633
49,62,0.1648,0,0,1,15980000,4,7.5,22,4000000,4,city|culture|food|history|spiritual,0,0.28422
49,217,0.27503,0,0,0,6180000,5,8.0,78,4000000,4,city|culture|food|history|spiritual,0,0.38031
49,210,0.25293,0,0,0,7500000,3,7.5,13,4000000,4,city|culture|food|history|spiritual,0,0.31323
49,231,0.22504,1,1,1,3590000,4,9.4,36,4000000,4,city|culture|food|history|spiritual,1,0.66852
49,177,0.17231,0,0,1,11590000,4,7.5,90,4000000,4,city|culture|food|history|spiritual,0,0.28737
49,110,0.64064,0,0,1,7520000,4,9.4,73,4000000,4,city|culture|food|history|spiritual,0,0.52227
49,49,0.21126,0,0,0,5810000,3,8.0,112,4000000,4,city|culture|food|history|spiritual,0,0.36833
49,192,0.52904,0,0,0,4770000,2,9.4,30,4000000,4,city|culture|food|history|spiritual,1,0.5294
49,34,0.22075,0,0,0,4830000,5,7.8,107,4000000,4,city|culture|food|history|spiritual,0,0.40951
49,56,0.4859,0,0,0,12680000,3,9.5,77,4000000,4,city|culture|food|history|spiritual,0,0.41108
49,132,0.55495,0,0,0,7100000,3,9.1,74,4000000,4,city|culture|food|history|spiritual,0,0.47208
49,127,0.93841,0,0,1,5620000,4,7.9,52,4000000,4,city|culture|food|history|spiritual,0,0.70833
49,152,0.53567,0,0,0,10060000,3,8.7,54,4000000,4,city|culture|food|history|spiritual,0,0.42398
49,75,0.14299,0,0,0,14320000,3,8.5,11,4000000,4,city|culture|food|history|spiritual,0,0.25705
49,30,0.28227,1,1,0,3620000,3,8.3,117,4000000,4,city|culture|food|history|spiritual,1,0.65355
49,191,0.5397,0,0,1,6590000,4,7.5,40,4000000,4,city|culture|food|history|spiritual,0,0.49807
49,2,0.15499,0,0,0,5410000,5,9.1,111,4000000,4,city|culture|food|history|spiritual,0,0.37169
49,22,0.22582,0,0,0,8170000,3,8.5,27,4000000,4,city|culture|food|history|spiritual,0,0.29184
49,35,0.53681,0,0,0,4230000,3,7.8,93,4000000,4,city|culture|food|history|spiritual,0,0.56626
49,157,0.51618,0,0,0,11560000,5,9.6,14,4000000,4,city|culture|food|history|spiritual,1,0.42479
49,179,0.16208,0,0,0,5280000,3,9.5,68,4000000,4,city|culture|food|history|spiritual,0,0.38388
49,61,0.21002,1,1,0,3850000,2,7.4,61,4000000,4,city|culture|food|history|spiritual,0,0.58621
49,200,0.46429,0,0,1,7780000,4,8.8,20,4000000,4,city|culture|food|history|spiritual,0,0.4318
49,14,0.4812,0,0,0,4940000,5,8.9,82,4000000,4,city|culture|food|history|spiritual,0,0.52551
49,91,0.09333,0,0,0,5890000,5,9.6,48,4000000,4,city|culture|food|history|spiritual,0,0.3316
49,142,0.69073,1,0,1,6670000,4,9.5,72,4000000,4,city|culture|food|history|spiritual,1,0.75831
49,234,0.11982,0,1,1,3470000,4,7.4,6,4000000,4,city|culture|food|history|spiritual,0,0.42433
49,15,0.92137,0,0,0,7150000,3,8.9,23,4000000,4,city|culture|food|history|spiritual,1,0.62197
49,153,0.38287,0,0,0,8920000,5,9.0,5,4000000,4,city|culture|food|history|spiritual,0,0.3628
49,33,0.55546,0,0,0,6090000,3,8.9,45,4000000,4,city|culture|food|history|spiritual,0,0.51069
49,181,0.4553,0,0,0,5530000,5,8.0,103,4000000,4,city|culture|food|history|spiritual,0,0.48202
49,130,0.27943,0,0,1,6320000,4,8.0,10,4000000,4,city|culture|food|history|spiritual,0,0.40456
49,156,0.24039,1,0,0,7480000,2,9.0,38,4000000,4,city|culture|food|history|spiritual,0,0.47576
49,223,0.52986,0,0,1,6120000,4,7.6,85,4000000,4,city|culture|food|history|spiritual,1,0.51374
49,119,0.89671,0,0,1,6250000,4,7.4,42,4000000,4,city|culture|food|history|spiritual,0,0.66062
49,102,0.22932,1,0,1,7740000,4,9.2,79,4000000,4,city|culture|food|history|spiritual,0,0.51872
49,182,0.52799,0,0,0,5640000,2,9.5,25,4000000,4,city|culture|food|history|spiritual,0,0.49515
49,46,0.53123,0,0,0,8140000,3,9.5,53,4000000,4,city|culture|food|history|spiritual,0,0.43012
49,203,0.94138,0,0,0,4750000,2,8.4,43,4000000,4,city|culture|food|history|spiritual,1,0.69338
49,1,0.183,0,0,1,14160000,4,9.0,35,4000000,4,city|culture|food|history|spiritual,0,0.30686
50,162,0.49235,0,0,0,8680000,5,8.6,43,6000000,2,city|food|nightlife|photography|shopping,1,0.43732
50,39,0.14138,1,0,0,7320000,3,8.0,80,6000000,2,city|food|nightlife|photography|shopping,0,0.55618
50,123,0.51581,1,0,0,7390000,4,8.7,91,6000000,2,city|food|nightlife|photography|shopping,1,0.69057
50,231,0.16417,0,1,0,3590000,4,9.4,36,6000000,2,city|food|nightlife|photography|shopping,0,0.40695
50,105,0.0,1,0,0,12640000,4,8.4,30,6000000,2,city|food|nightlife|photography|shopping,0,0.348
50,163,0.16698,1,0,0,6910000,3,7.6,92,6000000,2,city|food|nightlife|photography|shopping,1,0.57387
50,204,0.11559,1,0,0,12320000,5,8.3,93,6000000,2,city|food|nightlife|photography|shopping,0,0.36755
50,132,0.80756,0,0,0,7100000,3,9.1,74,6000000,2,city|food|nightlife|photography|shopping,1,0.67284
50,83,0.14222,1,0,0,13980000,3,9.5,52,6000000,2,city|food|nightlife|photography|shopping,0,0.44673
50,173,0.16744,0,0,0,7150000,3,9.4,6,6000000,2,city|food|nightlife|photography|shopping,0,0.40566
50,93,0.16996,0,0,1,7290000,2,9.4,63,6000000,2,city|food|nightlife|photography|shopping,0,0.43098
50,73,0.37203,1,0,0,7600000,3,8.4,56,6000000,2,city|food|nightlife|photography|shopping,0,0.64958
50,24,0.48457,0,1,0,5890000,5,8.1,9,6000000,2,city|food|nightlife|photography|shopping,0,0.50052
50,222,0.04206,1,0,0,10940000,4,9.6,70,6000000,2,city|food|nightlife|photography|shopping,0,0.40593
50,38,0.58907,0,1,0,3520000,3,8.5,21,6000000,2,city|food|nightlife|photography|shopping,1,0.60441
50,226,0.27389,0,0,0,7020000,3,9.0,111,6000000,2,city|food|nightlife|photography|shopping,0,0.44983
50,3,0.18438,0,0,0,8200000,4,7.5,120,6000000,2,city|food|nightlife|photography|shopping,0,0.33777
50,51,0.03368,1,0,0,11500000,5,7.8,99,6000000,2,city|food|nightlife|photography|shopping,0,0.34148
50,48,0.53475,0,1,0,4820000,4,9.2,103,6000000,2,city|food|nightlife|photography|shopping,1,0.5606
50,207,0.45077,1,1,0,3610000,4,8.7,64,6000000,2,city|food|nightlife|photography|shopping,1,0.70032
50,23,0.27538,0,0,0,7230000,4,8.5,118,6000000,2,city|food|nightlife|photography|shopping,0,0.41186
50,188,0.63971,0,1,1,2280000,2,7.5,73,6000000,2,city|food|nightlife|photography|shopping,1,0.64368
50,84,0.82778,0,1,1,4910000,2,9.6,25,6000000,2,city|food|nightlife|photography|shopping,1,0.74367
50,186,0.42901,0,0,0,6850000,3,9.0,61,6000000,2,city|food|nightlife|photography|shopping,0,0.51952
50,68,0.53601,1,0,0,6910000,3,9.3,96,6000000,2,city|food|nightlife|photography|shopping,0,0.74586
50,167,0.14849,0,0,0,9750000,3,8.5,4,6000000,2,city|food|nightlife|photography|shopping,0,0.31936
50,201,0.10172,1,0,0,8110000,5,8.7,69,6000000,2,city|food|nightlife|photography|shopping,0,0.46946
50,80,0.59931,0,1,1,4630000,2,9.6,104,6000000,2,city|food|nightlife|photography|shopping,1,0.64771
50,239,0.53771,0,1,0,5380000,3,7.5,103,6000000,2,city|food|nightlife|photography|shopping,1,0.57284
50,110,0.43419,0,0,0,7520000,4,9.4,73,6000000,2,city|food|nightlife|photography|shopping,0,0.47982
50,216,0.53784,1,1,0,5630000,4,9.4,104,6000000,2,city|food|nightlife|photography|shopping,1,0.74389
50,184,0.29704,0,1,0,5580000,3,7.6,35,6000000,2,city|food|nightlife|photography|shopping,0,0.47276
50,1,0.01625,1,0,0,14160000,4,9.0,35,6000000,2,city|food|nightlife|photography|shopping,0,0.36083
50,133,0.5334,0,1,0,5680000,3,9.6,72,6000000,2,city|food|nightlife|photography|shopping,1,0.59203
50,171,0.5015,0,1,0,5570000,5,9.6,87,6000000,2,city|food|nightlife|photography|shopping,0,0.52263
50,121,0.46729,0,1,0,5510000,3,7.8,82,6000000,2,city|food|nightlife|photography|shopping,0,0.54626
50,189,0.88819,0,1,0,2850000,4,7.7,89,6000000,2,city|food|nightlife|photography|shopping,1,0.69404
50,95,0.12854,1,0,0,12960000,4,7.5,31,6000000,2,city|food|nightlife|photography|shopping,0,0.39299
50,64,0.3177,1,1,0,3540000,3,9.1,12,6000000,2,city|food|nightlife|photography|shopping,1,0.67643
50,37,0.40006,0,0,0,7470000,4,9.4,37,6000000,2,city|food|nightlife|photography|shopping,0,0.46682
50,131,0.741,0,1,1,3020000,2,8.6,118,6000000,2,city|food|nightlife|photography|shopping,1,0.69722
50,58,0.83448,0,1,0,5490000,4,7.7,45,6000000,2,city|food|nightlife|photography|shopping,1,0.67148
50,100,0.56542,0,0,0,6530000,3,9.3,83,6000000,2,city|food|nightlife|photography|shopping,1,0.58834
50,15,0.44879,0,0,0,7150000,3,8.9,23,6000000,2,city|food|nightlife|photography|shopping,0,0.51882
50,96,0.42579,1,1,0,4840000,3,7.8,118,6000000,2,city|food|nightlife|photography|shopping,0,0.70883
50,33,0.38987,0,0,0,6090000,3,8.9,45,6000000,2,city|food|nightlife|photography|shopping,1,0.52235
50,13,0.16827,0,0,0,10390000,3,8.6,44,6000000,2,city|food|nightlife|photography|shopping,0,0.31161
50,235,0.51563,0,0,0,8550000,3,9.7,29,6000000,2,city|food|nightlife|photography|shopping,1,0.51757
50,59,0.45823,0,0,0,6780000,4,8.2,72,6000000,2,city|food|nightlife|photography|shopping,0,0.49766
50,166,0.1752,0,0,0,6610000,4,7.9,101,6000000,2,city|food|nightlife|photography|shopping,0,0.38032
50,195,0.3155,1,1,0,5880000,5,8.4,105,6000000,2,city|food|nightlife|photography|shopping,0,0.61251
50,111,0.20674,0,1,1,3320000,2,7.8,110,6000000,2,city|food|nightlife|photography|shopping,0,0.46483
50,177,0.1661,0,0,0,11590000,4,7.5,90,6000000,2,city|food|nightlife|photography|shopping,0,0.2397
50,101,0.52547,0,0,0,9040000,5,7.7,53,6000000,2,city|food|nightlife|photography|shopping,0,0.43263
50,126,0.52301,0,0,0,9260000,3,8.4,85,6000000,2,city|food|nightlife|photography|shopping,0,0.48873
50,85,0.04738,1,0,0,11800000,3,9.0,111,6000000,2,city|food|nightlife|photography|shopping,0,0.40723
50,175,0.50157,1,1,0,5040000,4,8.4,87,6000000,2,city|food|nightlife|photography|shopping,1,0.71866
50,89,0.24429,0,1,0,4550000,4,8.5,70,6000000,2,city|food|nightlife|photography|shopping,0,0.4316
50,87,0.5311,0,0,0,6390000,4,8.7,39,6000000,2,city|food|nightlife|photography|shopping,1,0.54366
50,36,0.39791,1,1,0,4630000,4,9.0,57,6000000,2,city|food|nightlife|photography|shopping,0,0.68112
50,159,0.19479,0,0,1,11760000,2,9.2,85,6000000,2,city|food|nightlife|photography|shopping,0,0.32021
50,9,0.38858,0,0,0,9390000,4,8.0,60,6000000,2,city|food|nightlife|photography|shopping,0,0.3968
50,232,0.45226,1,0,0,10030000,3,8.8,50,6000000,2,city|food|nightlife|photography|shopping,1,0.62248
50,168,0.0,1,0,0,6140000,3,8.9,101,6000000,2,city|food|nightlife|photography|shopping,0,0.53727
50,78,0.6406,0,0,0,6430000,4,9.1,48,6000000,2,city|food|nightlife|photography|shopping,1,0.59258
50,191,0.49602,0,0,0,6590000,4,7.5,40,6000000,2,city|food|nightlife|photography|shopping,0,0.51159
50,115,0.14963,0,0,0,6680000,4,8.7,31,6000000,2,city|food|nightlife|photography|shopping,0,0.37571
50,194,0.06703,1,0,0,8690000,3,9.4,66,6000000,2,city|food|nightlife|photography|shopping,0,0.50242
50,183,0.11794,1,0,0,6720000,5,8.9,109,6000000,2,city|food|nightlife|photography|shopping,0,0.51533
50,88,0.1781,0,0,0,6870000,4,9.3,31,6000000,2,city|food|nightlife|photography|shopping,0,0.3886
51,223,0.50946,0,0,1,6120000,4,7.6,85,6000000,4,city|food|nightlife|photography|shopping,1,0.58677
51,156,0.24485,0,0,0,7480000,2,9.0,38,6000000,4,city|food|nightlife|photography|shopping,0,0.39737
51,141,0.58417,1,1,0,4800000,2,8.6,28,6000000,4,city|food|nightlife|photography|shopping,1,0.75535
51,149,0.36451,0,0,0,6170000,5,7.9,53,6000000,4,city|food|nightlife|photography|shopping,0,0.49956
51,68,0.50642,0,0,0,6910000,3,9.3,96,6000000,4,city|food|nightlife|photography|shopping,0,0.55343
51,108,0.03127,0,1,0,5210000,5,7.8,114,6000000,4,city|food|nightlife|photography|shopping,0,0.36313
51,188,0.5455,1,1,0,2280000,2,7.5,73,6000000,4,city|food|nightlife|photography|shopping,1,0.72811
51,130,0.29166,0,0,1,6320000,4,8.0,10,6000000,4,city|food|nightlife|photography|shopping,0,0.49396
51,168,0.01418,0,0,0,6140000,3,8.9,101,6000000,4,city|food|nightlife|photography|shopping,0,0.36322
51,24,0.43545,1,1,0,5890000,5,8.1,9,6000000,4,city|food|nightlife|photography|shopping,1,0.71589
51,146,0.25689,0,0,0,9730000,3,9.7,47,6000000,4,city|food|nightlife|photography|shopping,0,0.37743
51,44,0.04098,0,1,1,5620000,4,7.4,19,6000000,4,city|food|nightlife|photography|shopping,0,0.39121
51,60,0.45077,1,1,1,2850000,4,8.8,84,6000000,4,city|food|nightlife|photography|shopping,1,0.75732
51,131,0.63125,1,1,0,3020000,2,8.6,118,6000000,4,city|food|nightlife|photography|shopping,1,0.77512
51,71,0.75752,0,0,0,8030000,3,9.5,81,6000000,4,city|food|nightlife|photography|shopping,0,0.63103
51,235,0.4772,0,0,0,8550000,3,9.7,29,6000000,4,city|food|nightlife|photography|shopping,1,0.50142
51,112,0.20422,1,1,0,5970000,3,8.8,119,6000000,4,city|food|nightlife|photography|shopping,1,0.62577
51,171,0.43224,1,1,0,5570000,5,9.6,87,6000000,4,city|food|nightlife|photography|shopping,1,0.72954
51,134,0.34122,1,1,1,3330000,4,7.8,89,6000000,4,city|food|nightlife|photography|shopping,1,0.70131
51,102,0.21326,0,0,1,7740000,4,9.2,79,6000000,4,city|food|nightlife|photography|shopping,0,0.43517
51,217,0.47728,0,0,0,6180000,5,8.0,78,6000000,4,city|food|nightlife|photography|shopping,1,0.54766
51,232,0.37548,0,0,0,10030000,3,8.8,50,6000000,4,city|food|nightlife|photography|shopping,0,0.41023
51,166,0.22047,0,0,1,6610000,4,7.9,101,6000000,4,city|food|nightlife|photography|shopping,0,0.45533
51,123,0.43777,0,0,1,7390000,4,8.7,91,6000000,4,city|food|nightlife|photography|shopping,1,0.5338
51,233,0.4986,0,0,0,6800000,3,8.3,19,6000000,4,city|food|nightlife|photography|shopping,0,0.54308
51,119,0.49626,0,0,1,6250000,4,7.4,42,6000000,4,city|food|nightlife|photography|shopping,1,0.57576
51,215,0.49566,1,1,1,3960000,4,7.5,73,6000000,4,city|food|nightlife|photography|shopping,1,0.76318
51,126,0.44938,1,0,0,9260000,3,8.4,85,6000000,4,city|food|nightlife|photography|shopping,1,0.63781
51,21,0.39414,0,0,0,7690000,5,7.8,21,6000000,4,city|food|nightlife|photography|shopping,0,0.47047
51,162,0.44589,1,0,0,8680000,5,8.6,43,6000000,4,city|food|nightlife|photography|shopping,0,0.65381
51,227,0.23549,1,0,0,8860000,2,9.0,39,6000000,4,city|food|nightlife|photography|shopping,1,0.53664
51,185,0.36548,1,1,1,4000000,4,8.9,82,6000000,4,city|food|nightlife|photography|shopping,1,0.7225
51,136,0.35808,0,0,0,6220000,3,8.1,117,6000000,4,city|food|nightlife|photography|shopping,0,0.49753
51,129,0.30684,0,1,0,4650000,5,9.7,7,6000000,4,city|food|nightlife|photography|shopping,0,0.49787
51,179,0.12036,0,1,0,5280000,3,9.5,68,6000000,4,city|food|nightlife|photography|shopping,1,0.41755
51,74,0.35984,0,1,0,3870000,5,7.7,59,6000000,4,city|food|nightlife|photography|shopping,1,0.50013
51,111,0.25666,0,1,0,3320000,2,7.8,110,6000000,4,city|food|nightlife|photography|shopping,0,0.4298
51,176,0.12893,0,0,0,7390000,5,9.1,92,6000000,4,city|food|nightlife|photography|shopping,0,0.38008
51,42,0.50678,1,1,0,5460000,2,8.4,104,6000000,4,city|food|nightlife|photography|shopping,1,0.72085
51,201,0.10552,0,0,0,8110000,5,8.7,69,6000000,4,city|food|nightlife|photography|shopping,0,0.34705
51,59,0.31994,0,0,1,6780000,4,8.2,72,6000000,4,city|food|nightlife|photography|shopping,0,0.49557
51,143,0.49094,0,0,1,7280000,4,7.6,88,6000000,4,city|food|nightlife|photography|shopping,1,0.54806
51,132,0.7039,0,0,0,7100000,3,9.1,74,6000000,4,city|food|nightlife|photography|shopping,0,0.6293
51,66,0.40823,0,0,0,7950000,5,8.3,83,6000000,4,city|food|nightlife|photography|shopping,0,0.47446
51,49,0.07306,0,1,0,5810000,3,8.0,112,6000000,4,city|food|nightlife|photography|shopping,0,0.38268
51,16,0.65243,0,0,0,6240000,3,9.3,113,6000000,4,city|food|nightlife|photography|shopping,1,0.63262
51,95,0.0778,0,0,1,12960000,4,7.5,31,6000000,4,city|food|nightlife|photography|shopping,0,0.24768
51,234,0.29457,1,1,1,3470000,4,7.4,6,6000000,4,city|food|nightlife|photography|shopping,1,0.67772
51,20,0.48001,0,0,0,6490000,2,8.3,67,6000000,4,city|food|nightlife|photography|shopping,0,0.51554
51,165,0.09168,0,0,1,10700000,4,7.6,38,6000000,4,city|food|nightlife|photography|shopping,0,0.28917
51,38,0.56798,1,1,0,3520000,3,8.5,21,6000000,4,city|food|nightlife|photography|shopping,1,0.77555
51,106,0.70751,0,1,0,3480000,3,7.6,42,6000000,4,city|food|nightlife|photography|shopping,0,0.64515
51,118,0.35335,1,0,0,7280000,5,8.4,70,6000000,4,city|food|nightlife|photography|shopping,1,0.65027
51,211,0.23124,1,1,1,4990000,4,9.4,22,6000000,4,city|food|nightlife|photography|shopping,0,0.67112
51,147,0.44775,1,0,0,8820000,3,8.4,18,6000000,4,city|food|nightlife|photography|shopping,0,0.64885
51,160,0.34097,1,1,1,3970000,4,9.2,69,6000000,4,city|food|nightlife|photography|shopping,1,0.71521
51,103,0.35874,1,1,0,5020000,3,9.3,30,6000000,4,city|food|nightlife|photography|shopping,1,0.69567
51,158,0.0,0,0,0,13970000,3,8.9,45,6000000,4,city|food|nightlife|photography|shopping,0,0.201
51,137,0.47448,0,0,1,6170000,4,8.6,51,6000000,4,city|food|nightlife|photography|shopping,0,0.58075
51,53,0.36668,0,0,1,6850000,4,8.6,65,6000000,4,city|food|nightlife|photography|shopping,0,0.51734
51,92,0.76662,0,1,0,5150000,3,8.1,31,6000000,4,city|food|nightlife|photography|shopping,0,0.67498
51,113,0.35048,1,0,0,8040000,3,9.3,109,6000000,4,city|food|nightlife|photography|shopping,1,0.6378
51,177,0.18804,1,0,1,11590000,4,7.5,90,6000000,4,city|food|nightlife|photography|shopping,1,0.48491
51,144,0.18197,0,0,0,7040000,2,9.6,16,6000000,4,city|food|nightlife|photography|shopping,0,0.38869
51,175,0.42941,0,1,1,5040000,4,8.4,87,6000000,4,city|food|nightlife|photography|shopping,0,0.56435
51,204,0.13595,0,0,0,12320000,5,8.3,93,6000000,4,city|food|nightlife|photography|shopping,0,0.2521
51,200,0.49405,1,0,1,7780000,4,8.8,20,6000000,4,city|food|nightlife|photography|shopping,1,0.72803
51,8,0.22325,1,0,0,8190000,3,9.6,107,6000000,4,city|food|nightlife|photography|shopping,0,0.58336
51,202,0.41107,0,1,0,3200000,2,9.2,60,6000000,4,city|food|nightlife|photography|shopping,0,0.50865
51,224,0.09792,0,0,0,9610000,5,8.2,93,6000000,4,city|food|nightlife|photography|shopping,0,0.29886
52,156,0.34926,0,0,0,7480000,2,9.0,38,4000000,3,city|food|nightlife|photography|shopping,0,0.36949
52,228,0.36557,0,0,1,7690000,3,7.6,7,4000000,3,city|food|nightlife|photography|shopping,0,0.38194
52,211,0.31405,0,0,0,4990000,4,9.4,22,4000000,3,city|food|nightlife|photography|shopping,0,0.4583
52,233,0.55724,0,0,1,6800000,3,8.3,19,4000000,3,city|food|nightlife|photography|shopping,1,0.50504
52,43,0.55394,0,0,1,8280000,3,8.4,120,4000000,3,city|food|nightlife|photography|shopping,0,0.45665
52,182,0.72109,1,0,0,5640000,2,9.5,25,4000000,3,city|food|nightlife|photography|shopping,1,0.78426
52,184,0.43182,0,0,1,5580000,3,7.6,35,4000000,3,city|food|nightlife|photography|shopping,0,0.49417
52,222,0.07019,1,0,0,10940000,4,9.6,70,4000000,3,city|food|nightlife|photography|shopping,1,0.41748
52,103,0.44336,1,0,1,5020000,3,9.3,30,4000000,3,city|food|nightlife|photography|shopping,1,0.71841
52,210,0.38542,0,0,1,7500000,3,7.5,13,4000000,3,city|food|nightlife|photography|shopping,0,0.39687
52,204,0.25746,1,0,0,12320000,5,8.3,93,4000000,3,city|food|nightlife|photography|shopping,0,0.45513
52,90,0.69211,1,1,0,2330000,2,9.0,69,4000000,3,city|food|nightlife|photography|shopping,1,0.83269
52,161,0.43371,1,0,0,6500000,4,7.5,57,4000000,3,city|food|nightlife|photography|shopping,1,0.60916
52,163,0.17246,1,0,1,6910000,3,7.6,92,4000000,3,city|food|nightlife|photography|shopping,0,0.51203
52,191,0.59441,0,0,0,6590000,4,7.5,40,4000000,3,city|food|nightlife|photography|shopping,0,0.49305
52,117,0.61793,0,0,1,4370000,3,8.4,32,4000000,3,city|food|nightlife|photography|shopping,1,0.62873
52,176,0.20126,1,0,0,7390000,5,9.1,92,4000000,3,city|food|nightlife|photography|shopping,0,0.46393
52,34,0.39417,0,0,0,4830000,5,7.8,107,4000000,3,city|food|nightlife|photography|shopping,0,0.45435
52,130,0.39338,0,0,0,6320000,4,8.0,10,4000000,3,city|food|nightlife|photography|shopping,0,0.42442
52,120,0.64824,0,0,1,7330000,3,9.1,82,4000000,3,city|food|nightlife|photography|shopping,0,0.53006
52,165,0.12228,1,0,0,10700000,4,7.6,38,4000000,3,city|food|nightlife|photography|shopping,0,0.41936
52,80,0.63405,0,0,0,4630000,2,9.6,104,4000000,3,city|food|nightlife|photography|shopping,1,0.6091
52,118,0.4489,1,0,0,7280000,5,8.4,70,4000000,3,city|food|nightlife|photography|shopping,0,0.56534
52,26,0.34949,1,0,0,4310000,4,9.7,29,4000000,3,city|food|nightlife|photography|shopping,1,0.68338
52,147,0.64926,0,0,1,8820000,3,8.4,18,4000000,3,city|food|nightlife|photography|shopping,0,0.49669
52,132,0.71512,1,0,1,7100000,3,9.1,74,4000000,3,city|food|nightlife|photography|shopping,1,0.74735
52,194,0.15262,1,0,1,8690000,3,9.4,66,4000000,3,city|food|nightlife|photography|shopping,0,0.4781
52,126,0.66887,0,0,1,9260000,3,8.4,85,4000000,3,city|food|nightlife|photography|shopping,1,0.50493
52,70,0.72477,1,0,0,7280000,4,8.7,47,4000000,3,city|food|nightlife|photography|shopping,1,0.7122
52,145,0.19511,1,0,0,5440000,5,7.9,10,4000000,3,city|food|nightlife|photography|shopping,1,0.52735
52,209,0.14539,1,0,0,8360000,4,9.1,41,4000000,3,city|food|nightlife|photography|shopping,0,0.44406
52,108,0.05171,1,0,0,5210000,5,7.8,114,4000000,3,city|food|nightlife|photography|shopping,0,0.47532
52,141,0.71129,0,0,0,4800000,2,8.6,28,4000000,3,city|food|nightlife|photography|shopping,1,0.62474
52,99,0.45026,0,0,0,7510000,5,8.5,34,4000000,3,city|food|nightlife|photography|shopping,0,0.37771
52,58,0.74104,1,0,0,5490000,4,7.7,45,4000000,3,city|food|nightlife|photography|shopping,1,0.78064
52,110,0.45919,0,0,0,7520000,4,9.4,73,4000000,3,city|food|nightlife|photography|shopping,0,0.41806
52,206,0.53221,0,0,1,4060000,3,9.0,5,4000000,3,city|food|nightlife|photography|shopping,1,0.61113
52,14,0.63158,0,0,0,4940000,5,8.9,82,4000000,3,city|food|nightlife|photography|shopping,1,0.56066
52,219,0.23951,0,0,1,8840000,3,9.2,91,4000000,3,city|food|nightlife|photography|shopping,0,0.33259
52,146,0.37096,0,0,1,9730000,3,9.7,47,4000000,3,city|food|nightlife|photography|shopping,0,0.3928
52,151,0.40271,1,0,1,7800000,3,7.8,89,4000000,3,city|food|nightlife|photography|shopping,0,0.57514
52,177,0.23897,0,0,0,11590000,4,7.5,90,4000000,3,city|food|nightlife|photography|shopping,0,0.28737
52,95,0.22849,1,0,0,12960000,4,7.5,31,4000000,3,city|food|nightlife|photography|shopping,0,0.46297
52,162,0.6325,0,0,0,8680000,5,8.6,43,4000000,3,city|food|nightlife|photography|shopping,0,0.43565
52,234,0.37132,1,1,0,3470000,4,7.4,6,4000000,3,city|food|nightlife|photography|shopping,0,0.68195
52,6,0.43464,1,0,0,4460000,5,8.8,16,4000000,3,city|food|nightlife|photography|shopping,1,0.67615
52,138,0.05464,1,0,1,11540000,3,8.0,95,4000000,3,city|food|nightlife|photography|shopping,0,0.42295
52,83,0.24375,1,0,1,13980000,3,9.5,52,4000000,3,city|food|nightlife|photography|shopping,0,0.51737
52,76,0.46633,1,0,0,4280000,5,8.3,39,4000000,3,city|food|nightlife|photography|shopping,1,0.69166
52,63,0.14308,1,0,0,5390000,4,7.4,85,4000000,3,city|food|nightlife|photography|shopping,0,0.53049
52,86,0.31222,0,0,1,10640000,3,9.1,83,4000000,3,city|food|nightlife|photography|shopping,0,0.36213
52,170,0.22271,1,0,1,14230000,3,8.1,81,4000000,3,city|food|nightlife|photography|shopping,0,0.49454
52,84,0.70841,1,0,0,4910000,2,9.6,25,4000000,3,city|food|nightlife|photography|shopping,1,0.80913
52,23,0.41937,0,0,0,7230000,4,8.5,118,4000000,3,city|food|nightlife|photography|shopping,0,0.40394
52,116,0.506,0,1,0,3980000,4,7.9,72,4000000,3,city|food|nightlife|photography|shopping,0,0.56352
52,136,0.463,0,0,1,6220000,3,8.1,117,4000000,3,city|food|nightlife|photography|shopping,0,0.48666
52,49,0.20674,1,0,1,5810000,3,8.0,112,4000000,3,city|food|nightlife|photography|shopping,0,0.57443
52,173,0.32563,0,0,1,7150000,3,9.4,6,4000000,3,city|food|nightlife|photography|shopping,0,0.40476
52,20,0.58487,0,0,0,6490000,2,8.3,67,4000000,3,city|food|nightlife|photography|shopping,0,0.50105
52,111,0.37098,0,1,0,3320000,2,7.8,110,4000000,3,city|food|nightlife|photography|shopping,1,0.50581
52,8,0.29282,0,0,1,8190000,3,9.6,107,4000000,3,city|food|nightlife|photography|shopping,0,0.35899
52,135,0.45422,0,0,0,8470000,5,8.5,106,4000000,3,city|food|nightlife|photography|shopping,0,0.35977
52,2,0.1152,1,0,0,5410000,5,9.1,111,4000000,3,city|food|nightlife|photography|shopping,0,0.50698
52,3,0.29137,0,0,0,8200000,4,7.5,120,4000000,3,city|food|nightlife|photography|shopping,0,0.30937
52,159,0.30798,0,0,0,11760000,2,9.2,85,4000000,3,city|food|nightlife|photography|shopping,0,0.33335
52,227,0.31627,0,0,0,8860000,2,9.0,39,4000000,3,city|food|nightlife|photography|shopping,0,0.33483
52,174,0.62544,0,0,0,5910000,5,9.4,38,4000000,3,city|food|nightlife|photography|shopping,0,0.52428
52,143,0.50785,0,0,0,7280000,4,7.6,88,4000000,3,city|food|nightlife|photography|shopping,0,0.4301
52,27,0.36974,0,0,0,6140000,2,8.9,98,4000000,3,city|food|nightlife|photography|shopping,0,0.43069
52,119,0.58412,0,0,0,6250000,4,7.4,42,4000000,3,city|food|nightlife|photography|shopping,0,0.50133
53,89,0.86154,0,0,0,4550000,4,8.5,70,4000000,3,adventure|mountain|nature|photography|wildlife,1,0.69685
53,93,0.87502,0,0,0,7290000,2,9.4,63,4000000,3,adventure|mountain|nature|photography|wildlife,1,0.60191
53,179,0.08735,0,0,1,5280000,3,9.5,68,4000000,3,adventure|mountain|nature|photography|wildlife,0,0.38049
53,69,0.2669,1,0,0,5280000,2,8.1,71,4000000,3,adventure|mountain|nature|photography|wildlife,1,0.5939
53,119,0.18968,0,0,0,6250000,4,7.4,42,4000000,3,adventure|mountain|nature|photography|wildlife,0,0.33567
53,50,0.88856,0,0,0,5180000,2,9.5,104,4000000,3,adventure|mountain|nature|photography|wildlife,1,0.693
53,19,0.21101,0,0,1,5280000,3,9.2,81,4000000,3,adventure|mountain|nature|photography|wildlife,0,0.42943
53,125,0.08807,0,0,1,8660000,3,8.0,70,4000000,3,adventure|mountain|nature|photography|wildlife,0,0.25699
53,228,0.85277,1,0,1,7690000,3,7.6,7,4000000,3,adventure|mountain|nature|photography|wildlife,1,0.76656
53,209,0.25626,0,0,0,8360000,4,9.1,41,4000000,3,adventure|mountain|nature|photography|wildlife,0,0.31063
53,177,0.17926,1,0,0,11590000,4,7.5,90,4000000,3,adventure|mountain|nature|photography|wildlife,0,0.44229
53,17,0.06851,0,0,0,11980000,4,8.3,109,4000000,3,adventure|mountain|nature|photography|wildlife,0,0.22378
53,135,0.20211,0,0,0,8470000,5,8.5,106,4000000,3,adventure|mountain|nature|photography|wildlife,0,0.25389
53,205,0.10273,0,0,0,5780000,2,7.9,69,4000000,3,adventure|mountain|nature|photography|wildlife,0,0.32295
53,217,0.06063,0,0,0,6180000,5,8.0,78,4000000,3,adventure|mountain|nature|photography|wildlife,0,0.26227
53,129,0.89266,1,0,0,4650000,5,9.7,7,4000000,3,adventure|mountain|nature|photography|wildlife,1,0.86992
53,211,0.39804,1,0,0,4990000,4,9.4,22,4000000,3,adventure|mountain|nature|photography|wildlife,1,0.67358
53,33,0.34948,1,0,1,6090000,3,8.9,45,4000000,3,adventure|mountain|nature|photography|wildlife,1,0.63218
53,32,0.06685,0,0,1,6600000,3,7.6,4,4000000,3,adventure|mountain|nature|photography|wildlife,0,0.30008
53,91,0.10194,0,0,0,5890000,5,9.6,48,4000000,3,adventure|mountain|nature|photography|wildlife,0,0.30722
53,107,0.0,0,0,1,6120000,3,9.4,13,4000000,3,adventure|mountain|nature|photography|wildlife,0,0.3092
53,224,0.23316,0,0,0,9610000,5,8.2,93,4000000,3,adventure|mountain|nature|photography|wildlife,0,0.26393
53,218,0.22776,1,0,0,11480000,4,8.8,31,4000000,3,adventure|mountain|nature|photography|wildlife,0,0.47566
53,113,0.23967,1,0,1,8040000,3,9.3,109,4000000,3,adventure|mountain|nature|photography|wildlife,0,0.51366
53,184,0.22919,1,0,1,5580000,3,7.6,35,4000000,3,adventure|mountain|nature|photography|wildlife,1,0.58906
53,116,0.42085,1,1,0,3980000,4,7.9,72,4000000,3,adventure|mountain|nature|photography|wildlife,1,0.70776
53,115,0.19002,1,0,0,6680000,4,8.7,31,4000000,3,adventure|mountain|nature|photography|wildlife,0,0.51161
53,201,0.03524,0,0,0,8110000,5,8.7,69,4000000,3,adventure|mountain|nature|photography|wildlife,0,0.1858
53,197,0.20806,0,0,1,6280000,3,9.2,55,4000000,3,adventure|mountain|nature|photography|wildlife,0,0.38818
53,138,0.16545,0,0,1,11540000,3,8.0,95,4000000,3,adventure|mountain|nature|photography|wildlife,0,0.28949
53,124,0.90123,1,0,0,7340000,5,8.1,59,4000000,3,adventure|mountain|nature|photography|wildlife,1,0.74992
53,167,0.16456,1,0,1,9750000,3,8.5,4,4000000,3,adventure|mountain|nature|photography|wildlife,0,0.47412
53,21,0.23741,0,0,0,7690000,5,7.8,21,4000000,3,adventure|mountain|nature|photography|wildlife,0,0.27411
53,204,0.0,0,0,0,12320000,5,8.3,93,4000000,3,adventure|mountain|nature|photography|wildlife,0,0.167
53,132,0.13669,0,0,1,7100000,3,9.1,74,4000000,3,adventure|mountain|nature|photography|wildlife,0,0.32441
53,214,0.18499,0,0,0,4300000,4,7.8,103,4000000,3,adventure|mountain|nature|photography|wildlife,0,0.41569
53,136,0.27364,1,0,1,6220000,3,8.1,117,4000000,3,adventure|mountain|nature|photography|wildlife,1,0.58713
53,38,0.20989,0,1,1,3520000,3,8.5,21,4000000,3,adventure|mountain|nature|photography|wildlife,0,0.47315
53,106,0.17858,0,1,1,3480000,3,7.6,42,4000000,3,adventure|mountain|nature|photography|wildlife,1,0.451
53,22,0.52509,1,0,1,8170000,3,8.5,27,4000000,3,adventure|mountain|nature|photography|wildlife,1,0.62554
53,198,0.6876,1,0,1,5820000,3,8.6,8,4000000,3,adventure|mountain|nature|photography|wildlife,1,0.78199
53,12,0.45806,1,0,0,5140000,4,9.6,114,4000000,3,adventure|mountain|nature|photography|wildlife,1,0.69478
53,99,0.11101,0,0,0,7510000,5,8.5,34,4000000,3,adventure|mountain|nature|photography|wildlife,0,0.23522
53,57,0.17574,0,0,1,5360000,3,8.5,66,4000000,3,adventure|mountain|nature|photography|wildlife,0,0.40441
53,117,0.0647,0,0,1,4370000,3,8.4,32,4000000,3,adventure|mountain|nature|photography|wildlife,0,0.39638
53,104,0.89726,1,0,0,8930000,4,7.4,95,4000000,3,adventure|mountain|nature|photography|wildlife,1,0.74285
53,190,0.11678,0,0,0,9710000,4,9.4,24,4000000,3,adventure|mountain|nature|photography|wildlife,0,0.25505
53,9,0.24589,1,0,0,9390000,4,8.0,60,4000000,3,adventure|mountain|nature|photography|wildlife,0,0.47527
53,11,0.1282,0,0,0,8160000,4,8.8,13,4000000,3,adventure|mountain|nature|photography|wildlife,0,0.25384
53,4,0.1157,0,0,0,6540000,5,8.5,51,4000000,3,adventure|mountain|nature|photography|wildlife,0,0.27599
53,170,0.10185,0,0,1,14230000,3,8.1,81,4000000,3,adventure|mountain|nature|photography|wildlife,0,0.26378
53,142,0.07936,0,0,0,6670000,4,9.5,72,4000000,3,adventure|mountain|nature|photography|wildlife,0,0.29353
53,87,0.20127,0,0,0,6390000,4,8.7,39,4000000,3,adventure|mountain|nature|photography|wildlife,0,0.34793
53,208,0.18713,0,1,1,3970000,3,8.8,28,4000000,3,adventure|mountain|nature|photography|wildlife,0,0.46659
53,120,0.22416,0,0,1,7330000,3,9.1,82,4000000,3,adventure|mountain|nature|photography|wildlife,0,0.35195
53,180,0.51416,1,0,0,5160000,4,9.3,30,4000000,3,adventure|mountain|nature|photography|wildlife,1,0.71455
53,156,0.87394,0,0,0,7480000,2,9.0,38,4000000,3,adventure|mountain|nature|photography|wildlife,1,0.58986
53,227,0.31075,1,0,0,8860000,2,9.0,39,4000000,3,adventure|mountain|nature|photography|wildlife,0,0.51252
53,36,0.45774,1,0,0,4630000,4,9.0,57,4000000,3,adventure|mountain|nature|photography|wildlife,1,0.70905
53,174,0.14777,0,0,0,5910000,5,9.4,38,4000000,3,adventure|mountain|nature|photography|wildlife,0,0.32366
53,49,0.08148,0,0,1,5810000,3,8.0,112,4000000,3,adventure|mountain|nature|photography|wildlife,0,0.34182
53,3,0.33781,1,0,0,8200000,4,7.5,120,4000000,3,adventure|mountain|nature|photography|wildlife,0,0.50888
53,196,0.10856,0,0,0,14200000,4,8.3,67,4000000,3,adventure|mountain|nature|photography|wildlife,0,0.2406
53,64,0.61434,1,1,1,3540000,3,9.1,12,4000000,3,adventure|mountain|nature|photography|wildlife,1,0.82902
53,166,0.86939,0,0,0,6610000,4,7.9,101,4000000,3,adventure|mountain|nature|photography|wildlife,1,0.61174
53,58,0.07155,0,0,0,5490000,4,7.7,45,4000000,3,adventure|mountain|nature|photography|wildlife,0,0.31945
53,80,0.06246,0,0,0,4630000,2,9.6,104,4000000,3,adventure|mountain|nature|photography|wildlife,0,0.36903
53,235,0.30514,1,0,1,8550000,3,9.7,29,4000000,3,adventure|mountain|nature|photography|wildlife,0,0.54516
53,81,0.08664,0,0,0,4940000,4,9.0,17,4000000,3,adventure|mountain|nature|photography|wildlife,0,0.36079
53,210,0.85979,1,0,1,7500000,3,7.5,13,4000000,3,adventure|mountain|nature|photography|wildlife,1,0.77611
54,53,0.42891,0,1,0,6850000,4,8.6,65,14000000,5,city|food|nightlife|photography|shopping,0,0.53814
54,130,0.30335,0,1,0,6320000,4,8.0,10,14000000,5,city|food|nightlife|photography|shopping,0,0.47941
54,144,0.17543,1,1,0,7040000,2,9.6,16,14000000,5,city|food|nightlife|photography|shopping,1,0.56568
54,239,0.50723,0,1,0,5380000,3,7.5,103,14000000,5,city|food|nightlife|photography|shopping,0,0.53204
54,5,0.12399,0,0,1,15690000,5,8.2,115,14000000,5,city|food|nightlife|photography|shopping,0,0.41476
54,125,0.46906,0,1,0,8660000,3,8.0,70,14000000,5,city|food|nightlife|photography|shopping,1,0.52101
54,215,0.58073,1,1,0,3960000,4,7.5,73,14000000,5,city|food|nightlife|photography|shopping,1,0.77091
54,100,0.53418,1,1,0,6530000,3,9.3,83,14000000,5,city|food|nightlife|photography|shopping,1,0.74136
54,118,0.36535,0,1,1,7280000,5,8.4,70,14000000,5,city|food|nightlife|photography|shopping,0,0.53745
54,1,0.07625,0,0,0,14160000,4,9.0,35,14000000,5,city|food|nightlife|photography|shopping,0,0.3922
54,78,0.61658,1,1,0,6430000,4,9.1,48,14000000,5,city|food|nightlife|photography|shopping,1,0.80197
54,103,0.36185,0,1,0,5020000,3,9.3,30,14000000,5,city|food|nightlife|photography|shopping,0,0.48898
54,102,0.2183,1,1,0,7740000,4,9.2,79,14000000,5,city|food|nightlife|photography|shopping,1,0.63569
54,183,0.10938,0,1,1,6720000,5,8.9,109,14000000,5,city|food|nightlife|photography|shopping,0,0.43494
54,168,0.03776,0,1,0,6140000,3,8.9,101,14000000,5,city|food|nightlife|photography|shopping,0,0.34886
54,48,0.50045,0,1,0,4820000,4,9.2,103,14000000,5,city|food|nightlife|photography|shopping,0,0.57419
54,190,0.41984,0,1,0,9710000,4,9.4,24,14000000,5,city|food|nightlife|photography|shopping,0,0.54233
54,138,0.05814,0,1,0,11540000,3,8.0,95,14000000,5,city|food|nightlife|photography|shopping,0,0.34842
54,33,0.37193,0,1,0,6090000,3,8.9,45,14000000,5,city|food|nightlife|photography|shopping,0,0.48921
54,166,0.19778,1,1,0,6610000,4,7.9,101,14000000,5,city|food|nightlife|photography|shopping,1,0.61407
54,74,0.41431,0,1,1,3870000,5,7.7,59,14000000,5,city|food|nightlife|photography|shopping,1,0.55101
54,89,0.27321,1,1,0,4550000,4,8.5,70,14000000,5,city|food|nightlife|photography|shopping,0,0.65175
54,20,0.50993,0,1,0,6490000,2,8.3,67,14000000,5,city|food|nightlife|photography|shopping,1,0.51317
54,188,0.61568,1,1,0,2280000,2,7.5,73,14000000,5,city|food|nightlife|photography|shopping,0,0.72958
54,97,0.08623,0,1,0,9930000,3,7.6,41,14000000,5,city|food|nightlife|photography|shopping,0,0.35622
54,79,0.03608,0,1,0,5640000,3,9.6,35,14000000,5,city|food|nightlife|photography|shopping,0,0.35515
54,87,0.58628,0,1,0,6390000,4,8.7,39,14000000,5,city|food|nightlife|photography|shopping,1,0.60524
54,123,0.48562,0,1,0,7390000,4,8.7,91,14000000,5,city|food|nightlife|photography|shopping,1,0.56296
54,179,0.1273,0,1,0,5280000,3,9.5,68,14000000,5,city|food|nightlife|photography|shopping,0,0.39246
54,208,0.84108,0,1,0,3970000,3,8.8,28,14000000,5,city|food|nightlife|photography|shopping,1,0.68525
54,142,0.60536,1,1,0,6670000,4,9.5,72,14000000,5,city|food|nightlife|photography|shopping,1,0.80125
54,64,0.33962,0,1,0,3540000,3,9.1,12,14000000,5,city|food|nightlife|photography|shopping,0,0.47764
54,91,0.18271,0,1,1,5890000,5,9.6,48,14000000,5,city|food|nightlife|photography|shopping,1,0.47274
54,110,0.38637,0,1,0,7520000,4,9.4,73,14000000,5,city|food|nightlife|photography|shopping,1,0.52828
54,52,0.34433,0,1,0,7200000,4,7.7,116,14000000,5,city|food|nightlife|photography|shopping,0,0.49362
54,7,0.10087,0,1,1,7910000,5,9.3,13,14000000,5,city|food|nightlife|photography|shopping,0,0.43537
54,186,0.36863,0,1,0,6850000,3,9.0,61,14000000,5,city|food|nightlife|photography|shopping,0,0.48883
54,109,0.30385,0,1,0,5450000,3,7.6,70,14000000,5,city|food|nightlife|photography|shopping,0,0.44762
54,167,0.21535,0,1,0,9750000,3,8.5,4,14000000,5,city|food|nightlife|photography|shopping,0,0.41945
54,44,0.07031,0,1,0,5620000,4,7.4,19,14000000,5,city|food|nightlife|photography|shopping,0,0.37553
54,209,0.10659,0,1,0,8360000,4,9.1,41,14000000,5,city|food|nightlife|photography|shopping,0,0.40777
54,42,0.58332,1,1,0,5460000,2,8.4,104,14000000,5,city|food|nightlife|photography|shopping,1,0.72499
54,77,0.31048,1,1,0,7160000,3,8.3,95,14000000,5,city|food|nightlife|photography|shopping,1,0.6374
54,204,0.16783,0,1,1,12320000,5,8.3,93,14000000,5,city|food|nightlife|photography|shopping,0,0.45349
54,47,0.22242,0,1,0,6300000,3,8.3,85,14000000,5,city|food|nightlife|photography|shopping,0,0.42042
54,182,0.78039,0,1,0,5640000,2,9.5,25,14000000,5,city|food|nightlife|photography|shopping,0,0.63876
54,28,0.13528,0,1,0,12790000,4,8.6,66,14000000,5,city|food|nightlife|photography|shopping,0,0.41482
54,113,0.35062,0,1,0,8040000,3,9.3,109,14000000,5,city|food|nightlife|photography|shopping,0,0.48426
54,45,0.18672,0,1,0,8730000,3,8.1,21,14000000,5,city|food|nightlife|photography|shopping,0,0.40342
54,127,0.5924,0,1,0,5620000,4,7.9,52,14000000,5,city|food|nightlife|photography|shopping,0,0.59981
54,231,0.21336,1,1,0,3590000,4,9.4,36,14000000,5,city|food|nightlife|photography|shopping,1,0.63561
54,143,0.49367,0,1,0,7280000,4,7.6,88,14000000,5,city|food|nightlife|photography|shopping,1,0.55534
54,152,0.11115,0,1,0,10060000,3,8.7,54,14000000,5,city|food|nightlife|photography|shopping,0,0.37768
54,19,0.58301,0,1,0,5280000,3,9.2,81,14000000,5,city|food|nightlife|photography|shopping,1,0.58086
54,206,0.46969,0,1,0,4060000,3,9.0,5,14000000,5,city|food|nightlife|photography|shopping,0,0.53127
54,119,0.55926,0,1,0,6250000,4,7.4,42,14000000,5,city|food|nightlife|photography|shopping,1,0.58089
54,66,0.52678,0,1,1,7950000,5,8.3,83,14000000,5,city|food|nightlife|photography|shopping,1,0.60425
54,17,0.1044,0,1,0,11980000,4,8.3,109,14000000,5,city|food|nightlife|photography|shopping,0,0.39885
54,49,0.13892,0,1,0,5810000,3,8.0,112,14000000,5,city|food|nightlife|photography|shopping,0,0.38235
54,222,0.04665,0,1,0,10940000,4,9.6,70,14000000,5,city|food|nightlife|photography|shopping,0,0.38759
54,29,0.03868,0,1,0,11690000,3,7.6,35,14000000,5,city|food|nightlife|photography|shopping,0,0.33624
54,57,0.69318,1,1,0,5360000,3,8.5,66,14000000,5,city|food|nightlife|photography|shopping,1,0.80013
54,69,0.43152,0,1,0,5280000,2,8.1,71,14000000,5,city|food|nightlife|photography|shopping,1,0.47824
54,40,0.4194,0,1,0,5340000,3,7.5,108,14000000,5,city|food|nightlife|photography|shopping,0,0.49515
54,238,0.0791,0,1,1,6620000,5,8.4,111,14000000,5,city|food|nightlife|photography|shopping,0,0.41722
54,149,0.40454,0,1,1,6170000,5,7.9,53,14000000,5,city|food|nightlife|photography|shopping,1,0.54891
54,203,0.41654,0,1,0,4750000,2,8.4,43,14000000,5,city|food|nightlife|photography|shopping,1,0.47494
54,112,0.26225,0,1,0,5970000,3,8.8,119,14000000,5,city|food|nightlife|photography|shopping,0,0.44215
54,38,0.65964,0,1,0,3520000,3,8.5,21,14000000,5,city|food|nightlife|photography|shopping,0,0.60605
54,104,0.21537,0,1,0,8930000,4,7.4,95,14000000,5,city|food|nightlife|photography|shopping,0,0.43646
55,89,0.7182,1,0,0,4550000,4,8.5,70,4000000,5,adventure|mountain|nature|photography|wildlife,1,0.81664
55,165,0.23696,0,0,0,10700000,4,7.6,38,4000000,5,adventure|mountain|nature|photography|wildlife,0,0.28752
55,112,0.23068,0,0,0,5970000,3,8.8,119,4000000,5,adventure|mountain|nature|photography|wildlife,0,0.35009
55,1,0.07997,0,0,0,14160000,4,9.0,35,4000000,5,adventure|mountain|nature|photography|wildlife,0,0.23559
55,17,0.07242,0,0,0,11980000,4,8.3,109,4000000,5,adventure|mountain|nature|photography|wildlife,0,0.22542
55,37,0.13801,0,0,0,7470000,4,9.4,37,4000000,5,adventure|mountain|nature|photography|wildlife,0,0.28516
55,146,0.70336,1,0,0,9730000,3,9.7,47,4000000,5,adventure|mountain|nature|photography|wildlife,1,0.65641
55,19,0.17599,0,0,0,5280000,3,9.2,81,4000000,5,adventure|mountain|nature|photography|wildlife,0,0.35872
55,86,0.27435,0,0,0,10640000,3,9.1,83,4000000,5,adventure|mountain|nature|photography|wildlife,0,0.29023
55,186,0.02528,0,0,0,6850000,3,9.0,61,4000000,5,adventure|mountain|nature|photography|wildlife,0,0.23062
55,141,0.08228,1,0,0,4800000,2,8.6,28,4000000,5,adventure|mountain|nature|photography|wildlife,0,0.48456
55,45,0.76079,1,0,0,8730000,3,8.1,21,4000000,5,adventure|mountain|nature|photography|wildlife,1,0.66453
55,71,0.15859,0,0,0,8030000,3,9.5,81,4000000,5,adventure|mountain|nature|photography|wildlife,0,0.24561
55,169,0.01595,0,0,1,5620000,5,8.8,5,4000000,5,adventure|mountain|nature|photography|wildlife,0,0.3299
55,53,0.15754,0,0,0,6850000,4,8.6,65,4000000,5,adventure|mountain|nature|photography|wildlife,0,0.31017
55,67,0.05121,0,1,0,3730000,3,9.5,8,4000000,5,adventure|mountain|nature|photography|wildlife,0,0.36051
55,147,0.15559,0,0,0,8820000,3,8.4,18,4000000,5,adventure|mountain|nature|photography|wildlife,0,0.23335
55,194,0.00745,0,0,0,8690000,3,9.4,66,4000000,5,adventure|mountain|nature|photography|wildlife,0,0.18113
55,48,0.26606,0,0,0,4820000,4,9.2,103,4000000,5,adventure|mountain|nature|photography|wildlife,0,0.44294
55,234,0.47596,1,1,0,3470000,4,7.4,6,4000000,5,adventure|mountain|nature|photography|wildlife,1,0.7259
55,116,0.32057,0,1,0,3980000,4,7.9,72,4000000,5,adventure|mountain|nature|photography|wildlife,1,0.48564
55,80,0.08356,1,0,0,4630000,2,9.6,104,4000000,5,adventure|mountain|nature|photography|wildlife,0,0.50189
55,23,0.81355,1,0,0,7230000,4,8.5,118,4000000,5,adventure|mountain|nature|photography|wildlife,1,0.74949
55,190,0.0,0,0,0,9710000,4,9.4,24,4000000,5,adventure|mountain|nature|photography|wildlife,0,0.206
55,153,0.2151,0,0,1,8920000,5,9.0,5,4000000,5,adventure|mountain|nature|photography|wildlife,0,0.32034
55,143,0.20878,0,0,0,7280000,4,7.6,88,4000000,5,adventure|mountain|nature|photography|wildlife,0,0.30449
55,174,0.12485,0,0,1,5910000,5,9.4,38,4000000,5,adventure|mountain|nature|photography|wildlife,0,0.37004
55,161,0.64715,1,0,0,6500000,4,7.5,57,4000000,5,adventure|mountain|nature|photography|wildlife,1,0.6988
55,66,0.0,0,0,1,7950000,5,8.3,83,4000000,5,adventure|mountain|nature|photography|wildlife,0,0.225
55,205,0.10962,0,0,0,5780000,2,7.9,69,4000000,5,adventure|mountain|nature|photography|wildlife,0,0.26984
55,2,0.0,0,0,1,5410000,5,9.1,111,4000000,5,adventure|mountain|nature|photography|wildlife,0,0.3346
55,198,0.67881,1,0,0,5820000,3,8.6,8,4000000,5,adventure|mountain|nature|photography|wildlife,0,0.7223
55,201,0.0,0,0,1,8110000,5,8.7,69,4000000,5,adventure|mountain|nature|photography|wildlife,0,0.227
55,22,0.50158,1,0,0,8170000,3,8.5,27,4000000,5,adventure|mountain|nature|photography|wildlife,0,0.55966
55,108,0.35535,0,0,1,5210000,5,7.8,114,4000000,5,adventure|mountain|nature|photography|wildlife,1,0.47885
55,126,0.26261,0,0,0,9260000,3,8.4,85,4000000,5,adventure|mountain|nature|photography|wildlife,0,0.2783
55,164,0.07256,0,1,0,2350000,3,9.4,29,4000000,5,adventure|mountain|nature|photography|wildlife,0,0.36848
55,61,0.73935,1,1,0,3850000,2,7.4,61,4000000,5,adventure|mountain|nature|photography|wildlife,1,0.78053
55,185,0.52147,1,1,0,4000000,4,8.9,82,4000000,5,adventure|mountain|nature|photography|wildlife,1,0.76002
55,236,0.08931,0,0,0,14120000,4,8.3,70,4000000,5,adventure|mountain|nature|photography|wildlife,0,0.23251
55,14,0.25596,0,0,1,4940000,5,8.9,82,4000000,5,adventure|mountain|nature|photography|wildlife,0,0.4589
55,9,0.25537,0,0,0,9390000,4,8.0,60,4000000,5,adventure|mountain|nature|photography|wildlife,0,0.29926
55,163,0.27638,0,0,0,6910000,3,7.6,92,4000000,5,adventure|mountain|nature|photography|wildlife,0,0.31968
55,6,0.5946,1,0,1,4460000,5,8.8,16,4000000,5,adventure|mountain|nature|photography|wildlife,1,0.79933
55,31,0.27867,0,0,0,9440000,2,9.1,25,4000000,5,adventure|mountain|nature|photography|wildlife,0,0.26404
55,33,0.25699,0,0,0,6090000,3,8.9,45,4000000,5,adventure|mountain|nature|photography|wildlife,0,0.35734
55,223,0.25132,0,0,0,6120000,4,7.6,85,4000000,5,adventure|mountain|nature|photography|wildlife,0,0.36875
55,225,0.49908,1,0,1,5050000,5,8.1,21,4000000,5,adventure|mountain|nature|photography|wildlife,1,0.72861
55,98,0.50536,1,1,1,3780000,5,8.1,109,4000000,5,adventure|mountain|nature|photography|wildlife,1,0.77325
55,63,0.14924,0,0,0,5390000,4,7.4,85,4000000,5,adventure|mountain|nature|photography|wildlife,0,0.35308
55,49,0.0654,0,0,0,5810000,3,8.0,112,4000000,5,adventure|mountain|nature|photography|wildlife,0,0.27907
55,44,0.324,0,0,0,5620000,4,7.4,19,4000000,5,adventure|mountain|nature|photography|wildlife,0,0.41728
55,118,0.49791,1,0,1,7280000,5,8.4,70,4000000,5,adventure|mountain|nature|photography|wildlife,1,0.64192
55,139,0.5704,1,0,0,5100000,3,8.8,86,4000000,5,adventure|mountain|nature|photography|wildlife,1,0.70757
55,216,0.11387,0,0,0,5630000,4,9.4,104,4000000,5,adventure|mountain|nature|photography|wildlife,0,0.34863
55,58,0.08392,0,0,0,5490000,4,7.7,45,4000000,5,adventure|mountain|nature|photography|wildlife,0,0.32465
55,27,0.71323,1,0,0,6140000,2,8.9,98,4000000,5,adventure|mountain|nature|photography|wildlife,0,0.69896
55,97,0.20872,0,0,0,9930000,3,7.6,41,4000000,5,adventure|mountain|nature|photography|wildlife,0,0.24766
55,69,0.18758,0,0,0,5280000,2,8.1,71,4000000,5,adventure|mountain|nature|photography|wildlife,0,0.32458
55,70,0.0783,0,0,0,7280000,4,8.7,47,4000000,5,adventure|mountain|nature|photography|wildlife,0,0.26068
55,238,0.14289,0,0,1,6620000,5,8.4,111,4000000,5,adventure|mountain|nature|photography|wildlife,0,0.33921
55,12,0.44013,1,0,0,5140000,4,9.6,114,4000000,5,adventure|mountain|nature|photography|wildlife,0,0.68725
55,239,0.09064,0,0,0,5380000,3,7.5,103,4000000,5,adventure|mountain|nature|photography|wildlife,0,0.30187
55,122,0.24865,0,0,0,5960000,3,9.4,46,4000000,5,adventure|mountain|nature|photography|wildlife,0,0.36403
55,64,0.57104,1,1,0,3540000,3,9.1,12,4000000,5,adventure|mountain|nature|photography|wildlife,1,0.75483
55,148,0.25181,0,0,0,11060000,4,9.6,44,4000000,5,adventure|mountain|nature|photography|wildlife,0,0.31376
55,79,0.20181,0,0,0,5640000,3,9.6,35,4000000,5,adventure|mountain|nature|photography|wildlife,0,0.35916
55,172,0.0,0,0,1,7580000,5,7.6,79,4000000,5,adventure|mountain|nature|photography|wildlife,0,0.2328
55,145,0.0,0,0,1,5440000,5,7.9,10,4000000,5,adventure|mountain|nature|photography|wildlife,0,0.3214
55,94,0.1812,1,0,0,5190000,2,8.3,80,4000000,5,adventure|mountain|nature|photography|wildlife,1,0.50751
56,214,0.66089,0,1,0,4300000,4,7.8,103,6000000,2,beach|food|photography|relax|romantic,1,0.59958
56,95,0.5858,0,0,0,12960000,4,7.5,31,6000000,2,beach|food|photography|relax|romantic,0,0.40504
56,71,0.28224,0,0,0,8030000,3,9.5,81,6000000,2,beach|food|photography|relax|romantic,1,0.43141
56,170,0.54374,0,0,0,14230000,3,8.1,81,6000000,2,beach|food|photography|relax|romantic,1,0.42137
56,222,0.39366,0,0,0,10940000,4,9.6,70,6000000,2,beach|food|photography|relax|romantic,0,0.37361
56,103,0.6319,1,1,0,5020000,3,9.3,30,6000000,2,beach|food|photography|relax|romantic,1,0.8104
56,217,0.51459,1,0,0,6180000,5,8.0,78,6000000,2,beach|food|photography|relax|romantic,0,0.68733
56,2,0.51071,0,1,0,5410000,5,9.1,111,6000000,2,beach|food|photography|relax|romantic,0,0.5215
56,136,0.51359,0,0,0,6220000,3,8.1,117,6000000,2,beach|food|photography|relax|romantic,0,0.56284
56,53,0.69494,0,0,0,6850000,4,8.6,65,6000000,2,beach|food|photography|relax|romantic,1,0.59921
56,126,0.63268,0,0,0,9260000,3,8.4,85,6000000,2,beach|food|photography|relax|romantic,0,0.53479
56,180,0.66133,1,1,0,5160000,4,9.3,30,6000000,2,beach|food|photography|relax|romantic,1,0.79476
56,35,0.53402,0,1,0,4230000,3,7.8,93,6000000,2,beach|food|photography|relax|romantic,0,0.57429
56,192,0.32599,0,1,1,4770000,2,9.4,30,6000000,2,beach|food|photography|relax|romantic,1,0.53091
56,3,0.4496,0,0,0,8200000,4,7.5,120,6000000,2,beach|food|photography|relax|romantic,0,0.44916
56,61,0.15723,0,1,1,3850000,2,7.4,61,6000000,2,beach|food|photography|relax|romantic,0,0.44004
56,237,0.31772,0,1,0,4570000,3,9.1,117,6000000,2,beach|food|photography|relax|romantic,1,0.49644
56,165,0.49568,0,0,0,10700000,4,7.6,38,6000000,2,beach|food|photography|relax|romantic,0,0.40285
56,50,0.23419,0,1,1,5180000,2,9.5,104,6000000,2,beach|food|photography|relax|romantic,1,0.49336
56,139,0.65396,1,1,0,5100000,3,8.8,86,6000000,2,beach|food|photography|relax|romantic,1,0.81466
56,42,0.33262,0,1,1,5460000,2,8.4,104,6000000,2,beach|food|photography|relax|romantic,0,0.5237
56,87,0.71134,0,0,0,6390000,4,8.7,39,6000000,2,beach|food|photography|relax|romantic,0,0.61936
56,107,0.53841,0,0,0,6120000,3,9.4,13,6000000,2,beach|food|photography|relax|romantic,0,0.58893
56,129,0.13241,1,1,0,4650000,5,9.7,7,6000000,2,beach|food|photography|relax|romantic,1,0.54861
56,166,0.1993,0,0,0,6610000,4,7.9,101,6000000,2,beach|food|photography|relax|romantic,0,0.39044
56,185,0.65577,1,1,0,4000000,4,8.9,82,6000000,2,beach|food|photography|relax|romantic,1,0.78842
56,174,0.73711,0,1,0,5910000,5,9.4,38,6000000,2,beach|food|photography|relax|romantic,0,0.61959
56,213,0.49583,0,1,0,5480000,4,9.1,25,6000000,2,beach|food|photography|relax|romantic,0,0.54325
56,236,0.57653,0,0,0,14120000,4,8.3,70,6000000,2,beach|food|photography|relax|romantic,0,0.40914
56,198,0.62348,1,1,0,5820000,3,8.6,8,6000000,2,beach|food|photography|relax|romantic,1,0.79986
56,141,0.29723,0,1,1,4800000,2,8.6,28,6000000,2,beach|food|photography|relax|romantic,0,0.51084
56,150,0.35353,0,0,1,9710000,2,8.3,87,6000000,2,beach|food|photography|relax|romantic,0,0.43255
56,4,0.47633,0,0,0,6540000,5,8.5,51,6000000,2,beach|food|photography|relax|romantic,0,0.48666
56,33,0.56415,0,0,0,6090000,3,8.9,45,6000000,2,beach|food|photography|relax|romantic,0,0.59554
56,133,0.37688,0,1,0,5680000,3,9.6,72,6000000,2,beach|food|photography|relax|romantic,1,0.52629
56,138,0.35391,0,0,0,11540000,3,8.0,95,6000000,2,beach|food|photography|relax|romantic,0,0.35291
56,56,0.46927,0,0,0,12680000,3,9.5,77,6000000,2,beach|food|photography|relax|romantic,0,0.40409
56,83,0.56976,0,0,0,13980000,3,9.5,52,6000000,2,beach|food|photography|relax|romantic,0,0.4463
56,104,0.15256,1,0,0,8930000,4,7.4,95,6000000,2,beach|food|photography|relax|romantic,0,0.48394
56,159,0.40111,0,0,1,11760000,2,9.2,85,6000000,2,beach|food|photography|relax|romantic,1,0.40687
56,100,0.32852,0,0,0,6530000,3,9.3,83,6000000,2,beach|food|photography|relax|romantic,0,0.48884
56,230,0.69916,1,0,0,6950000,5,7.5,10,6000000,2,beach|food|photography|relax|romantic,1,0.73932
56,190,0.41428,1,0,0,9710000,4,9.4,24,6000000,2,beach|food|photography|relax|romantic,0,0.59306
56,22,0.66464,1,0,0,8170000,3,8.5,27,6000000,2,beach|food|photography|relax|romantic,1,0.75828
56,27,0.18632,0,0,1,6140000,2,8.9,98,6000000,2,beach|food|photography|relax|romantic,0,0.46352
56,90,0.37714,0,1,1,2330000,2,9.0,69,6000000,2,beach|food|photography|relax|romantic,0,0.5484
56,188,0.33658,0,1,1,2280000,2,7.5,73,6000000,2,beach|food|photography|relax|romantic,1,0.51637
56,31,0.40485,0,0,1,9440000,2,9.1,25,6000000,2,beach|food|photography|relax|romantic,0,0.4693
56,64,0.70022,1,1,0,3540000,3,9.1,12,6000000,2,beach|food|photography|relax|romantic,1,0.83709
56,70,0.31689,0,0,0,7280000,4,8.7,47,6000000,2,beach|food|photography|relax|romantic,0,0.42996
56,37,0.24785,0,0,0,7470000,4,9.4,37,6000000,2,beach|food|photography|relax|romantic,0,0.4029
56,153,0.71084,0,0,0,8920000,5,9.0,5,6000000,2,beach|food|photography|relax|romantic,0,0.52669
56,148,0.44795,0,0,0,11060000,4,9.6,44,6000000,2,beach|food|photography|relax|romantic,0,0.3932
56,156,0.18021,0,0,1,7480000,2,9.0,38,6000000,2,beach|food|photography|relax|romantic,0,0.42622
56,44,0.41189,0,1,0,5620000,4,7.4,19,6000000,2,beach|food|photography|relax|romantic,0,0.49099
56,109,0.36223,0,1,0,5450000,3,7.6,70,6000000,2,beach|food|photography|relax|romantic,0,0.50014
56,60,0.24661,0,1,0,2850000,4,8.8,84,6000000,2,beach|food|photography|relax|romantic,0,0.43558
56,179,0.53381,0,1,0,5280000,3,9.5,68,6000000,2,beach|food|photography|relax|romantic,0,0.5912
56,98,0.66824,1,1,0,3780000,5,8.1,109,6000000,2,beach|food|photography|relax|romantic,1,0.75766
56,169,0.48373,0,1,0,5620000,5,8.8,5,6000000,2,beach|food|photography|relax|romantic,0,0.50716
56,12,0.69583,1,1,0,5140000,4,9.6,114,6000000,2,beach|food|photography|relax|romantic,1,0.81225
56,118,0.64445,1,0,0,7280000,5,8.4,70,6000000,2,beach|food|photography|relax|romantic,1,0.71654
56,151,0.6395,1,0,0,7800000,3,7.8,89,6000000,2,beach|food|photography|relax|romantic,1,0.75059
56,105,0.50173,0,0,0,12640000,4,8.4,30,6000000,2,beach|food|photography|relax|romantic,0,0.37872
56,209,0.48625,0,0,0,8360000,4,9.1,41,6000000,2,beach|food|photography|relax|romantic,0,0.47629
56,171,0.61339,0,1,0,5570000,5,9.6,87,6000000,2,beach|food|photography|relax|romantic,1,0.56963
56,110,0.53336,0,0,0,7520000,4,9.4,73,6000000,2,beach|food|photography|relax|romantic,1,0.52148
56,28,0.39012,0,0,0,12790000,4,8.6,66,6000000,2,beach|food|photography|relax|romantic,0,0.33385
56,160,0.74745,1,1,0,3970000,4,9.2,69,6000000,2,beach|food|photography|relax|romantic,1,0.82993
56,206,0.57961,0,1,0,4060000,3,9.0,5,6000000,2,beach|food|photography|relax|romantic,1,0.60544
57,106,0.23487,0,1,1,3480000,3,7.6,42,6000000,3,beach|food|photography|relax|romantic,0,0.47464
57,90,0.36124,0,1,0,2330000,2,9.0,69,6000000,3,beach|food|photography|relax|romantic,0,0.51372
57,77,0.32544,0,0,1,7160000,3,8.3,95,6000000,3,beach|food|photography|relax|romantic,0,0.48875
57,196,0.47311,0,0,0,14200000,4,8.3,67,6000000,3,beach|food|photography|relax|romantic,0,0.3937
57,182,0.23874,0,1,0,5640000,2,9.5,25,6000000,3,beach|food|photography|relax|romantic,0,0.46727
57,142,0.25896,0,0,0,6670000,4,9.5,72,6000000,3,beach|food|photography|relax|romantic,0,0.4579
57,138,0.4152,0,0,1,11540000,3,8.0,95,6000000,3,beach|food|photography|relax|romantic,0,0.40665
57,9,0.65799,0,0,0,9390000,4,8.0,60,6000000,3,beach|food|photography|relax|romantic,1,0.53795
57,81,0.27099,0,1,0,4940000,4,9.0,17,6000000,3,beach|food|photography|relax|romantic,0,0.47582
57,126,0.54995,1,0,1,9260000,3,8.4,85,6000000,3,beach|food|photography|relax|romantic,1,0.70805
57,47,0.43061,0,0,1,6300000,3,8.3,85,6000000,3,beach|food|photography|relax|romantic,0,0.55586
57,2,0.50489,0,1,0,5410000,5,9.1,111,6000000,3,beach|food|photography|relax|romantic,0,0.54705
57,58,0.20939,0,1,0,5490000,4,7.7,45,6000000,3,beach|food|photography|relax|romantic,0,0.43694
57,95,0.54487,0,0,0,12960000,4,7.5,31,6000000,3,beach|food|photography|relax|romantic,0,0.41584
57,10,0.68421,0,1,0,3750000,4,9.7,57,6000000,3,beach|food|photography|relax|romantic,1,0.65637
57,50,0.31704,0,1,0,5180000,2,9.5,104,6000000,3,beach|food|photography|relax|romantic,0,0.50016
57,166,0.3241,0,0,0,6610000,4,7.9,101,6000000,3,beach|food|photography|relax|romantic,0,0.47085
57,100,0.29324,0,0,1,6530000,3,9.3,83,6000000,3,beach|food|photography|relax|romantic,0,0.50203
57,195,0.71531,0,1,0,5880000,5,8.4,105,6000000,3,beach|food|photography|relax|romantic,0,0.62843
57,103,0.70473,0,1,1,5020000,3,9.3,30,6000000,3,beach|food|photography|relax|romantic,1,0.68899
57,147,0.59456,1,0,1,8820000,3,8.4,18,6000000,3,beach|food|photography|relax|romantic,1,0.73851
57,78,0.28972,0,0,0,6430000,4,9.1,48,6000000,3,beach|food|photography|relax|romantic,0,0.47321
57,80,0.29463,0,1,0,4630000,2,9.6,104,6000000,3,beach|food|photography|relax|romantic,0,0.49175
57,131,0.27068,0,1,0,3020000,2,8.6,118,6000000,3,beach|food|photography|relax|romantic,0,0.47168
57,185,0.71468,0,1,0,4000000,4,8.9,82,6000000,3,beach|food|photography|relax|romantic,1,0.66117
57,232,0.3386,1,0,1,10030000,3,8.8,50,6000000,3,beach|food|photography|relax|romantic,1,0.60274
57,76,0.7426,0,1,0,4280000,5,8.3,39,6000000,3,beach|food|photography|relax|romantic,1,0.63889
57,168,0.47786,0,0,1,6140000,3,8.9,101,6000000,3,beach|food|photography|relax|romantic,0,0.58597
57,123,0.3609,1,0,0,7390000,4,8.7,91,6000000,3,beach|food|photography|relax|romantic,0,0.65351
57,164,0.24039,0,1,1,2350000,3,9.4,29,6000000,3,beach|food|photography|relax|romantic,0,0.49496
57,210,0.30019,1,0,1,7500000,3,7.5,13,6000000,3,beach|food|photography|relax|romantic,1,0.64108
57,113,0.48777,0,0,1,8040000,3,9.3,109,6000000,3,beach|food|photography|relax|romantic,0,0.54347
57,197,0.50788,1,0,1,6280000,3,9.2,55,6000000,3,beach|food|photography|relax|romantic,1,0.77784
57,204,0.471,0,0,0,12320000,5,8.3,93,6000000,3,beach|food|photography|relax|romantic,0,0.36482
57,1,0.43601,0,0,0,14160000,4,9.0,35,6000000,3,beach|food|photography|relax|romantic,0,0.38512
57,227,0.41286,0,0,0,8860000,2,9.0,39,6000000,3,beach|food|photography|relax|romantic,1,0.45913
57,201,0.41649,0,0,0,8110000,5,8.7,69,6000000,3,beach|food|photography|relax|romantic,0,0.44966
57,222,0.4021,0,0,0,10940000,4,9.6,70,6000000,3,beach|food|photography|relax|romantic,0,0.40515
57,4,0.43111,0,0,0,6540000,5,8.5,51,6000000,3,beach|food|photography|relax|romantic,0,0.49567
57,43,0.70065,0,0,1,8280000,3,8.4,120,6000000,3,beach|food|photography|relax|romantic,1,0.61747
57,203,0.32906,0,1,0,4750000,2,8.4,43,6000000,3,beach|food|photography|relax|romantic,0,0.49421
57,89,0.25471,0,1,0,4550000,4,8.5,70,6000000,3,beach|food|photography|relax|romantic,0,0.46398
57,188,0.30087,0,1,0,2280000,2,7.5,73,6000000,3,beach|food|photography|relax|romantic,0,0.47336
57,133,0.4075,0,1,1,5680000,3,9.6,72,6000000,3,beach|food|photography|relax|romantic,1,0.56715
57,48,0.64163,0,1,0,4820000,4,9.2,103,6000000,3,beach|food|photography|relax|romantic,1,0.63348
57,91,0.56296,0,1,0,5890000,5,9.6,48,6000000,3,beach|food|photography|relax|romantic,0,0.57644
57,130,0.29291,1,0,0,6320000,4,8.0,10,6000000,3,beach|food|photography|relax|romantic,1,0.64649
57,200,0.58645,1,0,0,7780000,4,8.8,20,6000000,3,beach|food|photography|relax|romantic,1,0.73884
57,88,0.26708,0,0,0,6870000,4,9.3,31,6000000,3,beach|food|photography|relax|romantic,0,0.45397
57,65,0.26184,0,1,0,5980000,4,8.1,6,6000000,3,beach|food|photography|relax|romantic,1,0.46297
57,46,0.60938,0,0,1,8140000,3,9.5,53,6000000,3,beach|food|photography|relax|romantic,0,0.59387
57,112,0.47683,0,1,1,5970000,3,8.8,119,6000000,3,beach|food|photography|relax|romantic,0,0.58827
57,208,0.43594,0,1,1,3970000,3,8.8,28,6000000,3,beach|food|photography|relax|romantic,1,0.5711
57,224,0.40344,0,0,0,9610000,5,8.2,93,6000000,3,beach|food|photography|relax|romantic,0,0.39918
57,183,0.3883,0,0,0,6720000,5,8.9,109,6000000,3,beach|food|photography|relax|romantic,0,0.47689
57,159,0.46005,0,0,0,11760000,2,9.2,85,6000000,3,beach|food|photography|relax|romantic,0,0.40362
57,6,0.65862,0,1,0,4460000,5,8.8,16,6000000,3,beach|food|photography|relax|romantic,1,0.60862
57,61,0.24426,0,1,0,3850000,2,7.4,61,6000000,3,beach|food|photography|relax|romantic,0,0.44859
57,225,0.73409,0,1,0,5050000,5,8.1,21,6000000,3,beach|food|photography|relax|romantic,0,0.63332
57,119,0.41031,0,0,0,6250000,4,7.4,42,6000000,3,beach|food|photography|relax|romantic,0,0.51167
57,216,0.4031,1,1,0,5630000,4,9.4,104,6000000,3,beach|food|photography|relax|romantic,1,0.7153
57,24,0.55946,1,1,0,5890000,5,8.1,9,6000000,3,beach|food|photography|relax|romantic,1,0.73997
57,221,0.76648,0,1,0,3220000,5,8.2,86,6000000,3,beach|food|photography|relax|romantic,1,0.64792
57,165,0.51491,0,0,0,10700000,4,7.6,38,6000000,3,beach|food|photography|relax|romantic,0,0.43893
57,23,0.34509,0,0,0,7230000,4,8.5,118,6000000,3,beach|food|photography|relax|romantic,0,0.46914
57,68,0.50187,1,0,1,6910000,3,9.3,96,6000000,3,beach|food|photography|relax|romantic,1,0.75952
57,184,0.4915,0,1,1,5580000,3,7.6,35,6000000,3,beach|food|photography|relax|romantic,1,0.58243
57,151,0.68228,0,0,1,7800000,3,7.8,89,6000000,3,beach|food|photography|relax|romantic,0,0.61656
57,19,0.54439,1,1,1,5280000,3,9.2,81,6000000,3,beach|food|photography|relax|romantic,1,0.80065
57,172,0.40931,0,0,0,7580000,5,7.6,79,6000000,3,beach|food|photography|relax|romantic,0,0.44978
58,110,0.22388,0,1,0,7520000,4,9.4,73,8000000,3,beach|cruise|luxury|relax|romantic,0,0.46003
58,75,0.72335,0,0,1,14320000,3,8.5,11,8000000,3,beach|cruise|luxury|relax|romantic,1,0.56241
58,22,0.39189,0,0,1,8170000,3,8.5,27,8000000,3,beach|cruise|luxury|relax|romantic,0,0.5462
58,170,0.66901,0,0,1,14230000,3,8.1,81,8000000,3,beach|cruise|luxury|relax|romantic,0,0.53738
58,39,0.45965,0,1,1,7320000,3,8.0,80,8000000,3,beach|cruise|luxury|relax|romantic,1,0.57305
58,212,0.47421,0,1,1,7390000,3,8.7,47,8000000,3,beach|cruise|luxury|relax|romantic,1,0.58617
58,235,0.36185,0,0,1,8550000,3,9.7,29,8000000,3,beach|cruise|luxury|relax|romantic,0,0.53798
58,199,0.3151,0,1,0,7500000,4,8.6,40,8000000,3,beach|cruise|luxury|relax|romantic,0,0.49034
58,29,0.7237,0,0,1,11690000,3,7.6,35,8000000,3,beach|cruise|luxury|relax|romantic,0,0.60615
58,120,0.21967,0,1,1,7330000,3,9.1,82,8000000,3,beach|cruise|luxury|relax|romantic,0,0.48326
58,172,0.64332,0,1,0,7580000,5,7.6,79,8000000,3,beach|cruise|luxury|relax|romantic,1,0.5902
58,138,0.36471,0,0,1,11540000,3,8.0,95,8000000,3,beach|cruise|luxury|relax|romantic,0,0.46238
58,166,0.07695,1,1,0,6610000,4,7.9,101,8000000,3,beach|cruise|luxury|relax|romantic,0,0.56332
58,143,0.38868,0,1,0,7280000,4,7.6,88,8000000,3,beach|cruise|luxury|relax|romantic,0,0.51125
58,133,0.01216,1,1,1,5680000,3,9.6,72,8000000,3,beach|cruise|luxury|relax|romantic,0,0.58111
58,129,0.07532,1,1,0,4650000,5,9.7,7,8000000,3,beach|cruise|luxury|relax|romantic,1,0.55263
58,164,0.0,0,1,1,2350000,3,9.4,29,8000000,3,beach|cruise|luxury|relax|romantic,0,0.394
58,158,0.73576,0,0,1,13970000,3,8.9,45,8000000,3,beach|cruise|luxury|relax|romantic,1,0.57862
58,147,0.27601,0,0,1,8820000,3,8.4,18,8000000,3,beach|cruise|luxury|relax|romantic,0,0.48352
58,36,0.46085,0,1,0,4630000,4,9.0,57,8000000,3,beach|cruise|luxury|relax|romantic,0,0.55556
58,207,0.16062,0,1,0,3610000,4,8.7,64,8000000,3,beach|cruise|luxury|relax|romantic,0,0.42646
58,114,0.42757,0,0,1,10820000,3,9.0,71,8000000,3,beach|cruise|luxury|relax|romantic,0,0.51318
58,90,0.16193,0,1,0,2330000,2,9.0,69,8000000,3,beach|cruise|luxury|relax|romantic,0,0.43001
58,54,0.21711,0,0,0,8910000,5,7.6,95,8000000,3,beach|cruise|luxury|relax|romantic,0,0.39299
58,27,0.02534,1,1,0,6140000,2,8.9,98,8000000,3,beach|cruise|luxury|relax|romantic,1,0.55164
58,188,0.00596,0,1,0,2280000,2,7.5,73,8000000,3,beach|cruise|luxury|relax|romantic,0,0.3495
58,100,0.07127,0,1,1,6530000,3,9.3,83,8000000,3,beach|cruise|luxury|relax|romantic,0,0.42293
58,195,0.48551,0,1,0,5880000,5,8.4,105,8000000,3,beach|cruise|luxury|relax|romantic,0,0.53191
58,21,0.15417,0,1,0,7690000,5,7.8,21,8000000,3,beach|cruise|luxury|relax|romantic,0,0.38675
58,210,0.08737,1,1,1,7500000,3,7.5,13,8000000,3,beach|cruise|luxury|relax|romantic,1,0.5917
58,140,0.5093,0,1,0,3330000,5,9.2,94,8000000,3,beach|cruise|luxury|relax|romantic,1,0.54991
58,43,0.32401,0,0,1,8280000,3,8.4,120,8000000,3,beach|cruise|luxury|relax|romantic,0,0.51448
58,198,0.38555,0,1,1,5820000,3,8.6,8,8000000,3,beach|cruise|luxury|relax|romantic,1,0.54793
58,233,0.25803,0,1,1,6800000,3,8.3,19,8000000,3,beach|cruise|luxury|relax|romantic,0,0.49137
58,173,0.15911,1,1,1,7150000,3,9.4,6,8000000,3,beach|cruise|luxury|relax|romantic,1,0.64083
58,220,0.24423,0,1,0,4760000,4,8.4,99,8000000,3,beach|cruise|luxury|relax|romantic,0,0.45858
58,41,0.31899,0,1,0,6960000,4,9.1,101,8000000,3,beach|cruise|luxury|relax|romantic,0,0.49698
58,12,0.47787,0,1,0,5140000,4,9.6,114,8000000,3,beach|cruise|luxury|relax|romantic,1,0.5687
58,128,0.66712,0,0,1,13980000,3,9.1,49,8000000,3,beach|cruise|luxury|relax|romantic,1,0.55159
58,62,0.73355,0,0,0,15980000,4,7.5,22,8000000,3,beach|cruise|luxury|relax|romantic,0,0.49549
58,231,0.02296,1,1,0,3590000,4,9.4,36,8000000,3,beach|cruise|luxury|relax|romantic,0,0.55565
58,72,0.45097,0,1,1,6980000,3,8.9,58,8000000,3,beach|cruise|luxury|relax|romantic,0,0.57841
58,111,0.02695,1,1,0,3320000,2,7.8,110,8000000,3,beach|cruise|luxury|relax|romantic,1,0.54132
58,150,0.55236,0,0,0,9710000,2,8.3,87,8000000,3,beach|cruise|luxury|relax|romantic,1,0.55279
58,34,0.13225,1,1,0,4830000,5,7.8,107,8000000,3,beach|cruise|luxury|relax|romantic,1,0.55755
58,151,0.44413,0,1,1,7800000,3,7.8,89,8000000,3,beach|cruise|luxury|relax|romantic,0,0.56453
58,126,0.19461,0,0,1,9260000,3,8.4,85,8000000,3,beach|cruise|luxury|relax|romantic,0,0.44054
58,229,0.51519,0,0,0,10990000,4,8.5,60,8000000,3,beach|cruise|luxury|relax|romantic,0,0.51358
58,107,0.72238,0,1,1,6120000,3,9.4,13,8000000,3,beach|cruise|luxury|relax|romantic,1,0.6974
58,155,0.33364,0,1,0,4600000,4,9.4,111,8000000,3,beach|cruise|luxury|relax|romantic,0,0.50613
58,64,0.55029,0,1,1,3540000,3,9.1,12,8000000,3,beach|cruise|luxury|relax|romantic,1,0.62212
58,234,0.55914,0,1,0,3470000,4,7.4,6,8000000,3,beach|cruise|luxury|relax|romantic,1,0.58084
58,10,0.47147,0,1,0,3750000,4,9.7,57,8000000,3,beach|cruise|luxury|relax|romantic,0,0.56702
58,165,0.42944,0,0,0,10700000,4,7.6,38,8000000,3,beach|cruise|luxury|relax|romantic,0,0.47437
58,19,0.21781,0,1,1,5280000,3,9.2,81,8000000,3,beach|cruise|luxury|relax|romantic,0,0.48348
58,123,0.22517,0,1,0,7390000,4,8.7,91,8000000,3,beach|cruise|luxury|relax|romantic,0,0.45357
58,98,0.46288,0,1,0,3780000,5,8.1,109,8000000,3,beach|cruise|luxury|relax|romantic,0,0.51941
58,152,0.45568,0,0,1,10060000,3,8.7,54,8000000,3,beach|cruise|luxury|relax|romantic,0,0.53719
58,105,0.72641,0,0,0,12640000,4,8.4,30,8000000,3,beach|cruise|luxury|relax|romantic,1,0.56829
58,223,0.27061,0,1,0,6120000,4,7.6,85,8000000,3,beach|cruise|luxury|relax|romantic,1,0.46166
58,42,0.0,0,1,0,5460000,2,8.4,104,8000000,3,beach|cruise|luxury|relax|romantic,0,0.356
58,50,0.08931,1,1,0,5180000,2,9.5,104,8000000,3,beach|cruise|luxury|relax|romantic,1,0.58451
58,206,0.26333,0,1,1,4060000,3,9.0,5,8000000,3,beach|cruise|luxury|relax|romantic,0,0.5006
58,176,0.64826,0,1,0,7390000,5,9.1,92,8000000,3,beach|cruise|luxury|relax|romantic,1,0.60727
58,92,0.0,0,1,1,5150000,3,8.1,31,8000000,3,beach|cruise|luxury|relax|romantic,0,0.381
58,47,0.48497,0,1,1,6300000,3,8.3,85,8000000,3,beach|cruise|luxury|relax|romantic,0,0.58669
58,84,0.0,0,1,0,4910000,2,9.6,25,8000000,3,beach|cruise|luxury|relax|romantic,0,0.368
58,48,0.25077,0,1,0,4820000,4,9.2,103,8000000,3,beach|cruise|luxury|relax|romantic,0,0.46932
58,156,0.02178,1,1,0,7480000,2,9.0,38,8000000,3,beach|cruise|luxury|relax|romantic,1,0.55115
58,142,0.12981,0,1,0,6670000,4,9.5,72,8000000,3,beach|cruise|luxury|relax|romantic,0,0.42152
59,172,0.11224,1,0,1,7580000,5,7.6,79,4000000,5,adventure|mountain|nature|photography|wildlife,0,0.45994
59,137,0.23862,0,0,0,6170000,4,8.6,51,4000000,5,adventure|mountain|nature|photography|wildlife,0,0.37142
59,9,0.2933,0,0,0,9390000,4,8.0,60,4000000,5,adventure|mountain|nature|photography|wildlife,0,0.31519
59,138,0.18492,0,0,0,11540000,3,8.0,95,4000000,5,adventure|mountain|nature|photography|wildlife,0,0.24167
59,64,0.64147,1,1,0,3540000,3,9.1,12,4000000,5,adventure|mountain|nature|photography|wildlife,1,0.78442
59,166,0.8231,0,0,0,6610000,4,7.9,101,4000000,5,adventure|mountain|nature|photography|wildlife,1,0.5923
59,10,0.51782,1,1,0,3750000,4,9.7,57,4000000,5,adventure|mountain|nature|photography|wildlife,1,0.76648
59,89,0.77902,0,0,0,4550000,4,8.5,70,4000000,5,adventure|mountain|nature|photography|wildlife,1,0.66219
59,215,0.1981,1,1,0,3960000,4,7.5,73,4000000,5,adventure|mountain|nature|photography|wildlife,1,0.6102
59,200,0.36037,0,0,0,7780000,4,8.8,20,4000000,5,adventure|mountain|nature|photography|wildlife,0,0.36015
59,47,0.14806,0,0,0,6300000,3,8.3,85,4000000,5,adventure|mountain|nature|photography|wildlife,0,0.29718
59,122,0.25798,0,0,0,5960000,3,9.4,46,4000000,5,adventure|mountain|nature|photography|wildlife,0,0.36795
59,121,0.21071,0,0,0,5510000,3,7.8,82,4000000,5,adventure|mountain|nature|photography|wildlife,0,0.3501
59,82,0.38348,0,0,0,6740000,2,8.9,16,4000000,5,adventure|mountain|nature|photography|wildlife,0,0.35646
59,97,0.19849,0,0,0,9930000,3,7.6,41,4000000,5,adventure|mountain|nature|photography|wildlife,0,0.24337
59,159,0.33244,0,0,0,11760000,2,9.2,85,4000000,5,adventure|mountain|nature|photography|wildlife,0,0.28762
59,80,0.08062,1,0,0,4630000,2,9.6,104,4000000,5,adventure|mountain|nature|photography|wildlife,1,0.50066
59,190,0.03365,0,0,0,9710000,4,9.4,24,4000000,5,adventure|mountain|nature|photography|wildlife,0,0.22013
59,133,0.17172,1,0,0,5680000,3,9.6,72,4000000,5,adventure|mountain|nature|photography|wildlife,0,0.52492
59,119,0.08666,1,0,0,6250000,4,7.4,42,4000000,5,adventure|mountain|nature|photography|wildlife,0,0.4724
59,173,0.75046,0,0,0,7150000,3,9.4,6,4000000,5,adventure|mountain|nature|photography|wildlife,1,0.52719
59,22,0.52761,1,0,0,8170000,3,8.5,27,4000000,5,adventure|mountain|nature|photography|wildlife,0,0.5706
59,5,0.19845,1,0,1,15690000,5,8.2,115,4000000,5,adventure|mountain|nature|photography|wildlife,0,0.48535
59,77,0.7782,0,0,0,7160000,3,8.3,95,4000000,5,adventure|mountain|nature|photography|wildlife,0,0.52744
59,65,0.76561,0,0,0,5980000,4,8.1,6,4000000,5,adventure|mountain|nature|photography|wildlife,1,0.59535
59,95,0.12675,1,0,0,12960000,4,7.5,31,4000000,5,adventure|mountain|nature|photography|wildlife,0,0.42024
59,53,0.15633,0,0,0,6850000,4,8.6,65,4000000,5,adventure|mountain|nature|photography|wildlife,0,0.30966
59,93,0.82612,0,0,0,7290000,2,9.4,63,4000000,5,adventure|mountain|nature|photography|wildlife,0,0.52537
59,37,0.14986,1,0,0,7470000,4,9.4,37,4000000,5,adventure|mountain|nature|photography|wildlife,0,0.47014
59,113,0.33076,0,0,0,8040000,3,9.3,109,4000000,5,adventure|mountain|nature|photography|wildlife,0,0.31592
59,145,0.09323,1,0,1,5440000,5,7.9,10,4000000,5,adventure|mountain|nature|photography|wildlife,1,0.54056
59,130,0.81598,0,0,0,6320000,4,8.0,10,4000000,5,adventure|mountain|nature|photography|wildlife,1,0.60191
59,48,0.26764,0,0,0,4820000,4,9.2,103,4000000,5,adventure|mountain|nature|photography|wildlife,0,0.44361
59,180,0.5465,1,0,0,5160000,4,9.3,30,4000000,5,adventure|mountain|nature|photography|wildlife,1,0.72813
59,57,0.16678,1,0,0,5360000,3,8.5,66,4000000,5,adventure|mountain|nature|photography|wildlife,0,0.52465
59,128,0.23983,1,0,0,13980000,3,9.1,49,4000000,5,adventure|mountain|nature|photography|wildlife,0,0.45573
59,99,0.11397,0,0,1,7510000,5,8.5,34,4000000,5,adventure|mountain|nature|photography|wildlife,0,0.29247
59,212,0.47119,1,0,0,7390000,3,8.7,47,4000000,5,adventure|mountain|nature|photography|wildlife,1,0.5733
59,103,0.58813,1,0,0,5020000,3,9.3,30,4000000,5,adventure|mountain|nature|photography|wildlife,0,0.72321
59,188,0.22585,1,1,0,2280000,2,7.5,73,4000000,5,adventure|mountain|nature|photography|wildlife,0,0.56586
59,120,0.2644,0,0,0,7330000,3,9.1,82,4000000,5,adventure|mountain|nature|photography|wildlife,0,0.31285
59,148,0.24401,0,0,0,11060000,4,9.6,44,4000000,5,adventure|mountain|nature|photography|wildlife,0,0.31048
59,68,0.10969,0,0,0,6910000,3,9.3,96,4000000,5,adventure|mountain|nature|photography|wildlife,0,0.26667
59,209,0.23988,0,0,0,8360000,4,9.1,41,4000000,5,adventure|mountain|nature|photography|wildlife,0,0.30375
59,92,0.13147,0,0,0,5150000,3,8.1,31,4000000,5,adventure|mountain|nature|photography|wildlife,0,0.33422
59,193,0.11692,1,0,0,9300000,3,8.2,66,4000000,5,adventure|mountain|nature|photography|wildlife,0,0.39511
59,181,0.22557,0,0,1,5530000,5,8.0,103,4000000,5,adventure|mountain|nature|photography|wildlife,0,0.41354
59,73,0.63581,1,0,0,7600000,3,8.4,56,4000000,5,adventure|mountain|nature|photography|wildlife,1,0.63104
59,110,0.26002,0,0,0,7520000,4,9.4,73,4000000,5,adventure|mountain|nature|photography|wildlife,0,0.33441
59,143,0.24839,0,0,0,7280000,4,7.6,88,4000000,5,adventure|mountain|nature|photography|wildlife,0,0.32112
59,24,0.29441,0,0,1,5890000,5,8.1,9,4000000,5,adventure|mountain|nature|photography|wildlife,0,0.42905
59,228,0.80205,0,0,0,7690000,3,7.6,7,4000000,5,adventure|mountain|nature|photography|wildlife,0,0.50926
59,161,0.70529,1,0,0,6500000,4,7.5,57,4000000,5,adventure|mountain|nature|photography|wildlife,1,0.72322
59,223,0.26297,0,0,0,6120000,4,7.6,85,4000000,5,adventure|mountain|nature|photography|wildlife,0,0.37365
59,23,0.84737,0,0,0,7230000,4,8.5,118,4000000,5,adventure|mountain|nature|photography|wildlife,0,0.5837
59,59,0.21052,1,0,0,6780000,4,8.2,72,4000000,5,adventure|mountain|nature|photography|wildlife,0,0.51122
59,165,0.21723,0,0,0,10700000,4,7.6,38,4000000,5,adventure|mountain|nature|photography|wildlife,0,0.27924
59,179,0.1469,1,0,0,5280000,3,9.5,68,4000000,5,adventure|mountain|nature|photography|wildlife,0,0.5295
59,237,0.0646,1,0,0,4570000,3,9.1,117,4000000,5,adventure|mountain|nature|photography|wildlife,1,0.51933
59,86,0.31584,0,0,0,10640000,3,9.1,83,4000000,5,adventure|mountain|nature|photography|wildlife,0,0.30765
59,201,0.09884,1,0,1,8110000,5,8.7,69,4000000,5,adventure|mountain|nature|photography|wildlife,0,0.44851
59,199,0.14864,0,0,0,7500000,4,8.6,40,4000000,5,adventure|mountain|nature|photography|wildlife,0,0.28043
59,7,0.1771,0,0,1,7910000,5,9.3,13,4000000,5,adventure|mountain|nature|photography|wildlife,0,0.31098
59,45,0.80287,0,0,0,8730000,3,8.1,21,4000000,5,adventure|mountain|nature|photography|wildlife,0,0.5022
59,115,0.26419,0,0,0,6680000,4,8.7,31,4000000,5,adventure|mountain|nature|photography|wildlife,0,0.36276
59,50,0.78974,0,0,0,5180000,2,9.5,104,4000000,5,adventure|mountain|nature|photography|wildlife,1,0.59549
59,216,0.12721,0,0,0,5630000,4,9.4,104,4000000,5,adventure|mountain|nature|photography|wildlife,0,0.35423
59,185,0.57128,1,1,0,4000000,4,8.9,82,4000000,5,adventure|mountain|nature|photography|wildlife,1,0.78094
59,51,0.30268,0,0,1,11500000,5,7.8,99,4000000,5,adventure|mountain|nature|photography|wildlife,0,0.34512
59,100,0.18608,1,0,0,6530000,3,9.3,83,4000000,5,adventure|mountain|nature|photography|wildlife,1,0.49395
60,60,0.16932,0,1,0,2850000,4,8.8,84,6000000,3,beach|cruise|luxury|relax|romantic,0,0.43112
60,137,0.19777,1,0,0,6170000,4,8.6,51,6000000,3,beach|cruise|luxury|relax|romantic,1,0.61653
60,46,0.22664,1,0,1,8140000,3,9.5,53,6000000,3,beach|cruise|luxury|relax|romantic,0,0.61312
60,106,0.10071,0,1,1,3480000,3,7.6,42,6000000,3,beach|cruise|luxury|relax|romantic,0,0.4183
60,13,0.6321,0,0,1,10390000,3,8.6,44,6000000,3,beach|cruise|luxury|relax|romantic,0,0.53441
60,230,0.3553,1,0,0,6950000,5,7.5,10,6000000,3,beach|cruise|luxury|relax|romantic,1,0.62289
60,33,0.30592,1,0,1,6090000,3,8.9,45,6000000,3,beach|cruise|luxury|relax|romantic,1,0.69509
60,74,0.25614,1,1,0,3870000,5,7.7,59,6000000,3,beach|cruise|luxury|relax|romantic,1,0.60858
60,30,0.12999,0,1,1,3620000,3,8.3,117,6000000,3,beach|cruise|luxury|relax|romantic,0,0.4376
60,9,0.64738,0,0,0,9390000,4,8.0,60,6000000,3,beach|cruise|luxury|relax|romantic,0,0.5335
60,113,0.59698,0,0,1,8040000,3,9.3,109,6000000,3,beach|cruise|luxury|relax|romantic,1,0.58933
60,190,0.2598,1,0,0,9710000,4,9.4,24,6000000,3,beach|cruise|luxury|relax|romantic,1,0.55618
60,88,0.13778,0,0,0,6870000,4,9.3,31,6000000,3,beach|cruise|luxury|relax|romantic,0,0.39967
60,8,0.68131,0,0,1,8190000,3,9.6,107,6000000,3,beach|cruise|luxury|relax|romantic,1,0.62375
60,68,0.28884,1,0,1,6910000,3,9.3,96,6000000,3,beach|cruise|luxury|relax|romantic,1,0.67005
60,24,0.29551,0,1,0,5890000,5,8.1,9,6000000,3,beach|cruise|luxury|relax|romantic,0,0.44911
60,220,0.2565,1,1,0,4760000,4,8.4,99,6000000,3,beach|cruise|luxury|relax|romantic,1,0.64373
60,129,0.19593,0,1,0,4650000,5,9.7,7,6000000,3,beach|cruise|luxury|relax|romantic,0,0.42329
60,179,0.68225,0,1,1,5280000,3,9.5,68,6000000,3,beach|cruise|luxury|relax|romantic,1,0.68155
60,11,0.2012,1,0,0,8160000,4,8.8,13,6000000,3,beach|cruise|luxury|relax|romantic,1,0.5669
60,5,0.65594,0,0,0,15690000,5,8.2,115,6000000,3,beach|cruise|luxury|relax|romantic,1,0.44149
60,189,0.15507,0,1,0,2850000,4,7.7,89,6000000,3,beach|cruise|luxury|relax|romantic,0,0.41413
60,19,0.24497,0,1,1,5280000,3,9.2,81,6000000,3,beach|cruise|luxury|relax|romantic,0,0.49489
60,115,0.59379,0,0,0,6680000,4,8.7,31,6000000,3,beach|cruise|luxury|relax|romantic,0,0.59026
60,180,0.34841,1,1,0,5160000,4,9.3,30,6000000,3,beach|cruise|luxury|relax|romantic,1,0.69133
60,35,0.23324,1,1,1,4230000,3,7.8,93,6000000,3,beach|cruise|luxury|relax|romantic,1,0.65596
60,238,0.64428,0,0,0,6620000,5,8.4,111,6000000,3,beach|cruise|luxury|relax|romantic,1,0.58206
60,120,0.22984,0,0,1,7330000,3,9.1,82,6000000,3,beach|cruise|luxury|relax|romantic,0,0.45207
60,201,0.60661,0,0,0,8110000,5,8.7,69,6000000,3,beach|cruise|luxury|relax|romantic,1,0.52951
60,136,0.24194,1,0,1,6220000,3,8.1,117,6000000,3,beach|cruise|luxury|relax|romantic,1,0.65675
60,176,0.62407,0,0,0,7390000,5,9.1,92,6000000,3,beach|cruise|luxury|relax|romantic,0,0.56004
60,133,0.08905,0,1,1,5680000,3,9.6,72,6000000,3,beach|cruise|luxury|relax|romantic,0,0.4334
60,101,0.22874,0,0,0,9040000,5,7.7,53,6000000,3,beach|cruise|luxury|relax|romantic,0,0.336
60,155,0.36282,1,1,0,4600000,4,9.4,111,6000000,3,beach|cruise|luxury|relax|romantic,1,0.69839
60,149,0.24628,1,0,0,6170000,5,7.9,53,6000000,3,beach|cruise|luxury|relax|romantic,1,0.6019
60,204,0.68478,0,0,0,12320000,5,8.3,93,6000000,3,beach|cruise|luxury|relax|romantic,0,0.45461
60,138,0.39435,0,0,1,11540000,3,8.0,95,6000000,3,beach|cruise|luxury|relax|romantic,0,0.39789
60,116,0.23075,1,1,0,3980000,4,7.9,72,6000000,3,beach|cruise|luxury|relax|romantic,1,0.62792
60,205,0.18426,0,1,0,5780000,2,7.9,69,6000000,3,beach|cruise|luxury|relax|romantic,0,0.42839
60,151,0.39016,1,0,1,7800000,3,7.8,89,6000000,3,beach|cruise|luxury|relax|romantic,1,0.67387
60,118,0.36252,1,0,0,7280000,5,8.4,70,6000000,3,beach|cruise|luxury|relax|romantic,1,0.62613
60,43,0.28951,1,0,1,8280000,3,8.4,120,6000000,3,beach|cruise|luxury|relax|romantic,1,0.62479
60,194,0.65955,0,0,1,8690000,3,9.4,66,6000000,3,beach|cruise|luxury|relax|romantic,1,0.59928
60,40,0.42354,1,1,1,5340000,3,7.5,108,6000000,3,beach|cruise|luxury|relax|romantic,1,0.73289
60,32,0.72814,0,0,1,6600000,3,7.6,4,6000000,3,beach|cruise|luxury|relax|romantic,1,0.66582
60,142,0.32355,0,0,0,6670000,4,9.5,72,6000000,3,beach|cruise|luxury|relax|romantic,0,0.48502
60,110,0.23013,1,0,0,7520000,4,9.4,73,6000000,3,beach|cruise|luxury|relax|romantic,0,0.60212
60,82,0.25188,1,0,0,6740000,2,8.9,16,6000000,3,beach|cruise|luxury|relax|romantic,1,0.62705
60,183,0.41232,0,0,0,6720000,5,8.9,109,6000000,3,beach|cruise|luxury|relax|romantic,0,0.48698
60,236,0.70375,0,0,0,14120000,4,8.3,70,6000000,3,beach|cruise|luxury|relax|romantic,1,0.49058
60,73,0.35209,1,0,1,7600000,3,8.4,56,6000000,3,beach|cruise|luxury|relax|romantic,1,0.66921
60,72,0.36241,1,0,1,6980000,3,8.9,58,6000000,3,beach|cruise|luxury|relax|romantic,1,0.69508
60,240,0.15583,0,0,0,9370000,4,7.7,33,6000000,3,beach|cruise|luxury|relax|romantic,0,0.32458
60,203,0.06891,0,1,0,4750000,2,8.4,43,6000000,3,beach|cruise|luxury|relax|romantic,0,0.38494
60,93,0.17998,0,0,0,7290000,2,9.4,63,6000000,3,beach|cruise|luxury|relax|romantic,0,0.40719
60,59,0.11225,0,0,0,6780000,4,8.2,72,6000000,3,beach|cruise|luxury|relax|romantic,0,0.38035
60,199,0.30997,1,0,0,7500000,4,8.6,40,6000000,3,beach|cruise|luxury|relax|romantic,1,0.62819
60,161,0.32265,1,0,0,6500000,4,7.5,57,6000000,3,beach|cruise|luxury|relax|romantic,1,0.64918
60,170,0.63413,0,0,1,14230000,3,8.1,81,6000000,3,beach|cruise|luxury|relax|romantic,0,0.48733
60,126,0.2476,0,0,1,9260000,3,8.4,85,6000000,3,beach|cruise|luxury|relax|romantic,0,0.40106
60,134,0.35074,1,1,0,3330000,4,7.8,89,6000000,3,beach|cruise|luxury|relax|romantic,0,0.67731
60,233,0.32737,1,0,1,6800000,3,8.3,19,6000000,3,beach|cruise|luxury|relax|romantic,1,0.67916
60,84,0.0736,0,1,0,4910000,2,9.6,25,6000000,3,beach|cruise|luxury|relax|romantic,0,0.39891
60,171,0.23535,0,1,0,5570000,5,9.6,87,6000000,3,beach|cruise|luxury|relax|romantic,0,0.43885
60,156,0.13434,0,0,0,7480000,2,9.0,38,6000000,3,beach|cruise|luxury|relax|romantic,0,0.37896
60,53,0.35151,1,0,0,6850000,4,8.6,65,6000000,3,beach|cruise|luxury|relax|romantic,0,0.66297
60,153,0.30644,0,0,0,8920000,5,9.0,5,6000000,3,beach|cruise|luxury|relax|romantic,0,0.38484
60,38,0.299,0,1,1,3520000,3,8.5,21,6000000,3,beach|cruise|luxury|relax|romantic,0,0.51058
60,235,0.38786,1,0,1,8550000,3,9.7,29,6000000,3,beach|cruise|luxury|relax|romantic,1,0.6719
60,214,0.18621,0,1,0,4300000,4,7.8,103,6000000,3,beach|cruise|luxury|relax|romantic,0,0.42821
61,78,0.09658,0,1,0,6430000,4,9.1,48,18000000,2,beach|cruise|luxury|relax|romantic,0,0.37556
61,141,0.03229,0,1,1,4800000,2,8.6,28,18000000,2,beach|cruise|luxury|relax|romantic,0,0.39956
61,14,0.23587,0,1,0,4940000,5,8.9,82,18000000,2,beach|cruise|luxury|relax|romantic,0,0.40407
61,240,0.0,0,1,0,9370000,4,7.7,33,18000000,2,beach|cruise|luxury|relax|romantic,0,0.321
61,125,0.27413,0,1,0,8660000,3,8.0,70,18000000,2,beach|cruise|luxury|relax|romantic,0,0.46714
61,24,0.30279,0,1,0,5890000,5,8.1,9,18000000,2,beach|cruise|luxury|relax|romantic,0,0.42417
61,5,0.62066,0,1,0,15690000,5,8.2,115,18000000,2,beach|cruise|luxury|relax|romantic,0,0.55868
61,160,0.45665,0,1,0,3970000,4,9.2,69,18000000,2,beach|cruise|luxury|relax|romantic,1,0.52779
61,194,0.67063,0,1,0,8690000,3,9.4,66,18000000,2,beach|cruise|luxury|relax|romantic,1,0.64767
61,196,0.72208,0,1,0,14200000,4,8.3,67,18000000,2,beach|cruise|luxury|relax|romantic,0,0.63028
61,50,0.06651,0,1,1,5180000,2,9.5,104,18000000,2,beach|cruise|luxury|relax|romantic,0,0.42293
61,206,0.28011,0,1,0,4060000,3,9.0,5,18000000,2,beach|cruise|luxury|relax|romantic,0,0.47965
61,214,0.21338,0,1,0,4300000,4,7.8,103,18000000,2,beach|cruise|luxury|relax|romantic,0,0.41162
61,174,0.37449,0,1,0,5910000,5,9.4,38,18000000,2,beach|cruise|luxury|relax|romantic,0,0.46729
61,134,0.36046,0,1,0,3330000,4,7.8,89,18000000,2,beach|cruise|luxury|relax|romantic,0,0.47339
61,77,0.04879,0,1,0,7160000,3,8.3,95,18000000,2,beach|cruise|luxury|relax|romantic,0,0.37549
61,13,0.6431,1,1,0,10390000,3,8.6,44,18000000,2,beach|cruise|luxury|relax|romantic,1,0.8081
61,29,0.6856,0,1,0,11690000,3,7.6,35,18000000,2,beach|cruise|luxury|relax|romantic,1,0.63595
61,157,0.33374,0,1,0,11560000,5,9.6,14,18000000,2,beach|cruise|luxury|relax|romantic,0,0.45217
61,106,0.03161,0,1,0,3480000,3,7.6,42,18000000,2,beach|cruise|luxury|relax|romantic,0,0.36128
61,57,0.11424,0,1,0,5360000,3,8.5,66,18000000,2,beach|cruise|luxury|relax|romantic,0,0.40498
61,116,0.22418,0,1,0,3980000,4,7.9,72,18000000,2,beach|cruise|luxury|relax|romantic,0,0.41716
61,191,0.25888,0,1,0,6590000,4,7.5,40,18000000,2,beach|cruise|luxury|relax|romantic,0,0.42773
61,89,0.0,0,1,0,4550000,4,8.5,70,18000000,2,beach|cruise|luxury|relax|romantic,0,0.329
61,30,0.0,0,1,0,3620000,3,8.3,117,18000000,2,beach|cruise|luxury|relax|romantic,0,0.355
61,183,0.34458,0,1,0,6720000,5,8.9,109,18000000,2,beach|cruise|luxury|relax|romantic,0,0.44972
61,143,0.43028,0,1,0,7280000,4,7.6,88,18000000,2,beach|cruise|luxury|relax|romantic,0,0.50072
61,168,0.6886,0,1,0,6140000,3,8.9,101,18000000,2,beach|cruise|luxury|relax|romantic,0,0.65021
61,21,0.20318,0,1,0,7690000,5,7.8,21,18000000,2,beach|cruise|luxury|relax|romantic,0,0.37933
61,137,0.21614,0,1,0,6170000,4,8.6,51,18000000,2,beach|cruise|luxury|relax|romantic,0,0.42078
61,59,0.0315,1,1,0,6780000,4,8.2,72,18000000,2,beach|cruise|luxury|relax|romantic,0,0.51923
61,102,0.15732,0,1,0,7740000,4,9.2,79,18000000,2,beach|cruise|luxury|relax|romantic,0,0.40208
61,64,0.50834,0,1,0,3540000,3,9.1,12,18000000,2,beach|cruise|luxury|relax|romantic,1,0.5765
61,96,0.36724,0,1,0,4840000,3,7.8,118,18000000,2,beach|cruise|luxury|relax|romantic,0,0.50424
61,95,0.67063,0,1,0,12960000,4,7.5,31,18000000,2,beach|cruise|luxury|relax|romantic,1,0.60066
61,46,0.23367,0,1,0,8140000,3,9.5,53,18000000,2,beach|cruise|luxury|relax|romantic,1,0.46514
61,199,0.30744,0,1,0,7500000,4,8.6,40,18000000,2,beach|cruise|luxury|relax|romantic,0,0.45912
61,163,0.41534,0,1,0,6910000,3,7.6,92,18000000,2,beach|cruise|luxury|relax|romantic,0,0.52244
61,172,0.62531,0,1,0,7580000,5,7.6,79,18000000,2,beach|cruise|luxury|relax|romantic,1,0.55463
61,170,0.64891,0,1,0,14230000,3,8.1,81,18000000,2,beach|cruise|luxury|relax|romantic,0,0.62554
61,82,0.2772,0,1,1,6740000,2,8.9,16,18000000,2,beach|cruise|luxury|relax|romantic,0,0.50543
61,60,0.02722,0,1,0,2850000,4,8.8,84,18000000,2,beach|cruise|luxury|relax|romantic,0,0.34343
61,186,0.03569,1,1,0,6850000,3,9.0,61,18000000,2,beach|cruise|luxury|relax|romantic,0,0.55699
61,9,0.63348,1,1,0,9390000,4,8.0,60,18000000,2,beach|cruise|luxury|relax|romantic,1,0.77006
61,113,0.56725,1,1,0,8040000,3,9.3,109,18000000,2,beach|cruise|luxury|relax|romantic,1,0.78324
61,202,0.03068,1,1,1,3200000,2,9.2,60,18000000,2,beach|cruise|luxury|relax|romantic,0,0.58488
61,147,0.32318,0,1,0,8820000,3,8.4,18,18000000,2,beach|cruise|luxury|relax|romantic,1,0.49174
61,156,0.0,0,1,1,7480000,2,9.0,38,18000000,2,beach|cruise|luxury|relax|romantic,0,0.39
61,169,0.67311,0,1,0,5620000,5,8.8,5,18000000,2,beach|cruise|luxury|relax|romantic,0,0.5867
61,219,0.71384,1,1,0,8840000,3,9.2,91,18000000,2,beach|cruise|luxury|relax|romantic,1,0.84381
61,225,0.31918,0,1,0,5050000,5,8.1,21,18000000,2,beach|cruise|luxury|relax|romantic,1,0.43105
61,237,0.11805,0,1,0,4570000,3,9.1,117,18000000,2,beach|cruise|luxury|relax|romantic,0,0.41258
61,86,0.6249,1,1,0,10640000,3,9.1,83,18000000,2,beach|cruise|luxury|relax|romantic,1,0.80546
61,70,0.10071,0,1,0,7280000,4,8.7,47,18000000,2,beach|cruise|luxury|relax|romantic,0,0.3733
61,181,0.2951,0,1,0,5530000,5,8.0,103,18000000,2,beach|cruise|luxury|relax|romantic,0,0.41994
61,121,0.22766,0,1,0,5510000,3,7.8,82,18000000,2,beach|cruise|luxury|relax|romantic,1,0.44562
61,11,0.22695,0,1,0,8160000,4,8.8,13,18000000,2,beach|cruise|luxury|relax|romantic,0,0.42732
61,92,0.03205,0,1,0,5150000,3,8.1,31,18000000,2,beach|cruise|luxury|relax|romantic,0,0.36646
61,146,0.12155,0,1,0,9730000,3,9.7,47,18000000,2,beach|cruise|luxury|relax|romantic,0,0.42005
61,224,0.4441,0,1,0,9610000,5,8.2,93,18000000,2,beach|cruise|luxury|relax|romantic,0,0.48452
61,17,0.71774,0,1,0,11980000,4,8.3,109,18000000,2,beach|cruise|luxury|relax|romantic,1,0.62845
61,100,0.07279,0,1,0,6530000,3,9.3,83,18000000,2,beach|cruise|luxury|relax|romantic,0,0.39557
61,114,0.35339,0,1,0,10820000,3,9.0,71,18000000,2,beach|cruise|luxury|relax|romantic,0,0.51042
61,187,0.23201,1,1,0,4850000,4,9.4,44,18000000,2,beach|cruise|luxury|relax|romantic,1,0.61544
61,67,0.03436,1,1,0,3730000,3,9.5,8,18000000,2,beach|cruise|luxury|relax|romantic,0,0.56143
61,171,0.24615,0,1,0,5570000,5,9.6,87,18000000,2,beach|cruise|luxury|relax|romantic,0,0.41538
61,232,0.22005,0,1,0,10030000,3,8.8,50,18000000,2,beach|cruise|luxury|relax|romantic,0,0.45242
61,61,0.11359,0,1,1,3850000,2,7.4,61,18000000,2,beach|cruise|luxury|relax|romantic,0,0.42171
61,198,0.32251,0,1,0,5820000,3,8.6,8,18000000,2,beach|cruise|luxury|relax|romantic,0,0.49346
61,6,0.3719,0,1,0,4460000,5,8.8,16,18000000,2,beach|cruise|luxury|relax|romantic,0,0.4602
62,166,0.35249,1,0,0,6610000,4,7.9,101,6000000,2,beach|food|photography|relax|romantic,1,0.63478
62,115,0.38332,0,0,0,6680000,4,8.7,31,6000000,2,beach|food|photography|relax|romantic,0,0.47386
62,60,0.23085,0,1,0,2850000,4,8.8,84,6000000,2,beach|food|photography|relax|romantic,0,0.42896
62,55,0.34368,1,0,0,6780000,4,8.3,68,6000000,2,beach|food|photography|relax|romantic,1,0.63054
62,192,0.23852,0,1,1,4770000,2,9.4,30,6000000,2,beach|food|photography|relax|romantic,0,0.49418
62,160,0.81806,0,1,0,3970000,4,9.2,69,6000000,2,beach|food|photography|relax|romantic,1,0.67959
62,217,0.48088,0,0,0,6180000,5,8.0,78,6000000,2,beach|food|photography|relax|romantic,1,0.49317
62,132,0.24943,0,0,0,7100000,3,9.1,74,6000000,2,beach|food|photography|relax|romantic,0,0.43843
62,9,0.65436,0,0,0,9390000,4,8.0,60,6000000,2,beach|food|photography|relax|romantic,0,0.50843
62,230,0.76123,0,0,0,6950000,5,7.5,10,6000000,2,beach|food|photography|relax|romantic,1,0.58538
62,59,0.33493,1,0,0,6780000,4,8.2,72,6000000,2,beach|food|photography|relax|romantic,1,0.62587
62,141,0.25365,0,1,1,4800000,2,8.6,28,6000000,2,beach|food|photography|relax|romantic,0,0.49253
62,207,0.40842,0,1,0,3610000,4,8.7,64,6000000,2,beach|food|photography|relax|romantic,0,0.50254
62,32,0.56619,0,0,0,6600000,3,7.6,4,6000000,2,beach|food|photography|relax|romantic,1,0.5698
62,100,0.30091,0,0,0,6530000,3,9.3,83,6000000,2,beach|food|photography|relax|romantic,0,0.47725
62,146,0.40754,0,0,0,9730000,3,9.7,47,6000000,2,beach|food|photography|relax|romantic,1,0.4407
62,33,0.61542,0,0,0,6090000,3,8.9,45,6000000,2,beach|food|photography|relax|romantic,1,0.61707
62,229,0.38522,0,0,0,10990000,4,8.5,60,6000000,2,beach|food|photography|relax|romantic,0,0.35772
62,117,0.27033,0,1,0,4370000,3,8.4,32,6000000,2,beach|food|photography|relax|romantic,1,0.46954
62,21,0.39143,0,0,0,7690000,5,7.8,21,6000000,2,beach|food|photography|relax|romantic,0,0.41333
62,224,0.52256,1,0,0,9610000,5,8.2,93,6000000,2,beach|food|photography|relax|romantic,1,0.60121
62,167,0.43931,0,0,0,9750000,3,8.5,4,6000000,2,beach|food|photography|relax|romantic,0,0.44151
62,3,0.46041,0,0,0,8200000,4,7.5,120,6000000,2,beach|food|photography|relax|romantic,0,0.45371
62,152,0.61534,1,0,0,10060000,3,8.7,54,6000000,2,beach|food|photography|relax|romantic,1,0.68918
62,111,0.34059,1,1,1,3320000,2,7.8,110,6000000,2,beach|food|photography|relax|romantic,1,0.70105
62,36,0.76403,0,1,0,4630000,4,9.0,57,6000000,2,beach|food|photography|relax|romantic,1,0.65489
62,92,0.18284,0,1,0,5150000,3,8.1,31,6000000,2,beach|food|photography|relax|romantic,0,0.42979
62,147,0.60011,0,0,0,8820000,3,8.4,18,6000000,2,beach|food|photography|relax|romantic,0,0.53285
62,90,0.29602,0,1,1,2330000,2,9.0,69,6000000,2,beach|food|photography|relax|romantic,0,0.51433
62,26,0.81704,0,1,0,4310000,4,9.7,29,6000000,2,beach|food|photography|relax|romantic,1,0.68416
62,43,0.65808,0,0,0,8280000,3,8.4,120,6000000,2,beach|food|photography|relax|romantic,0,0.57159
62,79,0.49295,1,1,0,5640000,3,9.6,35,6000000,2,beach|food|photography|relax|romantic,1,0.75504
62,219,0.5672,0,0,0,8840000,3,9.2,91,6000000,2,beach|food|photography|relax|romantic,1,0.52649
62,61,0.32469,1,1,1,3850000,2,7.4,61,6000000,2,beach|food|photography|relax|romantic,1,0.69037
62,17,0.53828,0,0,0,11980000,4,8.3,109,6000000,2,beach|food|photography|relax|romantic,0,0.39361
62,204,0.51766,0,0,0,12320000,5,8.3,93,6000000,2,beach|food|photography|relax|romantic,0,0.35642
62,76,0.7451,0,1,0,4280000,5,8.3,39,6000000,2,beach|food|photography|relax|romantic,0,0.61194
62,112,0.46749,0,1,0,5970000,3,8.8,119,6000000,2,beach|food|photography|relax|romantic,0,0.55635
62,218,0.38436,0,0,0,11480000,4,8.8,31,6000000,2,beach|food|photography|relax|romantic,0,0.3473
62,186,0.33301,1,0,0,6850000,3,9.0,61,6000000,2,beach|food|photography|relax|romantic,1,0.6592
62,105,0.53888,0,0,0,12640000,4,8.4,30,6000000,2,beach|food|photography|relax|romantic,0,0.39433
62,42,0.3024,0,1,1,5460000,2,8.4,104,6000000,2,beach|food|photography|relax|romantic,1,0.51101
62,85,0.48561,1,0,0,11800000,3,9.0,111,6000000,2,beach|food|photography|relax|romantic,0,0.59129
62,180,0.71178,0,1,0,5160000,4,9.3,30,6000000,2,beach|food|photography|relax|romantic,0,0.63595
62,69,0.58419,0,1,1,5280000,2,8.1,71,6000000,2,beach|food|photography|relax|romantic,1,0.62636
62,178,0.50031,0,1,0,4150000,3,9.3,40,6000000,2,beach|food|photography|relax|romantic,0,0.57513
62,95,0.5708,0,0,0,12960000,4,7.5,31,6000000,2,beach|food|photography|relax|romantic,0,0.39874
62,83,0.54718,0,0,0,13980000,3,9.5,52,6000000,2,beach|food|photography|relax|romantic,0,0.43682
62,233,0.45641,0,0,0,6800000,3,8.3,19,6000000,2,beach|food|photography|relax|romantic,1,0.52536
62,108,0.52615,1,1,0,5210000,5,7.8,114,6000000,2,beach|food|photography|relax|romantic,1,0.69498
62,64,0.76534,0,1,0,3540000,3,9.1,12,6000000,2,beach|food|photography|relax|romantic,1,0.68444
62,8,0.41232,0,0,0,8190000,3,9.6,107,6000000,2,beach|food|photography|relax|romantic,0,0.48278
62,138,0.46585,1,0,0,11540000,3,8.0,95,6000000,2,beach|food|photography|relax|romantic,1,0.57992
62,126,0.55505,0,0,0,9260000,3,8.4,85,6000000,2,beach|food|photography|relax|romantic,1,0.50219
62,198,0.68942,0,1,0,5820000,3,8.6,8,6000000,2,beach|food|photography|relax|romantic,1,0.64755
62,14,0.50256,0,1,0,4940000,5,8.9,82,6000000,2,beach|food|photography|relax|romantic,1,0.51608
62,221,0.77062,0,1,0,3220000,5,8.2,86,6000000,2,beach|food|photography|relax|romantic,1,0.62166
62,149,0.38956,0,0,0,6170000,5,7.9,53,6000000,2,beach|food|photography|relax|romantic,0,0.45408
62,11,0.47775,0,0,0,8160000,4,8.8,13,6000000,2,beach|food|photography|relax|romantic,0,0.47505
62,18,0.27938,1,0,1,6100000,2,7.8,84,6000000,2,beach|food|photography|relax|romantic,1,0.67267
62,142,0.31357,0,0,0,6670000,4,9.5,72,6000000,2,beach|food|photography|relax|romantic,0,0.45283
62,169,0.53206,0,1,0,5620000,5,8.8,5,6000000,2,beach|food|photography|relax|romantic,0,0.52747
62,20,0.65172,0,0,1,6490000,2,8.3,67,6000000,2,beach|food|photography|relax|romantic,1,0.64366
62,129,0.25707,0,1,0,4650000,5,9.7,7,6000000,2,beach|food|photography|relax|romantic,0,0.42097
62,234,0.81619,0,1,0,3470000,4,7.4,6,6000000,2,beach|food|photography|relax|romantic,1,0.6608
62,164,0.1893,0,1,0,2350000,3,9.4,29,6000000,2,beach|food|photography|relax|romantic,0,0.44551
62,23,0.39965,1,0,0,7230000,4,8.5,118,6000000,2,beach|food|photography|relax|romantic,1,0.64405
62,66,0.44083,0,0,0,7950000,5,8.3,83,6000000,2,beach|food|photography|relax|romantic,0,0.43215
62,120,0.48703,0,0,0,7330000,3,9.1,82,6000000,2,beach|food|photography|relax|romantic,1,0.53209
62,44,0.49869,1,1,0,5620000,4,7.4,19,6000000,2,beach|food|photography|relax|romantic,1,0.70745
63,90,0.19047,0,1,0,2330000,2,9.0,69,10000000,3,adventure|mountain|nature|photography|wildlife,1,0.442
63,2,0.03746,0,1,0,5410000,5,9.1,111,10000000,3,adventure|mountain|nature|photography|wildlife,0,0.35073
63,202,0.10341,0,1,0,3200000,2,9.2,60,10000000,3,adventure|mountain|nature|photography|wildlife,0,0.40743
63,17,0.10786,0,0,0,11980000,4,8.3,109,10000000,3,adventure|mountain|nature|photography|wildlife,0,0.36862
63,53,0.22662,1,1,0,6850000,4,8.6,65,10000000,3,adventure|mountain|nature|photography|wildlife,0,0.63318
63,116,0.41733,1,1,0,3980000,4,7.9,72,10000000,3,adventure|mountain|nature|photography|wildlife,1,0.70628
63,236,0.13647,0,0,0,14120000,4,8.3,70,10000000,3,adventure|mountain|nature|photography|wildlife,0,0.3464
63,37,0.22713,0,1,0,7470000,4,9.4,37,10000000,3,adventure|mountain|nature|photography|wildlife,0,0.46139
63,122,0.32536,1,1,1,5960000,3,9.4,46,10000000,3,adventure|mountain|nature|photography|wildlife,1,0.71065
63,69,0.25399,1,1,0,5280000,2,8.1,71,10000000,3,adventure|mountain|nature|photography|wildlife,0,0.63968
63,229,0.2941,0,0,0,10990000,4,8.5,60,10000000,3,adventure|mountain|nature|photography|wildlife,0,0.46468
63,34,0.79058,1,1,0,4830000,5,7.8,107,10000000,3,adventure|mountain|nature|photography|wildlife,1,0.83404
63,4,0.14561,0,1,0,6540000,5,8.5,51,10000000,3,adventure|mountain|nature|photography|wildlife,0,0.39016
63,65,0.77286,0,1,0,5980000,4,8.1,6,10000000,3,adventure|mountain|nature|photography|wildlife,1,0.6776
63,148,0.20726,0,0,0,11060000,4,9.6,44,10000000,3,adventure|mountain|nature|photography|wildlife,0,0.43809
63,169,0.03116,0,1,0,5620000,5,8.8,5,10000000,3,adventure|mountain|nature|photography|wildlife,0,0.34509
63,240,0.81403,1,1,0,9370000,4,7.7,33,10000000,3,adventure|mountain|nature|photography|wildlife,1,0.87089
63,131,0.11784,0,1,0,3020000,2,8.6,118,10000000,3,adventure|mountain|nature|photography|wildlife,0,0.40749
63,140,0.53287,1,1,0,3330000,5,9.2,94,10000000,3,adventure|mountain|nature|photography|wildlife,1,0.7398
63,104,0.85269,1,1,0,8930000,4,7.4,95,10000000,3,adventure|mountain|nature|photography|wildlife,1,0.88413
63,217,0.05261,0,1,0,6180000,5,8.0,78,10000000,3,adventure|mountain|nature|photography|wildlife,0,0.3461
63,86,0.22327,0,0,1,10640000,3,9.1,83,10000000,3,adventure|mountain|nature|photography|wildlife,0,0.47453
63,74,0.0,0,1,0,3870000,5,7.7,59,10000000,3,adventure|mountain|nature|photography|wildlife,0,0.321
63,120,0.21498,0,1,1,7330000,3,9.1,82,10000000,3,adventure|mountain|nature|photography|wildlife,0,0.48129
63,143,0.26472,1,1,0,7280000,4,7.6,88,10000000,3,adventure|mountain|nature|photography|wildlife,1,0.63918
63,41,0.1971,0,1,0,6960000,4,9.1,101,10000000,3,adventure|mountain|nature|photography|wildlife,0,0.44578
63,154,0.0,0,1,0,5130000,5,7.8,26,10000000,3,adventure|mountain|nature|photography|wildlife,0,0.322
63,158,0.02184,0,0,1,13970000,3,8.9,45,10000000,3,adventure|mountain|nature|photography|wildlife,0,0.33465
63,98,0.54801,1,1,0,3780000,5,8.1,109,10000000,3,adventure|mountain|nature|photography|wildlife,1,0.73516
63,55,0.80656,0,1,0,6780000,4,8.3,68,10000000,3,adventure|mountain|nature|photography|wildlife,1,0.69376
63,109,0.21193,0,1,1,5450000,3,7.6,70,10000000,3,adventure|mountain|nature|photography|wildlife,0,0.46501
63,146,0.76529,1,1,1,9730000,3,9.7,47,10000000,3,adventure|mountain|nature|photography|wildlife,1,0.89842
63,7,0.14264,0,1,0,7910000,5,9.3,13,10000000,3,adventure|mountain|nature|photography|wildlife,0,0.39691
63,208,0.20184,0,1,1,3970000,3,8.8,28,10000000,3,adventure|mountain|nature|photography|wildlife,0,0.47277
63,164,0.07567,0,1,1,2350000,3,9.4,29,10000000,3,adventure|mountain|nature|photography|wildlife,0,0.42578
63,197,0.1526,0,1,1,6280000,3,9.2,55,10000000,3,adventure|mountain|nature|photography|wildlife,0,0.45609
63,198,0.70504,1,1,1,5820000,3,8.6,8,10000000,3,adventure|mountain|nature|photography|wildlife,1,0.86211
63,185,0.57746,1,1,0,4000000,4,8.9,82,10000000,3,adventure|mountain|nature|photography|wildlife,1,0.78353
63,162,0.25458,0,1,0,8680000,5,8.6,43,10000000,3,adventure|mountain|nature|photography|wildlife,0,0.43692
63,48,0.30871,1,1,0,4820000,4,9.2,103,10000000,3,adventure|mountain|nature|photography|wildlife,0,0.67366
63,63,0.17204,0,1,0,5390000,4,7.4,85,10000000,3,adventure|mountain|nature|photography|wildlife,0,0.41826
63,199,0.22331,1,1,0,7500000,4,8.6,40,10000000,3,adventure|mountain|nature|photography|wildlife,1,0.63179
63,180,0.55866,1,1,0,5160000,4,9.3,30,10000000,3,adventure|mountain|nature|photography|wildlife,1,0.77964
63,159,0.21512,0,0,0,11760000,2,9.2,85,10000000,3,adventure|mountain|nature|photography|wildlife,0,0.42619
63,101,0.20285,0,1,0,9040000,5,7.7,53,10000000,3,adventure|mountain|nature|photography|wildlife,0,0.4062
63,155,0.07721,0,1,0,4600000,4,9.4,111,10000000,3,adventure|mountain|nature|photography|wildlife,0,0.39843
63,1,0.08225,0,0,0,14160000,4,9.0,35,10000000,3,adventure|mountain|nature|photography|wildlife,0,0.32998
63,157,0.257,0,0,0,11560000,5,9.6,14,10000000,3,adventure|mountain|nature|photography|wildlife,0,0.42298
63,128,0.1361,0,0,1,13980000,3,9.1,49,10000000,3,adventure|mountain|nature|photography|wildlife,0,0.38448
63,103,0.62626,1,1,1,5020000,3,9.3,30,10000000,3,adventure|mountain|nature|photography|wildlife,1,0.83603
63,70,0.09398,0,1,0,7280000,4,8.7,47,10000000,3,adventure|mountain|nature|photography|wildlife,0,0.39847
63,60,0.21807,0,1,0,2850000,4,8.8,84,10000000,3,adventure|mountain|nature|photography|wildlife,0,0.45159
63,147,0.19813,0,1,1,8820000,3,8.4,18,10000000,3,adventure|mountain|nature|photography|wildlife,0,0.46721
63,160,0.59096,1,1,0,3970000,4,9.2,69,10000000,3,adventure|mountain|nature|photography|wildlife,1,0.7922
63,76,0.54773,1,1,0,4280000,5,8.3,39,10000000,3,adventure|mountain|nature|photography|wildlife,1,0.73705
63,172,0.02142,0,1,0,7580000,5,7.6,79,10000000,3,adventure|mountain|nature|photography|wildlife,0,0.329
63,205,0.10687,0,1,0,5780000,2,7.9,69,10000000,3,adventure|mountain|nature|photography|wildlife,0,0.39588
63,211,0.39194,0,1,0,4990000,4,9.4,22,10000000,3,adventure|mountain|nature|photography|wildlife,0,0.53061
63,8,0.21942,0,1,1,8190000,3,9.6,107,10000000,3,adventure|mountain|nature|photography|wildlife,0,0.48815
63,14,0.25728,0,1,0,4940000,5,8.9,82,10000000,3,adventure|mountain|nature|photography|wildlife,0,0.44106
63,166,0.82872,0,1,0,6610000,4,7.9,101,10000000,3,adventure|mountain|nature|photography|wildlife,0,0.69906
63,189,0.25759,0,1,0,2850000,4,7.7,89,10000000,3,adventure|mountain|nature|photography|wildlife,0,0.45719
63,78,0.12372,0,1,0,6430000,4,9.1,48,10000000,3,adventure|mountain|nature|photography|wildlife,0,0.41496
63,150,0.1486,0,1,0,9710000,2,8.3,87,10000000,3,adventure|mountain|nature|photography|wildlife,0,0.41741
63,152,0.1903,0,0,1,10060000,3,8.7,54,10000000,3,adventure|mountain|nature|photography|wildlife,0,0.46597
63,195,0.51695,1,1,0,5880000,5,8.4,105,10000000,3,adventure|mountain|nature|photography|wildlife,1,0.72512
63,113,0.2713,0,1,1,8040000,3,9.3,109,10000000,3,adventure|mountain|nature|photography|wildlife,1,0.50695
63,133,0.22916,0,1,1,5680000,3,9.6,72,10000000,3,adventure|mountain|nature|photography|wildlife,0,0.49225
63,29,0.14994,0,0,1,11690000,3,7.6,35,10000000,3,adventure|mountain|nature|photography|wildlife,0,0.41193
63,30,0.84719,0,1,1,3620000,3,8.3,117,10000000,3,adventure|mountain|nature|photography|wildlife,1,0.73882
64,120,0.56552,1,0,0,7330000,3,9.1,82,4000000,4,city|food|nightlife|photography|shopping,0,0.64732
64,168,0.05885,0,0,0,6140000,3,8.9,101,4000000,4,city|food|nightlife|photography|shopping,0,0.30012
64,217,0.55066,0,0,0,6180000,5,8.0,78,4000000,4,city|food|nightlife|photography|shopping,0,0.49608
64,68,0.53969,0,0,0,6910000,3,9.3,96,4000000,4,city|food|nightlife|photography|shopping,1,0.47527
64,174,0.54978,1,0,0,5910000,5,9.4,38,4000000,4,city|food|nightlife|photography|shopping,0,0.70051
64,71,0.73859,0,0,0,8030000,3,9.5,81,4000000,4,city|food|nightlife|photography|shopping,0,0.51721
64,116,0.43454,0,1,1,3980000,4,7.9,72,4000000,4,city|food|nightlife|photography|shopping,0,0.56151
64,228,0.31299,0,0,0,7690000,3,7.6,7,4000000,4,city|food|nightlife|photography|shopping,0,0.33185
64,167,0.20188,0,0,0,9750000,3,8.5,4,4000000,4,city|food|nightlife|photography|shopping,0,0.28179
64,214,0.5967,1,0,1,4300000,4,7.8,103,4000000,4,city|food|nightlife|photography|shopping,1,0.79662
64,106,0.69225,0,1,0,3480000,3,7.6,42,4000000,4,city|food|nightlife|photography|shopping,0,0.63875
64,40,0.42812,1,0,0,5340000,3,7.5,108,4000000,4,city|food|nightlife|photography|shopping,0,0.65321
64,34,0.342,0,0,0,4830000,5,7.8,107,4000000,4,city|food|nightlife|photography|shopping,0,0.46044
64,162,0.54004,1,0,0,8680000,5,8.6,43,4000000,4,city|food|nightlife|photography|shopping,1,0.60482
64,54,0.61135,1,0,0,8910000,5,7.6,95,4000000,4,city|food|nightlife|photography|shopping,1,0.62477
64,78,0.58328,0,0,1,6430000,4,9.1,48,4000000,4,city|food|nightlife|photography|shopping,1,0.53878
64,107,0.0564,0,0,0,6120000,3,9.4,13,4000000,4,city|food|nightlife|photography|shopping,0,0.30489
64,23,0.41558,0,0,1,7230000,4,8.5,118,4000000,4,city|food|nightlife|photography|shopping,0,0.43034
64,187,0.43576,0,0,1,4850000,4,9.4,44,4000000,4,city|food|nightlife|photography|shopping,1,0.54302
64,177,0.18399,0,0,1,11590000,4,7.5,90,4000000,4,city|food|nightlife|photography|shopping,0,0.29227
64,140,0.35022,1,1,0,3330000,5,9.2,94,4000000,4,city|food|nightlife|photography|shopping,1,0.69109
64,42,0.57226,0,0,0,5460000,2,8.4,104,4000000,4,city|food|nightlife|photography|shopping,0,0.50995
64,77,0.38804,0,0,0,7160000,3,8.3,95,4000000,4,city|food|nightlife|photography|shopping,0,0.39158
64,143,0.48991,0,0,1,7280000,4,7.6,88,4000000,4,city|food|nightlife|photography|shopping,0,0.45056
64,141,0.61148,0,0,0,4800000,2,8.6,28,4000000,4,city|food|nightlife|photography|shopping,0,0.55482
64,179,0.13814,0,0,0,5280000,3,9.5,68,4000000,4,city|food|nightlife|photography|shopping,0,0.37382
64,165,0.12991,1,0,1,10700000,4,7.6,38,4000000,4,city|food|nightlife|photography|shopping,0,0.45056
64,133,0.47017,0,0,0,5680000,3,9.6,72,4000000,4,city|food|nightlife|photography|shopping,1,0.49827
64,76,0.45537,1,0,0,4280000,5,8.3,39,4000000,4,city|food|nightlife|photography|shopping,1,0.71505
64,234,0.33407,1,1,1,3470000,4,7.4,6,4000000,4,city|food|nightlife|photography|shopping,1,0.69431
64,28,0.11827,1,0,1,12790000,4,8.6,66,4000000,4,city|food|nightlife|photography|shopping,0,0.45567
64,18,0.44414,0,0,0,6100000,2,7.8,84,4000000,4,city|food|nightlife|photography|shopping,0,0.42454
64,97,0.0831,1,0,0,9930000,3,7.6,41,4000000,4,city|food|nightlife|photography|shopping,0,0.4029
64,17,0.12917,0,0,1,11980000,4,8.3,109,4000000,4,city|food|nightlife|photography|shopping,0,0.27725
64,147,0.53402,1,0,0,8820000,3,8.4,18,4000000,4,city|food|nightlife|photography|shopping,1,0.60029
64,154,0.41848,0,0,0,5130000,5,7.8,26,4000000,4,city|food|nightlife|photography|shopping,0,0.48056
64,32,0.05543,0,0,0,6600000,3,7.6,4,4000000,4,city|food|nightlife|photography|shopping,0,0.26728
64,95,0.18525,0,0,1,12960000,4,7.5,31,4000000,4,city|food|nightlife|photography|shopping,0,0.2928
64,181,0.61825,1,0,0,5530000,5,8.0,103,4000000,4,city|food|nightlife|photography|shopping,1,0.73046
64,11,0.51518,0,0,1,8160000,4,8.8,13,4000000,4,city|food|nightlife|photography|shopping,0,0.44437
64,47,0.17421,1,0,0,6300000,3,8.3,85,4000000,4,city|food|nightlife|photography|shopping,0,0.51617
64,1,0.0452,0,0,1,14160000,4,9.0,35,4000000,4,city|food|nightlife|photography|shopping,0,0.24898
64,84,0.71669,0,0,0,4910000,2,9.6,25,4000000,4,city|food|nightlife|photography|shopping,0,0.60461
64,160,0.38545,1,1,1,3970000,4,9.2,69,4000000,4,city|food|nightlife|photography|shopping,1,0.73389
64,144,0.25837,0,0,0,7040000,2,9.6,16,4000000,4,city|food|nightlife|photography|shopping,0,0.32692
64,75,0.12821,0,0,0,14320000,3,8.5,11,4000000,4,city|food|nightlife|photography|shopping,0,0.25085
64,151,0.34374,1,0,0,7800000,3,7.8,89,4000000,4,city|food|nightlife|photography|shopping,1,0.52237
64,155,0.43835,0,0,1,4600000,4,9.4,111,4000000,4,city|food|nightlife|photography|shopping,0,0.55411
64,136,0.40587,0,0,0,6220000,3,8.1,117,4000000,4,city|food|nightlife|photography|shopping,0,0.43467
64,237,0.53767,0,0,0,4570000,3,9.1,117,4000000,4,city|food|nightlife|photography|shopping,1,0.56602
64,175,0.50392,0,0,1,5040000,4,8.4,87,4000000,4,city|food|nightlife|photography|shopping,0,0.55405
64,98,0.36261,1,1,0,3780000,5,8.1,109,4000000,4,city|food|nightlife|photography|shopping,1,0.6853
64,183,0.08496,1,0,0,6720000,5,8.9,109,4000000,4,city|food|nightlife|photography|shopping,1,0.46788
64,24,0.51685,1,0,0,5890000,5,8.1,9,4000000,4,city|food|nightlife|photography|shopping,1,0.67448
64,118,0.41115,1,0,0,7280000,5,8.4,70,4000000,4,city|food|nightlife|photography|shopping,1,0.57748
64,229,0.22497,0,0,1,10990000,4,8.5,60,4000000,4,city|food|nightlife|photography|shopping,0,0.31949
64,53,0.4351,0,0,1,6850000,4,8.6,65,4000000,4,city|food|nightlife|photography|shopping,1,0.45474
64,232,0.45755,0,0,0,10030000,3,8.8,50,4000000,4,city|food|nightlife|photography|shopping,0,0.39217
64,27,0.31128,0,0,0,6140000,2,8.9,98,4000000,4,city|food|nightlife|photography|shopping,0,0.37814
64,19,0.55517,1,0,0,5280000,3,9.2,81,4000000,4,city|food|nightlife|photography|shopping,1,0.72597
64,6,0.41607,1,0,0,4460000,5,8.8,16,4000000,4,city|food|nightlife|photography|shopping,1,0.69635
64,30,0.31243,0,1,0,3620000,3,8.3,117,4000000,4,city|food|nightlife|photography|shopping,1,0.48622
64,12,0.42596,1,0,1,5140000,4,9.6,114,4000000,4,city|food|nightlife|photography|shopping,1,0.7093
64,146,0.35538,0,0,0,9730000,3,9.7,47,4000000,4,city|food|nightlife|photography|shopping,0,0.35826
64,35,0.43919,0,0,0,4230000,3,7.8,93,4000000,4,city|food|nightlife|photography|shopping,0,0.52526
64,170,0.15253,0,0,0,14230000,3,8.1,81,4000000,4,city|food|nightlife|photography|shopping,0,0.25706
64,202,0.4343,0,1,0,3200000,2,9.2,60,4000000,4,city|food|nightlife|photography|shopping,0,0.51841
64,182,0.72998,0,0,0,5640000,2,9.5,25,4000000,4,city|food|nightlife|photography|shopping,1,0.57999
64,29,0.0489,0,0,0,11690000,3,7.6,35,4000000,4,city|food|nightlife|photography|shopping,0,0.20854
64,197,0.61815,1,0,0,6280000,3,9.2,55,4000000,4,city|food|nightlife|photography|shopping,1,0.71242
65,44,0.38293,0,1,0,5620000,4,7.4,19,10000000,5,beach|budget|city|family|food,0,0.50683
65,206,0.21194,0,1,0,4060000,3,9.0,5,10000000,5,beach|budget|city|family|food,0,0.42301
65,150,0.55657,0,1,0,9710000,2,8.3,87,10000000,5,beach|budget|city|family|food,0,0.53276
65,170,0.40657,0,0,0,14230000,3,8.1,81,10000000,5,beach|budget|city|family|food,0,0.42808
65,159,0.45294,0,0,0,11760000,2,9.2,85,10000000,5,beach|budget|city|family|food,0,0.47008
65,52,0.28875,0,1,0,7200000,4,7.7,116,10000000,5,beach|budget|city|family|food,0,0.47027
65,16,0.44083,1,1,0,6240000,3,9.3,113,10000000,5,beach|budget|city|family|food,1,0.70215
65,151,0.18918,0,1,0,7800000,3,7.8,89,10000000,5,beach|budget|city|family|food,0,0.40145
65,95,0.48147,0,0,0,12960000,4,7.5,31,10000000,5,beach|budget|city|family|food,0,0.50186
65,86,0.47707,0,0,0,10640000,3,9.1,83,10000000,5,beach|budget|city|family|food,0,0.52513
65,10,0.16814,0,1,0,3750000,4,9.7,57,10000000,5,beach|budget|city|family|food,0,0.43962
65,220,0.15101,0,1,0,4760000,4,8.4,99,10000000,5,beach|budget|city|family|food,0,0.41942
65,133,0.32046,0,1,0,5680000,3,9.6,72,10000000,5,beach|budget|city|family|food,0,0.47459
65,136,0.1516,0,1,0,6220000,3,8.1,117,10000000,5,beach|budget|city|family|food,0,0.38867
65,162,0.67948,1,1,1,8680000,5,8.6,43,10000000,5,beach|budget|city|family|food,1,0.85138
65,65,0.0943,0,1,0,5980000,4,8.1,6,10000000,5,beach|budget|city|family|food,0,0.39261
65,225,0.22298,0,1,1,5050000,5,8.1,21,10000000,5,beach|budget|city|family|food,0,0.47465
65,137,0.14764,0,1,0,6170000,4,8.6,51,10000000,5,beach|budget|city|family|food,0,0.42001
65,61,0.13585,0,1,0,3850000,2,7.4,61,10000000,5,beach|budget|city|family|food,0,0.34706
65,168,0.40636,0,1,0,6140000,3,8.9,101,10000000,5,beach|budget|city|family|food,1,0.50367
65,146,0.16366,0,1,0,9730000,3,9.7,47,10000000,5,beach|budget|city|family|food,0,0.40974
65,218,0.50972,0,0,0,11480000,4,8.8,31,10000000,5,beach|budget|city|family|food,1,0.5504
65,237,0.48837,1,1,0,4570000,3,9.1,117,10000000,5,beach|budget|city|family|food,1,0.72011
65,183,0.37713,0,1,1,6720000,5,8.9,109,10000000,5,beach|budget|city|family|food,0,0.54739
65,222,0.32903,0,0,0,10940000,4,9.6,70,10000000,5,beach|budget|city|family|food,0,0.49115
65,45,0.17334,0,1,0,8730000,3,8.1,21,10000000,5,beach|budget|city|family|food,0,0.3978
65,42,0.40911,1,1,0,5460000,2,8.4,104,10000000,5,beach|budget|city|family|food,1,0.65183
65,132,0.47877,1,1,0,7100000,3,9.1,74,10000000,5,beach|budget|city|family|food,1,0.71608
65,174,0.72245,1,1,1,5910000,5,9.4,38,10000000,5,beach|budget|city|family|food,1,0.87743
65,1,0.51051,0,0,0,14160000,4,9.0,35,10000000,5,beach|budget|city|family|food,0,0.50986
65,17,0.48888,0,0,0,11980000,4,8.3,109,10000000,5,beach|budget|city|family|food,0,0.52865
65,67,0.37005,0,1,0,3730000,3,9.5,8,10000000,5,beach|budget|city|family|food,0,0.49442
65,221,0.22151,0,1,1,3220000,5,8.2,86,10000000,5,beach|budget|city|family|food,0,0.47503
65,228,0.17823,0,1,0,7690000,3,7.6,7,10000000,5,beach|budget|city|family|food,0,0.39486
65,72,0.23967,0,1,0,6980000,3,8.9,58,10000000,5,beach|budget|city|family|food,0,0.43366
65,111,0.0786,0,1,0,3320000,2,7.8,110,10000000,5,beach|budget|city|family|food,0,0.32701
65,187,0.47635,0,1,0,4850000,4,9.4,44,10000000,5,beach|budget|city|family|food,1,0.56607
65,127,0.36131,0,1,0,5620000,4,7.9,52,10000000,5,beach|budget|city|family|food,0,0.50275
65,140,0.19475,0,1,1,3330000,5,9.2,94,10000000,5,beach|budget|city|family|food,1,0.47379
65,189,0.47665,1,1,0,2850000,4,7.7,89,10000000,5,beach|budget|city|family|food,1,0.72919
65,156,0.14343,0,1,0,7480000,2,9.0,38,10000000,5,beach|budget|city|family|food,0,0.36624
65,190,0.67621,0,1,0,9710000,4,9.4,24,10000000,5,beach|budget|city|family|food,1,0.65001
65,6,0.24564,0,1,1,4460000,5,8.8,16,10000000,5,beach|budget|city|family|food,0,0.49117
65,19,0.77333,1,1,0,5280000,3,9.2,81,10000000,5,beach|budget|city|family|food,1,0.8408
65,185,0.2393,0,1,0,4000000,4,8.9,82,10000000,5,beach|budget|city|family|food,0,0.46151
65,123,0.67679,0,1,0,7390000,4,8.7,91,10000000,5,beach|budget|city|family|food,0,0.64325
65,205,0.36848,0,1,0,5780000,2,7.9,69,10000000,5,beach|budget|city|family|food,0,0.44976
65,145,0.45637,0,1,1,5440000,5,7.9,10,10000000,5,beach|budget|city|family|food,0,0.57068
65,22,0.23119,0,1,0,8170000,3,8.5,27,10000000,5,beach|budget|city|family|food,0,0.4261
65,26,0.28481,0,1,0,4310000,4,9.7,29,10000000,5,beach|budget|city|family|food,0,0.48862
65,112,0.4933,0,1,0,5970000,3,8.8,119,10000000,5,beach|budget|city|family|food,0,0.53919
65,227,0.48421,0,1,0,8860000,2,9.0,39,10000000,5,beach|budget|city|family|food,0,0.50937
65,108,0.35928,0,1,1,5210000,5,7.8,114,10000000,5,beach|budget|city|family|food,0,0.5289
65,93,0.08682,0,1,0,7290000,2,9.4,63,10000000,5,beach|budget|city|family|food,0,0.34647
65,125,0.70027,0,1,0,8660000,3,8.0,70,10000000,5,beach|budget|city|family|food,1,0.61811
65,186,0.39173,0,1,0,6850000,3,9.0,61,10000000,5,beach|budget|city|family|food,0,0.49853
65,103,0.16729,0,1,0,5020000,3,9.3,30,10000000,5,beach|budget|city|family|food,0,0.40726
65,33,0.18568,0,1,0,6090000,3,8.9,45,10000000,5,beach|budget|city|family|food,0,0.41099
65,58,0.5635,1,1,0,5490000,4,7.7,45,10000000,5,beach|budget|city|family|food,1,0.76567
65,141,0.42927,1,1,0,4800000,2,8.6,28,10000000,5,beach|budget|city|family|food,1,0.66229
65,94,0.4327,1,1,0,5190000,2,8.3,80,10000000,5,beach|budget|city|family|food,1,0.66073
65,232,0.67728,0,0,0,10030000,3,8.8,50,10000000,5,beach|budget|city|family|food,1,0.61598
65,49,0.50578,0,1,0,5810000,3,8.0,112,10000000,5,beach|budget|city|family|food,1,0.53643
65,115,0.49872,0,1,0,6680000,4,8.7,31,10000000,5,beach|budget|city|family|food,0,0.56846
65,149,0.68137,0,1,1,6170000,5,7.9,53,10000000,5,beach|budget|city|family|food,0,0.66518
65,219,0.43774,0,1,0,8840000,3,9.2,91,10000000,5,beach|budget|city|family|food,1,0.51985
65,122,0.27182,0,1,0,5960000,3,9.4,46,10000000,5,beach|budget|city|family|food,1,0.45216
65,144,0.18504,0,1,0,7040000,2,9.6,16,10000000,5,beach|budget|city|family|food,0,0.38972
65,7,0.34756,0,1,1,7910000,5,9.3,13,10000000,5,beach|budget|city|family|food,1,0.53897
65,160,0.29906,0,1,0,3970000,4,9.2,69,10000000,5,beach|budget|city|family|food,1,0.4896
66,239,0.25,0,0,0,5380000,3,7.5,103,4000000,2,beach|food|photography|relax|romantic,0,0.3968
66,40,0.77724,0,0,0,5340000,3,7.5,108,4000000,2,beach|food|photography|relax|romantic,0,0.61984
66,61,0.20952,0,1,1,3850000,2,7.4,61,4000000,2,beach|food|photography|relax|romantic,1,0.462
66,160,0.78813,0,1,0,3970000,4,9.2,69,4000000,2,beach|food|photography|relax|romantic,1,0.66701
66,191,0.58509,0,0,0,6590000,4,7.5,40,4000000,2,beach|food|photography|relax|romantic,0,0.46114
66,66,0.40363,0,0,0,7950000,5,8.3,83,4000000,2,beach|food|photography|relax|romantic,0,0.31052
66,130,0.27227,0,0,0,6320000,4,8.0,10,4000000,2,beach|food|photography|relax|romantic,0,0.34555
66,120,0.50416,0,0,0,7330000,3,9.1,82,4000000,2,beach|food|photography|relax|romantic,0,0.44155
66,99,0.33094,0,0,0,7510000,5,8.5,34,4000000,2,beach|food|photography|relax|romantic,0,0.2996
66,15,0.22565,0,0,0,7150000,3,8.9,23,4000000,2,beach|food|photography|relax|romantic,0,0.32977
66,11,0.40805,0,0,0,8160000,4,8.8,13,4000000,2,beach|food|photography|relax|romantic,0,0.34338
66,153,0.62426,0,0,0,8920000,5,9.0,5,4000000,2,beach|food|photography|relax|romantic,0,0.40819
66,173,0.3675,0,0,0,7150000,3,9.4,6,4000000,2,beach|food|photography|relax|romantic,0,0.39435
66,142,0.22982,0,0,0,6670000,4,9.5,72,4000000,2,beach|food|photography|relax|romantic,0,0.32872
66,112,0.44611,1,0,0,5970000,3,8.8,119,4000000,2,beach|food|photography|relax|romantic,0,0.64857
66,138,0.32149,0,0,0,11540000,3,8.0,95,4000000,2,beach|food|photography|relax|romantic,0,0.32702
66,223,0.62662,0,0,0,6120000,4,7.6,85,4000000,2,beach|food|photography|relax|romantic,1,0.49838
66,220,0.5317,0,0,0,4760000,4,8.4,99,4000000,2,beach|food|photography|relax|romantic,1,0.52091
66,164,0.21995,1,1,0,2350000,3,9.4,29,4000000,2,beach|food|photography|relax|romantic,1,0.63838
66,136,0.55448,0,0,0,6220000,3,8.1,117,4000000,2,beach|food|photography|relax|romantic,0,0.49708
66,14,0.50819,0,0,0,4940000,5,8.9,82,4000000,2,beach|food|photography|relax|romantic,0,0.48084
66,148,0.4127,0,0,0,11060000,4,9.6,44,4000000,2,beach|food|photography|relax|romantic,0,0.35333
66,163,0.47111,0,0,0,6910000,3,7.6,92,4000000,2,beach|food|photography|relax|romantic,0,0.42947
66,116,0.55764,0,1,0,3980000,4,7.9,72,4000000,2,beach|food|photography|relax|romantic,1,0.55721
66,228,0.28391,0,0,0,7690000,3,7.6,7,4000000,2,beach|food|photography|relax|romantic,0,0.31964
66,82,0.62092,0,0,1,6740000,2,8.9,16,4000000,2,beach|food|photography|relax|romantic,1,0.54019
66,28,0.39943,0,0,0,12790000,4,8.6,66,4000000,2,beach|food|photography|relax|romantic,0,0.33776
66,199,0.63442,0,0,0,7500000,4,8.6,40,4000000,2,beach|food|photography|relax|romantic,0,0.45646
66,171,0.4732,0,0,0,5570000,5,9.6,87,4000000,2,beach|food|photography|relax|romantic,0,0.44794
66,20,0.65914,0,0,1,6490000,2,8.3,67,4000000,2,beach|food|photography|relax|romantic,0,0.56024
66,46,0.57039,0,0,0,8140000,3,9.5,53,4000000,2,beach|food|photography|relax|romantic,0,0.44656
66,81,0.23408,0,0,0,4940000,4,9.0,17,4000000,2,beach|food|photography|relax|romantic,0,0.39471
66,183,0.33215,0,0,0,6720000,5,8.9,109,4000000,2,beach|food|photography|relax|romantic,0,0.3357
66,203,0.23348,0,0,1,4750000,2,8.4,43,4000000,2,beach|food|photography|relax|romantic,1,0.45206
66,4,0.53325,0,0,0,6540000,5,8.5,51,4000000,2,beach|food|photography|relax|romantic,0,0.42336
66,103,0.72126,0,0,0,5020000,3,9.3,30,4000000,2,beach|food|photography|relax|romantic,0,0.62713
66,33,0.59525,0,0,0,6090000,3,8.9,45,4000000,2,beach|food|photography|relax|romantic,0,0.52741
66,56,0.41635,0,0,0,12680000,3,9.5,77,4000000,2,beach|food|photography|relax|romantic,0,0.38187
66,104,0.23382,0,0,0,8930000,4,7.4,95,4000000,2,beach|food|photography|relax|romantic,0,0.2562
66,139,0.69907,0,0,0,5100000,3,8.8,86,4000000,2,beach|food|photography|relax|romantic,1,0.60961
66,181,0.61879,0,0,0,5530000,5,8.0,103,4000000,2,beach|food|photography|relax|romantic,1,0.49469
66,24,0.53293,0,0,0,5890000,5,8.1,9,4000000,2,beach|food|photography|relax|romantic,0,0.44523
66,162,0.53704,0,0,0,8680000,5,8.6,43,4000000,2,beach|food|photography|relax|romantic,0,0.36756
66,204,0.57118,0,0,0,12320000,5,8.3,93,4000000,2,beach|food|photography|relax|romantic,0,0.37889
66,118,0.71874,0,0,0,7280000,5,8.4,70,4000000,2,beach|food|photography|relax|romantic,1,0.47067
66,126,0.5161,0,0,0,9260000,3,8.4,85,4000000,2,beach|food|photography|relax|romantic,0,0.41276
66,188,0.2645,0,1,1,2280000,2,7.5,73,4000000,2,beach|food|photography|relax|romantic,0,0.48609
66,151,0.7255,0,0,0,7800000,3,7.8,89,4000000,2,beach|food|photography|relax|romantic,0,0.50271
66,32,0.59869,0,0,0,6600000,3,7.6,4,4000000,2,beach|food|photography|relax|romantic,0,0.49545
66,119,0.32052,0,0,0,6250000,4,7.4,42,4000000,2,beach|food|photography|relax|romantic,0,0.36262
66,63,0.5431,0,0,0,5390000,4,7.4,85,4000000,2,beach|food|photography|relax|romantic,0,0.4905
66,127,0.31188,0,0,0,5620000,4,7.9,52,4000000,2,beach|food|photography|relax|romantic,0,0.38919
66,8,0.36916,1,0,0,8190000,3,9.6,107,4000000,2,beach|food|photography|relax|romantic,1,0.54305
66,128,0.51542,0,0,0,13980000,3,9.1,49,4000000,2,beach|food|photography|relax|romantic,0,0.41948
66,75,0.67121,0,0,0,14320000,3,8.5,11,4000000,2,beach|food|photography|relax|romantic,1,0.47891
66,31,0.42201,1,0,1,9440000,2,9.1,25,4000000,2,beach|food|photography|relax|romantic,1,0.58825
66,227,0.39727,1,0,1,8860000,2,9.0,39,4000000,2,beach|food|photography|relax|romantic,0,0.57685
66,210,0.27638,0,0,0,7500000,3,7.5,13,4000000,2,beach|food|photography|relax|romantic,0,0.32308
66,218,0.39846,1,0,0,11480000,4,8.8,31,4000000,2,beach|food|photography|relax|romantic,1,0.51935
66,137,0.55399,0,0,0,6170000,4,8.6,51,4000000,2,beach|food|photography|relax|romantic,0,0.47588
66,106,0.2056,1,1,0,3480000,3,7.6,42,4000000,2,beach|food|photography|relax|romantic,1,0.61435
66,217,0.43006,0,0,0,6180000,5,8.0,78,4000000,2,beach|food|photography|relax|romantic,0,0.38943
66,47,0.37548,0,0,0,6300000,3,8.3,85,4000000,2,beach|food|photography|relax|romantic,0,0.4207
66,42,0.24384,0,0,1,5460000,2,8.4,104,4000000,2,beach|food|photography|relax|romantic,0,0.42801
66,178,0.45284,0,0,0,4150000,3,9.3,40,4000000,2,beach|food|photography|relax|romantic,0,0.54919
66,134,0.7723,0,1,0,3330000,4,7.8,89,4000000,2,beach|food|photography|relax|romantic,1,0.64637
66,169,0.54297,0,0,0,5620000,5,8.8,5,4000000,2,beach|food|photography|relax|romantic,1,0.46725
66,70,0.25463,1,0,0,7280000,4,8.7,47,4000000,2,beach|food|photography|relax|romantic,1,0.48674
66,194,0.50687,0,0,0,8690000,3,9.4,66,4000000,2,beach|food|photography|relax|romantic,0,0.41889
66,76,0.73408,0,0,0,4280000,5,8.3,39,4000000,2,beach|food|photography|relax|romantic,1,0.59611
67,210,0.22009,1,1,0,7500000,3,7.5,13,8000000,5,beach|food|photography|relax|romantic,0,0.59144
67,226,0.49593,0,1,0,7020000,3,9.0,111,8000000,5,beach|food|photography|relax|romantic,0,0.54229
67,168,0.54147,0,1,0,6140000,3,8.9,101,8000000,5,beach|food|photography|relax|romantic,1,0.56042
67,17,0.60053,0,0,0,11980000,4,8.3,109,8000000,5,beach|food|photography|relax|romantic,1,0.52762
67,16,0.27268,1,1,0,6240000,3,9.3,113,8000000,5,beach|food|photography|relax|romantic,0,0.63152
67,135,0.34,0,0,1,8470000,5,8.5,106,8000000,5,beach|food|photography|relax|romantic,0,0.5184
67,205,0.15091,0,1,0,5780000,2,7.9,69,8000000,5,beach|food|photography|relax|romantic,0,0.35838
67,97,0.42868,0,0,0,9930000,3,7.6,41,8000000,5,beach|food|photography|relax|romantic,0,0.46144
67,98,0.69965,0,1,1,3780000,5,8.1,109,8000000,5,beach|food|photography|relax|romantic,1,0.67485
67,79,0.35614,0,1,0,5640000,3,9.6,35,8000000,5,beach|food|photography|relax|romantic,0,0.48958
67,40,0.6631,0,1,0,5340000,3,7.5,108,8000000,5,beach|food|photography|relax|romantic,0,0.5975
67,102,0.2566,0,1,0,7740000,4,9.2,79,8000000,5,beach|food|photography|relax|romantic,0,0.47177
67,229,0.36741,0,0,0,10990000,4,8.5,60,8000000,5,beach|food|photography|relax|romantic,0,0.45151
67,194,0.52721,0,0,0,8690000,3,9.4,66,8000000,5,beach|food|photography|relax|romantic,0,0.54563
67,36,0.71824,0,1,0,4630000,4,9.0,57,8000000,5,beach|food|photography|relax|romantic,0,0.66366
67,142,0.31342,0,1,0,6670000,4,9.5,72,8000000,5,beach|food|photography|relax|romantic,1,0.49864
67,19,0.51085,1,1,0,5280000,3,9.2,81,8000000,5,beach|food|photography|relax|romantic,1,0.73056
67,67,0.19904,0,1,0,3730000,3,9.5,8,8000000,5,beach|food|photography|relax|romantic,0,0.4226
67,84,0.2061,1,1,0,4910000,2,9.6,25,8000000,5,beach|food|photography|relax|romantic,1,0.57856
67,162,0.52066,1,0,1,8680000,5,8.6,43,8000000,5,beach|food|photography|relax|romantic,1,0.77108
67,62,0.60338,0,0,0,15980000,4,7.5,22,8000000,5,beach|food|photography|relax|romantic,0,0.44082
67,71,0.24435,1,0,0,8030000,3,9.5,81,8000000,5,beach|food|photography|relax|romantic,1,0.62103
67,38,0.61327,1,1,0,3520000,3,8.5,21,8000000,5,beach|food|photography|relax|romantic,1,0.76658
67,111,0.21522,0,1,0,3320000,2,7.8,110,8000000,5,beach|food|photography|relax|romantic,0,0.38439
67,48,0.56179,1,1,0,4820000,4,9.2,103,8000000,5,beach|food|photography|relax|romantic,1,0.77995
67,211,0.39906,0,1,0,4990000,4,9.4,22,8000000,5,beach|food|photography|relax|romantic,1,0.5336
67,103,0.65726,0,1,0,5020000,3,9.3,30,8000000,5,beach|food|photography|relax|romantic,1,0.61305
67,231,0.19357,0,1,0,3590000,4,9.4,36,8000000,5,beach|food|photography|relax|romantic,0,0.4473
67,101,0.50522,1,0,1,9040000,5,7.7,53,8000000,5,beach|food|photography|relax|romantic,1,0.74839
67,44,0.42646,0,1,0,5620000,4,7.4,19,8000000,5,beach|food|photography|relax|romantic,0,0.52511
67,45,0.23009,1,0,0,8730000,3,8.1,21,8000000,5,beach|food|photography|relax|romantic,0,0.58704
67,77,0.27419,0,1,0,7160000,3,8.3,95,8000000,5,beach|food|photography|relax|romantic,0,0.44216
67,139,0.61427,0,1,0,5100000,3,8.8,86,8000000,5,beach|food|photography|relax|romantic,1,0.58999
67,154,0.35854,0,1,1,5130000,5,7.8,26,8000000,5,beach|food|photography|relax|romantic,0,0.52859
67,165,0.48394,0,0,0,10700000,4,7.6,38,8000000,5,beach|food|photography|relax|romantic,1,0.49725
67,180,0.6648,0,1,0,5160000,4,9.3,30,8000000,5,beach|food|photography|relax|romantic,1,0.64422
67,178,0.49345,0,1,0,4150000,3,9.3,40,8000000,5,beach|food|photography|relax|romantic,0,0.54425
67,225,0.66405,0,1,1,5050000,5,8.1,21,8000000,5,beach|food|photography|relax|romantic,0,0.6599
67,230,0.69251,0,1,1,6950000,5,7.5,10,8000000,5,beach|food|photography|relax|romantic,0,0.66585
67,26,0.74412,0,1,0,4310000,4,9.7,29,8000000,5,beach|food|photography|relax|romantic,1,0.68153
67,189,0.2876,1,1,0,2850000,4,7.7,89,8000000,5,beach|food|photography|relax|romantic,1,0.64979
67,99,0.35057,0,1,1,7510000,5,8.5,34,8000000,5,beach|food|photography|relax|romantic,1,0.53224
67,43,0.65784,1,0,0,8280000,3,8.4,120,8000000,5,beach|food|photography|relax|romantic,1,0.77869
67,61,0.2141,0,1,0,3850000,2,7.4,61,8000000,5,beach|food|photography|relax|romantic,0,0.37992
67,33,0.57744,1,1,0,6090000,3,8.9,45,8000000,5,beach|food|photography|relax|romantic,1,0.75553
67,56,0.45037,0,0,0,12680000,3,9.5,77,8000000,5,beach|food|photography|relax|romantic,0,0.43456
67,76,0.65094,0,1,1,4280000,5,8.3,39,8000000,5,beach|food|photography|relax|romantic,1,0.65639
67,181,0.59887,1,1,1,5530000,5,8.0,103,8000000,5,beach|food|photography|relax|romantic,1,0.81153
67,159,0.40942,0,0,0,11760000,2,9.2,85,8000000,5,beach|food|photography|relax|romantic,0,0.40476
67,63,0.55441,0,1,0,5390000,4,7.4,85,8000000,5,beach|food|photography|relax|romantic,0,0.57885
67,66,0.4177,0,1,1,7950000,5,8.3,83,8000000,5,beach|food|photography|relax|romantic,1,0.55844
67,213,0.55692,1,1,0,5480000,4,9.1,25,8000000,5,beach|food|photography|relax|romantic,1,0.7769
67,174,0.61644,1,1,1,5910000,5,9.4,38,8000000,5,beach|food|photography|relax|romantic,1,0.8329
67,4,0.52968,0,1,1,6540000,5,8.5,51,8000000,5,beach|food|photography|relax|romantic,1,0.60747
67,129,0.14379,1,1,1,4650000,5,9.7,7,8000000,5,beach|food|photography|relax|romantic,1,0.63739
67,130,0.19518,1,1,0,6320000,4,8.0,10,8000000,5,beach|food|photography|relax|romantic,1,0.61397
67,27,0.20232,0,1,0,6140000,2,8.9,98,8000000,5,beach|food|photography|relax|romantic,0,0.38998
67,96,0.64422,0,1,0,4840000,3,7.8,118,8000000,5,beach|food|photography|relax|romantic,0,0.59257
67,53,0.67277,1,1,0,6850000,4,8.6,65,8000000,5,beach|food|photography|relax|romantic,1,0.82056
67,147,0.54573,1,0,0,8820000,3,8.4,18,8000000,5,beach|food|photography|relax|romantic,0,0.72081
67,64,0.71658,0,1,0,3540000,3,9.1,12,8000000,5,beach|food|photography|relax|romantic,1,0.63596
67,11,0.42401,0,0,0,8160000,4,8.8,13,8000000,5,beach|food|photography|relax|romantic,0,0.53489
67,78,0.25293,0,1,0,6430000,4,9.1,48,8000000,5,beach|food|photography|relax|romantic,1,0.46923
67,73,0.6472,0,1,0,7600000,3,8.4,56,8000000,5,beach|food|photography|relax|romantic,0,0.59982
67,29,0.58547,0,0,0,11690000,3,7.6,35,8000000,5,beach|food|photography|relax|romantic,1,0.4921
67,170,0.5956,0,0,0,14230000,3,8.1,81,8000000,5,beach|food|photography|relax|romantic,0,0.45055
67,185,0.64141,0,1,0,4000000,4,8.9,82,8000000,5,beach|food|photography|relax|romantic,0,0.63039
67,112,0.48028,0,1,0,5970000,3,8.8,119,8000000,5,beach|food|photography|relax|romantic,0,0.53372
67,236,0.64169,0,0,0,14120000,4,8.3,70,8000000,5,beach|food|photography|relax|romantic,0,0.50211
67,31,0.3882,0,0,0,9440000,2,9.1,25,8000000,5,beach|food|photography|relax|romantic,0,0.44124
68,49,0.17229,0,0,1,5810000,3,8.0,112,4000000,3,city|food|nightlife|photography|shopping,0,0.37996
68,205,0.40715,0,0,0,5780000,2,7.9,69,4000000,3,city|food|nightlife|photography|shopping,0,0.4508
68,197,0.59711,0,0,1,6280000,3,9.2,55,4000000,3,city|food|nightlife|photography|shopping,1,0.55159
68,235,0.58864,0,0,1,8550000,3,9.7,29,4000000,3,city|food|nightlife|photography|shopping,0,0.48423
68,74,0.39156,0,1,0,3870000,5,7.7,59,4000000,3,city|food|nightlife|photography|shopping,0,0.48546
68,83,0.25888,0,0,1,13980000,3,9.5,52,4000000,3,city|food|nightlife|photography|shopping,0,0.34373
68,29,0.10393,0,0,1,11690000,3,7.6,35,4000000,3,city|food|nightlife|photography|shopping,0,0.25965
68,198,0.32568,0,0,1,5820000,3,8.6,8,4000000,3,city|food|nightlife|photography|shopping,0,0.44998
68,194,0.14447,0,0,1,8690000,3,9.4,66,4000000,3,city|food|nightlife|photography|shopping,0,0.29468
68,174,0.54118,0,0,0,5910000,5,9.4,38,4000000,3,city|food|nightlife|photography|shopping,0,0.4889
68,161,0.36495,0,0,0,6500000,4,7.5,57,4000000,3,city|food|nightlife|photography|shopping,0,0.40028
68,179,0.19368,0,0,1,5280000,3,9.5,68,4000000,3,city|food|nightlife|photography|shopping,0,0.42515
68,88,0.27419,0,0,0,6870000,4,9.3,31,4000000,3,city|food|nightlife|photography|shopping,0,0.36536
68,56,0.04749,0,0,1,12680000,3,9.5,77,4000000,3,city|food|nightlife|photography|shopping,0,0.25495
68,214,0.54157,0,0,0,4300000,4,7.8,103,4000000,3,city|food|nightlife|photography|shopping,0,0.56546
68,183,0.06073,0,0,0,6720000,5,8.9,109,4000000,3,city|food|nightlife|photography|shopping,0,0.24971
68,224,0.07311,0,0,0,9610000,5,8.2,93,4000000,3,city|food|nightlife|photography|shopping,0,0.19671
68,206,0.52199,0,0,1,4060000,3,9.0,5,4000000,3,city|food|nightlife|photography|shopping,0,0.60683
68,158,0.10983,0,0,1,13970000,3,8.9,45,4000000,3,city|food|nightlife|photography|shopping,0,0.27513
68,128,0.19693,0,0,1,13980000,3,9.1,49,4000000,3,city|food|nightlife|photography|shopping,0,0.31371
68,144,0.22642,0,0,0,7040000,2,9.6,16,4000000,3,city|food|nightlife|photography|shopping,0,0.3415
68,3,0.20484,0,0,0,8200000,4,7.5,120,4000000,3,city|food|nightlife|photography|shopping,0,0.27303
68,92,0.77098,1,0,1,5150000,3,8.1,31,4000000,3,city|food|nightlife|photography|shopping,1,0.83881
68,33,0.46875,0,0,1,6090000,3,8.9,45,4000000,3,city|food|nightlife|photography|shopping,1,0.50228
68,98,0.33495,0,1,0,3780000,5,8.1,109,4000000,3,city|food|nightlife|photography|shopping,0,0.46568
68,239,0.56017,0,0,1,5380000,3,7.5,103,4000000,3,city|food|nightlife|photography|shopping,1,0.55507
68,6,0.3781,0,0,0,4460000,5,8.8,16,4000000,3,city|food|nightlife|photography|shopping,1,0.4724
68,58,0.78168,1,0,0,5490000,4,7.7,45,4000000,3,city|food|nightlife|photography|shopping,1,0.79771
68,184,0.31002,0,0,1,5580000,3,7.6,35,4000000,3,city|food|nightlife|photography|shopping,1,0.44301
68,228,0.26932,1,0,1,7690000,3,7.6,7,4000000,3,city|food|nightlife|photography|shopping,0,0.52151
68,167,0.17518,0,0,1,9750000,3,8.5,4,4000000,3,city|food|nightlife|photography|shopping,0,0.29858
68,79,0.04289,0,0,1,5640000,3,9.6,35,4000000,3,city|food|nightlife|photography|shopping,0,0.34841
68,216,0.47064,0,0,0,5630000,4,9.4,104,4000000,3,city|food|nightlife|photography|shopping,0,0.49847
68,178,0.4353,0,0,1,4150000,3,9.3,40,4000000,3,city|food|nightlife|photography|shopping,0,0.56983
68,217,0.54943,0,0,0,6180000,5,8.0,78,4000000,3,city|food|nightlife|photography|shopping,0,0.46756
68,134,0.35558,0,1,0,3330000,4,7.8,89,4000000,3,city|food|nightlife|photography|shopping,0,0.49934
68,28,0.1023,0,0,0,12790000,4,8.6,66,4000000,3,city|food|nightlife|photography|shopping,0,0.24097
68,112,0.2048,0,0,1,5970000,3,8.8,119,4000000,3,city|food|nightlife|photography|shopping,0,0.39522
68,111,0.33727,0,1,0,3320000,2,7.8,110,4000000,3,city|food|nightlife|photography|shopping,0,0.49165
68,170,0.18678,0,0,1,14230000,3,8.1,81,4000000,3,city|food|nightlife|photography|shopping,0,0.29945
68,87,0.53307,0,0,0,6390000,4,8.7,39,4000000,3,city|food|nightlife|photography|shopping,0,0.48729
68,236,0.28622,0,0,0,14120000,4,8.3,70,4000000,3,city|food|nightlife|photography|shopping,0,0.31521
68,116,0.4416,0,1,0,3980000,4,7.9,72,4000000,3,city|food|nightlife|photography|shopping,0,0.53647
68,172,0.20885,0,0,0,7580000,5,7.6,79,4000000,3,city|food|nightlife|photography|shopping,0,0.26452
68,133,0.48908,0,0,1,5680000,3,9.6,72,4000000,3,city|food|nightlife|photography|shopping,0,0.53422
68,186,0.35754,0,0,1,6850000,3,9.0,61,4000000,3,city|food|nightlife|photography|shopping,0,0.42617
68,125,0.44101,0,0,1,8660000,3,8.0,70,4000000,3,city|food|nightlife|photography|shopping,0,0.40522
68,96,0.39711,0,0,1,4840000,3,7.8,118,4000000,3,city|food|nightlife|photography|shopping,0,0.51119
68,2,0.09464,0,0,0,5410000,5,9.1,111,4000000,3,city|food|nightlife|photography|shopping,0,0.31835
68,26,0.30171,0,0,0,4310000,4,9.7,29,4000000,3,city|food|nightlife|photography|shopping,0,0.48332
68,180,0.3535,0,0,0,5160000,4,9.3,30,4000000,3,city|food|nightlife|photography|shopping,0,0.46707
68,41,0.52639,0,0,0,6960000,4,9.1,101,4000000,3,city|food|nightlife|photography|shopping,0,0.46568
68,43,0.55334,0,0,1,8280000,3,8.4,120,4000000,3,city|food|nightlife|photography|shopping,0,0.4564
68,113,0.32609,0,0,1,8040000,3,9.3,109,4000000,3,city|food|nightlife|photography|shopping,0,0.36996
68,16,0.70818,1,0,1,6240000,3,9.3,113,4000000,3,city|food|nightlife|photography|shopping,1,0.78083
68,104,0.23222,1,0,0,8930000,4,7.4,95,4000000,3,city|food|nightlife|photography|shopping,0,0.46353
68,70,0.75351,1,0,0,7280000,4,8.7,47,4000000,3,city|food|nightlife|photography|shopping,1,0.72427
68,34,0.34074,1,0,0,4830000,5,7.8,107,4000000,3,city|food|nightlife|photography|shopping,0,0.61191
68,85,0.0,0,0,1,11800000,3,9.0,111,4000000,3,city|food|nightlife|photography|shopping,0,0.23
68,59,0.3892,0,0,0,6780000,4,8.2,72,4000000,3,city|food|nightlife|photography|shopping,0,0.40627
68,166,0.25986,0,0,0,6610000,4,7.9,101,4000000,3,city|food|nightlife|photography|shopping,0,0.35574
68,234,0.31433,0,1,0,3470000,4,7.4,6,4000000,3,city|food|nightlife|photography|shopping,0,0.47802
68,164,0.78323,1,1,1,2350000,3,9.4,29,4000000,3,city|food|nightlife|photography|shopping,1,0.90296
68,157,0.04898,0,0,0,11560000,5,9.6,14,4000000,3,city|food|nightlife|photography|shopping,0,0.20057
68,211,0.19284,0,0,0,4990000,4,9.4,22,4000000,3,city|food|nightlife|photography|shopping,0,0.40739
68,40,0.39267,0,0,1,5340000,3,7.5,108,4000000,3,city|food|nightlife|photography|shopping,0,0.48632
68,94,0.7301,0,0,0,5190000,2,8.3,80,4000000,3,city|food|nightlife|photography|shopping,0,0.61404
68,105,0.14142,0,0,0,12640000,4,8.4,30,4000000,3,city|food|nightlife|photography|shopping,0,0.2554
68,160,0.35596,0,1,0,3970000,4,9.2,69,4000000,3,city|food|nightlife|photography|shopping,1,0.5135
68,100,0.62594,0,0,1,6530000,3,9.3,83,4000000,3,city|food|nightlife|photography|shopping,1,0.5547
69,193,0.10434,1,1,0,9300000,3,8.2,66,14000000,2,adventure|mountain|nature|photography|wildlife,1,0.57782
69,43,0.18418,1,1,0,8280000,3,8.4,120,14000000,2,adventure|mountain|nature|photography|wildlife,1,0.61336
69,103,0.52292,0,1,0,5020000,3,9.3,30,14000000,2,adventure|mountain|nature|photography|wildlife,1,0.58462
69,124,0.76483,0,1,0,7340000,5,8.1,59,14000000,2,adventure|mountain|nature|photography|wildlife,0,0.61823
69,148,0.22127,0,1,0,11060000,4,9.6,44,14000000,2,adventure|mountain|nature|photography|wildlife,0,0.43293
69,13,0.25645,0,1,0,10390000,3,8.6,44,14000000,2,adventure|mountain|nature|photography|wildlife,0,0.46571
69,33,0.25032,1,1,0,6090000,3,8.9,45,14000000,2,adventure|mountain|nature|photography|wildlife,1,0.64613
69,18,0.11975,0,1,1,6100000,2,7.8,84,14000000,2,adventure|mountain|nature|photography|wildlife,0,0.4283
69,208,0.07623,0,1,0,3970000,3,8.8,28,14000000,2,adventure|mountain|nature|photography|wildlife,0,0.39202
69,80,0.02345,1,1,1,4630000,2,9.6,104,14000000,2,adventure|mountain|nature|photography|wildlife,0,0.58585
69,17,0.17526,1,1,0,11980000,4,8.3,109,14000000,2,adventure|mountain|nature|photography|wildlife,1,0.58061
69,35,0.24453,1,1,0,4230000,3,7.8,93,14000000,2,adventure|mountain|nature|photography|wildlife,1,0.6327
69,70,0.0,0,1,0,7280000,4,8.7,47,14000000,2,adventure|mountain|nature|photography|wildlife,0,0.331
69,164,0.0262,0,1,0,2350000,3,9.4,29,14000000,2,adventure|mountain|nature|photography|wildlife,0,0.377
69,122,0.21734,1,1,0,5960000,3,9.4,46,14000000,2,adventure|mountain|nature|photography|wildlife,0,0.63728
69,4,0.23387,1,1,0,6540000,5,8.5,51,14000000,2,adventure|mountain|nature|photography|wildlife,1,0.57923
69,165,0.19497,0,1,0,10700000,4,7.6,38,14000000,2,adventure|mountain|nature|photography|wildlife,0,0.40189
69,189,0.13256,0,1,0,2850000,4,7.7,89,14000000,2,adventure|mountain|nature|photography|wildlife,0,0.37668
69,188,0.15281,1,1,1,2280000,2,7.5,73,14000000,2,adventure|mountain|nature|photography|wildlife,1,0.61918
69,9,0.212,0,1,0,9390000,4,8.0,60,14000000,2,adventure|mountain|nature|photography|wildlife,0,0.41304
69,171,0.22412,0,1,0,5570000,5,9.6,87,14000000,2,adventure|mountain|nature|photography|wildlife,0,0.40613
69,216,0.2083,1,1,0,5630000,4,9.4,104,14000000,2,adventure|mountain|nature|photography|wildlife,0,0.60548
69,44,0.30763,0,1,0,5620000,4,7.4,19,14000000,2,adventure|mountain|nature|photography|wildlife,0,0.44721
69,209,0.23922,0,1,0,8360000,4,9.1,41,14000000,2,adventure|mountain|nature|photography|wildlife,0,0.43547
69,183,0.2209,0,1,0,6720000,5,8.9,109,14000000,2,adventure|mountain|nature|photography|wildlife,0,0.39778
69,218,0.22904,0,1,0,11480000,4,8.8,31,14000000,2,adventure|mountain|nature|photography|wildlife,1,0.4282
69,220,0.25002,1,1,0,4760000,4,8.4,99,14000000,2,adventure|mountain|nature|photography|wildlife,0,0.61301
69,177,0.17112,0,1,0,11590000,4,7.5,90,14000000,2,adventure|mountain|nature|photography|wildlife,0,0.39087
69,69,0.15589,1,1,1,5280000,2,8.1,71,14000000,2,adventure|mountain|nature|photography|wildlife,1,0.62647
69,125,0.12385,1,1,0,8660000,3,8.0,70,14000000,2,adventure|mountain|nature|photography|wildlife,1,0.58402
69,172,0.13255,1,1,0,7580000,5,7.6,79,14000000,2,adventure|mountain|nature|photography|wildlife,1,0.52767
69,167,0.18124,0,1,0,9750000,3,8.5,4,14000000,2,adventure|mountain|nature|photography|wildlife,0,0.43312
69,106,0.15141,0,1,0,3480000,3,7.6,42,14000000,2,adventure|mountain|nature|photography|wildlife,0,0.41159
69,95,0.1237,1,1,0,12960000,4,7.5,31,14000000,2,adventure|mountain|nature|photography|wildlife,0,0.55095
69,96,0.46888,0,1,0,4840000,3,7.8,118,14000000,2,adventure|mountain|nature|photography|wildlife,0,0.54693
69,7,0.13642,0,1,0,7910000,5,9.3,13,14000000,2,adventure|mountain|nature|photography|wildlife,0,0.3663
69,127,0.10701,0,1,0,5620000,4,7.9,52,14000000,2,adventure|mountain|nature|photography|wildlife,0,0.36794
69,62,0.1196,1,0,0,15980000,4,7.5,22,14000000,2,adventure|mountain|nature|photography|wildlife,1,0.5266
69,112,0.19657,0,1,0,5970000,3,8.8,119,14000000,2,adventure|mountain|nature|photography|wildlife,0,0.44256
69,136,0.156,1,1,0,6220000,3,8.1,117,14000000,2,adventure|mountain|nature|photography|wildlife,1,0.59852
69,85,0.26027,0,1,0,11800000,3,9.0,111,14000000,2,adventure|mountain|nature|photography|wildlife,0,0.47132
69,214,0.23412,0,1,0,4300000,4,7.8,103,14000000,2,adventure|mountain|nature|photography|wildlife,0,0.42033
69,180,0.49753,0,1,0,5160000,4,9.3,30,14000000,2,adventure|mountain|nature|photography|wildlife,0,0.54596
69,175,0.12829,1,1,0,5040000,4,8.4,87,14000000,2,adventure|mountain|nature|photography|wildlife,1,0.56188
69,110,0.22957,1,1,0,7520000,4,9.4,73,14000000,2,adventure|mountain|nature|photography|wildlife,1,0.61442
69,224,0.20086,0,1,0,9610000,5,8.2,93,14000000,2,adventure|mountain|nature|photography|wildlife,0,0.38236
69,196,0.22563,1,0,0,14200000,4,8.3,67,14000000,2,adventure|mountain|nature|photography|wildlife,1,0.59948
69,198,0.66998,0,1,0,5820000,3,8.6,8,14000000,2,adventure|mountain|nature|photography|wildlife,0,0.63939
69,151,0.48738,0,1,0,7800000,3,7.8,89,14000000,2,adventure|mountain|nature|photography|wildlife,0,0.5547
69,227,0.31652,0,1,1,8860000,2,9.0,39,14000000,2,adventure|mountain|nature|photography|wildlife,1,0.52294
69,73,0.59892,0,1,0,7600000,3,8.4,56,14000000,2,adventure|mountain|nature|photography|wildlife,0,0.60754
69,15,0.08376,0,1,0,7150000,3,8.9,23,14000000,2,adventure|mountain|nature|photography|wildlife,0,0.39618
69,52,0.33292,1,1,0,7200000,4,7.7,116,14000000,2,adventure|mountain|nature|photography|wildlife,0,0.64082
69,166,0.78258,0,1,0,6610000,4,7.9,101,14000000,2,adventure|mountain|nature|photography|wildlife,0,0.65168
69,11,0.17298,1,1,0,8160000,4,8.8,13,14000000,2,adventure|mountain|nature|photography|wildlife,1,0.58465
69,158,0.12918,1,1,0,13970000,3,8.9,45,14000000,2,adventure|mountain|nature|photography|wildlife,1,0.59526
69,78,0.02588,1,1,0,6430000,4,9.1,48,14000000,2,adventure|mountain|nature|photography|wildlife,1,0.52587
69,182,0.0,0,1,1,5640000,2,9.5,25,14000000,2,adventure|mountain|nature|photography|wildlife,0,0.395
69,225,0.47514,0,1,0,5050000,5,8.1,21,14000000,2,adventure|mountain|nature|photography|wildlife,0,0.49656
69,133,0.17042,0,1,0,5680000,3,9.6,72,14000000,2,adventure|mountain|nature|photography|wildlife,0,0.43958
69,138,0.15436,0,1,0,11540000,3,8.0,95,14000000,2,adventure|mountain|nature|photography|wildlife,0,0.41683
69,38,0.25072,0,1,0,3520000,3,8.5,21,14000000,2,adventure|mountain|nature|photography|wildlife,0,0.4623
69,83,0.09794,1,1,0,13980000,3,9.5,52,14000000,2,adventure|mountain|nature|photography|wildlife,1,0.58813
69,199,0.13272,1,1,0,7500000,4,8.6,40,14000000,2,adventure|mountain|nature|photography|wildlife,0,0.56574
69,20,0.27877,1,1,1,6490000,2,8.3,67,14000000,2,adventure|mountain|nature|photography|wildlife,0,0.68008
69,6,0.59006,0,1,0,4460000,5,8.8,16,14000000,2,adventure|mountain|nature|photography|wildlife,0,0.55182
69,75,0.16039,1,0,0,14320000,3,8.5,11,14000000,2,adventure|mountain|nature|photography|wildlife,0,0.60071
69,230,0.52545,0,1,0,6950000,5,7.5,10,14000000,2,adventure|mountain|nature|photography|wildlife,1,0.51169
69,87,0.22634,0,1,0,6390000,4,8.7,39,14000000,2,adventure|mountain|nature|photography|wildlife,0,0.42606
69,145,0.12262,1,1,0,5440000,5,7.9,10,14000000,2,adventure|mountain|nature|photography|wildlife,0,0.5265
70,130,0.81648,0,1,1,6320000,4,8.0,10,8000000,4,adventure|mountain|nature|photography|wildlife,1,0.72292
70,18,0.1537,1,1,0,6100000,2,7.8,84,8000000,4,adventure|mountain|nature|photography|wildlife,0,0.56655
70,181,0.32373,0,1,0,5530000,5,8.0,103,8000000,4,adventure|mountain|nature|photography|wildlife,1,0.48796
70,64,0.70163,0,1,0,3540000,3,9.1,12,8000000,4,adventure|mountain|nature|photography|wildlife,1,0.65769
70,162,0.40945,0,0,0,8680000,5,8.6,43,8000000,4,adventure|mountain|nature|photography|wildlife,0,0.51637
70,119,0.16213,1,1,1,6250000,4,7.4,42,8000000,4,adventure|mountain|nature|photography|wildlife,1,0.62209
70,23,0.85672,0,1,1,7230000,4,8.5,118,8000000,4,adventure|mountain|nature|photography|wildlife,1,0.74482
70,124,0.76961,0,1,0,7340000,5,8.1,59,8000000,4,adventure|mountain|nature|photography|wildlife,1,0.67624
70,161,0.74647,0,1,1,6500000,4,7.5,57,8000000,4,adventure|mountain|nature|photography|wildlife,1,0.68852
70,187,0.09,1,1,1,4850000,4,9.4,44,8000000,4,adventure|mountain|nature|photography|wildlife,1,0.6118
70,226,0.35307,0,1,0,7020000,3,9.0,111,8000000,4,adventure|mountain|nature|photography|wildlife,0,0.51029
70,126,0.3628,0,0,0,9260000,3,8.4,85,8000000,4,adventure|mountain|nature|photography|wildlife,0,0.48317
70,103,0.65704,0,1,0,5020000,3,9.3,30,8000000,4,adventure|mountain|nature|photography|wildlife,1,0.64096
70,32,0.15853,0,1,0,6600000,3,7.6,4,8000000,4,adventure|mountain|nature|photography|wildlife,0,0.41458
70,204,0.08788,0,0,0,12320000,5,8.3,93,8000000,4,adventure|mountain|nature|photography|wildlife,0,0.30551
70,50,0.7964,0,1,0,5180000,2,9.5,104,8000000,4,adventure|mountain|nature|photography|wildlife,0,0.67349
70,114,0.30688,0,0,0,10820000,3,9.0,71,8000000,4,adventure|mountain|nature|photography|wildlife,0,0.43449
70,183,0.2206,0,1,0,6720000,5,8.9,109,8000000,4,adventure|mountain|nature|photography|wildlife,0,0.45365
70,158,0.09111,0,0,0,13970000,3,8.9,45,8000000,4,adventure|mountain|nature|photography|wildlife,0,0.27987
70,108,0.34435,0,1,0,5210000,5,7.8,114,8000000,4,adventure|mountain|nature|photography|wildlife,0,0.49463
70,210,0.77282,0,1,0,7500000,3,7.5,13,8000000,4,adventure|mountain|nature|photography|wildlife,0,0.67159
70,117,0.05363,0,1,0,4370000,3,8.4,32,8000000,4,adventure|mountain|nature|photography|wildlife,0,0.37852
70,115,0.33592,0,1,1,6680000,4,8.7,31,8000000,4,adventure|mountain|nature|photography|wildlife,1,0.52808
70,48,0.36741,1,1,1,4820000,4,9.2,103,8000000,4,adventure|mountain|nature|photography|wildlife,1,0.72631
70,218,0.38175,0,0,1,11480000,4,8.8,31,8000000,4,adventure|mountain|nature|photography|wildlife,1,0.47873
70,17,0.1631,0,0,1,11980000,4,8.3,109,8000000,4,adventure|mountain|nature|photography|wildlife,0,0.3719
70,205,0.08419,1,1,0,5780000,2,7.9,69,8000000,4,adventure|mountain|nature|photography|wildlife,0,0.53836
70,104,0.81058,0,0,1,8930000,4,7.4,95,8000000,4,adventure|mountain|nature|photography|wildlife,0,0.69584
70,144,0.79285,0,1,0,7040000,2,9.6,16,8000000,4,adventure|mountain|nature|photography|wildlife,1,0.673
70,165,0.2382,0,0,1,10700000,4,7.6,38,8000000,4,adventure|mountain|nature|photography|wildlife,0,0.42204
70,8,0.34435,0,0,0,8190000,3,9.6,107,8000000,4,adventure|mountain|nature|photography|wildlife,1,0.50883
70,163,0.30555,0,1,0,6910000,3,7.6,92,8000000,4,adventure|mountain|nature|photography|wildlife,0,0.47633
70,82,0.46796,1,1,0,6740000,2,8.9,16,8000000,4,adventure|mountain|nature|photography|wildlife,1,0.70955
70,240,0.75869,0,0,1,9370000,4,7.7,33,8000000,4,adventure|mountain|nature|photography|wildlife,0,0.66825
70,40,0.60865,0,1,0,5340000,3,7.5,108,8000000,4,adventure|mountain|nature|photography|wildlife,0,0.60263
70,14,0.34987,0,1,0,4940000,5,8.9,82,8000000,4,adventure|mountain|nature|photography|wildlife,1,0.50795
70,229,0.41875,0,0,1,10990000,4,8.5,60,8000000,4,adventure|mountain|nature|photography|wildlife,0,0.50108
70,98,0.59093,0,1,0,3780000,5,8.1,109,8000000,4,adventure|mountain|nature|photography|wildlife,0,0.60119
70,6,0.66831,0,1,0,4460000,5,8.8,16,8000000,4,adventure|mountain|nature|photography|wildlife,0,0.64069
70,88,0.82149,0,1,1,6870000,4,9.3,31,8000000,4,adventure|mountain|nature|photography|wildlife,1,0.73803
70,153,0.36387,0,0,0,8920000,5,9.0,5,8000000,4,adventure|mountain|nature|photography|wildlife,0,0.49643
70,11,0.15747,1,0,1,8160000,4,8.8,13,8000000,4,adventure|mountain|nature|photography|wildlife,1,0.63094
70,182,0.04667,1,1,0,5640000,2,9.5,25,8000000,4,adventure|mountain|nature|photography|wildlife,0,0.5386
70,152,0.19593,0,0,0,10060000,3,8.7,54,8000000,4,adventure|mountain|nature|photography|wildlife,0,0.40009
70,131,0.05845,0,1,0,3020000,2,8.6,118,8000000,4,adventure|mountain|nature|photography|wildlife,0,0.35455
70,73,0.69327,0,1,0,7600000,3,8.4,56,8000000,4,adventure|mountain|nature|photography|wildlife,0,0.64717
70,13,0.41349,0,0,0,10390000,3,8.6,44,8000000,4,adventure|mountain|nature|photography|wildlife,1,0.48387
70,220,0.30908,1,1,1,4760000,4,8.4,99,8000000,4,adventure|mountain|nature|photography|wildlife,1,0.69381
70,238,0.24618,0,1,0,6620000,5,8.4,111,8000000,4,adventure|mountain|nature|photography|wildlife,0,0.4594
70,160,0.63504,0,1,1,3970000,4,9.2,69,8000000,4,adventure|mountain|nature|photography|wildlife,1,0.65872
70,12,0.5375,0,1,1,5140000,4,9.6,114,8000000,4,adventure|mountain|nature|photography|wildlife,1,0.62175
70,79,0.16262,0,1,0,5640000,3,9.6,35,8000000,4,adventure|mountain|nature|photography|wildlife,1,0.4363
70,123,0.13722,1,1,1,7390000,4,8.7,91,8000000,4,adventure|mountain|nature|photography|wildlife,0,0.62463
70,135,0.14919,1,0,0,8470000,5,8.5,106,8000000,4,adventure|mountain|nature|photography|wildlife,0,0.59026
70,28,0.30455,0,0,1,12790000,4,8.6,66,8000000,4,adventure|mountain|nature|photography|wildlife,1,0.41811
70,24,0.36868,0,1,0,5890000,5,8.1,9,8000000,4,adventure|mountain|nature|photography|wildlife,0,0.50785
70,9,0.40345,0,0,1,9390000,4,8.0,60,8000000,4,adventure|mountain|nature|photography|wildlife,0,0.52165
70,168,0.16295,0,1,0,6140000,3,8.9,101,8000000,4,adventure|mountain|nature|photography|wildlife,0,0.42944
70,150,0.28645,0,0,0,9710000,2,8.3,87,8000000,4,adventure|mountain|nature|photography|wildlife,0,0.41311
70,122,0.36173,1,1,0,5960000,3,9.4,46,8000000,4,adventure|mountain|nature|photography|wildlife,1,0.69793
70,105,0.11081,0,0,1,12640000,4,8.4,30,8000000,4,adventure|mountain|nature|photography|wildlife,0,0.33774
70,166,0.81462,0,1,1,6610000,4,7.9,101,8000000,4,adventure|mountain|nature|photography|wildlife,0,0.72114
70,167,0.35076,0,0,0,9750000,3,8.5,4,8000000,4,adventure|mountain|nature|photography|wildlife,1,0.46932
70,194,0.11003,0,0,0,8690000,3,9.4,66,8000000,4,adventure|mountain|nature|photography|wildlife,0,0.39841
70,206,0.29668,1,1,0,4060000,3,9.0,5,8000000,4,adventure|mountain|nature|photography|wildlife,0,0.6666
70,209,0.25333,0,0,1,8360000,4,9.1,41,8000000,4,adventure|mountain|nature|photography|wildlife,0,0.4902
70,58,0.04229,1,1,1,5490000,4,7.7,45,8000000,4,adventure|mountain|nature|photography|wildlife,0,0.57476
70,219,0.30462,0,0,0,8840000,3,9.2,91,8000000,4,adventure|mountain|nature|photography|wildlife,0,0.47514
70,147,0.32214,0,0,0,8820000,3,8.4,18,8000000,4,adventure|mountain|nature|photography|wildlife,0,0.4749
70,100,0.12354,0,1,0,6530000,3,9.3,83,8000000,4,adventure|mountain|nature|photography|wildlife,0,0.41689
71,31,0.39212,0,1,0,9440000,2,9.1,25,18000000,3,beach|food|photography|relax|romantic,0,0.52769
71,169,0.52078,0,1,0,5620000,5,8.8,5,18000000,3,beach|food|photography|relax|romantic,0,0.55073
71,123,0.45677,0,1,0,7390000,4,8.7,91,18000000,3,beach|food|photography|relax|romantic,1,0.55084
71,219,0.51431,0,1,1,8840000,3,9.2,91,18000000,3,beach|food|photography|relax|romantic,1,0.60801
71,196,0.56147,0,1,0,14200000,4,8.3,67,18000000,3,beach|food|photography|relax|romantic,1,0.59082
71,137,0.55855,0,1,0,6170000,4,8.6,51,18000000,3,beach|food|photography|relax|romantic,0,0.59259
71,1,0.52575,0,1,0,14160000,4,9.0,35,18000000,3,beach|food|photography|relax|romantic,0,0.58281
71,2,0.55708,0,1,0,5410000,5,9.1,111,18000000,3,beach|food|photography|relax|romantic,1,0.56897
71,109,0.37008,0,1,1,5450000,3,7.6,70,18000000,3,beach|food|photography|relax|romantic,0,0.53143
71,75,0.61588,0,1,1,14320000,3,8.5,11,18000000,3,beach|food|photography|relax|romantic,1,0.64367
71,190,0.42115,0,1,0,9710000,4,9.4,24,18000000,3,beach|food|photography|relax|romantic,0,0.54288
71,83,0.55664,0,1,1,13980000,3,9.5,52,18000000,3,beach|food|photography|relax|romantic,0,0.62879
71,145,0.52287,0,1,0,5440000,5,7.9,10,18000000,3,beach|food|photography|relax|romantic,1,0.5426
71,21,0.40349,0,1,0,7690000,5,7.8,21,18000000,3,beach|food|photography|relax|romantic,0,0.49146
71,108,0.44928,0,1,0,5210000,5,7.8,114,18000000,3,beach|food|photography|relax|romantic,0,0.5107
71,211,0.37534,0,1,0,4990000,4,9.4,22,18000000,3,beach|food|photography|relax|romantic,0,0.52364
71,232,0.40285,0,1,1,10030000,3,8.8,50,18000000,3,beach|food|photography|relax|romantic,0,0.5572
71,124,0.18808,0,1,0,7340000,5,8.1,59,18000000,3,beach|food|photography|relax|romantic,0,0.40399
71,171,0.51363,0,1,0,5570000,5,9.6,87,18000000,3,beach|food|photography|relax|romantic,0,0.55572
71,175,0.4345,0,1,0,5040000,4,8.4,87,18000000,3,beach|food|photography|relax|romantic,1,0.53849
71,22,0.70785,1,1,1,8170000,3,8.5,27,18000000,3,beach|food|photography|relax|romantic,1,0.8623
71,130,0.18326,0,1,0,6320000,4,8.0,10,18000000,3,beach|food|photography|relax|romantic,0,0.42897
71,62,0.57146,0,1,0,15980000,4,7.5,22,18000000,3,beach|food|photography|relax|romantic,1,0.58701
71,208,0.37956,1,1,1,3970000,3,8.8,28,18000000,3,beach|food|photography|relax|romantic,1,0.72741
71,15,0.28595,1,1,1,7150000,3,8.9,23,18000000,3,beach|food|photography|relax|romantic,0,0.6891
71,112,0.45353,0,1,1,5970000,3,8.8,119,18000000,3,beach|food|photography|relax|romantic,1,0.57848
71,13,0.38129,0,1,1,10390000,3,8.6,44,18000000,3,beach|food|photography|relax|romantic,1,0.54614
71,98,0.68816,1,1,0,3780000,5,8.1,109,18000000,3,beach|food|photography|relax|romantic,1,0.79403
71,220,0.53585,0,1,0,4760000,4,8.4,99,18000000,3,beach|food|photography|relax|romantic,1,0.58106
71,45,0.21896,0,1,1,8730000,3,8.1,21,18000000,3,beach|food|photography|relax|romantic,1,0.47296
71,54,0.52402,0,1,0,8910000,5,7.6,95,18000000,3,beach|food|photography|relax|romantic,0,0.54009
71,7,0.47681,0,1,0,7910000,5,9.3,13,18000000,3,beach|food|photography|relax|romantic,0,0.53726
71,188,0.24371,1,1,0,2280000,2,7.5,73,18000000,3,beach|food|photography|relax|romantic,1,0.62936
71,90,0.3304,1,1,0,2330000,2,9.0,69,18000000,3,beach|food|photography|relax|romantic,1,0.68077
71,151,0.66757,1,1,1,7800000,3,7.8,89,18000000,3,beach|food|photography|relax|romantic,1,0.83838
71,95,0.60208,0,1,0,12960000,4,7.5,31,18000000,3,beach|food|photography|relax|romantic,0,0.59988
71,16,0.26466,1,1,1,6240000,3,9.3,113,18000000,3,beach|food|photography|relax|romantic,1,0.68416
71,213,0.52984,0,1,0,5480000,4,9.1,25,18000000,3,beach|food|photography|relax|romantic,1,0.58553
71,205,0.24728,1,1,0,5780000,2,7.9,69,18000000,3,beach|food|photography|relax|romantic,1,0.63486
71,39,0.54077,0,1,1,7320000,3,8.0,80,18000000,3,beach|food|photography|relax|romantic,1,0.60712
71,64,0.71686,1,1,1,3540000,3,9.1,12,18000000,3,beach|food|photography|relax|romantic,1,0.87208
71,36,0.72917,1,1,0,4630000,4,9.0,57,18000000,3,beach|food|photography|relax|romantic,1,0.84825
71,41,0.57279,0,1,0,6960000,4,9.1,101,18000000,3,beach|food|photography|relax|romantic,1,0.60357
71,27,0.18997,0,1,0,6140000,2,8.9,98,18000000,3,beach|food|photography|relax|romantic,0,0.44079
71,228,0.1978,0,1,1,7690000,3,7.6,7,18000000,3,beach|food|photography|relax|romantic,0,0.45908
71,231,0.17219,0,1,0,3590000,4,9.4,36,18000000,3,beach|food|photography|relax|romantic,0,0.43832
71,70,0.27995,1,1,0,7280000,4,8.7,47,18000000,3,beach|food|photography|relax|romantic,0,0.65658
71,180,0.68163,1,1,0,5160000,4,9.3,30,18000000,3,beach|food|photography|relax|romantic,1,0.83128
71,166,0.2374,0,1,0,6610000,4,7.9,101,18000000,3,beach|food|photography|relax|romantic,0,0.45071
71,120,0.50183,0,1,1,7330000,3,9.1,82,18000000,3,beach|food|photography|relax|romantic,0,0.60177
71,139,0.62394,1,1,1,5100000,3,8.8,86,18000000,3,beach|food|photography|relax|romantic,1,0.83005
71,156,0.1633,0,1,0,7480000,2,9.0,38,18000000,3,beach|food|photography|relax|romantic,0,0.43058
71,12,0.704,1,1,0,5140000,4,9.6,114,18000000,3,beach|food|photography|relax|romantic,1,0.84368
71,81,0.22433,1,1,0,4940000,4,9.0,17,18000000,3,beach|food|photography|relax|romantic,1,0.63622
71,72,0.69453,1,1,1,6980000,3,8.9,58,18000000,3,beach|food|photography|relax|romantic,1,0.8607
71,53,0.71232,0,1,0,6850000,4,8.6,65,18000000,3,beach|food|photography|relax|romantic,1,0.65717
71,229,0.3534,0,1,0,10990000,4,8.5,60,18000000,3,beach|food|photography|relax|romantic,1,0.50543
71,57,0.39839,1,1,1,5360000,3,8.5,66,18000000,3,beach|food|photography|relax|romantic,1,0.73232
71,79,0.42959,0,1,1,5640000,3,9.6,35,18000000,3,beach|food|photography|relax|romantic,0,0.57643
71,77,0.26181,0,1,1,7160000,3,8.3,95,18000000,3,beach|food|photography|relax|romantic,0,0.49296
71,25,0.65902,1,1,0,5890000,4,9.1,67,18000000,3,beach|food|photography|relax|romantic,1,0.81979
71,138,0.41848,0,1,1,11540000,3,8.0,95,18000000,3,beach|food|photography|relax|romantic,1,0.55576
71,128,0.50173,0,1,1,13980000,3,9.1,49,18000000,3,beach|food|photography|relax|romantic,0,0.60173
71,191,0.56021,0,1,0,6590000,4,7.5,40,18000000,3,beach|food|photography|relax|romantic,1,0.58229
71,116,0.52736,0,1,0,3980000,4,7.9,72,18000000,3,beach|food|photography|relax|romantic,0,0.57249
71,56,0.50113,0,1,1,12680000,3,9.5,77,18000000,3,beach|food|photography|relax|romantic,1,0.60547
71,82,0.58742,0,1,0,6740000,2,8.9,16,18000000,3,beach|food|photography|relax|romantic,1,0.60772
71,162,0.55228,0,1,0,8680000,5,8.6,43,18000000,3,beach|food|photography|relax|romantic,1,0.56196
71,154,0.41897,0,1,0,5130000,5,7.8,26,18000000,3,beach|food|photography|relax|romantic,0,0.49797
71,223,0.6328,0,1,0,6120000,4,7.6,85,18000000,3,beach|food|photography|relax|romantic,1,0.61378
72,189,0.79324,0,1,0,2850000,4,7.7,89,6000000,5,city|food|nightlife|photography|shopping,1,0.68216
72,19,0.57204,0,1,0,5280000,3,9.2,81,6000000,5,city|food|nightlife|photography|shopping,1,0.57626
72,36,0.40029,0,1,0,4630000,4,9.0,57,6000000,5,city|food|nightlife|photography|shopping,0,0.53012
72,23,0.36789,0,0,0,7230000,4,8.5,118,6000000,5,city|food|nightlife|photography|shopping,0,0.47871
72,138,0.07901,0,0,0,11540000,3,8.0,95,6000000,5,city|food|nightlife|photography|shopping,0,0.20945
72,225,0.45662,0,1,1,5050000,5,8.1,21,6000000,5,city|food|nightlife|photography|shopping,1,0.57278
72,54,0.62036,0,0,1,8910000,5,7.6,95,6000000,5,city|food|nightlife|photography|shopping,0,0.55895
72,205,0.36497,0,1,0,5780000,2,7.9,69,6000000,5,city|food|nightlife|photography|shopping,0,0.44829
72,34,0.34419,1,1,1,4830000,5,7.8,107,6000000,5,city|food|nightlife|photography|shopping,1,0.70256
72,181,0.64872,0,1,1,5530000,5,8.0,103,6000000,5,city|food|nightlife|photography|shopping,1,0.65246
72,240,0.41663,1,0,0,9370000,4,7.7,33,6000000,5,city|food|nightlife|photography|shopping,0,0.61412
72,2,0.06498,1,1,1,5410000,5,9.1,111,6000000,5,city|food|nightlife|photography|shopping,0,0.59829
72,31,0.30507,0,0,0,9440000,2,9.1,25,6000000,5,city|food|nightlife|photography|shopping,0,0.3434
72,161,0.42201,0,0,0,6500000,4,7.5,57,6000000,5,city|food|nightlife|photography|shopping,1,0.51091
72,180,0.38924,0,1,0,5160000,4,9.3,30,6000000,5,city|food|nightlife|photography|shopping,0,0.52848
72,79,0.03572,0,1,0,5640000,3,9.6,35,6000000,5,city|food|nightlife|photography|shopping,0,0.355
72,115,0.24872,0,0,0,6680000,4,8.7,31,6000000,5,city|food|nightlife|photography|shopping,0,0.44533
72,120,0.59132,0,0,0,7330000,3,9.1,82,6000000,5,city|food|nightlife|photography|shopping,1,0.54789
72,95,0.18137,1,0,0,12960000,4,7.5,31,6000000,5,city|food|nightlife|photography|shopping,0,0.44318
72,150,0.21421,0,0,0,9710000,2,8.3,87,6000000,5,city|food|nightlife|photography|shopping,0,0.29004
72,235,0.57686,0,0,0,8550000,3,9.7,29,6000000,5,city|food|nightlife|photography|shopping,0,0.51528
72,230,0.43279,0,0,1,6950000,5,7.5,10,6000000,5,city|food|nightlife|photography|shopping,0,0.53144
72,38,0.67058,0,1,0,3520000,3,8.5,21,6000000,5,city|food|nightlife|photography|shopping,1,0.61065
72,97,0.07426,0,0,0,9930000,3,7.6,41,6000000,5,city|food|nightlife|photography|shopping,0,0.24639
72,58,0.74447,0,1,0,5490000,4,7.7,45,6000000,5,city|food|nightlife|photography|shopping,1,0.66168
72,92,0.71674,0,1,0,5150000,3,8.1,31,6000000,5,city|food|nightlife|photography|shopping,0,0.62603
72,147,0.54393,0,0,0,8820000,3,8.4,18,6000000,5,city|food|nightlife|photography|shopping,1,0.48125
72,208,0.80623,0,1,0,3970000,3,8.8,28,6000000,5,city|food|nightlife|photography|shopping,1,0.67062
72,154,0.36486,0,1,1,5130000,5,7.8,26,6000000,5,city|food|nightlife|photography|shopping,0,0.53124
72,53,0.44209,0,0,0,6850000,4,8.6,65,6000000,5,city|food|nightlife|photography|shopping,0,0.52101
72,111,0.35645,0,1,0,3320000,2,7.8,110,6000000,5,city|food|nightlife|photography|shopping,0,0.44371
72,103,0.40905,0,1,0,5020000,3,9.3,30,6000000,5,city|food|nightlife|photography|shopping,1,0.5088
72,22,0.40489,0,0,0,8170000,3,8.5,27,6000000,5,city|food|nightlife|photography|shopping,0,0.44119
72,146,0.32975,1,0,0,9730000,3,9.7,47,6000000,5,city|food|nightlife|photography|shopping,1,0.56003
72,164,0.72114,0,1,0,2350000,3,9.4,29,6000000,5,city|food|nightlife|photography|shopping,1,0.64088
72,207,0.39359,0,1,0,3610000,4,8.7,64,6000000,5,city|food|nightlife|photography|shopping,0,0.52431
72,198,0.38575,0,1,0,5820000,3,8.6,8,6000000,5,city|food|nightlife|photography|shopping,0,0.49202
72,49,0.18524,1,1,0,5810000,3,8.0,112,6000000,5,city|food|nightlife|photography|shopping,1,0.5818
72,55,0.28789,0,0,0,6780000,4,8.3,68,6000000,5,city|food|nightlife|photography|shopping,1,0.45511
72,123,0.44053,0,0,0,7390000,4,8.7,91,6000000,5,city|food|nightlife|photography|shopping,1,0.50696
72,232,0.39397,0,0,0,10030000,3,8.8,50,6000000,5,city|food|nightlife|photography|shopping,0,0.39
72,166,0.32667,0,0,0,6610000,4,7.9,101,6000000,5,city|food|nightlife|photography|shopping,0,0.47193
72,168,0.06533,1,0,0,6140000,3,8.9,101,6000000,5,city|food|nightlife|photography|shopping,0,0.53671
72,59,0.38054,0,0,0,6780000,4,8.2,72,6000000,5,city|food|nightlife|photography|shopping,0,0.49303
72,239,0.47162,0,1,0,5380000,3,7.5,103,6000000,5,city|food|nightlife|photography|shopping,0,0.51708
72,4,0.10583,1,0,1,6540000,5,8.5,51,6000000,5,city|food|nightlife|photography|shopping,1,0.59505
72,222,0.04619,0,0,0,10940000,4,9.6,70,6000000,5,city|food|nightlife|photography|shopping,0,0.25567
72,64,0.39589,0,1,0,3540000,3,9.1,12,6000000,5,city|food|nightlife|photography|shopping,0,0.50127
72,1,0.07737,1,0,0,14160000,4,9.0,35,6000000,5,city|food|nightlife|photography|shopping,0,0.41449
72,72,0.35614,0,0,0,6980000,3,8.9,58,6000000,5,city|food|nightlife|photography|shopping,0,0.45644
72,46,0.45922,0,0,0,8140000,3,9.5,53,6000000,5,city|food|nightlife|photography|shopping,0,0.47481
72,101,0.56512,0,0,1,9040000,5,7.7,53,6000000,5,city|food|nightlife|photography|shopping,1,0.53328
72,20,0.57304,0,0,0,6490000,2,8.3,67,6000000,5,city|food|nightlife|photography|shopping,1,0.52661
72,214,0.58314,0,1,0,4300000,4,7.8,103,6000000,5,city|food|nightlife|photography|shopping,1,0.59492
72,185,0.42763,0,1,0,4000000,4,8.9,82,6000000,5,city|food|nightlife|photography|shopping,0,0.5406
72,158,0.0589,1,0,0,13970000,3,8.9,45,6000000,5,city|food|nightlife|photography|shopping,0,0.37774
72,192,0.6839,0,1,0,4770000,2,9.4,30,6000000,5,city|food|nightlife|photography|shopping,1,0.59724
72,3,0.33677,0,0,0,8200000,4,7.5,120,6000000,5,city|food|nightlife|photography|shopping,0,0.42978
72,233,0.47825,0,0,0,6800000,3,8.3,19,6000000,5,city|food|nightlife|photography|shopping,1,0.50653
72,217,0.4566,0,0,1,6180000,5,8.0,78,6000000,5,city|food|nightlife|photography|shopping,0,0.56697
72,10,0.33852,0,1,0,3750000,4,9.7,57,6000000,5,city|food|nightlife|photography|shopping,0,0.51118
72,90,0.70019,0,1,0,2330000,2,9.0,69,6000000,5,city|food|nightlife|photography|shopping,0,0.60008
72,129,0.35247,1,1,1,4650000,5,9.7,7,6000000,5,city|food|nightlife|photography|shopping,0,0.72504
72,177,0.24843,0,0,0,11590000,4,7.5,90,6000000,5,city|food|nightlife|photography|shopping,0,0.30227
72,201,0.14744,1,0,1,8110000,5,8.7,69,6000000,5,city|food|nightlife|photography|shopping,0,0.57266
72,169,0.05928,1,1,1,5620000,5,8.8,5,6000000,5,city|food|nightlife|photography|shopping,1,0.5929
72,17,0.15608,1,0,0,11980000,4,8.3,109,6000000,5,city|food|nightlife|photography|shopping,0,0.44109
72,238,0.11706,1,0,1,6620000,5,8.4,111,6000000,5,city|food|nightlife|photography|shopping,0,0.59663
72,63,0.06891,1,1,0,5390000,4,7.4,85,6000000,5,city|food|nightlife|photography|shopping,1,0.55494
72,209,0.11983,0,0,0,8360000,4,9.1,41,6000000,5,city|food|nightlife|photography|shopping,0,0.3504
73,233,0.39555,0,1,0,6800000,3,8.3,19,8000000,5,beach|food|photography|relax|romantic,1,0.49313
73,108,0.40186,1,1,1,5210000,5,7.8,114,8000000,5,beach|food|photography|relax|romantic,1,0.72678
73,43,0.66984,1,0,0,8280000,3,8.4,120,8000000,5,beach|food|photography|relax|romantic,1,0.78373
73,60,0.15346,0,1,0,2850000,4,8.8,84,8000000,5,beach|food|photography|relax|romantic,0,0.42445
73,217,0.4438,0,1,1,6180000,5,8.0,78,8000000,5,beach|food|photography|relax|romantic,0,0.56639
73,67,0.17135,0,1,0,3730000,3,9.5,8,8000000,5,beach|food|photography|relax|romantic,0,0.41097
73,178,0.46332,0,1,0,4150000,3,9.3,40,8000000,5,beach|food|photography|relax|romantic,0,0.53159
73,201,0.5132,1,0,1,8110000,5,8.7,69,8000000,5,beach|food|photography|relax|romantic,1,0.78034
73,102,0.26359,0,1,0,7740000,4,9.2,79,8000000,5,beach|food|photography|relax|romantic,0,0.47471
73,64,0.74589,0,1,0,3540000,3,9.1,12,8000000,5,beach|food|photography|relax|romantic,1,0.64828
73,138,0.36087,1,0,0,11540000,3,8.0,95,8000000,5,beach|food|photography|relax|romantic,1,0.58477
73,25,0.70547,0,1,0,5890000,4,9.1,67,8000000,5,beach|food|photography|relax|romantic,1,0.6593
73,106,0.17476,0,1,0,3480000,3,7.6,42,8000000,5,beach|food|photography|relax|romantic,0,0.3934
73,22,0.69485,0,0,0,8170000,3,8.5,27,8000000,5,beach|food|photography|relax|romantic,1,0.61744
73,226,0.47096,0,1,0,7020000,3,9.0,111,8000000,5,beach|food|photography|relax|romantic,1,0.5318
73,113,0.4759,0,0,0,8040000,3,9.3,109,8000000,5,beach|food|photography|relax|romantic,1,0.53608
73,167,0.43786,0,0,0,9750000,3,8.5,4,8000000,5,beach|food|photography|relax|romantic,0,0.4779
73,4,0.53193,1,1,1,6540000,5,8.5,51,8000000,5,beach|food|photography|relax|romantic,1,0.78841
73,125,0.39901,0,0,0,8660000,3,8.0,70,8000000,5,beach|food|photography|relax|romantic,0,0.47838
73,53,0.67247,1,1,0,6850000,4,8.6,65,8000000,5,beach|food|photography|relax|romantic,1,0.82044
73,180,0.69533,0,1,0,5160000,4,9.3,30,8000000,5,beach|food|photography|relax|romantic,1,0.65704
73,164,0.17643,0,1,0,2350000,3,9.4,29,8000000,5,beach|food|photography|relax|romantic,0,0.4121
73,38,0.58841,1,1,0,3520000,3,8.5,21,8000000,5,beach|food|photography|relax|romantic,1,0.75613
73,24,0.54325,1,1,1,5890000,5,8.1,9,8000000,5,beach|food|photography|relax|romantic,1,0.78916
73,193,0.55821,1,0,0,9300000,3,8.2,66,8000000,5,beach|food|photography|relax|romantic,1,0.71445
73,139,0.65451,0,1,0,5100000,3,8.8,86,8000000,5,beach|food|photography|relax|romantic,1,0.60689
73,127,0.24366,0,1,0,5620000,4,7.9,52,8000000,5,beach|food|photography|relax|romantic,0,0.45334
73,13,0.39589,0,0,0,10390000,3,8.6,44,8000000,5,beach|food|photography|relax|romantic,0,0.44847
73,11,0.40671,0,0,0,8160000,4,8.8,13,8000000,5,beach|food|photography|relax|romantic,1,0.52762
73,109,0.37637,0,1,0,5450000,3,7.6,70,8000000,5,beach|food|photography|relax|romantic,0,0.47807
73,2,0.57259,1,1,1,5410000,5,9.1,111,8000000,5,beach|food|photography|relax|romantic,1,0.81149
73,207,0.31112,0,1,0,3610000,4,8.7,64,8000000,5,beach|food|photography|relax|romantic,0,0.48967
73,69,0.55903,1,1,0,5280000,2,8.1,71,8000000,5,beach|food|photography|relax|romantic,0,0.71179
73,103,0.69784,0,1,0,5020000,3,9.3,30,8000000,5,beach|food|photography|relax|romantic,1,0.63009
73,68,0.44246,0,1,0,6910000,3,9.3,96,8000000,5,beach|food|photography|relax|romantic,1,0.52283
73,169,0.53353,1,1,1,5620000,5,8.8,5,8000000,5,beach|food|photography|relax|romantic,1,0.79208
73,93,0.24054,0,1,0,7290000,2,9.4,63,8000000,5,beach|food|photography|relax|romantic,0,0.41103
73,235,0.67079,1,0,0,8550000,3,9.7,29,8000000,5,beach|food|photography|relax|romantic,1,0.79173
73,124,0.21752,0,1,1,7340000,5,8.1,59,8000000,5,beach|food|photography|relax|romantic,1,0.47236
73,231,0.20751,0,1,0,3590000,4,9.4,36,8000000,5,beach|food|photography|relax|romantic,0,0.45315
73,122,0.54751,1,1,0,5960000,3,9.4,46,8000000,5,beach|food|photography|relax|romantic,1,0.74795
73,219,0.5191,0,0,0,8840000,3,9.2,91,8000000,5,beach|food|photography|relax|romantic,1,0.53722
73,191,0.57443,1,1,0,6590000,4,7.5,40,8000000,5,beach|food|photography|relax|romantic,1,0.76826
73,78,0.2043,0,1,0,6430000,4,9.1,48,8000000,5,beach|food|photography|relax|romantic,0,0.44881
73,166,0.24846,0,1,0,6610000,4,7.9,101,8000000,5,beach|food|photography|relax|romantic,0,0.45535
73,12,0.73474,0,1,0,5140000,4,9.6,114,8000000,5,beach|food|photography|relax|romantic,0,0.67659
73,161,0.65367,0,1,0,6500000,4,7.5,57,8000000,5,beach|food|photography|relax|romantic,1,0.62154
73,100,0.24467,0,1,0,6530000,3,9.3,83,8000000,5,beach|food|photography|relax|romantic,0,0.43976
73,61,0.21036,0,1,0,3850000,2,7.4,61,8000000,5,beach|food|photography|relax|romantic,0,0.37835
73,120,0.48289,1,1,0,7330000,3,9.1,82,8000000,5,beach|food|photography|relax|romantic,1,0.71782
73,232,0.3005,0,0,0,10030000,3,8.8,50,8000000,5,beach|food|photography|relax|romantic,0,0.41761
73,54,0.49448,1,0,1,8910000,5,7.6,95,8000000,5,beach|food|photography|relax|romantic,1,0.74548
73,104,0.18746,0,0,0,8930000,4,7.4,95,8000000,5,beach|food|photography|relax|romantic,0,0.40613
73,215,0.17326,0,1,0,3960000,4,7.5,73,8000000,5,beach|food|photography|relax|romantic,0,0.41977
73,144,0.25331,0,1,0,7040000,2,9.6,16,8000000,5,beach|food|photography|relax|romantic,0,0.41839
73,210,0.2413,0,1,0,7500000,3,7.5,13,8000000,5,beach|food|photography|relax|romantic,0,0.42035
73,107,0.59295,1,1,0,6120000,3,9.4,13,8000000,5,beach|food|photography|relax|romantic,1,0.76704
73,115,0.36547,0,1,0,6680000,4,8.7,31,8000000,5,beach|food|photography|relax|romantic,0,0.5125
73,72,0.70598,0,1,0,6980000,3,8.9,58,8000000,5,beach|food|photography|relax|romantic,0,0.62951
73,130,0.22085,0,1,0,6320000,4,8.0,10,8000000,5,beach|food|photography|relax|romantic,1,0.44476
73,70,0.1931,0,1,0,7280000,4,8.7,47,8000000,5,beach|food|photography|relax|romantic,1,0.4401
73,52,0.52173,1,1,0,7200000,4,7.7,116,8000000,5,beach|food|photography|relax|romantic,1,0.74813
73,237,0.17578,0,1,0,4570000,3,9.1,117,8000000,5,beach|food|photography|relax|romantic,0,0.40883
73,170,0.60209,1,0,0,14230000,3,8.1,81,8000000,5,beach|food|photography|relax|romantic,1,0.63328
73,212,0.69913,0,1,0,7390000,3,8.7,47,8000000,5,beach|food|photography|relax|romantic,0,0.62463
73,185,0.6738,0,1,0,4000000,4,8.9,82,8000000,5,beach|food|photography|relax|romantic,1,0.644
73,98,0.73489,0,1,1,3780000,5,8.1,109,8000000,5,beach|food|photography|relax|romantic,1,0.68966
73,83,0.6061,1,0,0,13980000,3,9.5,52,8000000,5,beach|food|photography|relax|romantic,0,0.65396
73,145,0.55703,1,1,1,5440000,5,7.9,10,8000000,5,beach|food|photography|relax|romantic,1,0.79295
73,31,0.38484,0,0,0,9440000,2,9.1,25,8000000,5,beach|food|photography|relax|romantic,0,0.43983
74,12,0.55038,0,1,0,5140000,4,9.6,114,14000000,5,adventure|mountain|nature|photography|wildlife,1,0.59916
74,59,0.2803,1,1,0,6780000,4,8.2,72,14000000,5,adventure|mountain|nature|photography|wildlife,0,0.65173
74,107,0.1608,0,1,0,6120000,3,9.4,13,14000000,5,adventure|mountain|nature|photography|wildlife,0,0.40554
74,165,0.24841,1,1,0,10700000,4,7.6,38,14000000,5,adventure|mountain|nature|photography|wildlife,1,0.63233
74,33,0.30855,0,1,0,6090000,3,8.9,45,14000000,5,adventure|mountain|nature|photography|wildlife,1,0.46259
74,144,0.77731,1,1,0,7040000,2,9.6,16,14000000,5,adventure|mountain|nature|photography|wildlife,1,0.81847
74,225,0.58197,0,1,1,5050000,5,8.1,21,14000000,5,adventure|mountain|nature|photography|wildlife,0,0.62543
74,70,0.06725,0,1,0,7280000,4,8.7,47,14000000,5,adventure|mountain|nature|photography|wildlife,0,0.38724
74,17,0.19721,0,1,0,11980000,4,8.3,109,14000000,5,adventure|mountain|nature|photography|wildlife,0,0.43783
74,153,0.33084,1,1,1,8920000,5,9.0,5,14000000,5,adventure|mountain|nature|photography|wildlife,1,0.70895
74,190,0.05598,0,1,0,9710000,4,9.4,24,14000000,5,adventure|mountain|nature|photography|wildlife,0,0.38951
74,215,0.20501,0,1,0,3960000,4,7.5,73,14000000,5,adventure|mountain|nature|photography|wildlife,0,0.43311
74,133,0.22028,1,1,0,5680000,3,9.6,72,14000000,5,adventure|mountain|nature|photography|wildlife,1,0.61252
74,135,0.1565,0,1,1,8470000,5,8.5,106,14000000,5,adventure|mountain|nature|photography|wildlife,0,0.45073
74,119,0.14349,1,1,0,6250000,4,7.4,42,14000000,5,adventure|mountain|nature|photography|wildlife,1,0.58626
74,187,0.06665,1,1,0,4850000,4,9.4,44,14000000,5,adventure|mountain|nature|photography|wildlife,0,0.57399
74,226,0.15595,0,1,0,7020000,3,9.0,111,14000000,5,adventure|mountain|nature|photography|wildlife,0,0.3995
74,134,0.65697,0,1,0,3330000,4,7.8,89,14000000,5,adventure|mountain|nature|photography|wildlife,1,0.62593
74,9,0.24907,0,1,0,9390000,4,8.0,60,14000000,5,adventure|mountain|nature|photography|wildlife,0,0.45661
74,22,0.5937,0,1,0,8170000,3,8.5,27,14000000,5,adventure|mountain|nature|photography|wildlife,1,0.57836
74,191,0.25766,0,1,0,6590000,4,7.5,40,14000000,5,adventure|mountain|nature|photography|wildlife,0,0.45522
74,137,0.24632,0,1,0,6170000,4,8.6,51,14000000,5,adventure|mountain|nature|photography|wildlife,0,0.46145
74,51,0.38337,1,1,1,11500000,5,7.8,99,14000000,5,adventure|mountain|nature|photography|wildlife,1,0.71902
74,111,0.68578,1,1,0,3320000,2,7.8,110,14000000,5,adventure|mountain|nature|photography|wildlife,1,0.76203
74,83,0.20514,0,1,0,13980000,3,9.5,52,14000000,5,adventure|mountain|nature|photography|wildlife,0,0.42516
74,7,0.17836,1,1,1,7910000,5,9.3,13,14000000,5,adventure|mountain|nature|photography|wildlife,1,0.64791
74,169,0.1601,0,1,1,5620000,5,8.8,5,14000000,5,adventure|mountain|nature|photography|wildlife,0,0.45524
74,97,0.21971,1,1,0,9930000,3,7.6,41,14000000,5,adventure|mountain|nature|photography|wildlife,1,0.59228
74,221,0.5867,0,1,1,3220000,5,8.2,86,14000000,5,adventure|mountain|nature|photography|wildlife,0,0.62841
74,58,0.0902,0,1,0,5490000,4,7.7,45,14000000,5,adventure|mountain|nature|photography|wildlife,0,0.38688
74,139,0.68004,0,1,0,5100000,3,8.8,86,14000000,5,adventure|mountain|nature|photography|wildlife,0,0.61762
74,240,0.74579,0,1,0,9370000,4,7.7,33,14000000,5,adventure|mountain|nature|photography|wildlife,1,0.66223
74,227,0.24504,0,1,0,8860000,2,9.0,39,14000000,5,adventure|mountain|nature|photography|wildlife,0,0.40892
74,162,0.33982,1,1,1,8680000,5,8.6,43,14000000,5,adventure|mountain|nature|photography|wildlife,1,0.70872
74,1,0.21818,0,0,0,14160000,4,9.0,35,14000000,5,adventure|mountain|nature|photography|wildlife,0,0.45181
74,45,0.76876,0,1,0,8730000,3,8.1,21,14000000,5,adventure|mountain|nature|photography|wildlife,0,0.64788
74,14,0.36816,1,1,1,4940000,5,8.9,82,14000000,5,adventure|mountain|nature|photography|wildlife,0,0.72363
74,48,0.31781,0,1,0,4820000,4,9.2,103,14000000,5,adventure|mountain|nature|photography|wildlife,0,0.49748
74,13,0.21362,0,1,0,10390000,3,8.6,44,14000000,5,adventure|mountain|nature|photography|wildlife,0,0.41972
74,201,0.15656,0,1,1,8110000,5,8.7,69,14000000,5,adventure|mountain|nature|photography|wildlife,0,0.45276
74,25,0.69934,0,1,0,5890000,4,9.1,67,14000000,5,adventure|mountain|nature|photography|wildlife,0,0.65672
74,230,0.63812,0,1,1,6950000,5,7.5,10,14000000,5,adventure|mountain|nature|photography|wildlife,1,0.64301
74,104,0.81083,0,1,0,8930000,4,7.4,95,14000000,5,adventure|mountain|nature|photography|wildlife,0,0.68655
74,28,0.40225,1,1,0,12790000,4,8.6,66,14000000,5,adventure|mountain|nature|photography|wildlife,1,0.70695
74,57,0.16599,0,1,0,5360000,3,8.5,66,14000000,5,adventure|mountain|nature|photography|wildlife,0,0.39872
74,55,0.71061,1,1,0,6780000,4,8.3,68,14000000,5,adventure|mountain|nature|photography|wildlife,1,0.83346
74,109,0.16808,0,1,0,5450000,3,7.6,70,14000000,5,adventure|mountain|nature|photography|wildlife,0,0.39059
74,99,0.13642,0,1,1,7510000,5,8.5,34,14000000,5,adventure|mountain|nature|photography|wildlife,0,0.4423
74,128,0.23775,0,1,0,13980000,3,9.1,49,14000000,5,adventure|mountain|nature|photography|wildlife,0,0.43486
74,158,0.15592,0,1,0,13970000,3,8.9,45,14000000,5,adventure|mountain|nature|photography|wildlife,0,0.39849
74,222,0.26361,1,1,0,10940000,4,9.6,70,14000000,5,adventure|mountain|nature|photography|wildlife,1,0.65872
74,186,0.05079,1,1,0,6850000,3,9.0,61,14000000,5,adventure|mountain|nature|photography|wildlife,1,0.53533
74,81,0.06465,0,1,0,4940000,4,9.0,17,14000000,5,adventure|mountain|nature|photography|wildlife,0,0.38915
74,16,0.15436,0,1,0,6240000,3,9.3,113,14000000,5,adventure|mountain|nature|photography|wildlife,0,0.40183
74,160,0.61519,0,1,0,3970000,4,9.2,69,14000000,5,adventure|mountain|nature|photography|wildlife,1,0.62238
74,195,0.56823,0,1,1,5880000,5,8.4,105,14000000,5,adventure|mountain|nature|photography|wildlife,0,0.62266
74,148,0.25819,1,1,0,11060000,4,9.6,44,14000000,5,adventure|mountain|nature|photography|wildlife,0,0.65644
74,38,0.29121,1,1,0,3520000,3,8.5,21,14000000,5,adventure|mountain|nature|photography|wildlife,1,0.63131
74,79,0.20807,1,1,0,5640000,3,9.6,35,14000000,5,adventure|mountain|nature|photography|wildlife,0,0.60739
74,209,0.29315,1,1,0,8360000,4,9.1,41,14000000,5,adventure|mountain|nature|photography|wildlife,0,0.66612
74,50,0.76521,1,1,0,5180000,2,9.5,104,14000000,5,adventure|mountain|nature|photography|wildlife,1,0.81239
74,27,0.70829,1,1,0,6140000,2,8.9,98,14000000,5,adventure|mountain|nature|photography|wildlife,1,0.78248
74,216,0.16864,0,1,0,5630000,4,9.4,104,14000000,5,adventure|mountain|nature|photography|wildlife,1,0.43683
74,188,0.20329,0,1,0,2280000,2,7.5,73,14000000,5,adventure|mountain|nature|photography|wildlife,0,0.37638
74,82,0.41491,0,1,0,6740000,2,8.9,16,14000000,5,adventure|mountain|nature|photography|wildlife,1,0.47926
74,80,0.06571,0,1,0,4630000,2,9.6,104,14000000,5,adventure|mountain|nature|photography|wildlife,0,0.3396
74,173,0.74528,1,1,0,7150000,3,9.4,6,14000000,5,adventure|mountain|nature|photography|wildlife,1,0.83102
74,73,0.72539,0,1,0,7600000,3,8.4,56,14000000,5,adventure|mountain|nature|photography|wildlife,1,0.63266
74,210,0.7295,0,1,0,7500000,3,7.5,13,14000000,5,adventure|mountain|nature|photography|wildlife,1,0.62539
74,136,0.20641,0,1,0,6220000,3,8.1,117,14000000,5,adventure|mountain|nature|photography|wildlife,0,0.41169
75,88,0.22048,1,0,0,6870000,4,9.3,31,6000000,5,city|food|nightlife|photography|shopping,0,0.6144
75,58,0.80769,0,1,0,5490000,4,7.7,45,6000000,5,city|food|nightlife|photography|shopping,0,0.68823
75,49,0.10113,0,1,0,5810000,3,8.0,112,6000000,5,city|food|nightlife|photography|shopping,0,0.36648
75,82,0.39512,1,0,0,6740000,2,8.9,16,6000000,5,city|food|nightlife|photography|shopping,0,0.63122
75,104,0.21332,0,0,0,8930000,4,7.4,95,6000000,5,city|food|nightlife|photography|shopping,0,0.35746
75,237,0.59147,0,1,0,4570000,3,9.1,117,6000000,5,city|food|nightlife|photography|shopping,1,0.58342
75,183,0.07823,1,0,1,6720000,5,8.9,109,6000000,5,city|food|nightlife|photography|shopping,1,0.58266
75,138,0.01137,1,0,0,11540000,3,8.0,95,6000000,5,city|food|nightlife|photography|shopping,0,0.36104
75,192,0.77829,0,1,0,4770000,2,9.4,30,6000000,5,city|food|nightlife|photography|shopping,1,0.63688
75,166,0.19394,1,0,0,6610000,4,7.9,101,6000000,5,city|food|nightlife|photography|shopping,1,0.59619
75,181,0.57953,0,1,1,5530000,5,8.0,103,6000000,5,city|food|nightlife|photography|shopping,0,0.6234
75,190,0.43676,0,0,0,9710000,4,9.4,24,6000000,5,city|food|nightlife|photography|shopping,1,0.4505
75,22,0.3526,0,0,0,8170000,3,8.5,27,6000000,5,city|food|nightlife|photography|shopping,0,0.41923
75,108,0.0,1,1,1,5210000,5,7.8,114,6000000,5,city|food|nightlife|photography|shopping,0,0.558
75,6,0.35405,0,1,1,4460000,5,8.8,16,6000000,5,city|food|nightlife|photography|shopping,0,0.5367
75,105,0.01826,0,0,0,12640000,4,8.4,30,6000000,5,city|food|nightlife|photography|shopping,0,0.20367
75,171,0.48078,0,1,1,5570000,5,9.6,87,6000000,5,city|food|nightlife|photography|shopping,0,0.59793
75,145,0.08668,0,1,1,5440000,5,7.9,10,6000000,5,city|food|nightlife|photography|shopping,0,0.4154
75,60,0.54649,0,1,0,2850000,4,8.8,84,6000000,5,city|food|nightlife|photography|shopping,1,0.58953
75,66,0.46943,0,0,1,7950000,5,8.3,83,6000000,5,city|food|nightlife|photography|shopping,1,0.52816
75,84,0.78693,0,1,0,4910000,2,9.6,25,6000000,5,city|food|nightlife|photography|shopping,1,0.64251
75,165,0.06729,1,0,0,10700000,4,7.6,38,6000000,5,city|food|nightlife|photography|shopping,0,0.43093
75,228,0.23113,0,0,0,7690000,3,7.6,7,6000000,5,city|food|nightlife|photography|shopping,0,0.37201
75,15,0.40254,0,0,0,7150000,3,8.9,23,6000000,5,city|food|nightlife|photography|shopping,0,0.4714
75,34,0.26658,0,1,1,4830000,5,7.8,107,6000000,5,city|food|nightlife|photography|shopping,0,0.48996
75,136,0.38264,1,0,0,6220000,3,8.1,117,6000000,5,city|food|nightlife|photography|shopping,1,0.65984
75,148,0.01489,1,0,0,11060000,4,9.6,44,6000000,5,city|food|nightlife|photography|shopping,0,0.41932
75,27,0.22899,1,0,0,6140000,2,8.9,98,6000000,5,city|food|nightlife|photography|shopping,0,0.57744
75,94,0.67255,0,1,0,5190000,2,8.3,80,6000000,5,city|food|nightlife|photography|shopping,0,0.58147
75,130,0.30109,0,0,0,6320000,4,8.0,10,6000000,5,city|food|nightlife|photography|shopping,0,0.46993
75,238,0.03939,0,0,1,6620000,5,8.4,111,6000000,5,city|food|nightlife|photography|shopping,0,0.38401
75,96,0.39861,0,1,0,4840000,3,7.8,118,6000000,5,city|food|nightlife|photography|shopping,1,0.48942
75,231,0.231,1,1,0,3590000,4,9.4,36,6000000,5,city|food|nightlife|photography|shopping,0,0.64302
75,235,0.51556,1,0,0,8550000,3,9.7,29,6000000,5,city|food|nightlife|photography|shopping,1,0.66954
75,185,0.36572,0,1,0,4000000,4,8.9,82,6000000,5,city|food|nightlife|photography|shopping,1,0.5146
75,71,0.79909,0,0,0,8030000,3,9.5,81,6000000,5,city|food|nightlife|photography|shopping,1,0.62048
75,10,0.2869,0,1,0,3750000,4,9.7,57,6000000,5,city|food|nightlife|photography|shopping,1,0.4895
75,191,0.47107,1,0,0,6590000,4,7.5,40,6000000,5,city|food|nightlife|photography|shopping,1,0.70912
75,157,0.07317,1,0,1,11560000,5,9.6,14,6000000,5,city|food|nightlife|photography|shopping,0,0.45847
75,214,0.53876,0,1,0,4300000,4,7.8,103,6000000,5,city|food|nightlife|photography|shopping,1,0.57628
75,236,0.15761,0,0,0,14120000,4,8.3,70,6000000,5,city|food|nightlife|photography|shopping,0,0.2612
75,160,0.32853,0,1,0,3970000,4,9.2,69,6000000,5,city|food|nightlife|photography|shopping,0,0.50198
75,224,0.07245,1,0,1,9610000,5,8.2,93,6000000,5,city|food|nightlife|photography|shopping,1,0.49616
75,194,0.05622,0,0,0,8690000,3,9.4,66,6000000,5,city|food|nightlife|photography|shopping,0,0.28988
75,17,0.05061,0,0,0,11980000,4,8.3,109,6000000,5,city|food|nightlife|photography|shopping,0,0.21679
75,122,0.49022,1,1,0,5960000,3,9.4,46,6000000,5,city|food|nightlife|photography|shopping,1,0.72389
75,119,0.58117,0,0,0,6250000,4,7.4,42,6000000,5,city|food|nightlife|photography|shopping,0,0.58342
75,95,0.09457,0,0,0,12960000,4,7.5,31,6000000,5,city|food|nightlife|photography|shopping,0,0.22672
75,206,0.47107,1,1,0,4060000,3,9.0,5,6000000,5,city|food|nightlife|photography|shopping,1,0.71185
75,53,0.40816,1,0,0,6850000,4,8.6,65,6000000,5,city|food|nightlife|photography|shopping,1,0.68676
75,73,0.37788,0,0,0,7600000,3,8.4,56,6000000,5,city|food|nightlife|photography|shopping,0,0.44404
75,178,0.42731,0,1,0,4150000,3,9.3,40,6000000,5,city|food|nightlife|photography|shopping,0,0.51647
75,163,0.11338,1,0,0,6910000,3,7.6,92,6000000,5,city|food|nightlife|photography|shopping,0,0.52335
75,208,0.85213,0,1,0,3970000,3,8.8,28,6000000,5,city|food|nightlife|photography|shopping,1,0.68989
75,80,0.57028,0,1,0,4630000,2,9.6,104,6000000,5,city|food|nightlife|photography|shopping,1,0.55152
75,7,0.06685,1,0,1,7910000,5,9.3,13,6000000,5,city|food|nightlife|photography|shopping,1,0.55015
75,114,0.02011,1,0,0,10820000,3,9.0,71,6000000,5,city|food|nightlife|photography|shopping,0,0.39391
75,91,0.13229,0,1,1,5890000,5,9.6,48,6000000,5,city|food|nightlife|photography|shopping,0,0.45156
75,98,0.30848,0,1,1,3780000,5,8.1,109,6000000,5,city|food|nightlife|photography|shopping,1,0.51056
75,99,0.39581,0,0,1,7510000,5,8.5,34,6000000,5,city|food|nightlife|photography|shopping,1,0.51098
75,112,0.16404,0,1,0,5970000,3,8.8,119,6000000,5,city|food|nightlife|photography|shopping,0,0.4009
75,97,0.0459,1,0,0,9930000,3,7.6,41,6000000,5,city|food|nightlife|photography|shopping,0,0.41448
75,155,0.43011,0,1,0,4600000,4,9.4,111,6000000,5,city|food|nightlife|photography|shopping,0,0.54665
75,151,0.30606,0,0,0,7800000,3,7.8,89,6000000,5,city|food|nightlife|photography|shopping,0,0.40255
75,129,0.30362,0,1,1,4650000,5,9.7,7,6000000,5,city|food|nightlife|photography|shopping,0,0.52452
75,198,0.32791,0,1,0,5820000,3,8.6,8,6000000,5,city|food|nightlife|photography|shopping,0,0.46772
75,48,0.49474,1,1,0,4820000,4,9.2,103,6000000,5,city|food|nightlife|photography|shopping,1,0.75179
75,159,0.18899,0,0,0,11760000,2,9.2,85,6000000,5,city|food|nightlife|photography|shopping,0,0.23378
75,32,0.02435,0,0,0,6600000,3,7.6,4,6000000,5,city|food|nightlife|photography|shopping,0,0.31423
75,21,0.45082,0,0,1,7690000,5,7.8,21,6000000,5,city|food|nightlife|photography|shopping,1,0.52228
76,11,0.30844,0,0,0,8160000,4,8.8,13,4000000,2,city|culture|food|history|spiritual,0,0.30154
76,138,0.54675,0,0,0,11540000,3,8.0,95,4000000,2,city|culture|food|history|spiritual,0,0.42164
76,226,0.09062,0,0,0,7020000,3,9.0,111,4000000,2,city|culture|food|history|spiritual,0,0.27926
76,52,0.61167,0,0,0,7200000,4,7.7,116,4000000,2,city|culture|food|history|spiritual,0,0.4499
76,97,0.50925,0,0,0,9930000,3,7.6,41,4000000,2,city|culture|food|history|spiritual,0,0.40189
76,177,0.16142,0,0,0,11590000,4,7.5,90,4000000,2,city|culture|food|history|spiritual,0,0.2268
76,28,0.36096,0,0,0,12790000,4,8.6,66,4000000,2,city|culture|food|history|spiritual,0,0.3216
76,64,0.23159,0,1,0,3540000,3,9.1,12,4000000,2,city|culture|food|history|spiritual,0,0.46027
76,201,0.03281,0,0,0,8110000,5,8.7,69,4000000,2,city|culture|food|history|spiritual,0,0.15678
76,108,0.41755,0,0,0,5210000,5,7.8,114,4000000,2,city|culture|food|history|spiritual,0,0.42097
76,158,0.02938,0,0,0,13970000,3,8.9,45,4000000,2,city|culture|food|history|spiritual,0,0.21334
76,214,0.50533,0,0,0,4300000,4,7.8,103,4000000,2,city|culture|food|history|spiritual,1,0.52224
76,188,0.77636,0,1,1,2280000,2,7.5,73,4000000,2,city|culture|food|history|spiritual,0,0.70107
76,186,0.92366,0,0,0,6850000,3,9.0,61,4000000,2,city|culture|food|history|spiritual,1,0.63594
76,65,0.38625,1,0,0,5980000,4,8.1,6,4000000,2,city|culture|food|history|spiritual,1,0.58802
76,136,0.65549,0,0,0,6220000,3,8.1,117,4000000,2,city|culture|food|history|spiritual,0,0.53951
76,204,0.07951,0,0,0,12320000,5,8.3,93,4000000,2,city|culture|food|history|spiritual,0,0.17239
76,44,0.46764,0,0,0,5620000,4,7.4,19,4000000,2,city|culture|food|history|spiritual,0,0.44961
76,61,0.30746,1,1,1,3850000,2,7.4,61,4000000,2,city|culture|food|history|spiritual,1,0.68313
76,124,0.3025,1,0,0,7340000,5,8.1,59,4000000,2,city|culture|food|history|spiritual,0,0.47045
76,230,0.25929,0,0,0,6950000,5,7.5,10,4000000,2,city|culture|food|history|spiritual,0,0.2819
76,63,0.05987,0,0,0,5390000,4,7.4,85,4000000,2,city|culture|food|history|spiritual,0,0.28755
76,32,0.14658,0,0,0,6600000,3,7.6,4,4000000,2,city|culture|food|history|spiritual,0,0.30556
76,199,0.61295,0,0,0,7500000,4,8.6,40,4000000,2,city|culture|food|history|spiritual,0,0.44744
76,4,0.0294,0,0,0,6540000,5,8.5,51,4000000,2,city|culture|food|history|spiritual,0,0.21175
76,178,0.25393,0,0,0,4150000,3,9.3,40,4000000,2,city|culture|food|history|spiritual,0,0.46565
76,105,0.12716,0,0,0,12640000,4,8.4,30,4000000,2,city|culture|food|history|spiritual,0,0.22141
76,215,0.80523,0,1,0,3960000,4,7.5,73,4000000,2,city|culture|food|history|spiritual,0,0.6572
76,13,0.05734,0,0,0,10390000,3,8.6,44,4000000,2,city|culture|food|history|spiritual,0,0.22208
76,170,0.12463,0,0,0,14230000,3,8.1,81,4000000,2,city|culture|food|history|spiritual,0,0.24534
76,135,0.31991,0,0,0,8470000,5,8.5,106,4000000,2,city|culture|food|history|spiritual,0,0.27536
76,110,0.661,0,0,0,7520000,4,9.4,73,4000000,2,city|culture|food|history|spiritual,0,0.47482
76,84,0.6655,0,0,1,4910000,2,9.6,25,4000000,2,city|culture|food|history|spiritual,0,0.63911
76,139,0.32974,0,0,0,5100000,3,8.8,86,4000000,2,city|culture|food|history|spiritual,0,0.45449
76,71,0.55197,0,0,0,8030000,3,9.5,81,4000000,2,city|culture|food|history|spiritual,0,0.43883
76,149,0.20876,0,0,0,6170000,5,7.9,53,4000000,2,city|culture|food|history|spiritual,0,0.29588
76,171,0.41096,0,0,0,5570000,5,9.6,87,4000000,2,city|culture|food|history|spiritual,0,0.4218
76,133,0.94808,0,0,0,5680000,3,9.6,72,4000000,2,city|culture|food|history|spiritual,1,0.69899
76,62,0.11604,0,0,0,15980000,4,7.5,22,4000000,2,city|culture|food|history|spiritual,0,0.20774
76,128,0.03654,0,0,0,13980000,3,9.1,49,4000000,2,city|culture|food|history|spiritual,0,0.21835
76,103,0.22432,0,0,0,5020000,3,9.3,30,4000000,2,city|culture|food|history|spiritual,0,0.41842
76,195,0.19884,0,0,0,5880000,5,8.4,105,4000000,2,city|culture|food|history|spiritual,0,0.30831
76,150,0.04048,0,0,1,9710000,2,8.3,87,4000000,2,city|culture|food|history|spiritual,0,0.24
76,17,0.07012,0,0,0,11980000,4,8.3,109,4000000,2,city|culture|food|history|spiritual,0,0.19645
76,73,0.17602,0,0,0,7600000,3,8.4,56,4000000,2,city|culture|food|history|spiritual,0,0.28593
76,45,0.30994,1,0,0,8730000,3,8.1,21,4000000,2,city|culture|food|history|spiritual,0,0.50318
76,154,0.19025,0,0,0,5130000,5,7.8,26,4000000,2,city|culture|food|history|spiritual,0,0.3287
76,137,0.59727,0,0,0,6170000,4,8.6,51,4000000,2,city|culture|food|history|spiritual,1,0.49405
76,165,0.49356,0,0,0,10700000,4,7.6,38,4000000,2,city|culture|food|history|spiritual,0,0.3673
76,22,0.3184,0,0,0,8170000,3,8.5,27,4000000,2,city|culture|food|history|spiritual,0,0.33073
76,77,0.27614,1,0,0,7160000,3,8.3,95,4000000,2,city|culture|food|history|spiritual,0,0.52458
76,194,0.10655,0,0,0,8690000,3,9.4,66,4000000,2,city|culture|food|history|spiritual,0,0.25075
76,90,0.57595,0,1,1,2330000,2,9.0,69,4000000,2,city|culture|food|history|spiritual,0,0.6319
76,207,0.37842,0,1,0,3610000,4,8.7,64,4000000,2,city|culture|food|history|spiritual,0,0.48994
76,7,0.46249,0,0,0,7910000,5,9.3,13,4000000,2,city|culture|food|history|spiritual,0,0.34684
76,187,0.90844,0,0,0,4850000,4,9.4,44,4000000,2,city|culture|food|history|spiritual,0,0.68555
76,121,0.59379,0,0,0,5510000,3,7.8,82,4000000,2,city|culture|food|history|spiritual,1,0.53899
76,237,0.79519,0,0,0,4570000,3,9.1,117,4000000,2,city|culture|food|history|spiritual,1,0.67418
76,55,0.40986,1,0,0,6780000,4,8.3,68,4000000,2,city|culture|food|history|spiritual,1,0.56794
76,111,0.33359,1,1,1,3320000,2,7.8,110,4000000,2,city|culture|food|history|spiritual,1,0.69811
76,100,0.75839,0,0,0,6530000,3,9.3,83,4000000,2,city|culture|food|history|spiritual,1,0.58232
76,88,0.28008,1,0,0,6870000,4,9.3,31,4000000,2,city|culture|food|history|spiritual,0,0.51984
76,87,0.48223,0,0,0,6390000,4,8.7,39,4000000,2,city|culture|food|history|spiritual,0,0.43794
76,41,0.44343,0,0,0,6960000,4,9.1,101,4000000,2,city|culture|food|history|spiritual,0,0.40284
76,146,0.4897,1,0,0,9730000,3,9.7,47,4000000,2,city|culture|food|history|spiritual,0,0.59468
76,43,0.52268,0,0,0,8280000,3,8.4,120,4000000,2,city|culture|food|history|spiritual,0,0.41553
76,232,0.2595,0,0,0,10030000,3,8.8,50,4000000,2,city|culture|food|history|spiritual,0,0.30899
76,174,0.45372,0,0,0,5910000,5,9.4,38,4000000,2,city|culture|food|history|spiritual,0,0.42416
76,74,0.30372,0,1,0,3870000,5,7.7,59,4000000,2,city|culture|food|history|spiritual,0,0.42056
76,115,0.03667,0,0,0,6680000,4,8.7,31,4000000,2,city|culture|food|history|spiritual,0,0.2392
77,115,0.0,0,0,0,6680000,4,8.7,31,6000000,2,city|culture|food|history|spiritual,0,0.31287
77,197,0.35259,0,0,0,6280000,3,9.2,55,6000000,2,city|culture|food|history|spiritual,0,0.50462
77,210,0.23688,0,0,0,7500000,3,7.5,13,6000000,2,city|culture|food|history|spiritual,0,0.40649
77,200,0.37594,0,0,0,7780000,4,8.8,20,6000000,2,city|culture|food|history|spiritual,0,0.44243
77,92,0.56823,0,1,0,5150000,3,8.1,31,6000000,2,city|culture|food|history|spiritual,0,0.59166
77,79,0.56258,0,1,0,5640000,3,9.6,35,6000000,2,city|culture|food|history|spiritual,0,0.60428
77,240,0.22282,0,0,0,9370000,4,7.7,33,6000000,2,city|culture|food|history|spiritual,0,0.32472
77,71,0.5993,0,0,0,8030000,3,9.5,81,6000000,2,city|culture|food|history|spiritual,1,0.56457
77,12,0.22218,1,1,0,5140000,4,9.6,114,6000000,2,city|culture|food|history|spiritual,0,0.61331
77,106,0.58068,0,1,0,3480000,3,7.6,42,6000000,2,city|culture|food|history|spiritual,1,0.59188
77,123,0.28765,0,0,0,7390000,4,8.7,91,6000000,2,city|culture|food|history|spiritual,0,0.41474
77,130,0.25781,0,0,0,6320000,4,8.0,10,6000000,2,city|culture|food|history|spiritual,0,0.42375
77,139,0.31072,1,1,0,5100000,3,8.8,86,6000000,2,city|culture|food|history|spiritual,1,0.6705
77,156,0.22709,0,0,1,7480000,2,9.0,38,6000000,2,city|culture|food|history|spiritual,0,0.44591
77,69,0.59028,1,1,1,5280000,2,8.1,71,6000000,2,city|culture|food|history|spiritual,1,0.80892
77,87,0.42045,0,0,0,6390000,4,8.7,39,6000000,2,city|culture|food|history|spiritual,0,0.49719
77,9,0.19262,0,0,0,9390000,4,8.0,60,6000000,2,city|culture|food|history|spiritual,0,0.3145
77,137,0.59821,1,0,0,6170000,4,8.6,51,6000000,2,city|culture|food|history|spiritual,1,0.75672
77,16,0.6712,0,0,0,6240000,3,9.3,113,6000000,2,city|culture|food|history|spiritual,1,0.64051
77,147,0.41571,0,0,0,8820000,3,8.4,18,6000000,2,city|culture|food|history|spiritual,0,0.4554
77,198,0.23636,1,1,0,5820000,3,8.6,8,6000000,2,city|culture|food|history|spiritual,1,0.63727
77,97,0.51555,0,0,0,9930000,3,7.6,41,6000000,2,city|culture|food|history|spiritual,0,0.45973
77,55,0.26641,0,0,0,6780000,4,8.3,68,6000000,2,city|culture|food|history|spiritual,0,0.41809
77,39,0.42912,0,0,0,7320000,3,8.0,80,6000000,2,city|culture|food|history|spiritual,0,0.49703
77,220,0.64628,1,1,0,4760000,4,8.4,99,6000000,2,city|culture|food|history|spiritual,1,0.77944
77,126,0.45792,0,0,0,9260000,3,8.4,85,6000000,2,city|culture|food|history|spiritual,0,0.46139
77,218,0.0,0,0,0,11480000,4,8.8,31,6000000,2,city|culture|food|history|spiritual,0,0.18587
77,187,0.8921,0,1,0,4850000,4,9.4,44,6000000,2,city|culture|food|history|spiritual,1,0.71268
77,5,0.11782,1,0,0,15690000,5,8.2,115,6000000,2,city|culture|food|history|spiritual,0,0.36748
77,109,0.0,0,1,0,5450000,3,7.6,70,6000000,2,city|culture|food|history|spiritual,0,0.348
77,45,0.14919,0,0,0,8730000,3,8.1,21,6000000,2,city|culture|food|history|spiritual,0,0.34286
77,11,0.29152,0,0,0,8160000,4,8.8,13,6000000,2,city|culture|food|history|spiritual,0,0.39684
77,15,0.93502,0,0,0,7150000,3,8.9,23,6000000,2,city|culture|food|history|spiritual,1,0.72304
77,62,0.05336,1,0,0,15980000,4,7.5,22,6000000,2,city|culture|food|history|spiritual,0,0.36141
77,159,0.02487,0,0,1,11760000,2,9.2,85,6000000,2,city|culture|food|history|spiritual,0,0.24885
77,88,0.13404,0,0,0,6870000,4,9.3,31,6000000,2,city|culture|food|history|spiritual,0,0.3701
77,235,0.55723,1,0,0,8550000,3,9.7,29,6000000,2,city|culture|food|history|spiritual,1,0.71504
77,25,0.19353,1,1,0,5890000,4,9.1,67,6000000,2,city|culture|food|history|spiritual,0,0.59628
77,100,0.71589,0,0,0,6530000,3,9.3,83,6000000,2,city|culture|food|history|spiritual,1,0.65154
77,183,0.4422,0,0,0,6720000,5,8.9,109,6000000,2,city|culture|food|history|spiritual,1,0.47153
77,98,0.18113,1,1,0,3780000,5,8.1,109,6000000,2,city|culture|food|history|spiritual,1,0.55308
77,178,0.22494,0,1,0,4150000,3,9.3,40,6000000,2,city|culture|food|history|spiritual,0,0.45947
77,205,0.93594,0,1,1,5780000,2,7.9,69,6000000,2,city|culture|food|history|spiritual,1,0.77209
77,17,0.0,1,0,0,11980000,4,8.3,109,6000000,2,city|culture|food|history|spiritual,0,0.34753
77,175,0.31493,0,1,0,5040000,4,8.4,87,6000000,2,city|culture|food|history|spiritual,0,0.46027
77,146,0.3726,0,0,0,9730000,3,9.7,47,6000000,2,city|culture|food|history|spiritual,0,0.42602
77,75,0.09757,1,0,0,14320000,3,8.5,11,6000000,2,city|culture|food|history|spiritual,0,0.41798
77,65,0.26317,0,1,0,5980000,4,8.1,6,6000000,2,city|culture|food|history|spiritual,0,0.43553
77,132,0.64266,0,0,0,7100000,3,9.1,74,6000000,2,city|culture|food|history|spiritual,0,0.60358
77,140,0.30802,1,1,0,3330000,5,9.2,94,6000000,2,city|culture|food|history|spiritual,1,0.61737
77,237,0.77264,0,1,0,4570000,3,9.1,117,6000000,2,city|culture|food|history|spiritual,0,0.68751
77,32,0.1139,1,0,0,6600000,3,7.6,4,6000000,2,city|culture|food|history|spiritual,0,0.55984
77,186,0.93498,0,0,0,6850000,3,9.0,61,6000000,2,city|culture|food|history|spiritual,1,0.73203
77,228,0.20481,0,0,0,7690000,3,7.6,7,6000000,2,city|culture|food|history|spiritual,0,0.38895
77,57,0.82265,0,1,0,5360000,3,8.5,66,6000000,2,city|culture|food|history|spiritual,1,0.70251
77,185,0.26489,1,1,0,4000000,4,8.9,82,6000000,2,city|culture|food|history|spiritual,0,0.62425
77,129,0.13627,0,1,0,4650000,5,9.7,7,6000000,2,city|culture|food|history|spiritual,0,0.37024
77,53,0.55081,1,0,0,6850000,4,8.6,65,6000000,2,city|culture|food|history|spiritual,1,0.71868
77,27,0.24664,0,0,1,6140000,2,8.9,98,6000000,2,city|culture|food|history|spiritual,1,0.48885
77,152,0.52541,0,0,0,10060000,3,8.7,54,6000000,2,city|culture|food|history|spiritual,0,0.4714
77,29,0.0,1,0,0,11690000,3,7.6,35,6000000,2,city|culture|food|history|spiritual,0,0.37627
77,131,0.75694,0,1,1,3020000,2,8.6,118,6000000,2,city|culture|food|history|spiritual,1,0.70391
77,227,0.08417,0,0,1,8860000,2,9.0,39,6000000,2,city|culture|food|history|spiritual,0,0.34908
77,18,0.95613,0,0,1,6100000,2,7.8,84,6000000,2,city|culture|food|history|spiritual,1,0.77691
77,41,0.38302,0,0,0,6960000,4,9.1,101,6000000,2,city|culture|food|history|spiritual,0,0.47027
77,203,0.92405,0,1,1,4750000,2,8.4,43,6000000,2,city|culture|food|history|spiritual,1,0.7721
77,174,0.41373,0,1,0,5910000,5,9.4,38,6000000,2,city|culture|food|history|spiritual,0,0.48377
77,81,0.79108,0,1,0,4940000,4,9.0,17,6000000,2,city|culture|food|history|spiritual,1,0.66625
77,83,0.10845,1,0,0,13980000,3,9.5,52,6000000,2,city|culture|food|history|spiritual,0,0.43255
77,35,0.54499,1,1,0,4230000,3,7.8,93,6000000,2,city|culture|food|history|spiritual,1,0.75889
78,100,0.27707,0,1,0,6530000,3,9.3,83,14000000,2,beach|budget|city|family|food,0,0.48137
78,58,0.45416,0,1,0,5490000,4,7.7,45,14000000,2,beach|budget|city|family|food,0,0.51175
78,228,0.12174,1,1,0,7690000,3,7.6,7,14000000,2,beach|budget|city|family|food,0,0.57913
78,59,0.31209,0,1,0,6780000,4,8.2,72,14000000,2,beach|budget|city|family|food,0,0.45708
78,65,0.0,0,1,0,5980000,4,8.1,6,14000000,2,beach|budget|city|family|food,0,0.325
78,24,0.65089,1,1,0,5890000,5,8.1,9,14000000,2,beach|budget|city|family|food,1,0.75037
78,184,0.52061,0,1,0,5580000,3,7.6,35,14000000,2,beach|budget|city|family|food,0,0.56666
78,178,0.64317,0,1,0,4150000,3,9.3,40,14000000,2,beach|budget|city|family|food,1,0.63513
78,183,0.20141,0,1,0,6720000,5,8.9,109,14000000,2,beach|budget|city|family|food,0,0.38959
78,201,0.47422,0,1,0,8110000,5,8.7,69,14000000,2,beach|budget|city|family|food,0,0.50217
78,39,0.1757,0,1,0,7320000,3,8.0,80,14000000,2,beach|budget|city|family|food,0,0.42579
78,209,0.16692,0,1,0,8360000,4,9.1,41,14000000,2,beach|budget|city|family|food,0,0.4051
78,195,0.23578,0,1,0,5880000,5,8.4,105,14000000,2,beach|budget|city|family|food,0,0.39903
78,90,0.33063,0,1,1,2330000,2,9.0,69,14000000,2,beach|budget|city|family|food,1,0.52886
78,191,0.16336,0,1,0,6590000,4,7.5,40,14000000,2,beach|budget|city|family|food,0,0.38761
78,185,0.20482,0,1,0,4000000,4,8.9,82,14000000,2,beach|budget|city|family|food,0,0.41902
78,28,0.18146,0,1,0,12790000,4,8.6,66,14000000,2,beach|budget|city|family|food,0,0.40621
78,112,0.4695,0,1,0,5970000,3,8.8,119,14000000,2,beach|budget|city|family|food,1,0.55719
78,211,0.42953,0,1,0,4990000,4,9.4,22,14000000,2,beach|budget|city|family|food,0,0.5184
78,11,0.68677,0,1,0,8160000,4,8.8,13,14000000,2,beach|budget|city|family|food,1,0.62044
78,219,0.37844,0,1,0,8840000,3,9.2,91,14000000,2,beach|budget|city|family|food,0,0.52295
78,23,0.12473,0,1,0,7230000,4,8.5,118,14000000,2,beach|budget|city|family|food,0,0.38139
78,197,0.68496,1,1,0,6280000,3,9.2,55,14000000,2,beach|budget|city|family|food,1,0.83169
78,234,0.20463,0,1,0,3470000,4,7.4,6,14000000,2,beach|budget|city|family|food,0,0.40394
78,46,0.16833,0,1,0,8140000,3,9.5,53,14000000,2,beach|budget|city|family|food,0,0.4377
78,225,0.19178,0,1,0,5050000,5,8.1,21,14000000,2,beach|budget|city|family|food,0,0.37755
78,233,0.63162,0,1,0,6800000,3,8.3,19,14000000,2,beach|budget|city|family|food,1,0.62028
78,63,0.38038,0,1,0,5390000,4,7.4,85,14000000,2,beach|budget|city|family|food,1,0.47776
78,152,0.22699,0,1,0,10060000,3,8.7,54,14000000,2,beach|budget|city|family|food,1,0.45434
78,140,0.14632,0,1,0,3330000,5,9.2,94,14000000,2,beach|budget|city|family|food,0,0.36945
78,181,0.66493,1,1,0,5530000,5,8.0,103,14000000,2,beach|budget|city|family|food,1,0.75527
78,6,0.1778,0,1,0,4460000,5,8.8,16,14000000,2,beach|budget|city|family|food,0,0.37868
78,141,0.32836,0,1,1,4800000,2,8.6,28,14000000,2,beach|budget|city|family|food,0,0.52391
78,119,0.34663,0,1,0,6250000,4,7.4,42,14000000,2,beach|budget|city|family|food,0,0.46359
78,224,0.21702,0,1,0,9610000,5,8.2,93,14000000,2,beach|budget|city|family|food,0,0.38915
78,164,0.36533,0,1,0,2350000,3,9.4,29,14000000,2,beach|budget|city|family|food,0,0.51944
78,1,0.4964,0,0,0,14160000,4,9.0,35,14000000,2,beach|budget|city|family|food,1,0.54066
78,51,0.27943,0,1,0,11500000,5,7.8,99,14000000,2,beach|budget|city|family|food,0,0.41136
78,144,0.09643,0,1,1,7040000,2,9.6,16,14000000,2,beach|budget|city|family|food,0,0.4365
78,75,0.45673,0,0,0,14320000,3,8.5,11,14000000,2,beach|budget|city|family|food,0,0.54517
78,175,0.59586,0,1,0,5040000,4,8.4,87,14000000,2,beach|budget|city|family|food,1,0.57826
78,88,0.0,0,1,0,6870000,4,9.3,31,14000000,2,beach|budget|city|family|food,0,0.337
78,131,0.35751,0,1,1,3020000,2,8.6,118,14000000,2,beach|budget|city|family|food,0,0.53616
78,104,0.25969,1,1,0,8930000,4,7.4,95,14000000,2,beach|budget|city|family|food,0,0.60707
78,214,0.68817,1,1,0,4300000,4,7.8,103,14000000,2,beach|budget|city|family|food,1,0.79103
78,60,0.41767,0,1,0,2850000,4,8.8,84,14000000,2,beach|budget|city|family|food,0,0.50742
78,78,0.35173,0,1,0,6430000,4,9.1,48,14000000,2,beach|budget|city|family|food,0,0.48273
78,5,0.34373,0,0,0,15690000,5,8.2,115,14000000,2,beach|budget|city|family|food,0,0.42305
78,50,0.0,0,1,1,5180000,2,9.5,104,14000000,2,beach|budget|city|family|food,0,0.395
78,236,0.42561,0,0,0,14120000,4,8.3,70,14000000,2,beach|budget|city|family|food,0,0.50439
78,212,0.28564,0,1,0,7390000,3,8.7,47,14000000,2,beach|budget|city|family|food,0,0.47897
78,150,0.55783,0,1,1,9710000,2,8.3,87,14000000,2,beach|budget|city|family|food,1,0.61729
78,156,0.03619,0,1,1,7480000,2,9.0,38,14000000,2,beach|budget|city|family|food,0,0.4052
78,106,0.46494,0,1,0,3480000,3,7.6,42,14000000,2,beach|budget|city|family|food,1,0.54328
78,222,0.18088,0,1,0,10940000,4,9.6,70,14000000,2,beach|budget|city|family|food,0,0.41597
78,84,0.34388,0,1,1,4910000,2,9.6,25,14000000,2,beach|budget|city|family|food,1,0.54043
78,37,0.27793,0,1,0,7470000,4,9.4,37,14000000,2,beach|budget|city|family|food,0,0.45473
78,36,0.18403,0,1,0,4630000,4,9.0,57,14000000,2,beach|budget|city|family|food,0,0.41129
78,169,0.38654,0,1,0,5620000,5,8.8,5,14000000,2,beach|budget|city|family|food,0,0.46635
78,68,0.60248,0,1,0,6910000,3,9.3,96,14000000,2,beach|budget|city|family|food,1,0.61804
78,95,0.46205,0,1,0,12960000,4,7.5,31,14000000,2,beach|budget|city|family|food,1,0.51306
78,70,0.36174,0,1,0,7280000,4,8.7,47,14000000,2,beach|budget|city|family|food,0,0.48293
78,18,0.33006,0,1,1,6100000,2,7.8,84,14000000,2,beach|budget|city|family|food,0,0.51662
78,179,0.37128,0,1,0,5280000,3,9.5,68,14000000,2,beach|budget|city|family|food,1,0.52294
78,167,0.43622,0,1,0,9750000,3,8.5,4,14000000,2,beach|budget|city|family|food,1,0.54021
78,109,0.39631,0,1,0,5450000,3,7.6,70,14000000,2,beach|budget|city|family|food,0,0.51445
78,135,0.57853,0,1,0,8470000,5,8.5,106,14000000,2,beach|budget|city|family|food,1,0.54398
78,239,0.30217,0,1,0,5380000,3,7.5,103,14000000,2,beach|budget|city|family|food,1,0.47391
78,207,0.57854,0,1,0,3610000,4,8.7,64,14000000,2,beach|budget|city|family|food,1,0.57399
78,81,0.32497,0,1,0,4940000,4,9.0,17,14000000,2,beach|budget|city|family|food,0,0.47049
79,192,0.22921,0,0,0,4770000,2,9.4,30,4000000,3,beach|food|photography|relax|romantic,1,0.43147
79,4,0.47045,1,0,0,6540000,5,8.5,51,4000000,3,beach|food|photography|relax|romantic,1,0.60499
79,44,0.34835,0,0,0,5620000,4,7.4,19,4000000,3,beach|food|photography|relax|romantic,0,0.42751
79,18,0.30653,0,0,0,6100000,2,7.8,84,4000000,3,beach|food|photography|relax|romantic,0,0.39474
79,46,0.69905,1,0,1,8140000,3,9.5,53,4000000,3,beach|food|photography|relax|romantic,1,0.7086
79,43,0.76662,1,0,1,8280000,3,8.4,120,4000000,3,beach|food|photography|relax|romantic,1,0.72598
79,134,0.72888,0,1,0,3330000,4,7.8,89,4000000,3,beach|food|photography|relax|romantic,0,0.65613
79,68,0.4655,0,0,1,6910000,3,9.3,96,4000000,3,beach|food|photography|relax|romantic,0,0.47211
79,235,0.75128,1,0,1,8550000,3,9.7,29,4000000,3,beach|food|photography|relax|romantic,1,0.73254
79,28,0.30999,0,0,0,12790000,4,8.6,66,4000000,3,beach|food|photography|relax|romantic,0,0.3282
79,88,0.32521,1,0,0,6870000,4,9.3,31,4000000,3,beach|food|photography|relax|romantic,1,0.56679
79,171,0.45591,0,0,0,5570000,5,9.6,87,4000000,3,beach|food|photography|relax|romantic,0,0.46868
79,163,0.40855,0,0,1,6910000,3,7.6,92,4000000,3,beach|food|photography|relax|romantic,0,0.43119
79,19,0.50874,0,0,1,5280000,3,9.2,81,4000000,3,beach|food|photography|relax|romantic,1,0.55447
79,78,0.29068,0,0,0,6430000,4,9.1,48,4000000,3,beach|food|photography|relax|romantic,0,0.38789
79,17,0.50773,1,0,0,11980000,4,8.3,109,4000000,3,beach|food|photography|relax|romantic,0,0.58825
79,69,0.68811,1,0,0,5280000,2,8.1,71,4000000,3,beach|food|photography|relax|romantic,1,0.77081
79,83,0.52943,1,0,1,13980000,3,9.5,52,4000000,3,beach|food|photography|relax|romantic,0,0.63736
79,196,0.55016,1,0,0,14200000,4,8.3,67,4000000,3,beach|food|photography|relax|romantic,0,0.60607
79,175,0.35757,0,0,0,5040000,4,8.4,87,4000000,3,beach|food|photography|relax|romantic,0,0.46458
79,136,0.65393,1,0,1,6220000,3,8.1,117,4000000,3,beach|food|photography|relax|romantic,1,0.74685
79,127,0.3335,0,0,0,5620000,4,7.9,52,4000000,3,beach|food|photography|relax|romantic,0,0.42627
79,94,0.30406,0,0,0,5190000,2,8.3,80,4000000,3,beach|food|photography|relax|romantic,0,0.43511
79,118,0.73394,0,0,0,7280000,5,8.4,70,4000000,3,beach|food|photography|relax|romantic,0,0.50506
79,74,0.36148,0,1,0,3870000,5,7.7,59,4000000,3,beach|food|photography|relax|romantic,0,0.47282
79,40,0.71562,0,0,1,5340000,3,7.5,108,4000000,3,beach|food|photography|relax|romantic,1,0.62196
79,10,0.73407,0,1,0,3750000,4,9.7,57,4000000,3,beach|food|photography|relax|romantic,0,0.67731
79,229,0.31754,0,0,0,10990000,4,8.5,60,4000000,3,beach|food|photography|relax|romantic,0,0.33037
79,202,0.25036,0,1,0,3200000,2,9.2,60,4000000,3,beach|food|photography|relax|romantic,0,0.46915
79,187,0.30409,0,0,0,4850000,4,9.4,44,4000000,3,beach|food|photography|relax|romantic,0,0.45972
79,89,0.31721,1,0,0,4550000,4,8.5,70,4000000,3,beach|food|photography|relax|romantic,1,0.64823
79,72,0.70821,0,0,1,6980000,3,8.9,58,4000000,3,beach|food|photography|relax|romantic,1,0.56725
79,219,0.4223,0,0,1,8840000,3,9.2,91,4000000,3,beach|food|photography|relax|romantic,0,0.40936
79,197,0.44398,0,0,1,6280000,3,9.2,55,4000000,3,beach|food|photography|relax|romantic,0,0.48727
79,90,0.32731,0,1,0,2330000,2,9.0,69,4000000,3,beach|food|photography|relax|romantic,0,0.49947
79,26,0.74523,0,0,0,4310000,4,9.7,29,4000000,3,beach|food|photography|relax|romantic,1,0.6696
79,240,0.29963,0,0,0,9370000,4,7.7,33,4000000,3,beach|food|photography|relax|romantic,0,0.31484
79,205,0.24348,0,0,0,5780000,2,7.9,69,4000000,3,beach|food|photography|relax|romantic,0,0.38206
79,87,0.57874,0,0,0,6390000,4,8.7,39,4000000,3,beach|food|photography|relax|romantic,0,0.50647
79,220,0.64601,1,0,0,4760000,4,8.4,99,4000000,3,beach|food|photography|relax|romantic,1,0.77692
79,174,0.60938,0,0,0,5910000,5,9.4,38,4000000,3,beach|food|photography|relax|romantic,0,0.51754
79,122,0.65912,1,0,1,5960000,3,9.4,46,4000000,3,beach|food|photography|relax|romantic,1,0.77243
79,109,0.32088,0,0,1,5450000,3,7.6,70,4000000,3,beach|food|photography|relax|romantic,0,0.45277
79,125,0.39707,0,0,1,8660000,3,8.0,70,4000000,3,beach|food|photography|relax|romantic,0,0.38677
79,71,0.19814,0,0,1,8030000,3,9.5,81,4000000,3,beach|food|photography|relax|romantic,0,0.31822
79,198,0.69503,0,0,1,5820000,3,8.6,8,4000000,3,beach|food|photography|relax|romantic,0,0.60511
79,58,0.16651,0,0,0,5490000,4,7.7,45,4000000,3,beach|food|photography|relax|romantic,0,0.35933
79,233,0.39732,0,0,1,6800000,3,8.3,19,4000000,3,beach|food|photography|relax|romantic,0,0.43788
79,106,0.19248,0,1,1,3480000,3,7.6,42,4000000,3,beach|food|photography|relax|romantic,0,0.45684
79,139,0.66007,0,0,1,5100000,3,8.8,86,4000000,3,beach|food|photography|relax|romantic,1,0.62123
79,85,0.31657,0,0,1,11800000,3,9.0,111,4000000,3,beach|food|photography|relax|romantic,0,0.36296
79,159,0.38564,0,0,0,11760000,2,9.2,85,4000000,3,beach|food|photography|relax|romantic,0,0.36597
79,107,0.52462,1,0,1,6120000,3,9.4,13,4000000,3,beach|food|photography|relax|romantic,1,0.70954
79,62,0.56041,1,0,0,15980000,4,7.5,22,4000000,3,beach|food|photography|relax|romantic,1,0.60237
79,129,0.27306,0,0,0,4650000,5,9.7,7,4000000,3,beach|food|photography|relax|romantic,0,0.42969
79,189,0.25999,0,1,0,2850000,4,7.7,89,4000000,3,beach|food|photography|relax|romantic,0,0.4582
79,184,0.42068,0,0,1,5580000,3,7.6,35,4000000,3,beach|food|photography|relax|romantic,1,0.48948
79,45,0.33562,0,0,1,8730000,3,8.1,21,4000000,3,beach|food|photography|relax|romantic,0,0.36196
79,77,0.38086,1,0,1,7160000,3,8.3,95,4000000,3,beach|food|photography|relax|romantic,1,0.59656
79,195,0.73615,0,0,0,5880000,5,8.4,105,4000000,3,beach|food|photography|relax|romantic,1,0.56198
79,117,0.26299,0,0,1,4370000,3,8.4,32,4000000,3,beach|food|photography|relax|romantic,0,0.47965
79,3,0.41371,0,0,0,8200000,4,7.5,120,4000000,3,beach|food|photography|relax|romantic,0,0.36076
79,91,0.57133,1,0,0,5890000,5,9.6,48,4000000,3,beach|food|photography|relax|romantic,0,0.68436
79,132,0.24732,0,0,1,7100000,3,9.1,74,4000000,3,beach|food|photography|relax|romantic,0,0.37088
79,22,0.7247,0,0,1,8170000,3,8.5,27,4000000,3,beach|food|photography|relax|romantic,0,0.52938
79,237,0.25596,0,0,1,4570000,3,9.1,117,4000000,3,beach|food|photography|relax|romantic,0,0.4757
79,121,0.66808,1,0,1,5510000,3,7.8,82,4000000,3,beach|food|photography|relax|romantic,1,0.77819
79,176,0.45404,1,0,0,7390000,5,9.1,92,4000000,3,beach|food|photography|relax|romantic,0,0.5701
79,30,0.30812,1,1,1,3620000,3,8.3,117,4000000,3,beach|food|photography|relax|romantic,1,0.69241
79,130,0.36061,0,0,0,6320000,4,8.0,10,4000000,3,beach|food|photography|relax|romantic,0,0.41066
80,52,0.34667,0,1,0,7200000,4,7.7,116,14000000,5,beach|budget|city|family|food,0,0.4946
80,51,0.27432,1,1,1,11500000,5,7.8,99,14000000,5,beach|budget|city|family|food,1,0.67321
80,46,0.22983,0,1,0,8140000,3,9.5,53,14000000,5,beach|budget|city|family|food,0,0.43553
80,72,0.25078,0,1,0,6980000,3,8.9,58,14000000,5,beach|budget|city|family|food,0,0.43833
80,57,0.45502,0,1,0,5360000,3,8.5,66,14000000,5,beach|budget|city|family|food,1,0.52011
80,6,0.23644,0,1,1,4460000,5,8.8,16,14000000,5,beach|budget|city|family|food,0,0.48731
80,132,0.3993,0,1,0,7100000,3,9.1,74,14000000,5,beach|budget|city|family|food,0,0.5027
80,207,0.55911,0,1,0,3610000,4,8.7,64,14000000,5,beach|budget|city|family|food,0,0.59383
80,26,0.25302,0,1,0,4310000,4,9.7,29,14000000,5,beach|budget|city|family|food,0,0.47527
80,41,0.68345,0,1,0,6960000,4,9.1,101,14000000,5,beach|budget|city|family|food,1,0.65005
80,150,0.52974,0,1,0,9710000,2,8.3,87,14000000,5,beach|budget|city|family|food,0,0.52149
80,208,0.37568,0,1,0,3970000,3,8.8,28,14000000,5,beach|budget|city|family|food,1,0.48979
80,238,0.34695,1,1,1,6620000,5,8.4,111,14000000,5,beach|budget|city|family|food,1,0.70972
80,103,0.17543,0,1,0,5020000,3,9.3,30,14000000,5,beach|budget|city|family|food,0,0.41068
80,126,0.65323,0,1,0,9260000,3,8.4,85,14000000,5,beach|budget|city|family|food,0,0.60236
80,88,0.0,0,1,0,6870000,4,9.3,31,14000000,5,beach|budget|city|family|food,0,0.365
80,60,0.4203,0,1,0,2850000,4,8.8,84,14000000,5,beach|budget|city|family|food,0,0.53652
80,76,0.29623,0,1,1,4280000,5,8.3,39,14000000,5,beach|budget|city|family|food,1,0.50742
80,136,0.22665,0,1,0,6220000,3,8.1,117,14000000,5,beach|budget|city|family|food,0,0.42019
80,112,0.46697,0,1,0,5970000,3,8.8,119,14000000,5,beach|budget|city|family|food,0,0.52813
80,21,0.52446,0,1,1,7690000,5,7.8,21,14000000,5,beach|budget|city|family|food,0,0.59827
80,178,0.63776,0,1,0,4150000,3,9.3,40,14000000,5,beach|budget|city|family|food,1,0.60486
80,4,0.38021,1,1,1,6540000,5,8.5,51,14000000,5,beach|budget|city|family|food,1,0.72469
80,45,0.0427,0,1,0,8730000,3,8.1,21,14000000,5,beach|budget|city|family|food,0,0.34294
80,197,0.68832,0,1,0,6280000,3,9.2,55,14000000,5,beach|budget|city|family|food,0,0.62509
80,11,0.67302,0,1,0,8160000,4,8.8,13,14000000,5,beach|budget|city|family|food,0,0.64267
80,33,0.22282,0,1,0,6090000,3,8.9,45,14000000,5,beach|budget|city|family|food,0,0.42658
80,67,0.38044,0,1,0,3730000,3,9.5,8,14000000,5,beach|budget|city|family|food,0,0.49879
80,34,0.04911,0,1,1,4830000,5,7.8,107,14000000,5,beach|budget|city|family|food,0,0.39863
80,28,0.11961,1,1,0,12790000,4,8.6,66,14000000,5,beach|budget|city|family|food,1,0.58824
80,58,0.46827,0,1,0,5490000,4,7.7,45,14000000,5,beach|budget|city|family|food,1,0.54567
80,151,0.2046,0,1,0,7800000,3,7.8,89,14000000,5,beach|budget|city|family|food,0,0.40793
80,25,0.25132,0,1,0,5890000,4,9.1,67,14000000,5,beach|budget|city|family|food,0,0.46855
80,173,0.00682,0,1,0,7150000,3,9.4,6,14000000,5,beach|budget|city|family|food,0,0.34086
80,38,0.66873,0,1,0,3520000,3,8.5,21,14000000,5,beach|budget|city|family|food,1,0.60987
80,54,0.69274,0,1,1,8910000,5,7.6,95,14000000,5,beach|budget|city|family|food,1,0.66695
80,109,0.3661,0,1,0,5450000,3,7.6,70,14000000,5,beach|budget|city|family|food,0,0.47376
80,23,0.11066,0,1,0,7230000,4,8.5,118,14000000,5,beach|budget|city|family|food,0,0.40348
80,170,0.37882,1,0,0,14230000,3,8.1,81,14000000,5,beach|budget|city|family|food,1,0.66148
80,167,0.43384,0,1,0,9750000,3,8.5,4,14000000,5,beach|budget|city|family|food,0,0.51121
80,64,0.23781,0,1,0,3540000,3,9.1,12,14000000,5,beach|budget|city|family|food,0,0.43488
80,145,0.45061,1,1,1,5440000,5,7.9,10,14000000,5,beach|budget|city|family|food,1,0.74826
80,142,0.45102,0,1,0,6670000,4,9.5,72,14000000,5,beach|budget|city|family|food,1,0.55643
80,172,0.41246,1,1,1,7580000,5,7.6,79,14000000,5,beach|budget|city|family|food,1,0.72923
80,231,0.16508,0,1,0,3590000,4,9.4,36,14000000,5,beach|budget|city|family|food,0,0.43533
80,49,0.4816,1,1,0,5810000,3,8.0,112,14000000,5,beach|budget|city|family|food,1,0.70627
80,186,0.46924,0,1,0,6850000,3,9.0,61,14000000,5,beach|budget|city|family|food,0,0.53108
80,215,0.37476,0,1,0,3960000,4,7.5,73,14000000,5,beach|budget|city|family|food,0,0.5044
80,115,0.47476,0,1,0,6680000,4,8.7,31,14000000,5,beach|budget|city|family|food,1,0.5584
80,181,0.70955,0,1,1,5530000,5,8.0,103,14000000,5,beach|budget|city|family|food,1,0.67801
80,80,0.35839,0,1,0,4630000,2,9.6,104,14000000,5,beach|budget|city|family|food,0,0.46253
80,100,0.3193,0,1,0,6530000,3,9.3,83,14000000,5,beach|budget|city|family|food,0,0.47111
80,169,0.38601,1,1,1,5620000,5,8.8,5,14000000,5,beach|budget|city|family|food,1,0.73012
80,157,0.21832,1,1,1,11560000,5,9.6,14,14000000,5,beach|budget|city|family|food,1,0.66769
80,203,0.37794,0,1,0,4750000,2,8.4,43,14000000,5,beach|budget|city|family|food,0,0.45873
80,205,0.43949,0,1,0,5780000,2,7.9,69,14000000,5,beach|budget|city|family|food,0,0.47959
80,55,0.05456,0,1,0,6780000,4,8.3,68,14000000,5,beach|budget|city|family|food,0,0.37792
80,191,0.21597,0,1,0,6590000,4,7.5,40,14000000,5,beach|budget|city|family|food,0,0.43771
80,141,0.36888,0,1,0,4800000,2,8.6,28,14000000,5,beach|budget|city|family|food,0,0.45693
80,202,0.31673,0,1,0,3200000,2,9.2,60,14000000,5,beach|budget|city|family|food,0,0.44103
80,13,0.33272,0,1,0,10390000,3,8.6,44,14000000,5,beach|budget|city|family|food,1,0.46974
80,236,0.44071,1,0,0,14120000,4,8.3,70,14000000,5,beach|budget|city|family|food,1,0.71873
80,75,0.46061,1,0,0,14320000,3,8.5,11,14000000,5,beach|budget|city|family|food,1,0.6988
80,22,0.24973,0,1,0,8170000,3,8.5,27,14000000,5,beach|budget|city|family|food,0,0.43389
80,218,0.50312,0,1,0,11480000,4,8.8,31,14000000,5,beach|budget|city|family|food,0,0.57131
80,153,0.67815,0,1,1,8920000,5,9.0,5,14000000,5,beach|budget|city|family|food,1,0.67482
80,201,0.46329,1,1,1,8110000,5,8.7,69,14000000,5,beach|budget|city|family|food,1,0.76158
80,240,0.05458,0,1,0,9370000,4,7.7,33,14000000,5,beach|budget|city|family|food,0,0.37193
80,131,0.39063,0,1,0,3020000,2,8.6,118,14000000,5,beach|budget|city|family|food,0,0.46606
80,195,0.28729,0,1,1,5880000,5,8.4,105,14000000,5,beach|budget|city|family|food,0,0.50466
81,28,0.4531,0,0,0,12790000,4,8.6,66,6000000,3,beach|food|photography|relax|romantic,0,0.3883
81,13,0.43509,1,0,1,10390000,3,8.6,44,6000000,3,beach|food|photography|relax|romantic,1,0.63167
81,119,0.28595,0,0,0,6250000,4,7.4,42,6000000,3,beach|food|photography|relax|romantic,0,0.45943
81,123,0.36118,0,0,0,7390000,4,8.7,91,6000000,3,beach|food|photography|relax|romantic,0,0.47363
81,8,0.42535,1,0,1,8190000,3,9.6,107,6000000,3,beach|food|photography|relax|romantic,1,0.69625
81,58,0.14214,0,1,0,5490000,4,7.7,45,6000000,3,beach|food|photography|relax|romantic,0,0.4087
81,210,0.29119,0,0,1,7500000,3,7.5,13,6000000,3,beach|food|photography|relax|romantic,0,0.4573
81,155,0.5033,0,1,0,4600000,4,9.4,111,6000000,3,beach|food|photography|relax|romantic,1,0.57739
81,145,0.53293,0,1,0,5440000,5,7.9,10,6000000,3,beach|food|photography|relax|romantic,0,0.54683
81,140,0.69443,0,1,0,3330000,5,9.2,94,6000000,3,beach|food|photography|relax|romantic,0,0.62766
81,188,0.23982,1,1,0,2280000,2,7.5,73,6000000,3,beach|food|photography|relax|romantic,1,0.62772
81,71,0.16914,0,0,1,8030000,3,9.5,81,6000000,3,beach|food|photography|relax|romantic,0,0.4119
81,158,0.51466,0,0,1,13970000,3,8.9,45,6000000,3,beach|food|photography|relax|romantic,0,0.44516
81,60,0.1415,1,1,0,2850000,4,8.8,84,6000000,3,beach|food|photography|relax|romantic,0,0.59943
81,234,0.82015,0,1,0,3470000,4,7.4,6,6000000,3,beach|food|photography|relax|romantic,1,0.69046
81,68,0.46651,0,0,1,6910000,3,9.3,96,6000000,3,beach|food|photography|relax|romantic,1,0.56467
81,156,0.24052,0,0,0,7480000,2,9.0,38,6000000,3,beach|food|photography|relax|romantic,0,0.42355
81,61,0.24637,0,1,0,3850000,2,7.4,61,6000000,3,beach|food|photography|relax|romantic,0,0.44947
81,45,0.27914,0,0,1,8730000,3,8.1,21,6000000,3,beach|food|photography|relax|romantic,0,0.42544
81,44,0.45436,0,1,0,5620000,4,7.4,19,6000000,3,beach|food|photography|relax|romantic,0,0.53683
81,207,0.34119,0,1,0,3610000,4,8.7,64,6000000,3,beach|food|photography|relax|romantic,0,0.5023
81,59,0.18973,0,0,0,6780000,4,8.2,72,6000000,3,beach|food|photography|relax|romantic,0,0.41289
81,129,0.18879,0,1,0,4650000,5,9.7,7,6000000,3,beach|food|photography|relax|romantic,0,0.42029
81,220,0.43029,0,1,0,4760000,4,8.4,99,6000000,3,beach|food|photography|relax|romantic,0,0.53672
81,82,0.53735,0,0,0,6740000,2,8.9,16,6000000,3,beach|food|photography|relax|romantic,0,0.56695
81,66,0.43052,0,0,0,7950000,5,8.3,83,6000000,3,beach|food|photography|relax|romantic,0,0.45582
81,104,0.21273,0,0,0,8930000,4,7.4,95,6000000,3,beach|food|photography|relax|romantic,0,0.35721
81,186,0.18553,0,0,1,6850000,3,9.0,61,6000000,3,beach|food|photography|relax|romantic,0,0.44526
81,231,0.2258,0,1,0,3590000,4,9.4,36,6000000,3,beach|food|photography|relax|romantic,0,0.46084
81,226,0.50554,1,0,1,7020000,3,9.0,111,6000000,3,beach|food|photography|relax|romantic,1,0.75513
81,84,0.14584,0,1,0,4910000,2,9.6,25,6000000,3,beach|food|photography|relax|romantic,0,0.42925
81,72,0.70406,0,0,1,6980000,3,8.9,58,6000000,3,beach|food|photography|relax|romantic,0,0.65857
81,196,0.57718,0,0,0,14200000,4,8.3,67,6000000,3,beach|food|photography|relax|romantic,0,0.43742
81,182,0.19021,0,1,0,5640000,2,9.5,25,6000000,3,beach|food|photography|relax|romantic,0,0.44689
81,97,0.48279,0,0,1,9930000,3,7.6,41,6000000,3,beach|food|photography|relax|romantic,0,0.47397
81,67,0.17857,0,1,1,3730000,3,9.5,8,6000000,3,beach|food|photography|relax|romantic,0,0.47
81,171,0.48499,0,1,0,5570000,5,9.6,87,6000000,3,beach|food|photography|relax|romantic,0,0.5437
81,236,0.57265,0,0,0,14120000,4,8.3,70,6000000,3,beach|food|photography|relax|romantic,0,0.43551
81,217,0.47214,0,0,0,6180000,5,8.0,78,6000000,3,beach|food|photography|relax|romantic,0,0.5175
81,102,0.28417,0,0,0,7740000,4,9.2,79,6000000,3,beach|food|photography|relax|romantic,0,0.43695
81,224,0.45114,0,0,0,9610000,5,8.2,93,6000000,3,beach|food|photography|relax|romantic,0,0.41921
81,55,0.22681,0,0,0,6780000,4,8.3,68,6000000,3,beach|food|photography|relax|romantic,0,0.42946
81,107,0.57088,0,0,1,6120000,3,9.4,13,6000000,3,beach|food|photography|relax|romantic,1,0.63057
81,57,0.3512,1,1,1,5360000,3,8.5,66,6000000,3,beach|food|photography|relax|romantic,1,0.7125
81,101,0.51316,0,0,0,9040000,5,7.7,53,6000000,3,beach|food|photography|relax|romantic,1,0.45546
81,85,0.45527,0,0,1,11800000,3,9.0,111,6000000,3,beach|food|photography|relax|romantic,0,0.42655
81,81,0.19736,1,1,0,4940000,4,9.0,17,6000000,3,beach|food|photography|relax|romantic,1,0.62489
81,208,0.29545,0,1,1,3970000,3,8.8,28,6000000,3,beach|food|photography|relax|romantic,0,0.51209
81,77,0.33257,0,0,1,7160000,3,8.3,95,6000000,3,beach|food|photography|relax|romantic,0,0.49174
81,49,0.52782,0,1,1,5810000,3,8.0,112,6000000,3,beach|food|photography|relax|romantic,0,0.60168
81,21,0.32603,0,0,0,7690000,5,7.8,21,6000000,3,beach|food|photography|relax|romantic,0,0.41387
81,120,0.48503,0,0,1,7330000,3,9.1,82,6000000,3,beach|food|photography|relax|romantic,1,0.55925
81,225,0.73864,0,1,0,5050000,5,8.1,21,6000000,3,beach|food|photography|relax|romantic,0,0.63523
81,205,0.18465,0,1,0,5780000,2,7.9,69,6000000,3,beach|food|photography|relax|romantic,0,0.42855
81,98,0.74535,0,1,0,3780000,5,8.1,109,6000000,3,beach|food|photography|relax|romantic,1,0.63805
81,159,0.44668,1,0,0,11760000,2,9.2,85,6000000,3,beach|food|photography|relax|romantic,1,0.57801
81,80,0.17436,1,1,0,4630000,2,9.6,104,6000000,3,beach|food|photography|relax|romantic,0,0.62123
81,41,0.5359,0,0,0,6960000,4,9.1,101,6000000,3,beach|food|photography|relax|romantic,1,0.56248
81,99,0.36417,0,0,0,7510000,5,8.5,34,6000000,3,beach|food|photography|relax|romantic,0,0.44168
81,150,0.3899,1,0,0,9710000,2,8.3,87,6000000,3,beach|food|photography|relax|romantic,1,0.59982
81,229,0.41108,1,0,0,10990000,4,8.5,60,6000000,3,beach|food|photography|relax|romantic,1,0.57659
81,86,0.44294,1,0,1,10640000,3,9.1,83,6000000,3,beach|food|photography|relax|romantic,1,0.6333
81,111,0.26951,0,1,0,3320000,2,7.8,110,6000000,3,beach|food|photography|relax|romantic,0,0.46319
81,214,0.53526,0,1,0,4300000,4,7.8,103,6000000,3,beach|food|photography|relax|romantic,1,0.57481
81,162,0.5262,0,0,0,8680000,5,8.6,43,6000000,3,beach|food|photography|relax|romantic,0,0.47954
81,240,0.23163,0,0,0,9370000,4,7.7,33,6000000,3,beach|food|photography|relax|romantic,0,0.35642
81,12,0.77308,0,1,0,5140000,4,9.6,114,6000000,3,beach|food|photography|relax|romantic,1,0.69269
81,54,0.4944,0,0,0,8910000,5,7.6,95,6000000,3,beach|food|photography|relax|romantic,0,0.45005
81,126,0.51064,0,0,1,9260000,3,8.4,85,6000000,3,beach|food|photography|relax|romantic,0,0.51153
81,175,0.34262,0,1,0,5040000,4,8.4,87,6000000,3,beach|food|photography|relax|romantic,1,0.4999
82,182,0.5302,1,1,0,5640000,2,9.5,25,14000000,5,city|culture|food|history|spiritual,1,0.71369
82,240,0.25938,0,1,0,9370000,4,7.7,33,14000000,5,city|culture|food|history|spiritual,1,0.45794
82,127,0.9135,0,1,0,5620000,4,7.9,52,14000000,5,city|culture|food|history|spiritual,1,0.73467
82,105,0.20426,0,1,0,12640000,4,8.4,30,14000000,5,city|culture|food|history|spiritual,0,0.44179
82,32,0.23046,0,1,0,6600000,3,7.6,4,14000000,5,city|culture|food|history|spiritual,0,0.41679
82,151,0.35178,0,1,0,7800000,3,7.8,89,14000000,5,city|culture|food|history|spiritual,0,0.46975
82,223,0.59939,0,1,0,6120000,4,7.6,85,14000000,5,city|culture|food|history|spiritual,0,0.59974
82,8,0.03509,1,1,0,8190000,3,9.6,107,14000000,5,city|culture|food|history|spiritual,0,0.53474
82,139,0.37995,0,1,0,5100000,3,8.8,86,14000000,5,city|culture|food|history|spiritual,0,0.49158
82,180,0.42469,0,1,0,5160000,4,9.3,30,14000000,5,city|culture|food|history|spiritual,0,0.54337
82,178,0.31003,0,1,0,4150000,3,9.3,40,14000000,5,city|culture|food|history|spiritual,0,0.46721
82,227,0.1361,1,1,0,8860000,2,9.0,39,14000000,5,city|culture|food|history|spiritual,0,0.54316
82,145,0.22411,0,1,1,5440000,5,7.9,10,14000000,5,city|culture|food|history|spiritual,0,0.47313
82,141,0.75474,0,1,0,4800000,2,8.6,28,14000000,5,city|culture|food|history|spiritual,0,0.61899
82,206,0.67776,0,1,0,4060000,3,9.0,5,14000000,5,city|culture|food|history|spiritual,0,0.61866
82,18,0.92174,0,1,0,6100000,2,7.8,84,14000000,5,city|culture|food|history|spiritual,1,0.68113
82,83,0.23288,0,1,0,13980000,3,9.5,52,14000000,5,city|culture|food|history|spiritual,0,0.43681
82,92,0.56249,1,1,0,5150000,3,8.1,31,14000000,5,city|culture|food|history|spiritual,1,0.74125
82,131,0.77717,0,1,0,3020000,2,8.6,118,14000000,5,city|culture|food|history|spiritual,0,0.62841
82,224,0.48264,0,1,1,9610000,5,8.2,93,14000000,5,city|culture|food|history|spiritual,0,0.58471
82,90,0.59148,1,1,0,2330000,2,9.0,69,14000000,5,city|culture|food|history|spiritual,1,0.73442
82,89,0.26112,1,1,0,4550000,4,8.5,70,14000000,5,city|culture|food|history|spiritual,1,0.64667
82,13,0.03824,1,1,0,10390000,3,8.6,44,14000000,5,city|culture|food|history|spiritual,1,0.52606
82,198,0.31824,0,1,0,5820000,3,8.6,8,14000000,5,city|culture|food|history|spiritual,0,0.46366
82,204,0.16422,0,1,1,12320000,5,8.3,93,14000000,5,city|culture|food|history|spiritual,0,0.45197
82,87,0.47269,0,1,0,6390000,4,8.7,39,14000000,5,city|culture|food|history|spiritual,1,0.55753
82,81,0.80364,0,1,0,4940000,4,9.0,17,14000000,5,city|culture|food|history|spiritual,1,0.69953
82,222,0.46246,0,1,0,10940000,4,9.6,70,14000000,5,city|culture|food|history|spiritual,1,0.56223
82,120,0.38015,0,1,0,7330000,3,9.1,82,14000000,5,city|culture|food|history|spiritual,0,0.49466
82,14,0.44075,0,1,1,4940000,5,8.9,82,14000000,5,city|culture|food|history|spiritual,1,0.57411
82,169,0.19749,0,1,1,5620000,5,8.8,5,14000000,5,city|culture|food|history|spiritual,0,0.47095
82,17,0.11493,0,1,0,11980000,4,8.3,109,14000000,5,city|culture|food|history|spiritual,0,0.40327
82,6,0.32795,0,1,1,4460000,5,8.8,16,14000000,5,city|culture|food|history|spiritual,0,0.52574
82,192,0.57083,1,1,0,4770000,2,9.4,30,14000000,5,city|culture|food|history|spiritual,0,0.72975
82,33,0.58555,0,1,0,6090000,3,8.9,45,14000000,5,city|culture|food|history|spiritual,1,0.57893
82,190,0.32706,0,1,0,9710000,4,9.4,24,14000000,5,city|culture|food|history|spiritual,0,0.50337
82,140,0.39357,0,1,1,3330000,5,9.2,94,14000000,5,city|culture|food|history|spiritual,1,0.5573
82,108,0.40996,0,1,1,5210000,5,7.8,114,14000000,5,city|culture|food|history|spiritual,1,0.55019
82,42,0.88677,0,1,0,5460000,2,8.4,104,14000000,5,city|culture|food|history|spiritual,1,0.67244
82,49,0.23916,0,1,0,5810000,3,8.0,112,14000000,5,city|culture|food|history|spiritual,0,0.42445
82,181,0.46945,0,1,1,5530000,5,8.0,103,14000000,5,city|culture|food|history|spiritual,1,0.57717
82,122,0.64929,0,1,0,5960000,3,9.4,46,14000000,5,city|culture|food|history|spiritual,0,0.6107
82,212,0.46768,0,1,0,7390000,3,8.7,47,14000000,5,city|culture|food|history|spiritual,0,0.52743
82,121,0.66219,0,1,0,5510000,3,7.8,82,14000000,5,city|culture|food|history|spiritual,0,0.60012
82,75,0.23224,0,0,0,14320000,3,8.5,11,14000000,5,city|culture|food|history|spiritual,0,0.42288
82,5,0.2505,0,0,1,15690000,5,8.2,115,14000000,5,city|culture|food|history|spiritual,0,0.4679
82,2,0.21346,0,1,1,5410000,5,9.1,111,14000000,5,city|culture|food|history|spiritual,0,0.48065
82,91,0.11959,0,1,1,5890000,5,9.6,48,14000000,5,city|culture|food|history|spiritual,0,0.44623
82,159,0.05101,1,1,0,11760000,2,9.2,85,14000000,5,city|culture|food|history|spiritual,1,0.50943
82,11,0.37082,0,1,0,8160000,4,8.8,13,14000000,5,city|culture|food|history|spiritual,1,0.51575
82,63,0.14232,0,1,0,5390000,4,7.4,85,14000000,5,city|culture|food|history|spiritual,0,0.40577
82,234,0.29562,0,1,0,3470000,4,7.4,6,14000000,5,city|culture|food|history|spiritual,0,0.47016
82,1,0.21029,0,0,0,14160000,4,9.0,35,14000000,5,city|culture|food|history|spiritual,0,0.44849
82,9,0.25159,1,1,0,9390000,4,8.0,60,14000000,5,city|culture|food|history|spiritual,1,0.63767
82,237,0.77907,0,1,0,4570000,3,9.1,117,14000000,5,city|culture|food|history|spiritual,0,0.66221
82,95,0.23113,0,1,0,12960000,4,7.5,31,14000000,5,city|culture|food|history|spiritual,0,0.44408
82,164,0.61097,1,1,0,2350000,3,9.4,29,14000000,5,city|culture|food|history|spiritual,1,0.77461
82,113,0.0475,1,1,0,8040000,3,9.3,109,14000000,5,city|culture|food|history|spiritual,0,0.53695
82,39,0.45921,0,1,0,7320000,3,8.0,80,14000000,5,city|culture|food|history|spiritual,1,0.51687
82,84,0.6722,1,1,0,4910000,2,9.6,25,14000000,5,city|culture|food|history|spiritual,1,0.77432
82,55,0.30567,1,1,0,6780000,4,8.3,68,14000000,5,city|culture|food|history|spiritual,1,0.66338
82,126,0.48556,0,1,0,9260000,3,8.4,85,14000000,5,city|culture|food|history|spiritual,0,0.53193
82,160,0.29984,0,1,0,3970000,4,9.2,69,14000000,5,city|culture|food|history|spiritual,0,0.48993
82,193,0.17496,0,1,0,9300000,3,8.2,66,14000000,5,city|culture|food|history|spiritual,0,0.39948
82,230,0.3479,0,1,1,6950000,5,7.5,10,14000000,5,city|culture|food|history|spiritual,0,0.52112
82,215,0.75636,0,1,0,3960000,4,7.5,73,14000000,5,city|culture|food|history|spiritual,1,0.66467
82,4,0.15708,0,1,1,6540000,5,8.5,51,14000000,5,city|culture|food|history|spiritual,0,0.45097
82,209,0.50617,0,1,0,8360000,4,9.1,41,14000000,5,city|culture|food|history|spiritual,1,0.57559
82,238,0.16257,0,1,1,6620000,5,8.4,111,14000000,5,city|culture|food|history|spiritual,0,0.45228
82,202,0.9494,0,1,0,3200000,2,9.2,60,14000000,5,city|culture|food|history|spiritual,1,0.70675
83,206,0.54075,0,0,1,4060000,3,9.0,5,4000000,3,beach|food|photography|relax|romantic,0,0.61471
83,172,0.55426,0,0,0,7580000,5,7.6,79,4000000,3,beach|food|photography|relax|romantic,0,0.40959
83,238,0.5887,0,0,0,6620000,5,8.4,111,4000000,3,beach|food|photography|relax|romantic,1,0.47045
83,88,0.22178,0,0,0,6870000,4,9.3,31,4000000,3,beach|food|photography|relax|romantic,0,0.34335
83,64,0.70954,1,1,1,3540000,3,9.1,12,4000000,3,beach|food|photography|relax|romantic,1,0.86901
83,202,0.17093,0,1,0,3200000,2,9.2,60,4000000,3,beach|food|photography|relax|romantic,0,0.43579
83,20,0.62304,0,0,0,6490000,2,8.3,67,4000000,3,beach|food|photography|relax|romantic,0,0.51708
83,174,0.67252,0,0,0,5910000,5,9.4,38,4000000,3,beach|food|photography|relax|romantic,1,0.54406
83,213,0.49411,0,0,0,5480000,4,9.1,25,4000000,3,beach|food|photography|relax|romantic,1,0.51133
83,11,0.53727,0,0,0,8160000,4,8.8,13,4000000,3,beach|food|photography|relax|romantic,0,0.42565
83,27,0.21058,0,0,0,6140000,2,8.9,98,4000000,3,beach|food|photography|relax|romantic,0,0.36384
83,204,0.6064,0,0,0,12320000,5,8.3,93,4000000,3,beach|food|photography|relax|romantic,0,0.42169
83,179,0.64076,0,0,1,5280000,3,9.5,68,4000000,3,beach|food|photography|relax|romantic,1,0.61292
83,101,0.58964,0,0,0,9040000,5,7.7,53,4000000,3,beach|food|photography|relax|romantic,0,0.40865
83,40,0.66796,1,0,1,5340000,3,7.5,108,4000000,3,beach|food|photography|relax|romantic,1,0.78195
83,39,0.5063,0,0,1,7320000,3,8.0,80,4000000,3,beach|food|photography|relax|romantic,0,0.45985
83,152,0.5025,0,0,1,10060000,3,8.7,54,4000000,3,beach|food|photography|relax|romantic,0,0.43805
83,209,0.5212,0,0,0,8360000,4,9.1,41,4000000,3,beach|food|photography|relax|romantic,0,0.4219
83,157,0.42887,0,0,0,11560000,5,9.6,14,4000000,3,beach|food|photography|relax|romantic,0,0.36013
83,233,0.5373,0,0,1,6800000,3,8.3,19,4000000,3,beach|food|photography|relax|romantic,0,0.49667
83,22,0.66082,1,0,1,8170000,3,8.5,27,4000000,3,beach|food|photography|relax|romantic,1,0.68255
83,14,0.5593,0,0,0,4940000,5,8.9,82,4000000,3,beach|food|photography|relax|romantic,0,0.53031
83,70,0.23842,1,0,0,7280000,4,8.7,47,4000000,3,beach|food|photography|relax|romantic,0,0.50794
83,196,0.61629,0,0,0,14200000,4,8.3,67,4000000,3,beach|food|photography|relax|romantic,0,0.45384
83,128,0.56645,0,0,1,13980000,3,9.1,49,4000000,3,beach|food|photography|relax|romantic,0,0.46891
83,96,0.66116,1,0,1,4840000,3,7.8,118,4000000,3,beach|food|photography|relax|romantic,1,0.80209
83,95,0.64461,0,0,0,12960000,4,7.5,31,4000000,3,beach|food|photography|relax|romantic,0,0.45774
83,220,0.46321,0,0,0,4760000,4,8.4,99,4000000,3,beach|food|photography|relax|romantic,1,0.52015
83,141,0.18007,0,0,0,4800000,2,8.6,28,4000000,3,beach|food|photography|relax|romantic,0,0.40163
83,87,0.64984,0,0,0,6390000,4,8.7,39,4000000,3,beach|food|photography|relax|romantic,1,0.53633
83,166,0.22477,0,0,0,6610000,4,7.9,101,4000000,3,beach|food|photography|relax|romantic,0,0.341
83,99,0.48467,0,0,0,7510000,5,8.5,34,4000000,3,beach|food|photography|relax|romantic,0,0.39216
83,19,0.57532,0,0,1,5280000,3,9.2,81,4000000,3,beach|food|photography|relax|romantic,1,0.58243
83,115,0.39614,1,0,0,6680000,4,8.7,31,4000000,3,beach|food|photography|relax|romantic,0,0.59818
83,32,0.59694,0,0,1,6600000,3,7.6,4,4000000,3,beach|food|photography|relax|romantic,0,0.52272
83,203,0.22968,0,0,0,4750000,2,8.4,43,4000000,3,beach|food|photography|relax|romantic,0,0.42247
83,163,0.4582,0,0,1,6910000,3,7.6,92,4000000,3,beach|food|photography|relax|romantic,0,0.45205
83,184,0.44603,1,0,1,5580000,3,7.6,35,4000000,3,beach|food|photography|relax|romantic,1,0.68013
83,186,0.18466,0,0,1,6850000,3,9.0,61,4000000,3,beach|food|photography|relax|romantic,0,0.35356
83,173,0.31327,0,0,1,7150000,3,9.4,6,4000000,3,beach|food|photography|relax|romantic,0,0.39957
83,143,0.62058,0,0,0,7280000,4,7.6,88,4000000,3,beach|food|photography|relax|romantic,0,0.47744
83,149,0.48851,0,0,0,6170000,5,7.9,53,4000000,3,beach|food|photography|relax|romantic,0,0.44138
83,90,0.31939,1,1,0,2330000,2,9.0,69,4000000,3,beach|food|photography|relax|romantic,0,0.67614
83,222,0.42237,0,0,0,10940000,4,9.6,70,4000000,3,beach|food|photography|relax|romantic,0,0.38539
83,30,0.21019,0,1,1,3620000,3,8.3,117,4000000,3,beach|food|photography|relax|romantic,1,0.47128
83,9,0.63781,1,0,0,9390000,4,8.0,60,4000000,3,beach|food|photography|relax|romantic,1,0.63988
83,221,0.67989,1,1,0,3220000,5,8.2,86,4000000,3,beach|food|photography|relax|romantic,1,0.79155
83,107,0.6214,0,0,1,6120000,3,9.4,13,4000000,3,beach|food|photography|relax|romantic,1,0.57019
83,181,0.65432,0,0,0,5530000,5,8.0,103,4000000,3,beach|food|photography|relax|romantic,1,0.53762
83,159,0.40799,1,0,0,11760000,2,9.2,85,4000000,3,beach|food|photography|relax|romantic,1,0.55536
83,76,0.65168,1,0,0,4280000,5,8.3,39,4000000,3,beach|food|photography|relax|romantic,1,0.7695
83,29,0.6177,0,0,1,11690000,3,7.6,35,4000000,3,beach|food|photography|relax|romantic,0,0.47543
83,205,0.18195,0,0,0,5780000,2,7.9,69,4000000,3,beach|food|photography|relax|romantic,0,0.35622
83,130,0.20314,1,0,0,6320000,4,8.0,10,4000000,3,beach|food|photography|relax|romantic,0,0.52452
83,77,0.32243,0,0,1,7160000,3,8.3,95,4000000,3,beach|food|photography|relax|romantic,0,0.39202
83,46,0.51662,0,0,1,8140000,3,9.5,53,4000000,3,beach|food|photography|relax|romantic,0,0.45198
83,52,0.4983,0,0,0,7200000,4,7.7,116,4000000,3,beach|food|photography|relax|romantic,0,0.43029
83,200,0.58542,0,0,0,7780000,4,8.8,20,4000000,3,beach|food|photography|relax|romantic,1,0.45468
83,168,0.57585,0,0,1,6140000,3,8.9,101,4000000,3,beach|food|photography|relax|romantic,0,0.54526
83,234,0.76412,1,1,0,3470000,4,7.4,6,4000000,3,beach|food|photography|relax|romantic,1,0.84693
83,219,0.51396,1,0,1,8840000,3,9.2,91,4000000,3,beach|food|photography|relax|romantic,0,0.62786
83,86,0.39838,1,0,1,10640000,3,9.1,83,4000000,3,beach|food|photography|relax|romantic,1,0.57832
83,171,0.5908,0,0,0,5570000,5,9.6,87,4000000,3,beach|food|photography|relax|romantic,0,0.52534
83,13,0.39381,1,0,1,10390000,3,8.6,44,4000000,3,beach|food|photography|relax|romantic,1,0.5714
83,55,0.18537,0,0,0,6780000,4,8.3,68,4000000,3,beach|food|photography|relax|romantic,0,0.32166
83,7,0.42257,0,0,0,7910000,5,9.3,13,4000000,3,beach|food|photography|relax|romantic,0,0.35808
83,167,0.43273,1,0,1,9750000,3,8.5,4,4000000,3,beach|food|photography|relax|romantic,0,0.58674
83,82,0.58469,0,0,0,6740000,2,8.9,16,4000000,3,beach|food|photography|relax|romantic,1,0.49697
83,208,0.34127,1,1,1,3970000,3,8.8,28,4000000,3,beach|food|photography|relax|romantic,1,0.71133
83,212,0.66564,1,0,1,7390000,3,8.7,47,4000000,3,beach|food|photography|relax|romantic,1,0.71097
84,14,0.74586,0,1,0,4940000,5,8.9,82,18000000,2,beach|budget|city|family|food,0,0.61826
84,184,0.49846,0,1,0,5580000,3,7.6,35,18000000,2,beach|budget|city|family|food,1,0.55735
84,148,0.22877,0,1,0,11060000,4,9.6,44,18000000,2,beach|budget|city|family|food,0,0.43608
84,185,0.27293,1,1,0,4000000,4,8.9,82,18000000,2,beach|budget|city|family|food,1,0.62763
84,13,0.3102,0,1,0,10390000,3,8.6,44,18000000,2,beach|budget|city|family|food,1,0.48828
84,240,0.11945,0,1,0,9370000,4,7.7,33,18000000,2,beach|budget|city|family|food,0,0.37117
84,57,0.57994,1,1,0,5360000,3,8.5,66,18000000,2,beach|budget|city|family|food,1,0.78057
84,52,0.29836,0,1,0,7200000,4,7.7,116,18000000,2,beach|budget|city|family|food,0,0.44631
84,2,0.31934,0,1,0,5410000,5,9.1,111,18000000,2,beach|budget|city|family|food,0,0.44112
84,222,0.21292,0,1,0,10940000,4,9.6,70,18000000,2,beach|budget|city|family|food,0,0.42943
84,223,0.37462,0,1,0,6120000,4,7.6,85,18000000,2,beach|budget|city|family|food,0,0.47734
84,96,0.24796,1,1,0,4840000,3,7.8,118,18000000,2,beach|budget|city|family|food,0,0.63414
84,94,0.42925,1,1,1,5190000,2,8.3,80,18000000,2,beach|budget|city|family|food,1,0.74329
84,150,0.47461,0,1,1,9710000,2,8.3,87,18000000,2,beach|budget|city|family|food,1,0.58233
84,3,0.32962,0,1,0,8200000,4,7.5,120,18000000,2,beach|budget|city|family|food,0,0.45744
84,186,0.52416,0,1,0,6850000,3,9.0,61,18000000,2,beach|budget|city|family|food,1,0.58215
84,25,0.24194,1,1,0,5890000,4,9.1,67,18000000,2,beach|budget|city|family|food,1,0.61662
84,191,0.21634,0,1,0,6590000,4,7.5,40,18000000,2,beach|budget|city|family|food,0,0.40986
84,144,0.10752,0,1,1,7040000,2,9.6,16,18000000,2,beach|budget|city|family|food,1,0.44116
84,27,0.12678,0,1,1,6140000,2,8.9,98,18000000,2,beach|budget|city|family|food,0,0.44225
84,214,0.7398,0,1,0,4300000,4,7.8,103,18000000,2,beach|budget|city|family|food,1,0.63272
84,122,0.33183,0,1,0,5960000,3,9.4,46,18000000,2,beach|budget|city|family|food,0,0.50537
84,107,0.344,0,1,0,6120000,3,9.4,13,18000000,2,beach|budget|city|family|food,0,0.51048
84,200,0.62164,0,1,0,7780000,4,8.8,20,18000000,2,beach|budget|city|family|food,0,0.59309
84,43,0.27707,0,1,0,8280000,3,8.4,120,18000000,2,beach|budget|city|family|food,0,0.47237
84,12,0.33547,1,1,0,5140000,4,9.6,114,18000000,2,beach|budget|city|family|food,0,0.6609
84,36,0.23904,1,1,0,4630000,4,9.0,57,18000000,2,beach|budget|city|family|food,1,0.6144
84,105,0.29489,0,1,0,12640000,4,8.4,30,18000000,2,beach|budget|city|family|food,0,0.45185
84,38,0.71439,0,1,0,3520000,3,8.5,21,18000000,2,beach|budget|city|family|food,1,0.65705
84,217,0.55775,1,1,0,6180000,5,8.0,78,18000000,2,beach|budget|city|family|food,1,0.71025
84,30,0.05918,0,1,0,3620000,3,8.3,117,18000000,2,beach|budget|city|family|food,0,0.37985
84,120,0.75862,0,1,0,7330000,3,9.1,82,18000000,2,beach|budget|city|family|food,1,0.68162
84,136,0.21271,0,1,0,6220000,3,8.1,117,18000000,2,beach|budget|city|family|food,0,0.44234
84,23,0.15047,0,1,0,7230000,4,8.5,118,18000000,2,beach|budget|city|family|food,0,0.3922
84,197,0.70807,0,1,0,6280000,3,9.2,55,18000000,2,beach|budget|city|family|food,1,0.66139
84,5,0.33783,0,1,0,15690000,5,8.2,115,18000000,2,beach|budget|city|family|food,0,0.43989
84,74,0.59655,1,1,0,3870000,5,7.7,59,18000000,2,beach|budget|city|family|food,1,0.72355
84,198,0.23066,1,1,0,5820000,3,8.6,8,18000000,2,beach|budget|city|family|food,0,0.63488
84,206,0.28832,0,1,0,4060000,3,9.0,5,18000000,2,beach|budget|city|family|food,0,0.4831
84,216,0.60964,1,1,0,5630000,4,9.4,104,18000000,2,beach|budget|city|family|food,1,0.77405
84,115,0.42605,0,1,0,6680000,4,8.7,31,18000000,2,beach|budget|city|family|food,0,0.50994
84,83,0.38697,0,1,0,13980000,3,9.5,52,18000000,2,beach|budget|city|family|food,1,0.52953
84,45,0.08366,0,1,0,8730000,3,8.1,21,18000000,2,beach|budget|city|family|food,0,0.38814
84,199,0.22368,0,1,0,7500000,4,8.6,40,18000000,2,beach|budget|city|family|food,0,0.42395
84,39,0.22098,0,1,0,7320000,3,8.0,80,18000000,2,beach|budget|city|family|food,0,0.44481
84,195,0.28048,1,1,0,5880000,5,8.4,105,18000000,2,beach|budget|city|family|food,0,0.5978
84,180,0.24779,1,1,0,5160000,4,9.3,30,18000000,2,beach|budget|city|family|food,0,0.62107
84,46,0.19506,0,1,0,8140000,3,9.5,53,18000000,2,beach|budget|city|family|food,1,0.44893
84,64,0.25039,1,1,0,3540000,3,9.1,12,18000000,2,beach|budget|city|family|food,1,0.64816
84,189,0.48979,1,1,0,2850000,4,7.7,89,18000000,2,beach|budget|city|family|food,1,0.70671
84,124,0.05353,0,1,0,7340000,5,8.1,59,18000000,2,beach|budget|city|family|food,0,0.31948
84,204,0.33824,0,1,0,12320000,5,8.3,93,18000000,2,beach|budget|city|family|food,0,0.44106
84,166,0.04621,0,1,0,6610000,4,7.9,101,18000000,2,beach|budget|city|family|food,0,0.34241
84,236,0.43997,0,1,0,14120000,4,8.3,70,18000000,2,beach|budget|city|family|food,0,0.51179
84,41,0.70141,0,1,0,6960000,4,9.1,101,18000000,2,beach|budget|city|family|food,1,0.62959
84,31,0.43772,0,1,1,9440000,2,9.1,25,18000000,2,beach|budget|city|family|food,0,0.57484
84,11,0.63975,1,1,0,8160000,4,8.8,13,18000000,2,beach|budget|city|family|food,1,0.7807
84,177,0.45127,0,1,0,11590000,4,7.5,90,18000000,2,beach|budget|city|family|food,0,0.50853
84,108,0.24024,0,1,0,5210000,5,7.8,114,18000000,2,beach|budget|city|family|food,0,0.3949
84,84,0.49502,1,1,1,4910000,2,9.6,25,18000000,2,beach|budget|city|family|food,1,0.78391
84,194,0.36819,0,1,0,8690000,3,9.4,66,18000000,2,beach|budget|city|family|food,0,0.52064
84,110,0.26603,0,1,0,7520000,4,9.4,73,18000000,2,beach|budget|city|family|food,0,0.44973
84,117,0.61718,1,1,0,4370000,3,8.4,32,18000000,2,beach|budget|city|family|food,1,0.79522
84,125,0.58214,1,1,0,8660000,3,8.0,70,18000000,2,beach|budget|city|family|food,1,0.7765
84,169,0.34253,0,1,0,5620000,5,8.8,5,18000000,2,beach|budget|city|family|food,0,0.44786
84,26,0.27182,1,1,0,4310000,4,9.7,29,18000000,2,beach|budget|city|family|food,1,0.63517
84,44,0.26338,0,1,0,5620000,4,7.4,19,18000000,2,beach|budget|city|family|food,0,0.42862
84,239,0.46406,0,1,0,5380000,3,7.5,103,18000000,2,beach|budget|city|family|food,0,0.5419
84,179,0.33391,0,1,0,5280000,3,9.5,68,18000000,2,beach|budget|city|family|food,0,0.50724
84,62,0.32803,0,1,0,15980000,4,7.5,22,18000000,2,beach|budget|city|family|food,0,0.45677
85,28,0.54192,0,0,0,12790000,4,8.6,66,6000000,3,beach|food|photography|relax|romantic,0,0.42561
85,56,0.55768,0,0,1,12680000,3,9.5,77,6000000,3,beach|food|photography|relax|romantic,0,0.46923
85,149,0.34324,1,0,0,6170000,5,7.9,53,6000000,3,beach|food|photography|relax|romantic,1,0.64263
85,169,0.55643,0,1,0,5620000,5,8.8,5,6000000,3,beach|food|photography|relax|romantic,0,0.5657
85,107,0.61067,0,0,1,6120000,3,9.4,13,6000000,3,beach|food|photography|relax|romantic,0,0.64728
85,106,0.15771,0,1,1,3480000,3,7.6,42,6000000,3,beach|food|photography|relax|romantic,0,0.44224
85,179,0.60975,0,1,1,5280000,3,9.5,68,6000000,3,beach|food|photography|relax|romantic,0,0.65109
85,66,0.40348,1,0,0,7950000,5,8.3,83,6000000,3,beach|food|photography|relax|romantic,1,0.62446
85,61,0.27414,0,1,0,3850000,2,7.4,61,6000000,3,beach|food|photography|relax|romantic,0,0.46114
85,218,0.35701,0,0,0,11480000,4,8.8,31,6000000,3,beach|food|photography|relax|romantic,0,0.36381
85,55,0.27172,0,0,0,6780000,4,8.3,68,6000000,3,beach|food|photography|relax|romantic,0,0.44832
85,37,0.11885,0,0,0,7470000,4,9.4,37,6000000,3,beach|food|photography|relax|romantic,0,0.37672
85,233,0.39588,1,0,1,6800000,3,8.3,19,6000000,3,beach|food|photography|relax|romantic,1,0.70794
85,9,0.61905,0,0,0,9390000,4,8.0,60,6000000,3,beach|food|photography|relax|romantic,1,0.5216
85,19,0.48268,0,1,1,5280000,3,9.2,81,6000000,3,beach|food|photography|relax|romantic,1,0.59473
85,117,0.15104,1,1,1,4370000,3,8.4,32,6000000,3,beach|food|photography|relax|romantic,1,0.62744
85,90,0.258,0,1,0,2330000,2,9.0,69,6000000,3,beach|food|photography|relax|romantic,1,0.47036
85,21,0.30389,1,0,0,7690000,5,7.8,21,6000000,3,beach|food|photography|relax|romantic,0,0.58457
85,119,0.2291,0,0,0,6250000,4,7.4,42,6000000,3,beach|food|photography|relax|romantic,0,0.43556
85,75,0.64051,0,0,1,14320000,3,8.5,11,6000000,3,beach|food|photography|relax|romantic,0,0.49401
85,229,0.34465,0,0,0,10990000,4,8.5,60,6000000,3,beach|food|photography|relax|romantic,0,0.36869
85,240,0.25965,0,0,0,9370000,4,7.7,33,6000000,3,beach|food|photography|relax|romantic,0,0.36818
85,70,0.15788,0,0,0,7280000,4,8.7,47,6000000,3,beach|food|photography|relax|romantic,0,0.39118
85,176,0.55081,0,0,0,7390000,5,9.1,92,6000000,3,beach|food|photography|relax|romantic,0,0.52927
85,20,0.58686,0,0,0,6490000,2,8.3,67,6000000,3,beach|food|photography|relax|romantic,0,0.58842
85,225,0.76175,0,1,0,5050000,5,8.1,21,6000000,3,beach|food|photography|relax|romantic,0,0.64494
85,112,0.44044,0,1,1,5970000,3,8.8,119,6000000,3,beach|food|photography|relax|romantic,1,0.57298
85,188,0.20176,1,1,0,2280000,2,7.5,73,6000000,3,beach|food|photography|relax|romantic,1,0.61174
85,199,0.55531,0,0,0,7500000,4,8.6,40,6000000,3,beach|food|photography|relax|romantic,0,0.55123
85,143,0.55851,0,0,0,7280000,4,7.6,88,6000000,3,beach|food|photography|relax|romantic,0,0.54844
85,165,0.59254,0,0,0,10700000,4,7.6,38,6000000,3,beach|food|photography|relax|romantic,0,0.47153
85,201,0.52411,0,0,0,8110000,5,8.7,69,6000000,3,beach|food|photography|relax|romantic,1,0.49486
85,96,0.75932,0,1,1,4840000,3,7.8,118,6000000,3,beach|food|photography|relax|romantic,1,0.69691
85,145,0.57189,0,1,0,5440000,5,7.9,10,6000000,3,beach|food|photography|relax|romantic,0,0.56319
85,206,0.51183,0,1,1,4060000,3,9.0,5,6000000,3,beach|food|photography|relax|romantic,1,0.60497
85,99,0.33334,1,0,0,7510000,5,8.5,34,6000000,3,beach|food|photography|relax|romantic,1,0.60874
85,4,0.56656,0,0,0,6540000,5,8.5,51,6000000,3,beach|food|photography|relax|romantic,0,0.55256
85,87,0.54698,0,0,0,6390000,4,8.7,39,6000000,3,beach|food|photography|relax|romantic,1,0.57833
85,30,0.31064,0,1,1,3620000,3,8.3,117,6000000,3,beach|food|photography|relax|romantic,0,0.51347
85,24,0.53213,0,1,0,5890000,5,8.1,9,6000000,3,beach|food|photography|relax|romantic,0,0.5485
85,51,0.61803,0,0,0,11500000,5,7.8,99,6000000,3,beach|food|photography|relax|romantic,0,0.4349
85,98,0.81038,0,1,0,3780000,5,8.1,109,6000000,3,beach|food|photography|relax|romantic,1,0.66536
85,190,0.32447,1,0,0,9710000,4,9.4,24,6000000,3,beach|food|photography|relax|romantic,0,0.58335
85,209,0.6044,0,0,0,8360000,4,9.1,41,6000000,3,beach|food|photography|relax|romantic,0,0.55391
85,171,0.45509,0,1,0,5570000,5,9.6,87,6000000,3,beach|food|photography|relax|romantic,0,0.53114
85,226,0.43695,0,0,1,7020000,3,9.0,111,6000000,3,beach|food|photography|relax|romantic,1,0.54632
85,193,0.57702,0,0,1,9300000,3,8.2,66,6000000,3,beach|food|photography|relax|romantic,1,0.53635
85,25,0.7769,0,1,0,5890000,4,9.1,67,6000000,3,beach|food|photography|relax|romantic,1,0.6893
85,166,0.33412,0,0,0,6610000,4,7.9,101,6000000,3,beach|food|photography|relax|romantic,0,0.47507
85,38,0.54122,0,1,1,3520000,3,8.5,21,6000000,3,beach|food|photography|relax|romantic,0,0.61231
85,47,0.51737,0,0,1,6300000,3,8.3,85,6000000,3,beach|food|photography|relax|romantic,0,0.5923
85,200,0.46834,0,0,0,7780000,4,8.8,20,6000000,3,beach|food|photography|relax|romantic,0,0.50923
85,94,0.2127,1,1,0,5190000,2,8.3,80,6000000,3,beach|food|photography|relax|romantic,0,0.62433
85,228,0.29501,0,0,1,7690000,3,7.6,7,6000000,3,beach|food|photography|relax|romantic,0,0.45484
85,136,0.47047,0,0,1,6220000,3,8.1,117,6000000,3,beach|food|photography|relax|romantic,0,0.57273
85,44,0.53015,0,1,0,5620000,4,7.4,19,6000000,3,beach|food|photography|relax|romantic,1,0.56866
85,153,0.60759,0,0,0,8920000,5,9.0,5,6000000,3,beach|food|photography|relax|romantic,0,0.51132
85,157,0.5331,0,0,0,11560000,5,9.6,14,6000000,3,beach|food|photography|relax|romantic,1,0.41564
85,138,0.45234,0,0,1,11540000,3,8.0,95,6000000,3,beach|food|photography|relax|romantic,0,0.42225
85,108,0.53999,0,1,0,5210000,5,7.8,114,6000000,3,beach|food|photography|relax|romantic,0,0.5488
85,237,0.1463,1,1,1,4570000,3,9.1,117,6000000,3,beach|food|photography|relax|romantic,1,0.63244
85,57,0.3152,1,1,1,5360000,3,8.5,66,6000000,3,beach|food|photography|relax|romantic,1,0.69738
85,42,0.16331,1,1,0,5460000,2,8.4,104,6000000,3,beach|food|photography|relax|romantic,1,0.60459
85,158,0.52128,0,0,1,13970000,3,8.9,45,6000000,3,beach|food|photography|relax|romantic,1,0.44794
85,73,0.76327,0,0,1,7600000,3,8.4,56,6000000,3,beach|food|photography|relax|romantic,1,0.6619
85,60,0.11858,1,1,0,2850000,4,8.8,84,6000000,3,beach|food|photography|relax|romantic,1,0.5898
85,32,0.58523,0,0,1,6600000,3,7.6,4,6000000,3,beach|food|photography|relax|romantic,1,0.6058
85,17,0.58438,0,0,0,11980000,4,8.3,109,6000000,3,beach|food|photography|relax|romantic,0,0.44097
85,54,0.46345,0,0,0,8910000,5,7.6,95,6000000,3,beach|food|photography|relax|romantic,0,0.43705
85,142,0.19719,1,0,0,6670000,4,9.5,72,6000000,3,beach|food|photography|relax|romantic,0,0.61195
86,184,0.53918,0,1,0,5580000,3,7.6,35,8000000,2,beach|cruise|luxury|relax|romantic,1,0.57446
86,231,0.02168,1,1,0,3590000,4,9.4,36,8000000,2,beach|cruise|luxury|relax|romantic,1,0.5271
86,71,0.12154,0,0,0,8030000,3,9.5,81,8000000,2,beach|cruise|luxury|relax|romantic,0,0.41745
86,200,0.13032,0,1,0,7780000,4,8.8,20,8000000,2,beach|cruise|luxury|relax|romantic,0,0.38673
86,129,0.08375,1,1,0,4650000,5,9.7,7,8000000,2,beach|cruise|luxury|relax|romantic,1,0.52818
86,229,0.58231,0,0,0,10990000,4,8.5,60,8000000,2,beach|cruise|luxury|relax|romantic,1,0.51377
86,23,0.02951,1,1,0,7230000,4,8.5,118,8000000,2,beach|cruise|luxury|relax|romantic,1,0.52139
86,235,0.34981,0,0,0,8550000,3,9.7,29,8000000,2,beach|cruise|luxury|relax|romantic,1,0.50492
86,181,0.21121,0,1,0,5530000,5,8.0,103,8000000,2,beach|cruise|luxury|relax|romantic,0,0.38471
86,149,0.24372,0,1,0,6170000,5,7.9,53,8000000,2,beach|cruise|luxury|relax|romantic,0,0.39736
86,111,0.0,1,1,1,3320000,2,7.8,110,8000000,2,beach|cruise|luxury|relax|romantic,0,0.558
86,133,0.07155,0,1,0,5680000,3,9.6,72,8000000,2,beach|cruise|luxury|relax|romantic,0,0.39805
86,191,0.27394,0,1,0,6590000,4,7.5,40,8000000,2,beach|cruise|luxury|relax|romantic,0,0.43406
86,101,0.15003,0,0,0,9040000,5,7.7,53,8000000,2,beach|cruise|luxury|relax|romantic,0,0.33521
86,168,0.67472,1,1,0,6140000,3,8.9,101,8000000,2,beach|cruise|luxury|relax|romantic,1,0.82438
86,9,0.59802,0,0,0,9390000,4,8.0,60,8000000,2,beach|cruise|luxury|relax|romantic,0,0.54737
86,48,0.29295,0,1,0,4820000,4,9.2,103,8000000,2,beach|cruise|luxury|relax|romantic,1,0.45904
86,224,0.49514,0,0,0,9610000,5,8.2,93,8000000,2,beach|cruise|luxury|relax|romantic,1,0.47376
86,197,0.22422,0,1,0,6280000,3,9.2,55,8000000,2,beach|cruise|luxury|relax|romantic,0,0.45817
86,122,0.25411,0,1,0,5960000,3,9.4,46,8000000,2,beach|cruise|luxury|relax|romantic,0,0.47273
86,201,0.58791,1,0,0,8110000,5,8.7,69,8000000,2,beach|cruise|luxury|relax|romantic,0,0.72772
86,240,0.01605,1,0,0,9370000,4,7.7,33,8000000,2,beach|cruise|luxury|relax|romantic,0,0.48034
86,124,0.01628,1,1,0,7340000,5,8.1,59,8000000,2,beach|cruise|luxury|relax|romantic,1,0.48384
86,87,0.19686,0,1,0,6390000,4,8.7,39,8000000,2,beach|cruise|luxury|relax|romantic,0,0.41368
86,21,0.17071,0,1,0,7690000,5,7.8,21,8000000,2,beach|cruise|luxury|relax|romantic,0,0.3657
86,151,0.3547,0,1,0,7800000,3,7.8,89,8000000,2,beach|cruise|luxury|relax|romantic,0,0.49898
86,84,0.10626,0,1,1,4910000,2,9.6,25,8000000,2,beach|cruise|luxury|relax|romantic,0,0.44063
86,16,0.18253,0,1,0,6240000,3,9.3,113,8000000,2,beach|cruise|luxury|relax|romantic,0,0.44166
86,180,0.3907,0,1,0,5160000,4,9.3,30,8000000,2,beach|cruise|luxury|relax|romantic,0,0.50109
86,113,0.53399,0,0,0,8040000,3,9.3,109,8000000,2,beach|cruise|luxury|relax|romantic,1,0.58847
86,142,0.18821,0,1,0,6670000,4,9.5,72,8000000,2,beach|cruise|luxury|relax|romantic,0,0.41805
86,60,0.08386,0,1,0,2850000,4,8.8,84,8000000,2,beach|cruise|luxury|relax|romantic,0,0.36722
86,134,0.34978,0,1,0,3330000,4,7.8,89,8000000,2,beach|cruise|luxury|relax|romantic,0,0.46891
86,61,0.14233,1,1,1,3850000,2,7.4,61,8000000,2,beach|cruise|luxury|relax|romantic,1,0.61378
86,202,0.08482,0,1,1,3200000,2,9.2,60,8000000,2,beach|cruise|luxury|relax|romantic,0,0.42763
86,69,0.28426,0,1,1,5280000,2,8.1,71,8000000,2,beach|cruise|luxury|relax|romantic,1,0.50039
86,164,0.10384,0,1,0,2350000,3,9.4,29,8000000,2,beach|cruise|luxury|relax|romantic,0,0.40961
86,203,0.05549,0,1,1,4750000,2,8.4,43,8000000,2,beach|cruise|luxury|relax|romantic,0,0.4073
86,112,0.64768,0,1,0,5970000,3,8.8,119,8000000,2,beach|cruise|luxury|relax|romantic,0,0.63203
86,117,0.19621,0,1,0,4370000,3,8.4,32,8000000,2,beach|cruise|luxury|relax|romantic,0,0.43841
86,37,0.04879,0,1,0,7470000,4,9.4,37,8000000,2,beach|cruise|luxury|relax|romantic,0,0.35849
86,20,0.32206,0,1,1,6490000,2,8.3,67,8000000,2,beach|cruise|luxury|relax|romantic,0,0.51826
86,64,0.45346,0,1,0,3540000,3,9.1,12,8000000,2,beach|cruise|luxury|relax|romantic,1,0.55345
86,53,0.36211,0,1,0,6850000,4,8.6,65,8000000,2,beach|cruise|luxury|relax|romantic,0,0.48209
86,204,0.60071,1,0,0,12320000,5,8.3,93,8000000,2,beach|cruise|luxury|relax|romantic,1,0.6449
86,171,0.1704,0,1,0,5570000,5,9.6,87,8000000,2,beach|cruise|luxury|relax|romantic,0,0.38357
86,140,0.49048,0,1,0,3330000,5,9.2,94,8000000,2,beach|cruise|luxury|relax|romantic,0,0.514
86,15,0.06804,0,1,0,7150000,3,8.9,23,8000000,2,beach|cruise|luxury|relax|romantic,0,0.38958
86,68,0.2208,0,1,0,6910000,3,9.3,96,8000000,2,beach|cruise|luxury|relax|romantic,0,0.45774
86,78,0.10938,0,1,0,6430000,4,9.1,48,8000000,2,beach|cruise|luxury|relax|romantic,0,0.38094
86,187,0.25702,0,1,0,4850000,4,9.4,44,8000000,2,beach|cruise|luxury|relax|romantic,0,0.44595
86,81,0.06421,0,1,0,4940000,4,9.0,17,8000000,2,beach|cruise|luxury|relax|romantic,0,0.36097
86,209,0.4177,0,0,0,8360000,4,9.1,41,8000000,2,beach|cruise|luxury|relax|romantic,1,0.50323
86,55,0.0,1,1,0,6780000,4,8.3,68,8000000,2,beach|cruise|luxury|relax|romantic,0,0.507
86,160,0.39743,0,1,0,3970000,4,9.2,69,8000000,2,beach|cruise|luxury|relax|romantic,0,0.50292
86,45,0.04671,1,0,0,8730000,3,8.1,21,8000000,2,beach|cruise|luxury|relax|romantic,0,0.53802
86,176,0.57984,1,1,0,7390000,5,9.1,92,8000000,2,beach|cruise|luxury|relax|romantic,1,0.73053
86,83,0.63955,1,0,0,13980000,3,9.5,52,8000000,2,beach|cruise|luxury|relax|romantic,1,0.69601
86,24,0.22197,0,1,0,5890000,5,8.1,9,8000000,2,beach|cruise|luxury|relax|romantic,0,0.39023
86,104,0.03523,1,0,0,8930000,4,7.4,95,8000000,2,beach|cruise|luxury|relax|romantic,0,0.49419
86,213,0.29645,0,1,0,5480000,4,9.1,25,8000000,2,beach|cruise|luxury|relax|romantic,0,0.45951
86,85,0.50379,0,0,0,11800000,3,9.0,111,8000000,2,beach|cruise|luxury|relax|romantic,0,0.49759
86,12,0.38765,0,1,0,5140000,4,9.6,114,8000000,2,beach|cruise|luxury|relax|romantic,0,0.50281
86,183,0.3938,0,1,0,6720000,5,8.9,109,8000000,2,beach|cruise|luxury|relax|romantic,0,0.4704
86,153,0.22162,0,0,0,8920000,5,9.0,5,8000000,2,beach|cruise|luxury|relax|romantic,0,0.38068
86,35,0.23244,0,1,0,4230000,3,7.8,93,8000000,2,beach|cruise|luxury|relax|romantic,0,0.44763
86,75,0.6503,1,0,0,14320000,3,8.5,11,8000000,2,beach|cruise|luxury|relax|romantic,1,0.68373
86,167,0.6308,0,0,0,9750000,3,8.5,4,8000000,2,beach|cruise|luxury|relax|romantic,0,0.58694
86,125,0.24264,0,0,0,8660000,3,8.0,70,8000000,2,beach|cruise|luxury|relax|romantic,0,0.44071
86,50,0.05842,1,1,1,5180000,2,9.5,104,8000000,2,beach|cruise|luxury|relax|romantic,1,0.59953
87,24,0.31402,0,1,1,5890000,5,8.1,9,6000000,5,beach|cruise|luxury|relax|romantic,0,0.51289
87,166,0.12448,0,0,0,6610000,4,7.9,101,6000000,5,beach|cruise|luxury|relax|romantic,0,0.38701
87,209,0.53545,0,0,0,8360000,4,9.1,41,6000000,5,beach|cruise|luxury|relax|romantic,1,0.52496
87,11,0.19523,0,0,0,8160000,4,8.8,13,6000000,5,beach|cruise|luxury|relax|romantic,0,0.3844
87,215,0.07421,0,1,0,3960000,4,7.5,73,6000000,5,beach|cruise|luxury|relax|romantic,0,0.37817
87,163,0.52756,0,0,0,6910000,3,7.6,92,6000000,5,beach|cruise|luxury|relax|romantic,0,0.51731
87,119,0.09438,0,0,0,6250000,4,7.4,42,6000000,5,beach|cruise|luxury|relax|romantic,0,0.37897
87,216,0.25819,0,1,0,5630000,4,9.4,104,6000000,5,beach|cruise|luxury|relax|romantic,0,0.47444
87,171,0.26,0,1,1,5570000,5,9.6,87,6000000,5,beach|cruise|luxury|relax|romantic,0,0.5052
87,169,0.72415,1,1,1,5620000,5,8.8,5,6000000,5,beach|cruise|luxury|relax|romantic,1,0.87214
87,228,0.10579,0,0,0,7690000,3,7.6,7,6000000,5,beach|cruise|luxury|relax|romantic,0,0.31936
87,113,0.4907,0,0,0,8040000,3,9.3,109,6000000,5,beach|cruise|luxury|relax|romantic,0,0.48869
87,35,0.18451,1,1,0,4230000,3,7.8,93,6000000,5,beach|cruise|luxury|relax|romantic,1,0.57949
87,71,0.02577,0,0,0,8030000,3,9.5,81,6000000,5,beach|cruise|luxury|relax|romantic,0,0.29569
87,232,0.19897,0,0,0,10030000,3,8.8,50,6000000,5,beach|cruise|luxury|relax|romantic,0,0.3081
87,31,0.46317,0,0,0,9440000,2,9.1,25,6000000,5,beach|cruise|luxury|relax|romantic,0,0.4098
87,10,0.50513,0,1,0,3750000,4,9.7,57,6000000,5,beach|cruise|luxury|relax|romantic,1,0.58115
87,144,0.1398,0,0,0,7040000,2,9.6,16,6000000,5,beach|cruise|luxury|relax|romantic,0,0.34298
87,3,0.52656,0,0,0,8200000,4,7.5,120,6000000,5,beach|cruise|luxury|relax|romantic,0,0.50949
87,225,0.40764,0,1,1,5050000,5,8.1,21,6000000,5,beach|cruise|luxury|relax|romantic,1,0.55221
87,108,0.61876,0,1,1,5210000,5,7.8,114,6000000,5,beach|cruise|luxury|relax|romantic,1,0.63788
87,18,0.03648,0,0,0,6100000,2,7.8,84,6000000,5,beach|cruise|luxury|relax|romantic,0,0.30665
87,85,0.56462,0,0,0,11800000,3,9.0,111,6000000,5,beach|cruise|luxury|relax|romantic,0,0.41647
87,141,0.03288,0,1,0,4800000,2,8.6,28,6000000,5,beach|cruise|luxury|relax|romantic,0,0.31581
87,5,0.66772,1,0,1,15690000,5,8.2,115,6000000,5,beach|cruise|luxury|relax|romantic,0,0.68244
87,147,0.30746,0,0,0,8820000,3,8.4,18,6000000,5,beach|cruise|luxury|relax|romantic,0,0.38193
87,145,0.72242,1,1,1,5440000,5,7.9,10,6000000,5,beach|cruise|luxury|relax|romantic,1,0.86242
87,208,0.02839,0,1,0,3970000,3,8.8,28,6000000,5,beach|cruise|luxury|relax|romantic,0,0.34392
87,123,0.25664,0,0,0,7390000,4,8.7,91,6000000,5,beach|cruise|luxury|relax|romantic,0,0.42972
87,74,0.24854,0,1,1,3870000,5,7.7,59,6000000,5,beach|cruise|luxury|relax|romantic,0,0.48139
87,192,0.12761,0,1,0,4770000,2,9.4,30,6000000,5,beach|cruise|luxury|relax|romantic,0,0.3636
87,13,0.53189,0,0,0,10390000,3,8.6,44,6000000,5,beach|cruise|luxury|relax|romantic,0,0.43633
87,55,0.05725,0,0,0,6780000,4,8.3,68,6000000,5,beach|cruise|luxury|relax|romantic,0,0.35824
87,17,0.74902,1,0,0,11980000,4,8.3,109,6000000,5,beach|cruise|luxury|relax|romantic,1,0.69012
87,29,0.74613,1,0,0,11690000,3,7.6,35,6000000,5,beach|cruise|luxury|relax|romantic,1,0.66164
87,183,0.50248,0,0,1,6720000,5,8.9,109,6000000,5,beach|cruise|luxury|relax|romantic,0,0.58084
87,222,0.4952,0,0,0,10940000,4,9.6,70,6000000,5,beach|cruise|luxury|relax|romantic,0,0.44425
87,226,0.5371,0,0,0,7020000,3,9.0,111,6000000,5,beach|cruise|luxury|relax|romantic,0,0.53238
87,218,0.44208,0,0,0,11480000,4,8.8,31,6000000,5,beach|cruise|luxury|relax|romantic,0,0.39954
87,202,0.02436,0,1,0,3200000,2,9.2,60,6000000,5,beach|cruise|luxury|relax|romantic,0,0.31823
87,140,0.53229,0,1,1,3330000,5,9.2,94,6000000,5,beach|cruise|luxury|relax|romantic,1,0.61556
87,102,0.20091,0,0,0,7740000,4,9.2,79,6000000,5,beach|cruise|luxury|relax|romantic,0,0.40198
87,88,0.06045,0,0,0,6870000,4,9.3,31,6000000,5,beach|cruise|luxury|relax|romantic,0,0.36719
87,224,0.56604,0,0,1,9610000,5,8.2,93,6000000,5,beach|cruise|luxury|relax|romantic,0,0.52347
87,61,0.1446,0,1,0,3850000,2,7.4,61,6000000,5,beach|cruise|luxury|relax|romantic,0,0.35073
87,196,0.76377,1,0,0,14200000,4,8.3,67,6000000,5,beach|cruise|luxury|relax|romantic,1,0.69578
87,37,0.03222,0,0,0,7470000,4,9.4,37,6000000,5,beach|cruise|luxury|relax|romantic,0,0.34033
87,84,0.03662,0,1,0,4910000,2,9.6,25,6000000,5,beach|cruise|luxury|relax|romantic,0,0.32738
87,87,0.2861,0,0,0,6390000,4,8.7,39,6000000,5,beach|cruise|luxury|relax|romantic,0,0.46876
87,43,0.30319,1,0,0,8280000,3,8.4,120,6000000,5,beach|cruise|luxury|relax|romantic,1,0.57454
87,191,0.21608,1,0,0,6590000,4,7.5,40,6000000,5,beach|cruise|luxury|relax|romantic,0,0.60202
87,184,0.48787,0,1,0,5580000,3,7.6,35,6000000,5,beach|cruise|luxury|relax|romantic,0,0.52491
87,195,0.51482,0,1,1,5880000,5,8.4,105,6000000,5,beach|cruise|luxury|relax|romantic,0,0.60023
87,2,0.73827,1,1,1,5410000,5,9.1,111,6000000,5,beach|cruise|luxury|relax|romantic,1,0.88107
87,223,0.25384,1,0,0,6120000,4,7.6,85,6000000,5,beach|cruise|luxury|relax|romantic,0,0.63141
87,168,0.73066,1,0,0,6140000,3,8.9,101,6000000,5,beach|cruise|luxury|relax|romantic,1,0.81614
87,120,0.24934,0,0,0,7330000,3,9.1,82,6000000,5,beach|cruise|luxury|relax|romantic,0,0.40426
87,162,0.32659,0,0,1,8680000,5,8.6,43,6000000,5,beach|cruise|luxury|relax|romantic,0,0.4517
87,38,0.3051,0,1,0,3520000,3,8.5,21,6000000,5,beach|cruise|luxury|relax|romantic,0,0.45714
87,153,0.32856,0,0,1,8920000,5,9.0,5,6000000,5,beach|cruise|luxury|relax|romantic,0,0.45013
87,34,0.1783,0,1,1,4830000,5,7.8,107,6000000,5,beach|cruise|luxury|relax|romantic,0,0.45289
87,143,0.37534,1,0,0,7280000,4,7.6,88,6000000,5,beach|cruise|luxury|relax|romantic,1,0.65151
87,152,0.55027,0,0,0,10060000,3,8.7,54,6000000,5,beach|cruise|luxury|relax|romantic,0,0.45385
87,176,0.67348,1,0,1,7390000,5,9.1,92,6000000,5,beach|cruise|luxury|relax|romantic,1,0.8168
87,110,0.20137,1,0,0,7520000,4,9.4,73,6000000,5,beach|cruise|luxury|relax|romantic,1,0.59004
87,83,0.7742,1,0,0,13980000,3,9.5,52,6000000,5,beach|cruise|luxury|relax|romantic,1,0.68416
87,193,0.76418,1,0,0,9300000,3,8.2,66,6000000,5,beach|cruise|luxury|relax|romantic,1,0.73895
87,104,0.06662,0,0,0,8930000,4,7.4,95,6000000,5,beach|cruise|luxury|relax|romantic,0,0.29585
87,20,0.2984,1,0,0,6490000,2,8.3,67,6000000,5,beach|cruise|luxury|relax|romantic,1,0.59126
87,91,0.71221,1,1,1,5890000,5,9.6,48,6000000,5,beach|cruise|luxury|relax|romantic,1,0.87513
88,67,0.20361,1,1,0,3730000,3,9.5,8,10000000,4,beach|food|photography|relax|romantic,1,0.63251
88,77,0.27199,1,1,0,7160000,3,8.3,95,10000000,4,beach|food|photography|relax|romantic,1,0.64923
88,74,0.52138,0,1,0,3870000,5,7.7,59,10000000,4,beach|food|photography|relax|romantic,0,0.56798
88,9,0.69561,0,1,1,9390000,4,8.0,60,10000000,4,beach|food|photography|relax|romantic,1,0.67215
88,120,0.59894,0,1,0,7330000,3,9.1,82,10000000,4,beach|food|photography|relax|romantic,1,0.61455
88,102,0.25504,1,1,1,7740000,4,9.2,79,10000000,4,beach|food|photography|relax|romantic,1,0.67912
88,132,0.26221,1,1,0,7100000,3,9.1,74,10000000,4,beach|food|photography|relax|romantic,1,0.65313
88,168,0.60626,1,1,0,6140000,3,8.9,101,10000000,4,beach|food|photography|relax|romantic,1,0.79563
88,141,0.19137,0,1,0,4800000,2,8.6,28,10000000,4,beach|food|photography|relax|romantic,0,0.41037
88,110,0.52614,0,1,1,7520000,4,9.4,73,10000000,4,beach|food|photography|relax|romantic,0,0.61498
88,186,0.25846,1,1,0,6850000,3,9.0,61,10000000,4,beach|food|photography|relax|romantic,0,0.65055
88,63,0.59586,1,1,1,5390000,4,7.4,85,10000000,4,beach|food|photography|relax|romantic,1,0.80426
88,1,0.61694,1,0,1,14160000,4,9.0,35,10000000,4,beach|food|photography|relax|romantic,1,0.76255
88,158,0.55937,1,0,0,13970000,3,8.9,45,10000000,4,beach|food|photography|relax|romantic,1,0.71242
88,133,0.28376,1,1,0,5680000,3,9.6,72,10000000,4,beach|food|photography|relax|romantic,1,0.66718
88,123,0.51552,0,1,1,7390000,4,8.7,91,10000000,4,beach|food|photography|relax|romantic,0,0.60352
88,76,0.65253,0,1,0,4280000,5,8.3,39,10000000,4,beach|food|photography|relax|romantic,0,0.62906
88,209,0.48729,0,1,1,8360000,4,9.1,41,10000000,4,beach|food|photography|relax|romantic,1,0.59566
88,6,0.62195,0,1,0,4460000,5,8.8,16,10000000,4,beach|food|photography|relax|romantic,1,0.62122
88,216,0.47291,0,1,1,5630000,4,9.4,104,10000000,4,beach|food|photography|relax|romantic,1,0.59262
88,8,0.47535,0,1,0,8190000,3,9.6,107,10000000,4,beach|food|photography|relax|romantic,1,0.56765
88,50,0.25074,1,1,0,5180000,2,9.5,104,10000000,4,beach|food|photography|relax|romantic,0,0.62431
88,61,0.16679,1,1,0,3850000,2,7.4,61,10000000,4,beach|food|photography|relax|romantic,1,0.56805
88,212,0.67119,0,1,0,7390000,3,8.7,47,10000000,4,beach|food|photography|relax|romantic,0,0.6409
88,225,0.67211,0,1,0,5050000,5,8.1,21,10000000,4,beach|food|photography|relax|romantic,1,0.63529
88,143,0.59987,0,1,1,7280000,4,7.6,88,10000000,4,beach|food|photography|relax|romantic,0,0.62795
88,240,0.16536,0,1,1,9370000,4,7.7,33,10000000,4,beach|food|photography|relax|romantic,0,0.44645
88,64,0.70617,0,1,0,3540000,3,9.1,12,10000000,4,beach|food|photography|relax|romantic,1,0.65959
88,53,0.68207,0,1,1,6850000,4,8.6,65,10000000,4,beach|food|photography|relax|romantic,0,0.67247
88,41,0.64891,0,1,1,6960000,4,9.1,101,10000000,4,beach|food|photography|relax|romantic,1,0.66354
88,167,0.51955,0,1,0,9750000,3,8.5,4,10000000,4,beach|food|photography|relax|romantic,1,0.57521
88,115,0.46853,0,1,1,6680000,4,8.7,31,10000000,4,beach|food|photography|relax|romantic,0,0.58378
88,104,0.24555,0,1,1,8930000,4,7.4,95,10000000,4,beach|food|photography|relax|romantic,0,0.47713
88,3,0.51073,0,1,1,8200000,4,7.5,120,10000000,4,beach|food|photography|relax|romantic,1,0.58951
88,226,0.53988,0,1,0,7020000,3,9.0,111,10000000,4,beach|food|photography|relax|romantic,0,0.58875
88,25,0.69645,0,1,1,5890000,4,9.1,67,10000000,4,beach|food|photography|relax|romantic,1,0.68351
88,176,0.59026,1,1,0,7390000,5,9.1,92,10000000,4,beach|food|photography|relax|romantic,1,0.79091
88,179,0.61399,1,1,0,5280000,3,9.5,68,10000000,4,beach|food|photography|relax|romantic,1,0.80488
88,27,0.24072,1,1,0,6140000,2,8.9,98,10000000,4,beach|food|photography|relax|romantic,0,0.6141
88,103,0.64465,0,1,0,5020000,3,9.3,30,10000000,4,beach|food|photography|relax|romantic,0,0.63575
88,82,0.58599,0,1,0,6740000,2,8.9,16,10000000,4,beach|food|photography|relax|romantic,0,0.57912
88,199,0.58078,0,1,1,7500000,4,8.6,40,10000000,4,beach|food|photography|relax|romantic,1,0.62993
88,155,0.59268,0,1,1,4600000,4,9.4,111,10000000,4,beach|food|photography|relax|romantic,1,0.64293
88,18,0.18586,1,1,0,6100000,2,7.8,84,10000000,4,beach|food|photography|relax|romantic,1,0.58006
88,144,0.25627,1,1,0,7040000,2,9.6,16,10000000,4,beach|food|photography|relax|romantic,1,0.62763
88,112,0.5474,0,1,0,5970000,3,8.8,119,10000000,4,beach|food|photography|relax|romantic,1,0.58991
88,127,0.28006,1,1,1,5620000,4,7.9,52,10000000,4,beach|food|photography|relax|romantic,1,0.67663
88,98,0.69195,0,1,0,3780000,5,8.1,109,10000000,4,beach|food|photography|relax|romantic,0,0.64362
88,109,0.45241,0,1,0,5450000,3,7.6,70,10000000,4,beach|food|photography|relax|romantic,1,0.53801
88,219,0.56936,0,1,0,8840000,3,9.2,91,10000000,4,beach|food|photography|relax|romantic,0,0.60313
88,218,0.49421,0,0,1,11480000,4,8.8,31,10000000,4,beach|food|photography|relax|romantic,1,0.57189
88,17,0.60776,1,0,1,11980000,4,8.3,109,10000000,4,beach|food|photography|relax|romantic,1,0.78658
88,131,0.22397,0,1,0,3020000,2,8.6,118,10000000,4,beach|food|photography|relax|romantic,0,0.42407
88,221,0.67998,0,1,0,3220000,5,8.2,86,10000000,4,beach|food|photography|relax|romantic,1,0.63959
88,100,0.2465,0,1,0,6530000,3,9.3,83,10000000,4,beach|food|photography|relax|romantic,1,0.46853
88,23,0.29019,1,1,1,7230000,4,8.5,118,10000000,4,beach|food|photography|relax|romantic,1,0.68688
88,2,0.60803,1,1,0,5410000,5,9.1,111,10000000,4,beach|food|photography|relax|romantic,1,0.79837
88,36,0.71863,0,1,1,4630000,4,9.0,57,10000000,4,beach|food|photography|relax|romantic,1,0.69182
88,235,0.64705,0,1,0,8550000,3,9.7,29,10000000,4,beach|food|photography|relax|romantic,1,0.64076
88,171,0.60804,0,1,0,5570000,5,9.6,87,10000000,4,beach|food|photography|relax|romantic,1,0.62338
88,237,0.22197,0,1,0,4570000,3,9.1,117,10000000,4,beach|food|photography|relax|romantic,1,0.45623
88,116,0.55223,0,1,1,3980000,4,7.9,72,10000000,4,beach|food|photography|relax|romantic,1,0.61094
88,119,0.28883,1,1,1,6250000,4,7.4,42,10000000,4,beach|food|photography|relax|romantic,0,0.67531
88,170,0.63944,1,0,0,14230000,3,8.1,81,10000000,4,beach|food|photography|relax|romantic,1,0.73388
88,26,0.72904,0,1,1,4310000,4,9.7,29,10000000,4,beach|food|photography|relax|romantic,1,0.7032
88,162,0.62233,0,1,0,8680000,5,8.6,43,10000000,4,beach|food|photography|relax|romantic,0,0.61938
88,214,0.64745,0,1,1,4300000,4,7.8,103,10000000,4,beach|food|photography|relax|romantic,1,0.64993
88,43,0.6598,0,1,0,8280000,3,8.4,120,10000000,4,beach|food|photography|relax|romantic,1,0.63311
88,28,0.41132,0,0,1,12790000,4,8.6,66,10000000,4,beach|food|photography|relax|romantic,0,0.51411
88,166,0.21342,1,1,1,6610000,4,7.9,101,10000000,4,beach|food|photography|relax|romantic,0,0.64864
89,81,0.23138,0,1,0,4940000,4,9.0,17,10000000,5,beach|food|photography|relax|romantic,0,0.45918
89,197,0.51168,0,1,0,6280000,3,9.2,55,10000000,5,beach|food|photography|relax|romantic,0,0.55091
89,102,0.29357,0,1,0,7740000,4,9.2,79,10000000,5,beach|food|photography|relax|romantic,1,0.4873
89,1,0.54453,0,0,0,14160000,4,9.0,35,10000000,5,beach|food|photography|relax|romantic,0,0.52414
89,47,0.41878,0,1,0,6300000,3,8.3,85,10000000,5,beach|food|photography|relax|romantic,0,0.50289
89,98,0.71097,0,1,1,3780000,5,8.1,109,10000000,5,beach|food|photography|relax|romantic,1,0.67961
89,94,0.27145,0,1,0,5190000,2,8.3,80,10000000,5,beach|food|photography|relax|romantic,0,0.41301
89,34,0.31044,0,1,1,4830000,5,7.8,107,10000000,5,beach|food|photography|relax|romantic,0,0.50838
89,207,0.45537,0,1,0,3610000,4,8.7,64,10000000,5,beach|food|photography|relax|romantic,0,0.55025
89,130,0.24445,0,1,0,6320000,4,8.0,10,10000000,5,beach|food|photography|relax|romantic,0,0.45467
89,136,0.54147,0,1,0,6220000,3,8.1,117,10000000,5,beach|food|photography|relax|romantic,0,0.55242
89,32,0.56766,0,1,0,6600000,3,7.6,4,10000000,5,beach|food|photography|relax|romantic,0,0.55842
89,15,0.22378,1,1,0,7150000,3,8.9,23,10000000,5,beach|food|photography|relax|romantic,0,0.60699
89,170,0.58327,0,0,0,14230000,3,8.1,81,10000000,5,beach|food|photography|relax|romantic,0,0.50229
89,218,0.36266,1,0,0,11480000,4,8.8,31,10000000,5,beach|food|photography|relax|romantic,1,0.66864
89,40,0.71848,0,1,0,5340000,3,7.5,108,10000000,5,beach|food|photography|relax|romantic,1,0.62076
89,111,0.25009,0,1,0,3320000,2,7.8,110,10000000,5,beach|food|photography|relax|romantic,0,0.39904
89,132,0.30503,0,1,0,7100000,3,9.1,74,10000000,5,beach|food|photography|relax|romantic,1,0.46311
89,142,0.24068,0,1,0,6670000,4,9.5,72,10000000,5,beach|food|photography|relax|romantic,0,0.46809
89,183,0.38234,0,1,1,6720000,5,8.9,109,10000000,5,beach|food|photography|relax|romantic,0,0.54958
89,235,0.65895,0,1,0,8550000,3,9.7,29,10000000,5,beach|food|photography|relax|romantic,0,0.61776
89,123,0.47263,0,1,0,7390000,4,8.7,91,10000000,5,beach|food|photography|relax|romantic,0,0.55751
89,71,0.26581,0,1,0,8030000,3,9.5,81,10000000,5,beach|food|photography|relax|romantic,0,0.45064
89,172,0.51028,0,1,1,7580000,5,7.6,79,10000000,5,beach|food|photography|relax|romantic,0,0.59032
89,114,0.41438,0,0,0,10820000,3,9.0,71,10000000,5,beach|food|photography|relax|romantic,0,0.49492
89,224,0.38952,0,1,1,9610000,5,8.2,93,10000000,5,beach|food|photography|relax|romantic,1,0.5456
89,166,0.2677,0,1,0,6610000,4,7.9,101,10000000,5,beach|food|photography|relax|romantic,1,0.46343
89,208,0.37695,0,1,0,3970000,3,8.8,28,10000000,5,beach|food|photography|relax|romantic,0,0.49032
89,239,0.22934,1,1,0,5380000,3,7.5,103,10000000,5,beach|food|photography|relax|romantic,1,0.59532
89,86,0.38924,1,0,0,10640000,3,9.1,83,10000000,5,beach|food|photography|relax|romantic,0,0.66824
89,160,0.77119,0,1,0,3970000,4,9.2,69,10000000,5,beach|food|photography|relax|romantic,1,0.6879
89,33,0.58384,0,1,0,6090000,3,8.9,45,10000000,5,beach|food|photography|relax|romantic,1,0.57821
89,105,0.56159,0,0,0,12640000,4,8.4,30,10000000,5,beach|food|photography|relax|romantic,0,0.54963
89,199,0.61718,0,1,0,7500000,4,8.6,40,10000000,5,beach|food|photography|relax|romantic,0,0.61722
89,135,0.41189,0,1,1,8470000,5,8.5,106,10000000,5,beach|food|photography|relax|romantic,0,0.558
89,143,0.65163,0,1,0,7280000,4,7.6,88,10000000,5,beach|food|photography|relax|romantic,1,0.62168
89,188,0.24724,0,1,0,2280000,2,7.5,73,10000000,5,beach|food|photography|relax|romantic,0,0.39484
89,48,0.60713,0,1,0,4820000,4,9.2,103,10000000,5,beach|food|photography|relax|romantic,0,0.61899
89,44,0.41627,0,1,0,5620000,4,7.4,19,10000000,5,beach|food|photography|relax|romantic,0,0.52083
89,11,0.51148,0,1,0,8160000,4,8.8,13,10000000,5,beach|food|photography|relax|romantic,0,0.57482
89,134,0.71575,0,1,0,3330000,4,7.8,89,10000000,5,beach|food|photography|relax|romantic,0,0.65061
89,112,0.43969,1,1,0,5970000,3,8.8,119,10000000,5,beach|food|photography|relax|romantic,1,0.69667
89,3,0.45928,1,1,0,8200000,4,7.5,120,10000000,5,beach|food|photography|relax|romantic,1,0.7199
89,230,0.74671,0,1,1,6950000,5,7.5,10,10000000,5,beach|food|photography|relax|romantic,0,0.68862
89,31,0.42213,1,1,0,9440000,2,9.1,25,10000000,5,beach|food|photography|relax|romantic,1,0.66429
89,192,0.32517,0,1,0,4770000,2,9.4,30,10000000,5,beach|food|photography|relax|romantic,0,0.44657
89,215,0.2041,0,1,0,3960000,4,7.5,73,10000000,5,beach|food|photography|relax|romantic,0,0.43272
89,18,0.22667,1,1,0,6100000,2,7.8,84,10000000,5,beach|food|photography|relax|romantic,0,0.5692
89,52,0.58331,0,1,0,7200000,4,7.7,116,10000000,5,beach|food|photography|relax|romantic,0,0.59399
89,43,0.70485,0,1,0,8280000,3,8.4,120,10000000,5,beach|food|photography|relax|romantic,1,0.62404
89,126,0.51803,0,1,0,9260000,3,8.4,85,10000000,5,beach|food|photography|relax|romantic,1,0.54557
89,10,0.69497,0,1,0,3750000,4,9.7,57,10000000,5,beach|food|photography|relax|romantic,1,0.66089
89,157,0.41189,0,0,1,11560000,5,9.6,14,10000000,5,beach|food|photography|relax|romantic,0,0.54404
89,162,0.53243,0,1,1,8680000,5,8.6,43,10000000,5,beach|food|photography|relax|romantic,0,0.60962
89,76,0.68765,0,1,1,4280000,5,8.3,39,10000000,5,beach|food|photography|relax|romantic,1,0.67181
89,165,0.46593,0,0,0,10700000,4,7.6,38,10000000,5,beach|food|photography|relax|romantic,0,0.53249
89,107,0.58584,0,1,0,6120000,3,9.4,13,10000000,5,beach|food|photography|relax|romantic,0,0.58405
89,20,0.68549,0,1,0,6490000,2,8.3,67,10000000,5,beach|food|photography|relax|romantic,0,0.58691
89,14,0.51205,0,1,1,4940000,5,8.9,82,10000000,5,beach|food|photography|relax|romantic,1,0.60406
89,225,0.71183,0,1,1,5050000,5,8.1,21,10000000,5,beach|food|photography|relax|romantic,0,0.67997
89,223,0.62498,0,1,0,6120000,4,7.6,85,10000000,5,beach|food|photography|relax|romantic,0,0.61049
89,95,0.6266,0,0,0,12960000,4,7.5,31,10000000,5,beach|food|photography|relax|romantic,0,0.56281
89,227,0.37625,1,1,0,8860000,2,9.0,39,10000000,5,beach|food|photography|relax|romantic,1,0.64403
89,217,0.51951,0,1,1,6180000,5,8.0,78,10000000,5,beach|food|photography|relax|romantic,0,0.59819
89,140,0.65193,0,1,1,3330000,5,9.2,94,10000000,5,beach|food|photography|relax|romantic,0,0.66581
89,99,0.42906,0,1,1,7510000,5,8.5,34,10000000,5,beach|food|photography|relax|romantic,0,0.56521
89,5,0.52581,0,0,1,15690000,5,8.2,115,10000000,5,beach|food|photography|relax|romantic,0,0.5118
89,87,0.59187,0,1,0,6390000,4,8.7,39,10000000,5,beach|food|photography|relax|romantic,1,0.60759
89,219,0.48156,1,1,0,8840000,3,9.2,91,10000000,5,beach|food|photography|relax|romantic,1,0.71826
89,122,0.59136,0,1,0,5960000,3,9.4,46,10000000,5,beach|food|photography|relax|romantic,1,0.58637
90,226,0.067,0,1,0,7020000,3,9.0,111,18000000,5,city|culture|food|history|spiritual,0,0.36214
90,23,0.25715,1,1,0,7230000,4,8.5,118,18000000,5,city|culture|food|history|spiritual,0,0.64501
90,159,0.0,0,1,0,11760000,2,9.2,85,18000000,5,city|culture|food|history|spiritual,0,0.308
90,38,0.3423,0,1,0,3520000,3,8.5,21,18000000,5,city|culture|food|history|spiritual,0,0.47277
90,80,0.93378,1,1,0,4630000,2,9.6,104,18000000,5,city|culture|food|history|spiritual,1,0.88419
90,74,0.2389,0,1,1,3870000,5,7.7,59,18000000,5,city|culture|food|history|spiritual,0,0.47734
90,125,0.16796,0,1,0,8660000,3,8.0,70,18000000,5,city|culture|food|history|spiritual,0,0.39454
90,40,0.21684,0,1,0,5340000,3,7.5,108,18000000,5,city|culture|food|history|spiritual,0,0.41007
90,107,0.05335,0,1,0,6120000,3,9.4,13,18000000,5,city|culture|food|history|spiritual,0,0.36041
90,123,0.25072,0,1,0,7390000,4,8.7,91,18000000,5,city|culture|food|history|spiritual,0,0.4643
90,234,0.11742,0,1,0,3470000,4,7.4,6,18000000,5,city|culture|food|history|spiritual,0,0.39532
90,11,0.23203,0,1,0,8160000,4,8.8,13,18000000,5,city|culture|food|history|spiritual,0,0.45745
90,149,0.16674,0,1,1,6170000,5,7.9,53,18000000,5,city|culture|food|history|spiritual,0,0.44903
90,190,0.22891,0,1,0,9710000,4,9.4,24,18000000,5,city|culture|food|history|spiritual,0,0.46214
90,240,0.25588,1,1,0,9370000,4,7.7,33,18000000,5,city|culture|food|history|spiritual,1,0.63647
90,237,0.84124,1,1,0,4570000,3,9.1,117,18000000,5,city|culture|food|history|spiritual,1,0.86832
90,228,0.23096,1,1,0,7690000,3,7.6,7,18000000,5,city|culture|food|history|spiritual,0,0.597
90,51,0.34325,0,1,1,11500000,5,7.8,99,18000000,5,city|culture|food|history|spiritual,1,0.52217
90,216,0.31343,0,1,0,5630000,4,9.4,104,18000000,5,city|culture|food|history|spiritual,0,0.49764
90,154,0.12174,0,1,1,5130000,5,7.8,26,18000000,5,city|culture|food|history|spiritual,0,0.42913
90,198,0.17067,0,1,0,5820000,3,8.6,8,18000000,5,city|culture|food|history|spiritual,0,0.40168
90,173,0.20717,1,1,0,7150000,3,9.4,6,18000000,5,city|culture|food|history|spiritual,0,0.60501
90,215,0.82994,1,1,0,3960000,4,7.5,73,18000000,5,city|culture|food|history|spiritual,1,0.87558
90,43,0.50899,1,1,0,8280000,3,8.4,120,18000000,5,city|culture|food|history|spiritual,1,0.72177
90,81,0.86302,1,1,0,4940000,4,9.0,17,18000000,5,city|culture|food|history|spiritual,1,0.90447
90,82,0.4951,1,1,0,6740000,2,8.9,16,18000000,5,city|culture|food|history|spiritual,0,0.69294
90,138,0.52042,0,1,0,11540000,3,8.0,95,18000000,5,city|culture|food|history|spiritual,1,0.54258
90,143,0.52893,1,1,0,7280000,4,7.6,88,18000000,5,city|culture|food|history|spiritual,1,0.75015
90,214,0.43685,0,1,0,4300000,4,7.8,103,18000000,5,city|culture|food|history|spiritual,0,0.53348
90,221,0.22559,0,1,1,3220000,5,8.2,86,18000000,5,city|culture|food|history|spiritual,0,0.47675
90,36,0.27864,0,1,0,4630000,4,9.0,57,18000000,5,city|culture|food|history|spiritual,0,0.47903
90,202,0.96917,0,1,0,3200000,2,9.2,60,18000000,5,city|culture|food|history|spiritual,0,0.71505
90,185,0.17524,0,1,0,4000000,4,8.9,82,18000000,5,city|culture|food|history|spiritual,0,0.4346
90,101,0.36293,0,1,1,9040000,5,7.7,53,18000000,5,city|culture|food|history|spiritual,1,0.52943
90,63,0.0,0,1,0,5390000,4,7.4,85,18000000,5,city|culture|food|history|spiritual,0,0.346
90,4,0.0,0,1,1,6540000,5,8.5,51,18000000,5,city|culture|food|history|spiritual,0,0.385
90,102,0.2004,1,1,0,7740000,4,9.2,79,18000000,5,city|culture|food|history|spiritual,0,0.62817
90,31,0.04662,0,1,0,9440000,2,9.1,25,18000000,5,city|culture|food|history|spiritual,0,0.32658
90,64,0.11796,0,1,0,3540000,3,9.1,12,18000000,5,city|culture|food|history|spiritual,0,0.38454
90,85,0.42586,0,1,0,11800000,3,9.0,111,18000000,5,city|culture|food|history|spiritual,0,0.51286
90,195,0.13433,0,1,1,5880000,5,8.4,105,18000000,5,city|culture|food|history|spiritual,0,0.44042
90,176,0.0,0,1,1,7390000,5,9.1,92,18000000,5,city|culture|food|history|spiritual,0,0.391
90,16,0.6836,0,1,0,6240000,3,9.3,113,18000000,5,city|culture|food|history|spiritual,1,0.62411
90,57,0.88349,1,1,0,5360000,3,8.5,66,18000000,5,city|culture|food|history|spiritual,1,0.88007
90,75,0.08243,0,1,0,14320000,3,8.5,11,18000000,5,city|culture|food|history|spiritual,0,0.36362
90,115,0.0,0,1,0,6680000,4,8.7,31,18000000,5,city|culture|food|history|spiritual,0,0.359
90,65,0.27716,1,1,0,5980000,4,8.1,6,18000000,5,city|culture|food|history|spiritual,1,0.64941
90,223,0.58838,1,1,0,6120000,4,7.6,85,18000000,5,city|culture|food|history|spiritual,1,0.77512
90,118,0.30175,0,1,1,7280000,5,8.4,70,18000000,5,city|culture|food|history|spiritual,0,0.51073
90,155,0.17211,0,1,0,4600000,4,9.4,111,18000000,5,city|culture|food|history|spiritual,0,0.43829
90,233,0.2087,0,1,0,6800000,3,8.3,19,18000000,5,city|culture|food|history|spiritual,0,0.41466
90,183,0.39885,0,1,1,6720000,5,8.9,109,18000000,5,city|culture|food|history|spiritual,0,0.55652
90,212,0.30773,0,1,0,7390000,3,8.7,47,18000000,5,city|culture|food|history|spiritual,0,0.46025
90,141,0.83992,1,1,0,4800000,2,8.6,28,18000000,5,city|culture|food|history|spiritual,1,0.83477
90,172,0.05202,0,1,1,7580000,5,7.6,79,18000000,5,city|culture|food|history|spiritual,0,0.39785
90,59,0.91263,0,1,0,6780000,4,8.2,72,18000000,5,city|culture|food|history|spiritual,1,0.73731
90,42,0.93514,1,1,0,5460000,2,8.4,104,18000000,5,city|culture|food|history|spiritual,1,0.87276
90,25,0.14074,0,1,0,5890000,4,9.1,67,18000000,5,city|culture|food|history|spiritual,0,0.42211
90,220,0.66664,1,1,0,4760000,4,8.4,99,18000000,5,city|culture|food|history|spiritual,1,0.81599
90,174,0.36506,0,1,1,5910000,5,9.4,38,18000000,5,city|culture|food|history|spiritual,1,0.54732
90,48,0.63381,1,1,0,4820000,4,9.2,103,18000000,5,city|culture|food|history|spiritual,1,0.8102
90,62,0.07634,0,1,0,15980000,4,7.5,22,18000000,5,city|culture|food|history|spiritual,0,0.37906
90,213,0.57276,1,1,0,5480000,4,9.1,25,18000000,5,city|culture|food|history|spiritual,1,0.78356
90,139,0.24102,0,1,0,5100000,3,8.8,86,18000000,5,city|culture|food|history|spiritual,1,0.43323
90,121,0.5997,1,1,0,5510000,3,7.8,82,18000000,5,city|culture|food|history|spiritual,1,0.75387
90,146,0.38386,1,1,0,9730000,3,9.7,47,18000000,5,city|culture|food|history|spiritual,1,0.68222
90,181,0.37663,0,1,1,5530000,5,8.0,103,18000000,5,city|culture|food|history|spiritual,1,0.53818
90,66,0.25647,0,1,1,7950000,5,8.3,83,18000000,5,city|culture|food|history|spiritual,0,0.49072
90,182,0.61039,0,1,0,5640000,2,9.5,25,18000000,5,city|culture|food|history|spiritual,0,0.56736
90,50,0.18228,1,1,0,5180000,2,9.5,104,18000000,5,city|culture|food|history|spiritual,1,0.56756
91,146,0.29892,0,0,0,9730000,3,9.7,47,6000000,5,city|food|nightlife|photography|shopping,0,0.36708
91,123,0.47638,0,0,0,7390000,4,8.7,91,6000000,5,city|food|nightlife|photography|shopping,0,0.52201
91,56,0.12523,0,0,0,12680000,3,9.5,77,6000000,5,city|food|nightlife|photography|shopping,0,0.2316
91,60,0.55509,0,1,0,2850000,4,8.8,84,6000000,5,city|food|nightlife|photography|shopping,1,0.59314
91,80,0.56172,0,1,0,4630000,2,9.6,104,6000000,5,city|food|nightlife|photography|shopping,1,0.54792
91,9,0.47877,0,0,0,9390000,4,8.0,60,6000000,5,city|food|nightlife|photography|shopping,0,0.46268
91,66,0.42682,0,0,1,7950000,5,8.3,83,6000000,5,city|food|nightlife|photography|shopping,0,0.51027
91,53,0.3896,0,0,0,6850000,4,8.6,65,6000000,5,city|food|nightlife|photography|shopping,1,0.49897
91,48,0.50475,0,1,0,4820000,4,9.2,103,6000000,5,city|food|nightlife|photography|shopping,1,0.576
91,128,0.06644,0,0,0,13980000,3,9.1,49,6000000,5,city|food|nightlife|photography|shopping,0,0.2029
91,64,0.31177,0,1,0,3540000,3,9.1,12,6000000,5,city|food|nightlife|photography|shopping,0,0.46595
91,174,0.53226,0,1,1,5910000,5,9.4,38,6000000,5,city|food|nightlife|photography|shopping,0,0.61755
91,65,0.18366,0,1,0,5980000,4,8.1,6,6000000,5,city|food|nightlife|photography|shopping,0,0.43014
91,150,0.23415,0,0,0,9710000,2,8.3,87,6000000,5,city|food|nightlife|photography|shopping,0,0.29841
91,238,0.04162,0,0,1,6620000,5,8.4,111,6000000,5,city|food|nightlife|photography|shopping,0,0.38495
91,234,0.29711,0,1,0,3470000,4,7.4,6,6000000,5,city|food|nightlife|photography|shopping,0,0.47079
91,233,0.46909,0,0,0,6800000,3,8.3,19,6000000,5,city|food|nightlife|photography|shopping,0,0.50268
91,205,0.48109,1,1,0,5780000,2,7.9,69,6000000,5,city|food|nightlife|photography|shopping,1,0.67706
91,185,0.38047,0,1,0,4000000,4,8.9,82,6000000,5,city|food|nightlife|photography|shopping,0,0.5208
91,226,0.40647,0,0,0,7020000,3,9.0,111,6000000,5,city|food|nightlife|photography|shopping,0,0.47752
91,87,0.5173,0,0,0,6390000,4,8.7,39,6000000,5,city|food|nightlife|photography|shopping,0,0.56587
91,203,0.40163,1,1,0,4750000,2,8.4,43,6000000,5,city|food|nightlife|photography|shopping,0,0.64868
91,22,0.36697,0,0,0,8170000,3,8.5,27,6000000,5,city|food|nightlife|photography|shopping,0,0.42526
91,189,0.81268,1,1,0,2850000,4,7.7,89,6000000,5,city|food|nightlife|photography|shopping,1,0.87033
91,179,0.0795,0,1,0,5280000,3,9.5,68,6000000,5,city|food|nightlife|photography|shopping,0,0.37239
91,100,0.52895,0,0,0,6530000,3,9.3,83,6000000,5,city|food|nightlife|photography|shopping,1,0.54502
91,37,0.35268,1,0,0,7470000,4,9.4,37,6000000,5,city|food|nightlife|photography|shopping,1,0.65492
91,215,0.57411,0,1,0,3960000,4,7.5,73,6000000,5,city|food|nightlife|photography|shopping,0,0.58813
91,151,0.30616,0,0,0,7800000,3,7.8,89,6000000,5,city|food|nightlife|photography|shopping,0,0.40259
91,36,0.36172,0,1,0,4630000,4,9.0,57,6000000,5,city|food|nightlife|photography|shopping,0,0.51392
91,55,0.18029,0,0,0,6780000,4,8.3,68,6000000,5,city|food|nightlife|photography|shopping,0,0.40992
91,103,0.38612,0,1,0,5020000,3,9.3,30,6000000,5,city|food|nightlife|photography|shopping,0,0.49917
91,89,0.26969,0,1,0,4550000,4,8.5,70,6000000,5,city|food|nightlife|photography|shopping,0,0.47027
91,82,0.38356,0,0,0,6740000,2,8.9,16,6000000,5,city|food|nightlife|photography|shopping,1,0.44636
91,15,0.37807,1,0,0,7150000,3,8.9,23,6000000,5,city|food|nightlife|photography|shopping,1,0.64112
91,217,0.45455,0,0,1,6180000,5,8.0,78,6000000,5,city|food|nightlife|photography|shopping,1,0.56611
91,3,0.27882,0,0,0,8200000,4,7.5,120,6000000,5,city|food|nightlife|photography|shopping,0,0.40544
91,6,0.36855,0,1,1,4460000,5,8.8,16,6000000,5,city|food|nightlife|photography|shopping,1,0.54279
91,184,0.38188,0,1,0,5580000,3,7.6,35,6000000,5,city|food|nightlife|photography|shopping,0,0.48039
91,239,0.49691,1,1,0,5380000,3,7.5,103,6000000,5,city|food|nightlife|photography|shopping,1,0.7077
91,88,0.20139,0,0,0,6870000,4,9.3,31,6000000,5,city|food|nightlife|photography|shopping,0,0.42638
91,108,0.03137,0,1,1,5210000,5,7.8,114,6000000,5,city|food|nightlife|photography|shopping,0,0.39118
91,94,0.62366,0,1,0,5190000,2,8.3,80,6000000,5,city|food|nightlife|photography|shopping,1,0.56094
91,157,0.09939,0,0,1,11560000,5,9.6,14,6000000,5,city|food|nightlife|photography|shopping,0,0.28948
91,129,0.24409,0,1,1,4650000,5,9.7,7,6000000,5,city|food|nightlife|photography|shopping,1,0.49952
91,230,0.38006,0,0,1,6950000,5,7.5,10,6000000,5,city|food|nightlife|photography|shopping,0,0.50929
91,120,0.54293,0,0,0,7330000,3,9.1,82,6000000,5,city|food|nightlife|photography|shopping,1,0.52756
91,32,0.03048,0,0,0,6600000,3,7.6,4,6000000,5,city|food|nightlife|photography|shopping,0,0.3168
91,145,0.08933,0,1,1,5440000,5,7.9,10,6000000,5,city|food|nightlife|photography|shopping,1,0.41652
91,135,0.32074,0,0,1,8470000,5,8.5,106,6000000,5,city|food|nightlife|photography|shopping,0,0.45384
91,237,0.61919,0,1,0,4570000,3,9.1,117,6000000,5,city|food|nightlife|photography|shopping,1,0.59506
91,109,0.34365,0,1,0,5450000,3,7.6,70,6000000,5,city|food|nightlife|photography|shopping,1,0.46433
91,21,0.36746,0,0,1,7690000,5,7.8,21,6000000,5,city|food|nightlife|photography|shopping,1,0.48727
91,163,0.11662,0,0,0,6910000,3,7.6,92,6000000,5,city|food|nightlife|photography|shopping,0,0.34471
91,192,0.71258,1,1,0,4770000,2,9.4,30,6000000,5,city|food|nightlife|photography|shopping,1,0.78928
91,188,0.60842,0,1,0,2280000,2,7.5,73,6000000,5,city|food|nightlife|photography|shopping,1,0.54653
91,68,0.45299,0,0,0,6910000,3,9.3,96,6000000,5,city|food|nightlife|photography|shopping,1,0.50299
91,178,0.37392,0,1,0,4150000,3,9.3,40,6000000,5,city|food|nightlife|photography|shopping,0,0.49405
91,148,0.0,0,0,0,11060000,4,9.6,44,6000000,5,city|food|nightlife|photography|shopping,0,0.23307
91,79,0.0,0,1,0,5640000,3,9.6,35,6000000,5,city|food|nightlife|photography|shopping,0,0.34
91,147,0.49962,0,0,0,8820000,3,8.4,18,6000000,5,city|food|nightlife|photography|shopping,0,0.46264
91,161,0.33942,0,0,0,6500000,4,7.5,57,6000000,5,city|food|nightlife|photography|shopping,1,0.47622
91,49,0.10423,0,1,0,5810000,3,8.0,112,6000000,5,city|food|nightlife|photography|shopping,0,0.36777
91,54,0.5773,0,0,1,8910000,5,7.6,95,6000000,5,city|food|nightlife|photography|shopping,1,0.54087
91,47,0.19735,0,0,0,6300000,3,8.3,85,6000000,5,city|food|nightlife|photography|shopping,0,0.40189
91,76,0.40908,0,1,1,4280000,5,8.3,39,6000000,5,city|food|nightlife|photography|shopping,0,0.55481
91,95,0.09727,0,0,0,12960000,4,7.5,31,6000000,5,city|food|nightlife|photography|shopping,0,0.22785
91,210,0.27023,0,0,0,7500000,3,7.5,13,6000000,5,city|food|nightlife|photography|shopping,0,0.3925
91,186,0.354,1,0,0,6850000,3,9.0,61,6000000,5,city|food|nightlife|photography|shopping,1,0.64001
91,46,0.37808,0,0,0,8140000,3,9.5,53,6000000,5,city|food|nightlife|photography|shopping,0,0.44073
92,7,0.42137,1,0,0,7910000,5,9.3,13,4000000,4,beach|food|photography|relax|romantic,0,0.56558
92,31,0.431,0,0,0,9440000,2,9.1,25,4000000,4,beach|food|photography|relax|romantic,0,0.35602
92,50,0.26026,1,0,0,5180000,2,9.5,104,4000000,4,beach|food|photography|relax|romantic,0,0.58111
92,16,0.2601,0,0,0,6240000,3,9.3,113,4000000,4,beach|food|photography|relax|romantic,0,0.38464
92,106,0.22733,0,1,0,3480000,3,7.6,42,4000000,4,beach|food|photography|relax|romantic,0,0.44348
92,42,0.24874,0,0,0,5460000,2,8.4,104,4000000,4,beach|food|photography|relax|romantic,0,0.37407
92,108,0.41645,1,0,0,5210000,5,7.8,114,4000000,4,beach|food|photography|relax|romantic,1,0.65651
92,132,0.31729,0,0,0,7100000,3,9.1,74,4000000,4,beach|food|photography|relax|romantic,0,0.37226
92,10,0.65747,1,1,1,3750000,4,9.7,57,4000000,4,beach|food|photography|relax|romantic,1,0.85314
92,167,0.47094,0,0,0,9750000,3,8.5,4,4000000,4,beach|food|photography|relax|romantic,0,0.39479
92,177,0.46188,0,0,1,11590000,4,7.5,90,4000000,4,beach|food|photography|relax|romantic,0,0.40899
92,3,0.49157,0,0,1,8200000,4,7.5,120,4000000,4,beach|food|photography|relax|romantic,0,0.42146
92,93,0.21441,1,0,0,7290000,2,9.4,63,4000000,4,beach|food|photography|relax|romantic,0,0.47645
92,197,0.49816,0,0,0,6280000,3,9.2,55,4000000,4,beach|food|photography|relax|romantic,0,0.48203
92,147,0.59111,0,0,0,8820000,3,8.4,18,4000000,4,beach|food|photography|relax|romantic,0,0.44427
92,160,0.75394,1,1,1,3970000,4,9.2,69,4000000,4,beach|food|photography|relax|romantic,1,0.88866
92,231,0.22231,1,1,1,3590000,4,9.4,36,4000000,4,beach|food|photography|relax|romantic,0,0.66737
92,26,0.73248,1,0,1,4310000,4,9.7,29,4000000,4,beach|food|photography|relax|romantic,1,0.87224
92,234,0.76193,1,1,1,3470000,4,7.4,6,4000000,4,beach|food|photography|relax|romantic,1,0.87401
92,13,0.42907,0,0,0,10390000,3,8.6,44,4000000,4,beach|food|photography|relax|romantic,0,0.37821
92,65,0.18499,1,0,1,5980000,4,8.1,6,4000000,4,beach|food|photography|relax|romantic,1,0.55949
92,116,0.50857,0,1,1,3980000,4,7.9,72,4000000,4,beach|food|photography|relax|romantic,0,0.5926
92,169,0.52706,0,0,0,5620000,5,8.8,5,4000000,4,beach|food|photography|relax|romantic,0,0.51656
92,233,0.4792,0,0,0,6800000,3,8.3,19,4000000,4,beach|food|photography|relax|romantic,0,0.44426
92,96,0.6441,1,0,0,4840000,3,7.8,118,4000000,4,beach|food|photography|relax|romantic,1,0.76692
92,60,0.25367,0,1,1,2850000,4,8.8,84,4000000,4,beach|food|photography|relax|romantic,0,0.49454
92,87,0.61984,0,0,1,6390000,4,8.7,39,4000000,4,beach|food|photography|relax|romantic,0,0.55173
92,53,0.67997,0,0,1,6850000,4,8.6,65,4000000,4,beach|food|photography|relax|romantic,0,0.55759
92,115,0.40904,0,0,1,6680000,4,8.7,31,4000000,4,beach|food|photography|relax|romantic,0,0.4516
92,48,0.60131,0,0,1,4820000,4,9.2,103,4000000,4,beach|food|photography|relax|romantic,1,0.61175
92,94,0.26582,0,0,0,5190000,2,8.3,80,4000000,4,beach|food|photography|relax|romantic,0,0.39104
92,139,0.62078,1,0,0,5100000,3,8.8,86,4000000,4,beach|food|photography|relax|romantic,1,0.75673
92,143,0.61844,0,0,1,7280000,4,7.6,88,4000000,4,beach|food|photography|relax|romantic,0,0.50454
92,95,0.6071,0,0,1,12960000,4,7.5,31,4000000,4,beach|food|photography|relax|romantic,0,0.46998
92,218,0.4271,0,0,1,11480000,4,8.8,31,4000000,4,beach|food|photography|relax|romantic,0,0.40738
92,148,0.45759,1,0,1,11060000,4,9.6,44,4000000,4,beach|food|photography|relax|romantic,1,0.60819
92,191,0.56417,0,0,1,6590000,4,7.5,40,4000000,4,beach|food|photography|relax|romantic,0,0.50835
92,23,0.31173,1,0,1,7230000,4,8.5,118,4000000,4,beach|food|photography|relax|romantic,0,0.56673
92,156,0.17732,1,0,0,7480000,2,9.0,38,4000000,4,beach|food|photography|relax|romantic,0,0.44927
92,80,0.23557,0,0,0,4630000,2,9.6,104,4000000,4,beach|food|photography|relax|romantic,0,0.41374
92,138,0.35272,1,0,0,11540000,3,8.0,95,4000000,4,beach|food|photography|relax|romantic,0,0.52014
92,19,0.54691,0,0,0,5280000,3,9.2,81,4000000,4,beach|food|photography|relax|romantic,1,0.5425
92,5,0.54111,0,0,0,15690000,5,8.2,115,4000000,4,beach|food|photography|relax|romantic,0,0.42126
92,86,0.46116,0,0,0,10640000,3,9.1,83,4000000,4,beach|food|photography|relax|romantic,0,0.39669
92,104,0.22786,1,0,1,8930000,4,7.4,95,4000000,4,beach|food|photography|relax|romantic,0,0.4897
92,12,0.71019,1,0,1,5140000,4,9.6,114,4000000,4,beach|food|photography|relax|romantic,1,0.82868
92,185,0.65112,1,1,1,4000000,4,8.9,82,4000000,4,beach|food|photography|relax|romantic,1,0.84247
92,194,0.52567,0,0,0,8690000,3,9.4,66,4000000,4,beach|food|photography|relax|romantic,0,0.42678
92,172,0.48786,0,0,0,7580000,5,7.6,79,4000000,4,beach|food|photography|relax|romantic,0,0.4097
92,84,0.20489,0,0,0,4910000,2,9.6,25,4000000,4,beach|food|photography|relax|romantic,0,0.38965
92,237,0.23868,0,0,0,4570000,3,9.1,117,4000000,4,beach|food|photography|relax|romantic,0,0.44045
92,161,0.61475,1,0,1,6500000,4,7.5,57,4000000,4,beach|food|photography|relax|romantic,0,0.7132
92,44,0.41706,1,0,1,5620000,4,7.4,19,4000000,4,beach|food|photography|relax|romantic,1,0.66436
92,21,0.35293,0,0,0,7690000,5,7.8,21,4000000,4,beach|food|photography|relax|romantic,0,0.35063
92,120,0.52645,0,0,0,7330000,3,9.1,82,4000000,4,beach|food|photography|relax|romantic,1,0.45091
92,54,0.54146,0,0,0,8910000,5,7.6,95,4000000,4,beach|food|photography|relax|romantic,0,0.41541
92,192,0.27764,0,0,0,4770000,2,9.4,30,4000000,4,beach|food|photography|relax|romantic,0,0.42381
92,121,0.54712,0,0,0,5510000,3,7.8,82,4000000,4,beach|food|photography|relax|romantic,0,0.51939
92,183,0.39137,1,0,0,6720000,5,8.9,109,4000000,4,beach|food|photography|relax|romantic,1,0.59658
92,186,0.2014,0,0,0,6850000,3,9.0,61,4000000,4,beach|food|photography|relax|romantic,0,0.33259
92,240,0.17258,1,0,1,9370000,4,7.7,33,4000000,4,beach|food|photography|relax|romantic,1,0.46949
92,207,0.36934,0,1,1,3610000,4,8.7,64,4000000,4,beach|food|photography|relax|romantic,0,0.54212
92,67,0.21907,0,1,0,3730000,3,9.5,8,4000000,4,beach|food|photography|relax|romantic,0,0.45901
92,55,0.1816,1,0,1,6780000,4,8.3,68,4000000,4,beach|food|photography|relax|romantic,0,0.52807
92,223,0.64997,0,0,1,6120000,4,7.6,85,4000000,4,beach|food|photography|relax|romantic,0,0.56419
92,201,0.51488,0,0,0,8110000,5,8.7,69,4000000,4,beach|food|photography|relax|romantic,0,0.41525
92,171,0.52202,0,0,0,5570000,5,9.6,87,4000000,4,beach|food|photography|relax|romantic,0,0.52445
92,142,0.29919,0,0,1,6670000,4,9.5,72,4000000,4,beach|food|photography|relax|romantic,0,0.41386
92,153,0.63485,0,0,0,8920000,5,9.0,5,4000000,4,beach|food|photography|relax|romantic,0,0.46864
92,133,0.27885,0,0,0,5680000,3,9.6,72,4000000,4,beach|food|photography|relax|romantic,0,0.41792
93,235,0.54892,0,1,0,8550000,3,9.7,29,14000000,5,city|food|nightlife|photography|shopping,1,0.57155
93,82,0.41711,0,1,0,6740000,2,8.9,16,14000000,5,city|food|nightlife|photography|shopping,0,0.48019
93,59,0.40075,0,1,0,6780000,4,8.2,72,14000000,5,city|food|nightlife|photography|shopping,0,0.52232
93,104,0.21821,1,1,0,8930000,4,7.4,95,14000000,5,city|food|nightlife|photography|shopping,0,0.61765
93,20,0.5194,0,1,0,6490000,2,8.3,67,14000000,5,city|food|nightlife|photography|shopping,0,0.51715
93,107,0.12379,1,1,0,6120000,3,9.4,13,14000000,5,city|food|nightlife|photography|shopping,1,0.56999
93,202,0.45035,0,1,0,3200000,2,9.2,60,14000000,5,city|food|nightlife|photography|shopping,0,0.49715
93,50,0.26551,0,1,0,5180000,2,9.5,104,14000000,5,city|food|nightlife|photography|shopping,0,0.42252
93,176,0.20976,1,1,1,7390000,5,9.1,92,14000000,5,city|food|nightlife|photography|shopping,1,0.6591
93,101,0.54319,0,1,1,9040000,5,7.7,53,14000000,5,city|food|nightlife|photography|shopping,1,0.60514
93,162,0.52466,0,1,1,8680000,5,8.6,43,14000000,5,city|food|nightlife|photography|shopping,1,0.60636
93,168,0.12664,1,1,0,6140000,3,8.9,101,14000000,5,city|food|nightlife|photography|shopping,0,0.56619
93,152,0.1786,1,1,0,10060000,3,8.7,54,14000000,5,city|food|nightlife|photography|shopping,0,0.58601
93,87,0.53494,0,1,0,6390000,4,8.7,39,14000000,5,city|food|nightlife|photography|shopping,0,0.58367
93,165,0.15954,1,1,0,10700000,4,7.6,38,14000000,5,city|food|nightlife|photography|shopping,0,0.59501
93,141,0.66531,0,1,0,4800000,2,8.6,28,14000000,5,city|food|nightlife|photography|shopping,1,0.58143
93,132,0.71815,0,1,0,7100000,3,9.1,74,14000000,5,city|food|nightlife|photography|shopping,0,0.63662
93,11,0.42617,0,1,0,8160000,4,8.8,13,14000000,5,city|food|nightlife|photography|shopping,1,0.53899
93,27,0.2624,0,1,0,6140000,2,8.9,98,14000000,5,city|food|nightlife|photography|shopping,0,0.41521
93,121,0.45157,0,1,0,5510000,3,7.8,82,14000000,5,city|food|nightlife|photography|shopping,0,0.51166
93,224,0.11688,1,1,1,9610000,5,8.2,93,14000000,5,city|food|nightlife|photography|shopping,0,0.61109
93,161,0.42643,1,1,0,6500000,4,7.5,57,14000000,5,city|food|nightlife|photography|shopping,0,0.7061
93,5,0.2087,1,0,1,15690000,5,8.2,115,14000000,5,city|food|nightlife|photography|shopping,0,0.63034
93,223,0.5439,0,1,0,6120000,4,7.6,85,14000000,5,city|food|nightlife|photography|shopping,0,0.57644
93,139,0.55693,1,1,0,5100000,3,8.8,86,14000000,5,city|food|nightlife|photography|shopping,1,0.74591
93,17,0.17543,1,1,0,11980000,4,8.3,109,14000000,5,city|food|nightlife|photography|shopping,1,0.60868
93,93,0.21728,0,1,0,7290000,2,9.4,63,14000000,5,city|food|nightlife|photography|shopping,0,0.40126
93,79,0.09607,1,1,0,5640000,3,9.6,35,14000000,5,city|food|nightlife|photography|shopping,0,0.56035
93,230,0.48154,1,1,1,6950000,5,7.5,10,14000000,5,city|food|nightlife|photography|shopping,1,0.75725
93,237,0.59855,0,1,0,4570000,3,9.1,117,14000000,5,city|food|nightlife|photography|shopping,1,0.58639
93,183,0.12371,1,1,1,6720000,5,8.9,109,14000000,5,city|food|nightlife|photography|shopping,1,0.62096
93,32,0.14792,1,1,0,6600000,3,7.6,4,14000000,5,city|food|nightlife|photography|shopping,0,0.56212
93,197,0.61268,0,1,0,6280000,3,9.2,55,14000000,5,city|food|nightlife|photography|shopping,0,0.59333
93,125,0.40891,0,1,0,8660000,3,8.0,70,14000000,5,city|food|nightlife|photography|shopping,0,0.49574
93,72,0.39898,1,1,0,6980000,3,8.9,58,14000000,5,city|food|nightlife|photography|shopping,1,0.68057
93,69,0.46586,0,1,0,5280000,2,8.1,71,14000000,5,city|food|nightlife|photography|shopping,0,0.49266
93,232,0.34025,0,1,0,10030000,3,8.8,50,14000000,5,city|food|nightlife|photography|shopping,0,0.47491
93,29,0.13458,1,1,0,11690000,3,7.6,35,14000000,5,city|food|nightlife|photography|shopping,0,0.55652
93,153,0.55977,0,1,1,8920000,5,9.0,5,14000000,5,city|food|nightlife|photography|shopping,1,0.6251
93,95,0.19323,1,1,0,12960000,4,7.5,31,14000000,5,city|food|nightlife|photography|shopping,1,0.60816
93,53,0.42304,0,1,0,6850000,4,8.6,65,14000000,5,city|food|nightlife|photography|shopping,0,0.53568
93,203,0.40979,0,1,0,4750000,2,8.4,43,14000000,5,city|food|nightlife|photography|shopping,0,0.47211
93,60,0.5376,0,1,0,2850000,4,8.8,84,14000000,5,city|food|nightlife|photography|shopping,1,0.58579
93,84,0.73815,0,1,0,4910000,2,9.6,25,14000000,5,city|food|nightlife|photography|shopping,1,0.62202
93,166,0.223,0,1,0,6610000,4,7.9,101,14000000,5,city|food|nightlife|photography|shopping,0,0.44466
93,207,0.36629,0,1,0,3610000,4,8.7,64,14000000,5,city|food|nightlife|photography|shopping,1,0.51284
93,174,0.5357,0,1,1,5910000,5,9.4,38,14000000,5,city|food|nightlife|photography|shopping,1,0.61899
93,8,0.26385,0,1,0,8190000,3,9.6,107,14000000,5,city|food|nightlife|photography|shopping,1,0.45082
93,102,0.26229,0,1,0,7740000,4,9.2,79,14000000,5,city|food|nightlife|photography|shopping,0,0.47416
93,21,0.36965,0,1,1,7690000,5,7.8,21,14000000,5,city|food|nightlife|photography|shopping,0,0.53325
93,66,0.44718,0,1,1,7950000,5,8.3,83,14000000,5,city|food|nightlife|photography|shopping,0,0.57081
93,200,0.54201,0,1,0,7780000,4,8.8,20,14000000,5,city|food|nightlife|photography|shopping,1,0.58764
93,71,0.74262,0,1,0,8030000,3,9.5,81,14000000,5,city|food|nightlife|photography|shopping,0,0.6509
93,97,0.16487,1,1,0,9930000,3,7.6,41,14000000,5,city|food|nightlife|photography|shopping,0,0.56924
93,18,0.42349,0,1,0,6100000,2,7.8,84,14000000,5,city|food|nightlife|photography|shopping,0,0.47187
93,208,0.82519,0,1,0,3970000,3,8.8,28,14000000,5,city|food|nightlife|photography|shopping,1,0.67858
93,28,0.19687,1,1,0,12790000,4,8.6,66,14000000,5,city|food|nightlife|photography|shopping,1,0.62069
93,63,0.11975,1,1,0,5390000,4,7.4,85,14000000,5,city|food|nightlife|photography|shopping,0,0.57629
93,85,0.10161,1,1,0,11800000,3,9.0,111,14000000,5,city|food|nightlife|photography|shopping,1,0.55668
93,124,0.37029,1,1,1,7340000,5,8.1,59,14000000,5,city|food|nightlife|photography|shopping,1,0.71652
93,119,0.5672,0,1,0,6250000,4,7.4,42,14000000,5,city|food|nightlife|photography|shopping,0,0.58422
93,149,0.32283,0,1,1,6170000,5,7.9,53,14000000,5,city|food|nightlife|photography|shopping,0,0.51459
93,216,0.42723,0,1,0,5630000,4,9.4,104,14000000,5,city|food|nightlife|photography|shopping,0,0.54544
93,80,0.58173,0,1,0,4630000,2,9.6,104,14000000,5,city|food|nightlife|photography|shopping,1,0.55633
93,113,0.37589,0,1,0,8040000,3,9.3,109,14000000,5,city|food|nightlife|photography|shopping,0,0.49487
93,25,0.42014,1,1,0,5890000,4,9.1,67,14000000,5,city|food|nightlife|photography|shopping,1,0.71946
93,46,0.43011,0,1,0,8140000,3,9.5,53,14000000,5,city|food|nightlife|photography|shopping,0,0.51965
93,7,0.1496,1,1,1,7910000,5,9.3,13,14000000,5,city|food|nightlife|photography|shopping,1,0.63583
93,123,0.41457,0,1,0,7390000,4,8.7,91,14000000,5,city|food|nightlife|photography|shopping,1,0.53312
93,127,0.58712,0,1,0,5620000,4,7.9,52,14000000,5,city|food|nightlife|photography|shopping,0,0.59759
94,144,0.35647,1,1,0,7040000,2,9.6,16,8000000,5,city|culture|food|history|spiritual,1,0.64172
94,54,0.30319,0,0,1,8910000,5,7.6,95,8000000,5,city|culture|food|history|spiritual,0,0.48514
94,230,0.28296,0,1,1,6950000,5,7.5,10,8000000,5,city|culture|food|history|spiritual,0,0.49384
94,143,0.54408,1,1,0,7280000,4,7.6,88,8000000,5,city|culture|food|history|spiritual,1,0.75651
94,55,0.39323,1,1,0,6780000,4,8.3,68,8000000,5,city|culture|food|history|spiritual,1,0.70016
94,106,0.49085,0,1,0,3480000,3,7.6,42,8000000,5,city|culture|food|history|spiritual,0,0.52616
94,68,0.376,0,1,0,6910000,3,9.3,96,8000000,5,city|culture|food|history|spiritual,0,0.49492
94,64,0.2317,0,1,0,3540000,3,9.1,12,8000000,5,city|culture|food|history|spiritual,0,0.43231
94,119,0.9362,0,1,0,6250000,4,7.4,42,8000000,5,city|culture|food|history|spiritual,1,0.7392
94,36,0.3733,0,1,0,4630000,4,9.0,57,8000000,5,city|culture|food|history|spiritual,0,0.51879
94,227,0.11613,1,0,0,8860000,2,9.0,39,8000000,5,city|culture|food|history|spiritual,0,0.51758
94,168,0.11275,0,1,0,6140000,3,8.9,101,8000000,5,city|culture|food|history|spiritual,0,0.38035
94,233,0.239,0,1,0,6800000,3,8.3,19,8000000,5,city|culture|food|history|spiritual,0,0.42738
94,11,0.29435,0,0,0,8160000,4,8.8,13,8000000,5,city|culture|food|history|spiritual,0,0.48043
94,61,0.32726,1,1,0,3850000,2,7.4,61,8000000,5,city|culture|food|history|spiritual,1,0.60745
94,196,0.03377,0,0,0,14200000,4,8.3,67,8000000,5,city|culture|food|history|spiritual,0,0.24518
94,92,0.47366,0,1,0,5150000,3,8.1,31,8000000,5,city|culture|food|history|spiritual,1,0.52394
94,108,0.44713,1,1,1,5210000,5,7.8,114,8000000,5,city|culture|food|history|spiritual,1,0.7458
94,174,0.34267,0,1,1,5910000,5,9.4,38,8000000,5,city|culture|food|history|spiritual,1,0.53792
94,133,0.9439,0,1,0,5680000,3,9.6,72,8000000,5,city|culture|food|history|spiritual,1,0.73644
94,83,0.09737,0,0,0,13980000,3,9.5,52,8000000,5,city|culture|food|history|spiritual,0,0.26029
94,81,0.79896,0,1,0,4940000,4,9.0,17,8000000,5,city|culture|food|history|spiritual,1,0.69756
94,57,0.79423,0,1,0,5360000,3,8.5,66,8000000,5,city|culture|food|history|spiritual,0,0.66258
94,178,0.22522,0,1,0,4150000,3,9.3,40,8000000,5,city|culture|food|history|spiritual,0,0.43159
94,197,0.29248,0,1,0,6280000,3,9.2,55,8000000,5,city|culture|food|history|spiritual,1,0.45884
94,10,0.28429,0,1,0,3750000,4,9.7,57,8000000,5,city|culture|food|history|spiritual,0,0.4884
94,190,0.28288,0,0,0,9710000,4,9.4,24,8000000,5,city|culture|food|history|spiritual,0,0.45061
94,19,0.32898,0,1,0,5280000,3,9.2,81,8000000,5,city|culture|food|history|spiritual,0,0.47417
94,234,0.23292,0,1,0,3470000,4,7.4,6,8000000,5,city|culture|food|history|spiritual,0,0.44382
94,112,0.08445,1,1,0,5970000,3,8.8,119,8000000,5,city|culture|food|history|spiritual,1,0.54747
94,163,0.58963,1,1,0,6910000,3,7.6,92,8000000,5,city|culture|food|history|spiritual,1,0.74764
94,125,0.22262,0,0,0,8660000,3,8.0,70,8000000,5,city|culture|food|history|spiritual,0,0.4043
94,214,0.42402,0,1,0,4300000,4,7.8,103,8000000,5,city|culture|food|history|spiritual,0,0.52809
94,203,0.93209,0,1,0,4750000,2,8.4,43,8000000,5,city|culture|food|history|spiritual,1,0.69148
94,194,0.07551,0,0,0,8690000,3,9.4,66,8000000,5,city|culture|food|history|spiritual,0,0.35592
94,180,0.36827,0,1,0,5160000,4,9.3,30,8000000,5,city|culture|food|history|spiritual,0,0.51967
94,5,0.12153,0,0,1,15690000,5,8.2,115,8000000,5,city|culture|food|history|spiritual,0,0.27924
94,179,0.08045,0,1,0,5280000,3,9.5,68,8000000,5,city|culture|food|history|spiritual,0,0.37279
94,113,0.04699,1,0,0,8040000,3,9.3,109,8000000,5,city|culture|food|history|spiritual,0,0.53594
94,100,0.70679,0,1,0,6530000,3,9.3,83,8000000,5,city|culture|food|history|spiritual,1,0.63385
94,45,0.26405,0,0,0,8730000,3,8.1,21,8000000,5,city|culture|food|history|spiritual,0,0.4213
94,84,0.59382,0,1,0,4910000,2,9.6,25,8000000,5,city|culture|food|history|spiritual,1,0.56141
94,105,0.12511,0,0,0,12640000,4,8.4,30,8000000,5,city|culture|food|history|spiritual,0,0.31575
94,62,0.106,0,0,0,15980000,4,7.5,22,8000000,5,city|culture|food|history|spiritual,0,0.23192
94,199,0.66403,1,1,0,7500000,4,8.6,40,8000000,5,city|culture|food|history|spiritual,1,0.81689
94,90,0.50359,0,1,0,2330000,2,9.0,69,8000000,5,city|culture|food|history|spiritual,0,0.51751
94,139,0.3258,0,1,0,5100000,3,8.8,86,8000000,5,city|culture|food|history|spiritual,0,0.46884
94,149,0.17543,0,1,1,6170000,5,7.9,53,8000000,5,city|culture|food|history|spiritual,1,0.45268
94,156,0.31506,1,1,0,7480000,2,9.0,38,8000000,5,city|culture|food|history|spiritual,1,0.61833
94,46,0.62649,1,0,0,8140000,3,9.5,53,8000000,5,city|culture|food|history|spiritual,1,0.77933
94,151,0.31312,0,1,0,7800000,3,7.8,89,8000000,5,city|culture|food|history|spiritual,1,0.45351
94,1,0.11089,0,0,0,14160000,4,9.0,35,8000000,5,city|culture|food|history|spiritual,0,0.28537
94,78,0.74984,0,1,0,6430000,4,9.1,48,8000000,5,city|culture|food|history|spiritual,1,0.67793
94,115,0.06038,1,1,0,6680000,4,8.7,31,8000000,5,city|culture|food|history|spiritual,1,0.56436
94,121,0.63123,1,1,0,5510000,3,7.8,82,8000000,5,city|culture|food|history|spiritual,1,0.76712
94,231,0.31252,1,1,0,3590000,4,9.4,36,8000000,5,city|culture|food|history|spiritual,1,0.67726
94,209,0.52181,1,0,0,8360000,4,9.1,41,8000000,5,city|culture|food|history|spiritual,1,0.75496
94,88,0.23634,1,1,0,6870000,4,9.3,31,8000000,5,city|culture|food|history|spiritual,1,0.64426
94,7,0.49794,1,1,1,7910000,5,9.3,13,8000000,5,city|culture|food|history|spiritual,1,0.78213
94,72,0.32151,0,1,0,6980000,3,8.9,58,8000000,5,city|culture|food|history|spiritual,0,0.46803
94,2,0.0984,0,1,1,5410000,5,9.1,111,8000000,5,city|culture|food|history|spiritual,0,0.43233
94,95,0.13218,0,0,0,12960000,4,7.5,31,8000000,5,city|culture|food|history|spiritual,0,0.30332
94,211,0.09676,1,1,0,4990000,4,9.4,22,8000000,5,city|culture|food|history|spiritual,1,0.58664
94,14,0.33806,0,1,1,4940000,5,8.9,82,8000000,5,city|culture|food|history|spiritual,0,0.53098
94,30,0.35814,1,1,0,3620000,3,8.3,117,8000000,5,city|culture|food|history|spiritual,1,0.65742
94,164,0.52696,0,1,0,2350000,3,9.4,29,8000000,5,city|culture|food|history|spiritual,0,0.55932
94,82,0.53251,1,1,0,6740000,2,8.9,16,8000000,5,city|culture|food|history|spiritual,1,0.70866
94,129,0.24159,0,1,1,4650000,5,9.7,7,8000000,5,city|culture|food|history|spiritual,1,0.49847
94,225,0.40969,0,1,1,5050000,5,8.1,21,8000000,5,city|culture|food|history|spiritual,1,0.55307
94,201,0.01666,0,0,1,8110000,5,8.7,69,8000000,5,city|culture|food|history|spiritual,0,0.3918
95,206,0.36092,0,1,0,4060000,3,9.0,5,14000000,2,adventure|mountain|nature|photography|wildlife,0,0.51359
95,233,0.0501,0,1,0,6800000,3,8.3,19,14000000,2,adventure|mountain|nature|photography|wildlife,0,0.37604
95,109,0.22747,0,1,0,5450000,3,7.6,70,14000000,2,adventure|mountain|nature|photography|wildlife,0,0.44354
95,232,0.03745,0,1,0,10030000,3,8.8,50,14000000,2,adventure|mountain|nature|photography|wildlife,0,0.37573
95,84,0.09051,0,1,1,4910000,2,9.6,25,14000000,2,adventure|mountain|nature|photography|wildlife,0,0.43401
95,65,0.70031,1,1,0,5980000,4,8.1,6,14000000,2,adventure|mountain|nature|photography|wildlife,1,0.79913
95,131,0.09342,1,1,1,3020000,2,8.6,118,14000000,2,adventure|mountain|nature|photography|wildlife,1,0.60523
95,9,0.29568,0,1,0,9390000,4,8.0,60,14000000,2,adventure|mountain|nature|photography|wildlife,0,0.44819
95,225,0.59381,0,1,0,5050000,5,8.1,21,14000000,2,adventure|mountain|nature|photography|wildlife,0,0.5464
95,27,0.73093,1,1,1,6140000,2,8.9,98,14000000,2,adventure|mountain|nature|photography|wildlife,1,0.87599
95,85,0.17911,0,1,0,11800000,3,9.0,111,14000000,2,adventure|mountain|nature|photography|wildlife,0,0.43723
95,215,0.17801,1,1,0,3960000,4,7.5,73,14000000,2,adventure|mountain|nature|photography|wildlife,1,0.57376
95,191,0.33957,0,1,0,6590000,4,7.5,40,14000000,2,adventure|mountain|nature|photography|wildlife,0,0.46162
95,168,0.15563,0,1,0,6140000,3,8.9,101,14000000,2,adventure|mountain|nature|photography|wildlife,0,0.42637
95,226,0.22099,0,1,0,7020000,3,9.0,111,14000000,2,adventure|mountain|nature|photography|wildlife,0,0.45482
95,208,0.20828,0,1,0,3970000,3,8.8,28,14000000,2,adventure|mountain|nature|photography|wildlife,0,0.44748
95,50,0.78499,1,1,1,5180000,2,9.5,104,14000000,2,adventure|mountain|nature|photography|wildlife,1,0.90469
95,5,0.13258,0,0,0,15690000,5,8.2,115,14000000,2,adventure|mountain|nature|photography|wildlife,0,0.33437
95,105,0.07966,0,1,0,12640000,4,8.4,30,14000000,2,adventure|mountain|nature|photography|wildlife,0,0.36146
95,8,0.19557,0,1,0,8190000,3,9.6,107,14000000,2,adventure|mountain|nature|photography|wildlife,0,0.45014
95,130,0.74732,0,1,0,6320000,4,8.0,10,14000000,2,adventure|mountain|nature|photography|wildlife,1,0.63787
95,99,0.11056,0,1,0,7510000,5,8.5,34,14000000,2,adventure|mountain|nature|photography|wildlife,0,0.34743
95,169,0.05247,0,1,0,5620000,5,8.8,5,14000000,2,adventure|mountain|nature|photography|wildlife,0,0.32604
95,79,0.11085,0,1,0,5640000,3,9.6,35,14000000,2,adventure|mountain|nature|photography|wildlife,0,0.41456
95,18,0.1865,0,1,1,6100000,2,7.8,84,14000000,2,adventure|mountain|nature|photography|wildlife,0,0.45633
95,55,0.7201,1,1,0,6780000,4,8.3,68,14000000,2,adventure|mountain|nature|photography|wildlife,1,0.80944
95,228,0.74871,0,1,0,7690000,3,7.6,7,14000000,2,adventure|mountain|nature|photography|wildlife,1,0.66246
95,13,0.27616,0,1,0,10390000,3,8.6,44,14000000,2,adventure|mountain|nature|photography|wildlife,0,0.47399
95,32,0.13067,0,1,0,6600000,3,7.6,4,14000000,2,adventure|mountain|nature|photography|wildlife,0,0.40288
95,128,0.15689,0,1,0,13980000,3,9.1,49,14000000,2,adventure|mountain|nature|photography|wildlife,0,0.42889
95,39,0.18044,0,1,0,7320000,3,8.0,80,14000000,2,adventure|mountain|nature|photography|wildlife,0,0.42778
95,2,0.06763,0,1,0,5410000,5,9.1,111,14000000,2,adventure|mountain|nature|photography|wildlife,0,0.33541
95,193,0.07906,0,1,0,9300000,3,8.2,66,14000000,2,adventure|mountain|nature|photography|wildlife,0,0.3872
95,51,0.269,0,1,0,11500000,5,7.8,99,14000000,2,adventure|mountain|nature|photography|wildlife,0,0.40698
95,121,0.33641,0,1,0,5510000,3,7.8,82,14000000,2,adventure|mountain|nature|photography|wildlife,0,0.49129
95,154,0.03287,0,1,0,5130000,5,7.8,26,14000000,2,adventure|mountain|nature|photography|wildlife,0,0.30781
95,108,0.23587,0,1,0,5210000,5,7.8,114,14000000,2,adventure|mountain|nature|photography|wildlife,0,0.39307
95,35,0.38114,0,1,0,4230000,3,7.8,93,14000000,2,adventure|mountain|nature|photography|wildlife,0,0.51008
95,125,0.04535,0,1,0,8660000,3,8.0,70,14000000,2,adventure|mountain|nature|photography|wildlife,0,0.37105
95,89,0.75595,1,1,0,4550000,4,8.5,70,14000000,2,adventure|mountain|nature|photography|wildlife,1,0.8265
95,68,0.12984,0,1,0,6910000,3,9.3,96,14000000,2,adventure|mountain|nature|photography|wildlife,0,0.41953
95,102,0.70015,1,1,0,7740000,4,9.2,79,14000000,2,adventure|mountain|nature|photography|wildlife,1,0.81006
95,179,0.12375,0,1,0,5280000,3,9.5,68,14000000,2,adventure|mountain|nature|photography|wildlife,0,0.41897
95,237,0.09945,1,1,0,4570000,3,9.1,117,14000000,2,adventure|mountain|nature|photography|wildlife,1,0.58477
95,230,0.64332,0,1,0,6950000,5,7.5,10,14000000,2,adventure|mountain|nature|photography|wildlife,0,0.56119
95,214,0.27884,1,1,0,4300000,4,7.8,103,14000000,2,adventure|mountain|nature|photography|wildlife,0,0.61911
95,137,0.35226,0,1,0,6170000,4,8.6,51,14000000,2,adventure|mountain|nature|photography|wildlife,0,0.47795
95,57,0.2114,1,1,0,5360000,3,8.5,66,14000000,2,adventure|mountain|nature|photography|wildlife,0,0.62579
95,161,0.74934,0,1,0,6500000,4,7.5,57,14000000,2,adventure|mountain|nature|photography|wildlife,0,0.63372
95,60,0.17564,1,1,0,2850000,4,8.8,84,14000000,2,adventure|mountain|nature|photography|wildlife,1,0.58577
95,112,0.2263,0,1,0,5970000,3,8.8,119,14000000,2,adventure|mountain|nature|photography|wildlife,0,0.45505
95,72,0.57618,0,1,0,6980000,3,8.9,58,14000000,2,adventure|mountain|nature|photography|wildlife,0,0.603
95,171,0.24354,1,1,0,5570000,5,9.6,87,14000000,2,adventure|mountain|nature|photography|wildlife,0,0.59428
95,71,0.1381,0,1,0,8030000,3,9.5,81,14000000,2,adventure|mountain|nature|photography|wildlife,1,0.425
95,10,0.58999,0,1,0,3750000,4,9.7,57,14000000,2,adventure|mountain|nature|photography|wildlife,0,0.58879
95,176,0.05193,0,1,0,7390000,5,9.1,92,14000000,2,adventure|mountain|nature|photography|wildlife,0,0.32881
95,144,0.79267,1,1,1,7040000,2,9.6,16,14000000,2,adventure|mountain|nature|photography|wildlife,1,0.90892
95,101,0.28414,1,1,0,9040000,5,7.7,53,14000000,2,adventure|mountain|nature|photography|wildlife,1,0.59234
95,94,0.15258,1,1,1,5190000,2,8.3,80,14000000,2,adventure|mountain|nature|photography|wildlife,1,0.62708
95,212,0.54602,0,1,0,7390000,3,8.7,47,14000000,2,adventure|mountain|nature|photography|wildlife,0,0.58833
95,111,0.70055,1,1,1,3320000,2,7.8,110,14000000,2,adventure|mountain|nature|photography|wildlife,1,0.85223
95,34,0.69048,0,1,0,4830000,5,7.8,107,14000000,2,adventure|mountain|nature|photography|wildlife,0,0.584
95,180,0.6205,0,1,0,5160000,4,9.3,30,14000000,2,adventure|mountain|nature|photography|wildlife,0,0.59761
95,115,0.1956,0,1,0,6680000,4,8.7,31,14000000,2,adventure|mountain|nature|photography|wildlife,0,0.41315
95,196,0.17337,0,0,0,14200000,4,8.3,67,14000000,2,adventure|mountain|nature|photography|wildlife,0,0.39753
95,158,0.05649,0,1,0,13970000,3,8.9,45,14000000,2,adventure|mountain|nature|photography|wildlife,0,0.38473
95,178,0.08533,0,1,0,4150000,3,9.3,40,14000000,2,adventure|mountain|nature|photography|wildlife,0,0.40084
95,28,0.26852,0,1,0,12790000,4,8.6,66,14000000,2,adventure|mountain|nature|photography|wildlife,0,0.44278
95,234,0.5644,0,1,0,3470000,4,7.4,6,14000000,2,adventure|mountain|nature|photography|wildlife,0,0.55505
95,97,0.12267,0,1,0,9930000,3,7.6,41,14000000,2,adventure|mountain|nature|photography|wildlife,0,0.39952
96,105,0.58519,0,0,0,12640000,4,8.4,30,6000000,2,beach|food|photography|relax|romantic,0,0.41378
96,226,0.4895,0,0,0,7020000,3,9.0,111,6000000,2,beach|food|photography|relax|romantic,0,0.54039
96,198,0.60305,0,1,0,5820000,3,8.6,8,6000000,2,beach|food|photography|relax|romantic,1,0.61128
96,157,0.43463,0,0,0,11560000,5,9.6,14,6000000,2,beach|food|photography|relax|romantic,0,0.34628
96,61,0.20438,0,1,1,3850000,2,7.4,61,6000000,2,beach|food|photography|relax|romantic,0,0.45984
96,140,0.61073,0,1,0,3330000,5,9.2,94,6000000,2,beach|food|photography|relax|romantic,0,0.56451
96,126,0.55013,1,0,0,9260000,3,8.4,85,6000000,2,beach|food|photography|relax|romantic,0,0.68012
96,99,0.38864,0,0,0,7510000,5,8.5,34,6000000,2,beach|food|photography|relax|romantic,0,0.42396
96,208,0.27956,0,1,0,3970000,3,8.8,28,6000000,2,beach|food|photography|relax|romantic,0,0.47742
96,76,0.6363,0,1,0,4280000,5,8.3,39,6000000,2,beach|food|photography|relax|romantic,0,0.56625
96,154,0.38081,0,1,0,5130000,5,7.8,26,6000000,2,beach|food|photography|relax|romantic,0,0.45394
96,229,0.37984,0,0,0,10990000,4,8.5,60,6000000,2,beach|food|photography|relax|romantic,0,0.35547
96,224,0.44079,0,0,0,9610000,5,8.2,93,6000000,2,beach|food|photography|relax|romantic,0,0.38686
96,185,0.63281,0,1,0,4000000,4,8.9,82,6000000,2,beach|food|photography|relax|romantic,0,0.59878
96,234,0.76174,0,1,0,3470000,4,7.4,6,6000000,2,beach|food|photography|relax|romantic,1,0.63793
96,18,0.18749,0,0,1,6100000,2,7.8,84,6000000,2,beach|food|photography|relax|romantic,0,0.45408
96,69,0.59085,0,1,1,5280000,2,8.1,71,6000000,2,beach|food|photography|relax|romantic,1,0.62916
96,50,0.29475,0,1,1,5180000,2,9.5,104,6000000,2,beach|food|photography|relax|romantic,1,0.5188
96,111,0.2518,0,1,1,3320000,2,7.8,110,6000000,2,beach|food|photography|relax|romantic,1,0.48375
96,150,0.37738,0,0,1,9710000,2,8.3,87,6000000,2,beach|food|photography|relax|romantic,0,0.44256
96,235,0.71596,0,0,0,8550000,3,9.7,29,6000000,2,beach|food|photography|relax|romantic,1,0.6017
96,41,0.5909,1,0,0,6960000,4,9.1,101,6000000,2,beach|food|photography|relax|romantic,0,0.73758
96,102,0.28986,0,0,0,7740000,4,9.2,79,6000000,2,beach|food|photography|relax|romantic,0,0.41134
96,26,0.73901,0,1,0,4310000,4,9.7,29,6000000,2,beach|food|photography|relax|romantic,0,0.65138
96,45,0.26404,0,0,0,8730000,3,8.1,21,6000000,2,beach|food|photography|relax|romantic,0,0.3911
96,93,0.24316,0,0,1,7290000,2,9.4,63,6000000,2,beach|food|photography|relax|romantic,0,0.46173
96,33,0.62705,0,0,0,6090000,3,8.9,45,6000000,2,beach|food|photography|relax|romantic,1,0.62196
96,52,0.55347,0,0,0,7200000,4,7.7,116,6000000,2,beach|food|photography|relax|romantic,0,0.52146
96,170,0.59561,0,0,0,14230000,3,8.1,81,6000000,2,beach|food|photography|relax|romantic,0,0.44315
96,237,0.20173,1,1,0,4570000,3,9.1,117,6000000,2,beach|food|photography|relax|romantic,0,0.62773
96,47,0.4299,0,0,0,6300000,3,8.3,85,6000000,2,beach|food|photography|relax|romantic,0,0.52756
96,98,0.66739,0,1,0,3780000,5,8.1,109,6000000,2,beach|food|photography|relax|romantic,1,0.5773
96,86,0.40452,0,0,0,10640000,3,9.1,83,6000000,2,beach|food|photography|relax|romantic,0,0.40916
96,213,0.5621,0,1,0,5480000,4,9.1,25,6000000,2,beach|food|photography|relax|romantic,0,0.57108
96,91,0.63978,0,1,0,5890000,5,9.6,48,6000000,2,beach|food|photography|relax|romantic,0,0.58071
96,14,0.51253,1,1,0,4940000,5,8.9,82,6000000,2,beach|food|photography|relax|romantic,1,0.70026
96,152,0.51445,0,0,0,10060000,3,8.7,54,6000000,2,beach|food|photography|relax|romantic,0,0.4668
96,196,0.59755,0,0,0,14200000,4,8.3,67,6000000,2,beach|food|photography|relax|romantic,0,0.41797
96,21,0.37688,0,0,0,7690000,5,7.8,21,6000000,2,beach|food|photography|relax|romantic,0,0.40722
96,158,0.49705,0,0,0,13970000,3,8.9,45,6000000,2,beach|food|photography|relax|romantic,0,0.40976
96,107,0.59714,0,0,0,6120000,3,9.4,13,6000000,2,beach|food|photography|relax|romantic,1,0.6136
96,36,0.69842,0,1,0,4630000,4,9.0,57,6000000,2,beach|food|photography|relax|romantic,1,0.62734
96,130,0.22038,0,0,0,6320000,4,8.0,10,6000000,2,beach|food|photography|relax|romantic,0,0.40803
96,72,0.64774,0,0,0,6980000,3,8.9,58,6000000,2,beach|food|photography|relax|romantic,1,0.60692
96,178,0.53581,0,1,0,4150000,3,9.3,40,6000000,2,beach|food|photography|relax|romantic,1,0.59004
96,155,0.50215,0,1,0,4600000,4,9.4,111,6000000,2,beach|food|photography|relax|romantic,1,0.5489
96,31,0.40884,0,0,1,9440000,2,9.1,25,6000000,2,beach|food|photography|relax|romantic,0,0.47098
96,88,0.22114,0,0,0,6870000,4,9.3,31,6000000,2,beach|food|photography|relax|romantic,0,0.40668
96,218,0.39337,0,0,0,11480000,4,8.8,31,6000000,2,beach|food|photography|relax|romantic,0,0.35108
96,89,0.21592,0,1,0,4550000,4,8.5,70,6000000,2,beach|food|photography|relax|romantic,1,0.41969
96,108,0.42219,0,1,0,5210000,5,7.8,114,6000000,2,beach|food|photography|relax|romantic,0,0.47132
96,138,0.36981,0,0,0,11540000,3,8.0,95,6000000,2,beach|food|photography|relax|romantic,0,0.35959
96,5,0.53426,0,0,0,15690000,5,8.2,115,6000000,2,beach|food|photography|relax|romantic,0,0.36239
96,165,0.47903,0,0,0,10700000,4,7.6,38,6000000,2,beach|food|photography|relax|romantic,0,0.39586
96,146,0.26145,0,0,0,9730000,3,9.7,47,6000000,2,beach|food|photography|relax|romantic,0,0.37934
96,58,0.13595,0,1,0,5490000,4,7.7,45,6000000,2,beach|food|photography|relax|romantic,0,0.3781
96,30,0.22274,0,1,0,3620000,3,8.3,117,6000000,2,beach|food|photography|relax|romantic,0,0.44855
96,27,0.22991,0,0,1,6140000,2,8.9,98,6000000,2,beach|food|photography|relax|romantic,1,0.48183
96,15,0.21212,0,0,0,7150000,3,8.9,23,6000000,2,beach|food|photography|relax|romantic,0,0.41942
96,129,0.16832,0,1,0,4650000,5,9.7,7,6000000,2,beach|food|photography|relax|romantic,0,0.3837
96,9,0.64374,0,0,0,9390000,4,8.0,60,6000000,2,beach|food|photography|relax|romantic,1,0.50397
96,225,0.65753,0,1,0,5050000,5,8.1,21,6000000,2,beach|food|photography|relax|romantic,0,0.57316
96,184,0.47718,0,1,0,5580000,3,7.6,35,6000000,2,beach|food|photography|relax|romantic,0,0.54842
96,205,0.19091,0,1,1,5780000,2,7.9,69,6000000,2,beach|food|photography|relax|romantic,1,0.45918
96,176,0.53448,0,0,0,7390000,5,9.1,92,6000000,2,beach|food|photography|relax|romantic,0,0.49442
96,23,0.28073,0,0,0,7230000,4,8.5,118,6000000,2,beach|food|photography|relax|romantic,0,0.41411
96,92,0.15933,0,1,0,5150000,3,8.1,31,6000000,2,beach|food|photography|relax|romantic,0,0.41992
96,123,0.41224,0,0,0,7390000,4,8.7,91,6000000,2,beach|food|photography|relax|romantic,0,0.46707
96,3,0.47845,0,0,0,8200000,4,7.5,120,6000000,2,beach|food|photography|relax|romantic,1,0.46128
96,164,0.16496,0,1,0,2350000,3,9.4,29,6000000,2,beach|food|photography|relax|romantic,0,0.43528
97,227,0.07649,0,1,0,8860000,2,9.0,39,18000000,4,city|culture|food|history|spiritual,0,0.36612
97,183,0.38955,0,1,0,6720000,5,8.9,109,18000000,4,city|culture|food|history|spiritual,0,0.52461
97,231,0.21454,0,1,1,3590000,4,9.4,36,18000000,4,city|culture|food|history|spiritual,0,0.48411
97,38,0.3763,1,1,0,3520000,3,8.5,21,18000000,4,city|culture|food|history|spiritual,0,0.69505
97,25,0.1581,0,1,1,5890000,4,9.1,67,18000000,4,city|culture|food|history|spiritual,0,0.4574
97,131,0.7557,0,1,0,3020000,2,8.6,118,18000000,4,city|culture|food|history|spiritual,1,0.64739
97,127,0.92594,1,1,1,5620000,4,7.9,52,18000000,4,city|culture|food|history|spiritual,1,0.9479
97,71,0.51625,0,1,0,8030000,3,9.5,81,18000000,4,city|culture|food|history|spiritual,0,0.58382
97,61,0.20178,0,1,0,3850000,2,7.4,61,18000000,4,city|culture|food|history|spiritual,0,0.40275
97,6,0.22402,0,1,0,4460000,5,8.8,16,18000000,4,city|culture|food|history|spiritual,0,0.45409
97,213,0.50562,0,1,1,5480000,4,9.1,25,18000000,4,city|culture|food|history|spiritual,0,0.60336
97,4,0.02,0,1,0,6540000,5,8.5,51,18000000,4,city|culture|food|history|spiritual,0,0.3654
97,48,0.60571,0,1,1,4820000,4,9.2,103,18000000,4,city|culture|food|history|spiritual,0,0.6464
97,35,0.56102,0,1,0,4230000,3,7.8,93,18000000,4,city|culture|food|history|spiritual,0,0.58563
97,103,0.20024,0,1,0,5020000,3,9.3,30,18000000,4,city|culture|food|history|spiritual,0,0.4491
97,54,0.40151,1,1,0,8910000,5,7.6,95,18000000,4,city|culture|food|history|spiritual,1,0.69663
97,86,0.09275,0,1,0,10640000,3,9.1,83,18000000,4,city|culture|food|history|spiritual,0,0.40195
97,141,0.74009,0,1,0,4800000,2,8.6,28,18000000,4,city|culture|food|history|spiritual,1,0.64084
97,66,0.33534,0,1,0,7950000,5,8.3,83,18000000,4,city|culture|food|history|spiritual,1,0.49584
97,209,0.42614,0,1,1,8360000,4,9.1,41,18000000,4,city|culture|food|history|spiritual,1,0.56998
97,90,0.51218,0,1,0,2330000,2,9.0,69,18000000,4,city|culture|food|history|spiritual,0,0.54911
97,163,0.53096,0,1,0,6910000,3,7.6,92,18000000,4,city|culture|food|history|spiritual,1,0.571
97,121,0.57283,0,1,0,5510000,3,7.8,82,18000000,4,city|culture|food|history|spiritual,1,0.59059
97,205,0.93416,1,1,0,5780000,2,7.9,69,18000000,4,city|culture|food|history|spiritual,1,0.89535
97,57,0.82477,0,1,0,5360000,3,8.5,66,18000000,4,city|culture|food|history|spiritual,1,0.7034
97,18,0.9146,1,1,0,6100000,2,7.8,84,18000000,4,city|culture|food|history|spiritual,1,0.88613
97,165,0.44741,0,1,1,10700000,4,7.6,38,18000000,4,city|culture|food|history|spiritual,0,0.56391
97,199,0.59372,0,1,1,7500000,4,8.6,40,18000000,4,city|culture|food|history|spiritual,0,0.63536
97,37,0.93668,1,1,1,7470000,4,9.4,37,18000000,4,city|culture|food|history|spiritual,1,0.96741
97,94,0.68969,0,1,0,5190000,2,8.3,80,18000000,4,city|culture|food|history|spiritual,1,0.61667
97,107,0.09471,0,1,0,6120000,3,9.4,13,18000000,4,city|culture|food|history|spiritual,0,0.40578
97,9,0.22526,0,1,1,9390000,4,8.0,60,18000000,4,city|culture|food|history|spiritual,0,0.47461
97,62,0.10371,0,1,1,15980000,4,7.5,22,18000000,4,city|culture|food|history|spiritual,0,0.41856
97,153,0.36992,1,1,0,8920000,5,9.0,5,18000000,4,city|culture|food|history|spiritual,0,0.69737
97,42,0.87514,0,1,0,5460000,2,8.4,104,18000000,4,city|culture|food|history|spiritual,1,0.69556
97,149,0.21957,0,1,0,6170000,5,7.9,53,18000000,4,city|culture|food|history|spiritual,1,0.44322
97,161,0.1681,0,1,1,6500000,4,7.5,57,18000000,4,city|culture|food|history|spiritual,1,0.4456
97,100,0.68208,0,1,0,6530000,3,9.3,83,18000000,4,city|culture|food|history|spiritual,1,0.65148
97,40,0.2808,0,1,0,5340000,3,7.5,108,18000000,4,city|culture|food|history|spiritual,0,0.46493
97,238,0.07762,0,1,0,6620000,5,8.4,111,18000000,4,city|culture|food|history|spiritual,0,0.3886
97,123,0.2959,0,1,1,7390000,4,8.7,91,18000000,4,city|culture|food|history|spiritual,0,0.51128
97,178,0.27231,0,1,0,4150000,3,9.3,40,18000000,4,city|culture|food|history|spiritual,1,0.47937
97,215,0.73619,0,1,1,3960000,4,7.5,73,18000000,4,city|culture|food|history|spiritual,1,0.6842
97,3,0.0314,0,1,1,8200000,4,7.5,120,18000000,4,city|culture|food|history|spiritual,0,0.38819
97,51,0.34586,0,1,0,11500000,5,7.8,99,18000000,4,city|culture|food|history|spiritual,1,0.49526
97,191,0.50323,0,1,1,6590000,4,7.5,40,18000000,4,city|culture|food|history|spiritual,1,0.58636
97,65,0.25364,0,1,1,5980000,4,8.1,6,18000000,4,city|culture|food|history|spiritual,0,0.48753
97,79,0.56456,0,1,0,5640000,3,9.6,35,18000000,4,city|culture|food|history|spiritual,1,0.60512
97,50,0.18322,0,1,0,5180000,2,9.5,104,18000000,4,city|culture|food|history|spiritual,0,0.41595
97,93,0.15089,0,1,0,7290000,2,9.4,63,18000000,4,city|culture|food|history|spiritual,0,0.40138
97,156,0.21362,0,1,0,7480000,2,9.0,38,18000000,4,city|culture|food|history|spiritual,0,0.42372
97,143,0.50003,0,1,1,7280000,4,7.6,88,18000000,4,city|culture|food|history|spiritual,1,0.58601
97,195,0.18806,0,1,0,5880000,5,8.4,105,18000000,4,city|culture|food|history|spiritual,0,0.43498
97,28,0.29575,0,1,1,12790000,4,8.6,66,18000000,4,city|culture|food|history|spiritual,0,0.51021
97,77,0.14568,0,1,0,7160000,3,8.3,95,18000000,4,city|culture|food|history|spiritual,0,0.41619
97,41,0.43577,1,1,1,6960000,4,9.1,101,18000000,4,city|culture|food|history|spiritual,1,0.75402
97,122,0.55927,0,1,0,5960000,3,9.4,46,18000000,4,city|culture|food|history|spiritual,0,0.60089
97,106,0.51458,0,1,0,3480000,3,7.6,42,18000000,4,city|culture|food|history|spiritual,1,0.56413
97,207,0.36342,0,1,1,3610000,4,8.7,64,18000000,4,city|culture|food|history|spiritual,0,0.53964
97,187,0.90968,1,1,1,4850000,4,9.4,44,18000000,4,city|culture|food|history|spiritual,1,0.95606
97,98,0.16586,0,1,0,3780000,5,8.1,109,18000000,4,city|culture|food|history|spiritual,0,0.42266
97,12,0.22096,0,1,1,5140000,4,9.6,114,18000000,4,city|culture|food|history|spiritual,0,0.4888
97,225,0.33441,0,1,0,5050000,5,8.1,21,18000000,4,city|culture|food|history|spiritual,1,0.49345
97,232,0.27328,0,1,0,10030000,3,8.8,50,18000000,4,city|culture|food|history|spiritual,0,0.47478
97,181,0.45446,1,1,0,5530000,5,8.0,103,18000000,4,city|culture|food|history|spiritual,1,0.72287
97,120,0.37604,1,1,0,7330000,3,9.1,82,18000000,4,city|culture|food|history|spiritual,0,0.70094
97,220,0.65631,0,1,1,4760000,4,8.4,99,18000000,4,city|culture|food|history|spiritual,0,0.65965
97,180,0.28378,0,1,1,5160000,4,9.3,30,18000000,4,city|culture|food|history|spiritual,1,0.51219
97,148,0.39655,0,1,1,11060000,4,9.6,44,18000000,4,city|culture|food|history|spiritual,0,0.56255
97,15,0.95137,1,1,0,7150000,3,8.9,23,18000000,4,city|culture|food|history|spiritual,1,0.94057
98,128,0.13471,0,1,0,13980000,3,9.1,49,18000000,2,city|food|nightlife|photography|shopping,0,0.41958
98,57,0.70689,1,1,0,5360000,3,8.5,66,18000000,2,city|food|nightlife|photography|shopping,1,0.83389
98,41,0.55597,0,1,0,6960000,4,9.1,101,18000000,2,city|food|nightlife|photography|shopping,1,0.56851
98,208,0.83248,0,1,0,3970000,3,8.8,28,18000000,2,city|food|nightlife|photography|shopping,1,0.70964
98,14,0.59692,0,1,0,4940000,5,8.9,82,18000000,2,city|food|nightlife|photography|shopping,0,0.55571
98,129,0.25143,0,1,0,4650000,5,9.7,7,18000000,2,city|food|nightlife|photography|shopping,0,0.4186
98,37,0.35176,0,1,0,7470000,4,9.4,37,18000000,2,city|food|nightlife|photography|shopping,0,0.48574
98,125,0.43088,1,1,0,8660000,3,8.0,70,18000000,2,city|food|nightlife|photography|shopping,1,0.71297
98,24,0.56543,0,1,0,5890000,5,8.1,9,18000000,2,city|food|nightlife|photography|shopping,0,0.53448
98,47,0.26518,0,1,0,6300000,3,8.3,85,18000000,2,city|food|nightlife|photography|shopping,0,0.46637
98,42,0.57762,1,1,1,5460000,2,8.4,104,18000000,2,city|food|nightlife|photography|shopping,1,0.8066
98,164,0.77739,0,1,0,2350000,3,9.4,29,18000000,2,city|food|nightlife|photography|shopping,1,0.69251
98,1,0.0635,0,1,0,14160000,4,9.0,35,18000000,2,city|food|nightlife|photography|shopping,0,0.36067
98,219,0.24611,0,1,0,8840000,3,9.2,91,18000000,2,city|food|nightlife|photography|shopping,0,0.46736
98,81,0.54687,1,1,0,4940000,4,9.0,17,18000000,2,city|food|nightlife|photography|shopping,1,0.74368
98,183,0.1402,0,1,0,6720000,5,8.9,109,18000000,2,city|food|nightlife|photography|shopping,0,0.36388
98,114,0.07363,0,1,0,10820000,3,9.0,71,18000000,2,city|food|nightlife|photography|shopping,0,0.39292
98,105,0.06219,0,1,0,12640000,4,8.4,30,18000000,2,city|food|nightlife|photography|shopping,0,0.35412
98,104,0.17216,0,1,0,8930000,4,7.4,95,18000000,2,city|food|nightlife|photography|shopping,0,0.39031
98,101,0.58072,0,1,0,9040000,5,7.7,53,18000000,2,city|food|nightlife|photography|shopping,1,0.5369
98,120,0.60863,0,1,0,7330000,3,9.1,82,18000000,2,city|food|nightlife|photography|shopping,1,0.61862
98,74,0.38587,1,1,0,3870000,5,7.7,59,18000000,2,city|food|nightlife|photography|shopping,1,0.63507
98,90,0.70866,0,1,1,2330000,2,9.0,69,18000000,2,city|food|nightlife|photography|shopping,1,0.68764
98,34,0.25372,0,1,0,4830000,5,7.8,107,18000000,2,city|food|nightlife|photography|shopping,0,0.40056
98,132,0.73341,0,1,0,7100000,3,9.1,74,18000000,2,city|food|nightlife|photography|shopping,1,0.67103
98,68,0.49598,1,1,0,6910000,3,9.3,96,18000000,2,city|food|nightlife|photography|shopping,1,0.75331
98,32,0.06342,0,1,0,6600000,3,7.6,4,18000000,2,city|food|nightlife|photography|shopping,0,0.37464
98,184,0.37246,0,1,0,5580000,3,7.6,35,18000000,2,city|food|nightlife|photography|shopping,0,0.50443
98,49,0.17797,0,1,0,5810000,3,8.0,112,18000000,2,city|food|nightlife|photography|shopping,0,0.42675
98,93,0.17378,0,1,1,7290000,2,9.4,63,18000000,2,city|food|nightlife|photography|shopping,0,0.46699
98,80,0.57211,1,1,1,4630000,2,9.6,104,18000000,2,city|food|nightlife|photography|shopping,1,0.81629
98,109,0.32714,0,1,0,5450000,3,7.6,70,18000000,2,city|food|nightlife|photography|shopping,0,0.4854
98,197,0.64864,0,1,0,6280000,3,9.2,55,18000000,2,city|food|nightlife|photography|shopping,1,0.63643
98,224,0.13364,0,1,0,9610000,5,8.2,93,18000000,2,city|food|nightlife|photography|shopping,0,0.35413
98,205,0.40274,0,1,1,5780000,2,7.9,69,18000000,2,city|food|nightlife|photography|shopping,0,0.54815
98,176,0.16573,0,1,0,7390000,5,9.1,92,18000000,2,city|food|nightlife|photography|shopping,0,0.3766
98,173,0.19438,0,1,0,7150000,3,9.4,6,18000000,2,city|food|nightlife|photography|shopping,0,0.44764
98,236,0.26485,0,1,0,14120000,4,8.3,70,18000000,2,city|food|nightlife|photography|shopping,0,0.43824
98,151,0.27515,1,1,0,7800000,3,7.8,89,18000000,2,city|food|nightlife|photography|shopping,1,0.64556
98,33,0.34148,0,1,0,6090000,3,8.9,45,18000000,2,city|food|nightlife|photography|shopping,0,0.50442
98,211,0.26639,0,1,0,4990000,4,9.4,22,18000000,2,city|food|nightlife|photography|shopping,0,0.44988
98,38,0.68531,0,1,0,3520000,3,8.5,21,18000000,2,city|food|nightlife|photography|shopping,1,0.64483
98,199,0.30324,0,1,0,7500000,4,8.6,40,18000000,2,city|food|nightlife|photography|shopping,0,0.45736
98,139,0.4624,1,1,0,5100000,3,8.8,86,18000000,2,city|food|nightlife|photography|shopping,1,0.73421
98,97,0.09633,0,1,0,9930000,3,7.6,41,18000000,2,city|food|nightlife|photography|shopping,0,0.38846
98,64,0.3089,1,1,0,3540000,3,9.1,12,18000000,2,city|food|nightlife|photography|shopping,1,0.67274
98,63,0.07064,0,1,0,5390000,4,7.4,85,18000000,2,city|food|nightlife|photography|shopping,0,0.34767
98,217,0.4862,1,1,0,6180000,5,8.0,78,18000000,2,city|food|nightlife|photography|shopping,0,0.6802
98,82,0.34135,0,1,1,6740000,2,8.9,16,18000000,2,city|food|nightlife|photography|shopping,0,0.53237
98,15,0.35877,0,1,0,7150000,3,8.9,23,18000000,2,city|food|nightlife|photography|shopping,1,0.51168
98,150,0.21469,0,1,1,9710000,2,8.3,87,18000000,2,city|food|nightlife|photography|shopping,0,0.47317
98,146,0.23284,0,1,0,9730000,3,9.7,47,18000000,2,city|food|nightlife|photography|shopping,0,0.46679
98,35,0.35453,0,1,0,4230000,3,7.8,93,18000000,2,city|food|nightlife|photography|shopping,0,0.4989
98,89,0.28713,0,1,0,4550000,4,8.5,70,18000000,2,city|food|nightlife|photography|shopping,0,0.44959
98,107,0.06726,0,1,0,6120000,3,9.4,13,18000000,2,city|food|nightlife|photography|shopping,0,0.39425
98,111,0.22367,0,1,1,3320000,2,7.8,110,18000000,2,city|food|nightlife|photography|shopping,0,0.47194
98,17,0.14855,0,1,0,11980000,4,8.3,109,18000000,2,city|food|nightlife|photography|shopping,0,0.38939
98,123,0.45967,1,1,0,7390000,4,8.7,91,18000000,2,city|food|nightlife|photography|shopping,1,0.70406
98,87,0.57975,0,1,0,6390000,4,8.7,39,18000000,2,city|food|nightlife|photography|shopping,0,0.5745
98,165,0.12513,0,1,0,10700000,4,7.6,38,18000000,2,city|food|nightlife|photography|shopping,0,0.37255
98,230,0.34056,1,1,0,6950000,5,7.5,10,18000000,2,city|food|nightlife|photography|shopping,0,0.61404
98,71,0.76899,0,1,0,8030000,3,9.5,81,18000000,2,city|food|nightlife|photography|shopping,1,0.68998
98,215,0.5899,1,1,0,3960000,4,7.5,73,18000000,2,city|food|nightlife|photography|shopping,1,0.74676
98,23,0.26051,0,1,0,7230000,4,8.5,118,18000000,2,city|food|nightlife|photography|shopping,0,0.43841
98,27,0.21026,0,1,1,6140000,2,8.9,98,18000000,2,city|food|nightlife|photography|shopping,0,0.47731
98,30,0.20987,0,1,0,3620000,3,8.3,117,18000000,2,city|food|nightlife|photography|shopping,0,0.44315
98,140,0.2816,1,1,0,3330000,5,9.2,94,18000000,2,city|food|nightlife|photography|shopping,1,0.60627
98,67,0.50778,0,1,0,3730000,3,9.5,8,18000000,2,city|food|nightlife|photography|shopping,0,0.58027
98,39,0.20279,0,1,0,7320000,3,8.0,80,18000000,2,city|food|nightlife|photography|shopping,0,0.43717
98,48,0.4325,0,1,0,4820000,4,9.2,103,18000000,2,city|food|nightlife|photography|shopping,1,0.51765
99,87,0.21092,0,1,1,6390000,4,8.7,39,14000000,4,adventure|mountain|nature|photography|wildlife,0,0.47559
99,181,0.24428,0,1,0,5530000,5,8.0,103,14000000,4,adventure|mountain|nature|photography|wildlife,0,0.4546
99,84,0.02667,0,1,0,4910000,2,9.6,25,14000000,4,adventure|mountain|nature|photography|wildlife,0,0.3512
99,211,0.39972,0,1,1,4990000,4,9.4,22,14000000,4,adventure|mountain|nature|photography|wildlife,0,0.56188
99,223,0.28417,1,1,1,6120000,4,7.6,85,14000000,4,adventure|mountain|nature|photography|wildlife,1,0.67535
99,73,0.65417,0,1,0,7600000,3,8.4,56,14000000,4,adventure|mountain|nature|photography|wildlife,1,0.63075
99,29,0.12215,0,1,0,11690000,3,7.6,35,14000000,4,adventure|mountain|nature|photography|wildlife,0,0.3993
99,35,0.29248,1,1,0,4230000,3,7.8,93,14000000,4,adventure|mountain|nature|photography|wildlife,0,0.65284
99,135,0.11631,1,1,0,8470000,5,8.5,106,14000000,4,adventure|mountain|nature|photography|wildlife,1,0.58585
99,230,0.62945,0,1,0,6950000,5,7.5,10,14000000,4,adventure|mountain|nature|photography|wildlife,1,0.61137
99,6,0.67058,0,1,0,4460000,5,8.8,16,14000000,4,adventure|mountain|nature|photography|wildlife,1,0.64164
99,104,0.87,0,1,1,8930000,4,7.4,95,14000000,4,adventure|mountain|nature|photography|wildlife,0,0.7394
99,126,0.29459,0,1,0,9260000,3,8.4,85,14000000,4,adventure|mountain|nature|photography|wildlife,1,0.47973
99,156,0.80845,0,1,0,7480000,2,9.0,38,14000000,4,adventure|mountain|nature|photography|wildlife,1,0.67355
99,91,0.1255,0,1,0,5890000,5,9.6,48,14000000,4,adventure|mountain|nature|photography|wildlife,0,0.42071
99,178,0.03475,1,1,0,4150000,3,9.3,40,14000000,4,adventure|mountain|nature|photography|wildlife,0,0.55959
99,214,0.22331,0,1,1,4300000,4,7.8,103,14000000,4,adventure|mountain|nature|photography|wildlife,1,0.47179
99,95,0.03979,0,1,1,12960000,4,7.5,31,14000000,4,adventure|mountain|nature|photography|wildlife,0,0.39171
99,195,0.50447,0,1,0,5880000,5,8.4,105,14000000,4,adventure|mountain|nature|photography|wildlife,1,0.56788
99,168,0.10784,0,1,0,6140000,3,8.9,101,14000000,4,adventure|mountain|nature|photography|wildlife,0,0.40629
99,38,0.23595,0,1,0,3520000,3,8.5,21,14000000,4,adventure|mountain|nature|photography|wildlife,1,0.4561
99,130,0.79534,0,1,1,6320000,4,8.0,10,14000000,4,adventure|mountain|nature|photography|wildlife,1,0.71404
99,9,0.27541,0,1,1,9390000,4,8.0,60,14000000,4,adventure|mountain|nature|photography|wildlife,0,0.49567
99,90,0.18291,0,1,0,2330000,2,9.0,69,14000000,4,adventure|mountain|nature|photography|wildlife,0,0.41082
99,161,0.74459,0,1,1,6500000,4,7.5,57,14000000,4,adventure|mountain|nature|photography|wildlife,0,0.68773
99,237,0.06032,0,1,0,4570000,3,9.1,117,14000000,4,adventure|mountain|nature|photography|wildlife,0,0.38834
99,216,0.12965,1,1,1,5630000,4,9.4,104,14000000,4,adventure|mountain|nature|photography|wildlife,0,0.62845
99,152,0.22203,0,1,0,10060000,3,8.7,54,14000000,4,adventure|mountain|nature|photography|wildlife,0,0.45225
99,36,0.50344,0,1,1,4630000,4,9.0,57,14000000,4,adventure|mountain|nature|photography|wildlife,1,0.60145
99,175,0.03374,1,1,1,5040000,4,8.4,87,14000000,4,adventure|mountain|nature|photography|wildlife,1,0.57817
99,86,0.23689,0,1,0,10640000,3,9.1,83,14000000,4,adventure|mountain|nature|photography|wildlife,0,0.46249
99,69,0.23349,1,1,0,5280000,2,8.1,71,14000000,4,adventure|mountain|nature|photography|wildlife,1,0.60306
99,40,0.52991,0,1,0,5340000,3,7.5,108,14000000,4,adventure|mountain|nature|photography|wildlife,1,0.56956
99,232,0.04479,1,1,0,10030000,3,8.8,50,14000000,4,adventure|mountain|nature|photography|wildlife,1,0.55881
99,97,0.20476,0,1,0,9930000,3,7.6,41,14000000,4,adventure|mountain|nature|photography|wildlife,0,0.434
99,124,0.78929,0,1,0,7340000,5,8.1,59,14000000,4,adventure|mountain|nature|photography|wildlife,1,0.6845
99,138,0.17211,0,1,0,11540000,3,8.0,95,14000000,4,adventure|mountain|nature|photography|wildlife,0,0.42428
99,199,0.20185,1,1,1,7500000,4,8.6,40,14000000,4,adventure|mountain|nature|photography|wildlife,1,0.65078
99,240,0.7782,0,1,1,9370000,4,7.7,33,14000000,4,adventure|mountain|nature|photography|wildlife,1,0.70384
99,17,0.10541,0,1,1,11980000,4,8.3,109,14000000,4,adventure|mountain|nature|photography|wildlife,0,0.42727
99,28,0.3475,0,1,1,12790000,4,8.6,66,14000000,4,adventure|mountain|nature|photography|wildlife,0,0.53195
99,173,0.79116,0,1,0,7150000,3,9.4,6,14000000,4,adventure|mountain|nature|photography|wildlife,0,0.69829
99,89,0.79698,0,1,1,4550000,4,8.5,70,14000000,4,adventure|mountain|nature|photography|wildlife,1,0.71973
99,7,0.16056,0,1,0,7910000,5,9.3,13,14000000,4,adventure|mountain|nature|photography|wildlife,0,0.43243
99,67,0.03266,0,1,0,3730000,3,9.5,8,14000000,4,adventure|mountain|nature|photography|wildlife,0,0.38072
99,105,0.02783,0,1,1,12640000,4,8.4,30,14000000,4,adventure|mountain|nature|photography|wildlife,0,0.39569
99,171,0.20724,0,1,0,5570000,5,9.6,87,14000000,4,adventure|mountain|nature|photography|wildlife,0,0.45504
99,127,0.12309,0,1,1,5620000,4,7.9,52,14000000,4,adventure|mountain|nature|photography|wildlife,0,0.4307
99,59,0.25138,0,1,1,6780000,4,8.2,72,14000000,4,adventure|mountain|nature|photography|wildlife,0,0.48758
99,184,0.21423,0,1,0,5580000,3,7.6,35,14000000,4,adventure|mountain|nature|photography|wildlife,0,0.43798
99,102,0.78318,0,1,1,7740000,4,9.2,79,14000000,4,adventure|mountain|nature|photography|wildlife,1,0.72094
99,133,0.20584,0,1,0,5680000,3,9.6,72,14000000,4,adventure|mountain|nature|photography|wildlife,0,0.45445
99,177,0.21526,0,1,1,11590000,4,7.5,90,14000000,4,adventure|mountain|nature|photography|wildlife,1,0.46541
99,200,0.3933,0,1,1,7780000,4,8.8,20,14000000,4,adventure|mountain|nature|photography|wildlife,0,0.55319
99,117,0.06464,0,1,0,4370000,3,8.4,32,14000000,4,adventure|mountain|nature|photography|wildlife,0,0.38315
99,165,0.25078,0,1,1,10700000,4,7.6,38,14000000,4,adventure|mountain|nature|photography|wildlife,0,0.48133
99,52,0.3711,1,1,1,7200000,4,7.7,116,14000000,4,adventure|mountain|nature|photography|wildlife,1,0.71286
99,18,0.13945,0,1,0,6100000,2,7.8,84,14000000,4,adventure|mountain|nature|photography|wildlife,0,0.38057
99,158,0.05113,0,1,0,13970000,3,8.9,45,14000000,4,adventure|mountain|nature|photography|wildlife,0,0.38247
99,192,0.07109,0,1,0,4770000,2,9.4,30,14000000,4,adventure|mountain|nature|photography|wildlife,0,0.36786
99,154,0.05172,1,1,0,5130000,5,7.8,26,14000000,4,adventure|mountain|nature|photography|wildlife,0,0.55172
99,194,0.02368,0,1,0,8690000,3,9.4,66,14000000,4,adventure|mountain|nature|photography|wildlife,0,0.37595
99,183,0.23893,0,1,0,6720000,5,8.9,109,14000000,4,adventure|mountain|nature|photography|wildlife,0,0.46135
99,228,0.78958,0,1,0,7690000,3,7.6,7,14000000,4,adventure|mountain|nature|photography|wildlife,1,0.67962
99,120,0.2766,0,1,0,7330000,3,9.1,82,14000000,4,adventure|mountain|nature|photography|wildlife,0,0.47917
99,186,0.03393,0,1,0,6850000,3,9.0,61,14000000,4,adventure|mountain|nature|photography|wildlife,0,0.37625
99,26,0.52323,0,1,1,4310000,4,9.7,29,14000000,4,adventure|mountain|nature|photography|wildlife,1,0.61676
99,54,0.18655,0,1,0,8910000,5,7.6,95,14000000,4,adventure|mountain|nature|photography|wildlife,0,0.42635
99,49,0.12832,0,1,0,5810000,3,8.0,112,14000000,4,adventure|mountain|nature|photography|wildlife,0,0.40589
99,222,0.21859,0,1,1,10940000,4,9.6,70,14000000,4,adventure|mountain|nature|photography|wildlife,0,0.48781
100,101,0.51304,1,1,0,9040000,5,7.7,53,10000000,3,beach|food|photography|relax|romantic,1,0.71648
100,85,0.43332,1,0,1,11800000,3,9.0,111,10000000,3,beach|food|photography|relax|romantic,1,0.7232
100,194,0.51744,0,1,1,8690000,3,9.4,66,10000000,3,beach|food|photography|relax|romantic,1,0.61132
100,71,0.21465,1,1,1,8030000,3,9.5,81,10000000,3,beach|food|photography|relax|romantic,1,0.66515
100,88,0.21473,0,1,0,6870000,4,9.3,31,10000000,3,beach|food|photography|relax|romantic,0,0.45519
100,64,0.76428,0,1,1,3540000,3,9.1,12,10000000,3,beach|food|photography|relax|romantic,1,0.712
100,28,0.41627,1,0,0,12790000,4,8.6,66,10000000,3,beach|food|photography|relax|romantic,0,0.66819
100,230,0.76255,0,1,0,6950000,5,7.5,10,10000000,3,beach|food|photography|relax|romantic,1,0.63927
100,211,0.35806,0,1,0,4990000,4,9.4,22,10000000,3,beach|food|photography|relax|romantic,1,0.51638
100,110,0.60573,1,1,0,7520000,4,9.4,73,10000000,3,beach|food|photography|relax|romantic,1,0.80041
100,3,0.42834,0,1,0,8200000,4,7.5,120,10000000,3,beach|food|photography|relax|romantic,0,0.5269
100,239,0.30763,0,1,1,5380000,3,7.5,103,10000000,3,beach|food|photography|relax|romantic,1,0.5042
100,17,0.56844,0,0,0,11980000,4,8.3,109,10000000,3,beach|food|photography|relax|romantic,1,0.56206
100,89,0.2102,0,1,0,4550000,4,8.5,70,10000000,3,beach|food|photography|relax|romantic,0,0.44529
100,116,0.57194,1,1,0,3980000,4,7.9,72,10000000,3,beach|food|photography|relax|romantic,1,0.77121
100,129,0.18187,0,1,0,4650000,5,9.7,7,10000000,3,beach|food|photography|relax|romantic,0,0.41738
100,178,0.50495,0,1,1,4150000,3,9.3,40,10000000,3,beach|food|photography|relax|romantic,1,0.60508
100,189,0.28536,1,1,0,2850000,4,7.7,89,10000000,3,beach|food|photography|relax|romantic,0,0.64885
100,107,0.60318,0,1,1,6120000,3,9.4,13,10000000,3,beach|food|photography|relax|romantic,1,0.64733
100,147,0.57649,1,1,1,8820000,3,8.4,18,10000000,3,beach|food|photography|relax|romantic,1,0.80612
100,46,0.597,1,1,1,8140000,3,9.5,53,10000000,3,beach|food|photography|relax|romantic,1,0.82574
100,12,0.76322,0,1,0,5140000,4,9.6,114,10000000,3,beach|food|photography|relax|romantic,1,0.68855
100,137,0.57059,1,1,0,6170000,4,8.6,51,10000000,3,beach|food|photography|relax|romantic,1,0.77765
100,133,0.36592,0,1,1,5680000,3,9.6,72,10000000,3,beach|food|photography|relax|romantic,1,0.54969
100,206,0.61622,1,1,1,4060000,3,9.0,5,10000000,3,beach|food|photography|relax|romantic,1,0.82881
100,213,0.57706,1,1,0,5480000,4,9.1,25,10000000,3,beach|food|photography|relax|romantic,1,0.78537
100,193,0.57095,0,1,1,9300000,3,8.2,66,10000000,3,beach|food|photography|relax|romantic,1,0.6218
100,124,0.20956,0,1,0,7340000,5,8.1,59,10000000,3,beach|food|photography|relax|romantic,0,0.41302
100,5,0.53378,0,0,0,15690000,5,8.2,115,10000000,3,beach|food|photography|relax|romantic,0,0.45915
100,199,0.67342,1,1,0,7500000,4,8.6,40,10000000,3,beach|food|photography|relax|romantic,1,0.82084
100,223,0.64799,1,1,0,6120000,4,7.6,85,10000000,3,beach|food|photography|relax|romantic,1,0.80016
100,21,0.3682,0,1,0,7690000,5,7.8,21,10000000,3,beach|food|photography|relax|romantic,0,0.47664
100,205,0.26721,0,1,0,5780000,2,7.9,69,10000000,3,beach|food|photography|relax|romantic,0,0.46323
100,144,0.24931,0,1,0,7040000,2,9.6,16,10000000,3,beach|food|photography|relax|romantic,0,0.47271
100,182,0.21496,1,1,0,5640000,2,9.5,25,10000000,3,beach|food|photography|relax|romantic,0,0.63729
100,150,0.33214,0,1,0,9710000,2,8.3,87,10000000,3,beach|food|photography|relax|romantic,0,0.4945
100,125,0.44834,0,1,1,8660000,3,8.0,70,10000000,3,beach|food|photography|relax|romantic,1,0.5683
100,154,0.33935,0,1,0,5130000,5,7.8,26,10000000,3,beach|food|photography|relax|romantic,0,0.46453
100,112,0.42798,0,1,1,5970000,3,8.8,119,10000000,3,beach|food|photography|relax|romantic,1,0.56775
100,175,0.37667,0,1,0,5040000,4,8.4,87,10000000,3,beach|food|photography|relax|romantic,0,0.5142
100,237,0.25901,0,1,1,4570000,3,9.1,117,10000000,3,beach|food|photography|relax|romantic,0,0.49979
100,159,0.38771,0,0,0,11760000,2,9.2,85,10000000,3,beach|food|photography|relax|romantic,0,0.49868
100,40,0.75596,0,1,1,5340000,3,7.5,108,10000000,3,beach|food|photography|relax|romantic,0,0.6925
100,92,0.2114,1,1,1,5150000,3,8.1,31,10000000,3,beach|food|photography|relax|romantic,1,0.64979
100,57,0.4197,0,1,1,5360000,3,8.5,66,10000000,3,beach|food|photography|relax|romantic,1,0.56127
100,105,0.59014,0,0,0,12640000,4,8.4,30,10000000,3,beach|food|photography|relax|romantic,1,0.56162
100,148,0.47624,1,0,0,11060000,4,9.6,44,10000000,3,beach|food|photography|relax|romantic,1,0.73106
100,100,0.31497,0,1,1,6530000,3,9.3,83,10000000,3,beach|food|photography|relax|romantic,1,0.52529
100,201,0.51802,0,1,0,8110000,5,8.7,69,10000000,3,beach|food|photography|relax|romantic,1,0.54857
100,48,0.64009,1,1,0,4820000,4,9.2,103,10000000,3,beach|food|photography|relax|romantic,1,0.81284
100,235,0.68767,1,1,1,8550000,3,9.7,29,10000000,3,beach|food|photography|relax|romantic,1,0.86582
100,191,0.59664,1,1,0,6590000,4,7.5,40,10000000,3,beach|food|photography|relax|romantic,1,0.77759
100,6,0.67403,0,1,0,4460000,5,8.8,16,10000000,3,beach|food|photography|relax|romantic,1,0.61509
100,210,0.27021,0,1,1,7500000,3,7.5,13,10000000,3,beach|food|photography|relax|romantic,1,0.48849
100,169,0.55478,0,1,0,5620000,5,8.8,5,10000000,3,beach|food|photography|relax|romantic,1,0.56501
100,145,0.56518,0,1,0,5440000,5,7.9,10,10000000,3,beach|food|photography|relax|romantic,1,0.56038
100,83,0.60796,0,0,1,13980000,3,9.5,52,10000000,3,beach|food|photography|relax|romantic,0,0.58666
100,13,0.37771,0,0,1,10390000,3,8.6,44,10000000,3,beach|food|photography|relax|romantic,1,0.5384
100,108,0.41505,1,1,0,5210000,5,7.8,114,10000000,3,beach|food|photography|relax|romantic,1,0.67632
100,217,0.48069,0,1,0,6180000,5,8.0,78,10000000,3,beach|food|photography|relax|romantic,0,0.52589
100,232,0.34919,0,0,1,10030000,3,8.8,50,10000000,3,beach|food|photography|relax|romantic,0,0.53418
100,44,0.42216,1,1,0,5620000,4,7.4,19,10000000,3,beach|food|photography|relax|romantic,1,0.70331
100,130,0.22733,0,1,0,6320000,4,8.0,10,10000000,3,beach|food|photography|relax|romantic,0,0.44748
100,195,0.75322,0,1,0,5880000,5,8.4,105,10000000,3,beach|food|photography|relax|romantic,1,0.64435
100,26,0.75951,0,1,0,4310000,4,9.7,29,10000000,3,beach|food|photography|relax|romantic,1,0.68799
100,202,0.27739,0,1,0,3200000,2,9.2,60,10000000,3,beach|food|photography|relax|romantic,1,0.48051
100,227,0.35598,0,1,0,8860000,2,9.0,39,10000000,3,beach|food|photography|relax|romantic,0,0.51151
100,174,0.60766,1,1,0,5910000,5,9.4,38,10000000,3,beach|food|photography|relax|romantic,1,0.77322
100,216,0.39159,0,1,0,5630000,4,9.4,104,10000000,3,beach|food|photography|relax|romantic,1,0.53047
100,94,0.29411,0,1,0,5190000,2,8.3,80,10000000,3,beach|food|photography|relax|romantic,0,0.47852
101,208,0.18434,0,1,0,3970000,3,8.8,28,18000000,4,adventure|mountain|nature|photography|wildlife,1,0.43742
101,119,0.13349,0,1,1,6250000,4,7.4,42,18000000,4,adventure|mountain|nature|photography|wildlife,0,0.43007
101,86,0.21143,0,1,0,10640000,3,9.1,83,18000000,4,adventure|mountain|nature|photography|wildlife,0,0.4518
101,55,0.74188,0,1,1,6780000,4,8.3,68,18000000,4,adventure|mountain|nature|photography|wildlife,0,0.69459
101,186,0.03497,0,1,0,6850000,3,9.0,61,18000000,4,adventure|mountain|nature|photography|wildlife,0,0.37669
101,135,0.15879,1,1,0,8470000,5,8.5,106,18000000,4,adventure|mountain|nature|photography|wildlife,1,0.60369
101,177,0.17376,0,1,1,11590000,4,7.5,90,18000000,4,adventure|mountain|nature|photography|wildlife,1,0.44798
101,161,0.67324,1,1,1,6500000,4,7.5,57,18000000,4,adventure|mountain|nature|photography|wildlife,1,0.83776
101,63,0.15448,0,1,1,5390000,4,7.4,85,18000000,4,adventure|mountain|nature|photography|wildlife,0,0.43888
101,49,0.1066,0,1,0,5810000,3,8.0,112,18000000,4,adventure|mountain|nature|photography|wildlife,0,0.39677
101,17,0.06787,0,1,1,11980000,4,8.3,109,18000000,4,adventure|mountain|nature|photography|wildlife,0,0.41151
101,206,0.18218,0,1,0,4060000,3,9.0,5,18000000,4,adventure|mountain|nature|photography|wildlife,1,0.43852
101,99,0.11762,1,1,0,7510000,5,8.5,34,18000000,4,adventure|mountain|nature|photography|wildlife,1,0.5864
101,160,0.51559,1,1,1,3970000,4,9.2,69,18000000,4,adventure|mountain|nature|photography|wildlife,1,0.78855
101,43,0.18758,0,1,0,8280000,3,8.4,120,18000000,4,adventure|mountain|nature|photography|wildlife,0,0.43478
101,222,0.19409,1,1,1,10940000,4,9.6,70,18000000,4,adventure|mountain|nature|photography|wildlife,0,0.65752
101,164,0.11695,0,1,0,2350000,3,9.4,29,18000000,4,adventure|mountain|nature|photography|wildlife,0,0.41512
101,181,0.21068,0,1,0,5530000,5,8.0,103,18000000,4,adventure|mountain|nature|photography|wildlife,0,0.44048
101,25,0.56011,1,1,1,5890000,4,9.1,67,18000000,4,adventure|mountain|nature|photography|wildlife,1,0.80624
101,165,0.21826,1,1,1,10700000,4,7.6,38,18000000,4,adventure|mountain|nature|photography|wildlife,1,0.64767
101,92,0.15126,0,1,0,5150000,3,8.1,31,18000000,4,adventure|mountain|nature|photography|wildlife,0,0.41653
101,77,0.82217,0,1,0,7160000,3,8.3,95,18000000,4,adventure|mountain|nature|photography|wildlife,1,0.70031
101,95,0.01042,0,1,1,12960000,4,7.5,31,18000000,4,adventure|mountain|nature|photography|wildlife,0,0.37938
101,114,0.33615,1,1,0,10820000,3,9.0,71,18000000,4,adventure|mountain|nature|photography|wildlife,1,0.68318
101,187,0.08081,0,1,1,4850000,4,9.4,44,18000000,4,adventure|mountain|nature|photography|wildlife,1,0.42794
101,26,0.47816,1,1,1,4310000,4,9.7,29,18000000,4,adventure|mountain|nature|photography|wildlife,1,0.77783
101,141,0.06636,1,1,0,4800000,2,8.6,28,18000000,4,adventure|mountain|nature|photography|wildlife,1,0.53787
101,134,0.5449,1,1,1,3330000,4,7.8,89,18000000,4,adventure|mountain|nature|photography|wildlife,1,0.78686
101,98,0.51079,1,1,0,3780000,5,8.1,109,18000000,4,adventure|mountain|nature|photography|wildlife,1,0.74753
101,14,0.293,0,1,0,4940000,5,8.9,82,18000000,4,adventure|mountain|nature|photography|wildlife,0,0.48406
101,136,0.1408,0,1,0,6220000,3,8.1,117,18000000,4,adventure|mountain|nature|photography|wildlife,0,0.41213
101,209,0.2173,1,1,1,8360000,4,9.1,41,18000000,4,adventure|mountain|nature|photography|wildlife,1,0.66227
101,178,0.05286,1,1,0,4150000,3,9.3,40,18000000,4,adventure|mountain|nature|photography|wildlife,1,0.5672
101,210,0.75478,0,1,0,7500000,3,7.5,13,18000000,4,adventure|mountain|nature|photography|wildlife,0,0.66401
101,143,0.19946,0,1,1,7280000,4,7.6,88,18000000,4,adventure|mountain|nature|photography|wildlife,1,0.45977
101,85,0.21156,1,1,0,11800000,3,9.0,111,18000000,4,adventure|mountain|nature|photography|wildlife,0,0.63086
101,151,0.49779,1,1,0,7800000,3,7.8,89,18000000,4,adventure|mountain|nature|photography|wildlife,1,0.73907
101,97,0.16253,1,1,0,9930000,3,7.6,41,18000000,4,adventure|mountain|nature|photography|wildlife,1,0.59626
101,66,0.10441,1,1,0,7950000,5,8.3,83,18000000,4,adventure|mountain|nature|photography|wildlife,0,0.57885
101,217,0.0449,1,1,0,6180000,5,8.0,78,18000000,4,adventure|mountain|nature|photography|wildlife,1,0.55086
101,52,0.2907,0,1,1,7200000,4,7.7,116,18000000,4,adventure|mountain|nature|photography|wildlife,0,0.49909
101,137,0.20861,0,1,1,6170000,4,8.6,51,18000000,4,adventure|mountain|nature|photography|wildlife,0,0.47362
101,150,0.14422,0,1,0,9710000,2,8.3,87,18000000,4,adventure|mountain|nature|photography|wildlife,0,0.38757
101,169,0.01438,0,1,0,5620000,5,8.8,5,18000000,4,adventure|mountain|nature|photography|wildlife,0,0.36604
101,93,0.80168,0,1,0,7290000,2,9.4,63,18000000,4,adventure|mountain|nature|photography|wildlife,0,0.6747
101,56,0.23228,1,1,0,12680000,3,9.5,77,18000000,4,adventure|mountain|nature|photography|wildlife,1,0.64456
101,221,0.49185,1,1,0,3220000,5,8.2,86,18000000,4,adventure|mountain|nature|photography|wildlife,1,0.74058
101,130,0.78218,0,1,1,6320000,4,8.0,10,18000000,4,adventure|mountain|nature|photography|wildlife,1,0.70851
101,120,0.25222,0,1,0,7330000,3,9.1,82,18000000,4,adventure|mountain|nature|photography|wildlife,0,0.46893
101,118,0.49981,1,1,0,7280000,5,8.4,70,18000000,4,adventure|mountain|nature|photography|wildlife,1,0.74592
101,100,0.13857,1,1,0,6530000,3,9.3,83,18000000,4,adventure|mountain|nature|photography|wildlife,1,0.6032
101,15,0.13476,0,1,0,7150000,3,8.9,23,18000000,4,adventure|mountain|nature|photography|wildlife,0,0.4176
101,27,0.73982,0,1,0,6140000,2,8.9,98,18000000,4,adventure|mountain|nature|photography|wildlife,1,0.64372
101,13,0.22,0,1,0,10390000,3,8.6,44,18000000,4,adventure|mountain|nature|photography|wildlife,0,0.4504
101,60,0.16607,1,1,1,2850000,4,8.8,84,18000000,4,adventure|mountain|nature|photography|wildlife,0,0.63775
101,32,0.05651,0,1,0,6600000,3,7.6,4,18000000,4,adventure|mountain|nature|photography|wildlife,0,0.37173
101,76,0.50168,1,1,0,4280000,5,8.3,39,18000000,4,adventure|mountain|nature|photography|wildlife,1,0.7457
101,188,0.18543,1,1,0,2280000,2,7.5,73,18000000,4,adventure|mountain|nature|photography|wildlife,0,0.57688
101,230,0.54679,1,1,0,6950000,5,7.5,10,18000000,4,adventure|mountain|nature|photography|wildlife,1,0.75665
101,182,0.11497,0,1,0,5640000,2,9.5,25,18000000,4,adventure|mountain|nature|photography|wildlife,0,0.38729
101,156,0.80382,0,1,0,7480000,2,9.0,38,18000000,4,adventure|mountain|nature|photography|wildlife,1,0.67161
101,33,0.2212,0,1,0,6090000,3,8.9,45,18000000,4,adventure|mountain|nature|photography|wildlife,0,0.4539
101,234,0.47299,1,1,1,3470000,4,7.4,6,18000000,4,adventure|mountain|nature|photography|wildlife,1,0.75266
101,157,0.27218,1,1,0,11560000,5,9.6,14,18000000,4,adventure|mountain|nature|photography|wildlife,1,0.66231
101,229,0.25668,0,1,1,10990000,4,8.5,60,18000000,4,adventure|mountain|nature|photography|wildlife,0,0.49281
101,74,0.05026,1,1,0,3870000,5,7.7,59,18000000,4,adventure|mountain|nature|photography|wildlife,1,0.55011
101,83,0.02603,0,1,0,13980000,3,9.5,52,18000000,4,adventure|mountain|nature|photography|wildlife,0,0.37793
101,41,0.17946,0,1,1,6960000,4,9.1,101,18000000,4,adventure|mountain|nature|photography|wildlife,1,0.46637
101,28,0.36023,1,1,1,12790000,4,8.6,66,18000000,4,adventure|mountain|nature|photography|wildlife,1,0.7173
101,103,0.54283,1,1,0,5020000,3,9.3,30,18000000,4,adventure|mountain|nature|photography|wildlife,1,0.77299
102,84,0.4042,0,1,0,4910000,2,9.6,25,8000000,4,beach|budget|city|family|food,0,0.50977
102,181,0.75881,0,1,0,5530000,5,8.0,103,8000000,4,beach|budget|city|family|food,0,0.6707
102,216,0.61607,1,1,1,5630000,4,9.4,104,8000000,4,beach|budget|city|family|food,1,0.83275
102,106,0.48186,0,1,0,3480000,3,7.6,42,8000000,4,beach|budget|city|family|food,0,0.55038
102,21,0.525,1,1,0,7690000,5,7.8,21,8000000,4,beach|budget|city|family|food,1,0.7505
102,33,0.26399,0,1,0,6090000,3,8.9,45,8000000,4,beach|budget|city|family|food,0,0.47188
102,31,0.46331,0,0,0,9440000,2,9.1,25,8000000,4,beach|budget|city|family|food,0,0.50079
102,189,0.39753,0,1,1,2850000,4,7.7,89,8000000,4,beach|budget|city|family|food,1,0.54396
102,32,0.34593,0,1,0,6600000,3,7.6,4,8000000,4,beach|budget|city|family|food,0,0.49329
102,122,0.36776,0,1,0,5960000,3,9.4,46,8000000,4,beach|budget|city|family|food,0,0.52046
102,140,0.22051,0,1,0,3330000,5,9.2,94,8000000,4,beach|budget|city|family|food,0,0.45662
102,68,0.59107,1,1,0,6910000,3,9.3,96,8000000,4,beach|budget|city|family|food,1,0.79325
102,8,0.47787,0,0,0,8190000,3,9.6,107,8000000,4,beach|budget|city|family|food,0,0.5649
102,184,0.52007,0,1,0,5580000,3,7.6,35,8000000,4,beach|budget|city|family|food,0,0.56643
102,190,0.58276,1,0,1,9710000,4,9.4,24,8000000,4,beach|budget|city|family|food,1,0.78456
102,221,0.26649,0,1,0,3220000,5,8.2,86,8000000,4,beach|budget|city|family|food,0,0.46593
102,64,0.28142,0,1,0,3540000,3,9.1,12,8000000,4,beach|budget|city|family|food,0,0.48119
102,103,0.20234,0,1,0,5020000,3,9.3,30,8000000,4,beach|budget|city|family|food,0,0.44998
102,36,0.26587,0,1,1,4630000,4,9.0,57,8000000,4,beach|budget|city|family|food,0,0.50166
102,100,0.3497,0,1,0,6530000,3,9.3,83,8000000,4,beach|budget|city|family|food,1,0.51188
102,198,0.24061,0,1,0,5820000,3,8.6,8,8000000,4,beach|budget|city|family|food,1,0.45906
102,12,0.3524,0,1,1,5140000,4,9.6,114,8000000,4,beach|budget|city|family|food,0,0.54401
102,25,0.26006,0,1,1,5890000,4,9.1,67,8000000,4,beach|budget|city|family|food,1,0.50023
102,217,0.55195,1,1,0,6180000,5,8.0,78,8000000,4,beach|budget|city|family|food,1,0.76382
102,50,0.01551,1,1,0,5180000,2,9.5,104,8000000,4,beach|budget|city|family|food,0,0.52552
102,73,0.19253,0,1,0,7600000,3,8.4,56,8000000,4,beach|budget|city|family|food,0,0.43686
102,91,0.42362,0,1,0,5890000,5,9.6,48,8000000,4,beach|budget|city|family|food,0,0.54592
102,56,0.28029,0,0,0,12680000,3,9.5,77,8000000,4,beach|budget|city|family|food,0,0.39112
102,205,0.47223,0,1,0,5780000,2,7.9,69,8000000,4,beach|budget|city|family|food,0,0.52134
102,222,0.21733,0,0,1,10940000,4,9.6,70,8000000,4,beach|budget|city|family|food,0,0.42848
102,94,0.36446,0,1,0,5190000,2,8.3,80,8000000,4,beach|budget|city|family|food,0,0.48007
102,155,0.62654,1,1,1,4600000,4,9.4,111,8000000,4,beach|budget|city|family|food,1,0.83715
102,70,0.41655,0,1,1,7280000,4,8.7,47,8000000,4,beach|budget|city|family|food,1,0.56195
102,2,0.37716,0,1,0,5410000,5,9.1,111,8000000,4,beach|budget|city|family|food,0,0.52141
102,58,0.50051,0,1,1,5490000,4,7.7,45,8000000,4,beach|budget|city|family|food,1,0.58721
102,19,0.79487,0,1,0,5280000,3,9.2,81,8000000,4,beach|budget|city|family|food,0,0.69785
102,30,0.0,1,1,0,3620000,3,8.3,117,8000000,4,beach|budget|city|family|food,0,0.535
102,238,0.36682,0,1,0,6620000,5,8.4,111,8000000,4,beach|budget|city|family|food,1,0.51007
102,29,0.37002,0,0,0,11690000,3,7.6,35,8000000,4,beach|budget|city|family|food,0,0.42961
102,81,0.41069,0,1,1,4940000,4,9.0,17,8000000,4,beach|budget|city|family|food,1,0.56249
102,54,0.73651,0,0,0,8910000,5,7.6,95,8000000,4,beach|budget|city|family|food,0,0.63913
102,121,0.32088,0,1,0,5510000,3,7.8,82,8000000,4,beach|budget|city|family|food,0,0.48477
102,17,0.42829,0,0,1,11980000,4,8.3,109,8000000,4,beach|budget|city|family|food,0,0.48328
102,131,0.42861,0,1,0,3020000,2,8.6,118,8000000,4,beach|budget|city|family|food,0,0.51002
102,224,0.25114,0,0,0,9610000,5,8.2,93,8000000,4,beach|budget|city|family|food,0,0.42728
102,34,0.04119,0,1,0,4830000,5,7.8,107,8000000,4,beach|budget|city|family|food,0,0.3673
102,89,0.13879,1,1,1,4550000,4,8.5,70,8000000,4,beach|budget|city|family|food,1,0.62329
102,93,0.01316,1,1,0,7290000,2,9.4,63,8000000,4,beach|budget|city|family|food,1,0.52353
102,200,0.61773,0,1,1,7780000,4,8.8,20,8000000,4,beach|budget|city|family|food,1,0.64745
102,6,0.28027,0,1,0,4460000,5,8.8,16,8000000,4,beach|budget|city|family|food,0,0.47771
102,206,0.33722,0,1,0,4060000,3,9.0,5,8000000,4,beach|budget|city|family|food,1,0.50363
102,69,0.30899,0,1,0,5280000,2,8.1,71,8000000,4,beach|budget|city|family|food,0,0.45477
102,240,0.06705,0,0,1,9370000,4,7.7,33,8000000,4,beach|budget|city|family|food,0,0.37776
102,118,0.24669,0,1,0,7280000,5,8.4,70,8000000,4,beach|budget|city|family|food,0,0.45961
102,129,0.06376,0,1,0,4650000,5,9.7,7,8000000,4,beach|budget|city|family|food,0,0.39578
102,113,0.41641,0,0,0,8040000,3,9.3,109,8000000,4,beach|budget|city|family|food,1,0.53909
102,85,0.32881,0,0,0,11800000,3,9.0,111,8000000,4,beach|budget|city|family|food,0,0.4241
102,104,0.17574,0,0,1,8930000,4,7.4,95,8000000,4,beach|budget|city|family|food,0,0.42921
102,167,0.43125,0,0,0,9750000,3,8.5,4,8000000,4,beach|budget|city|family|food,0,0.50312
102,157,0.26897,0,0,0,11560000,5,9.6,14,8000000,4,beach|budget|city|family|food,0,0.40977
102,66,0.72386,1,1,0,7950000,5,8.3,83,8000000,4,beach|budget|city|family|food,1,0.83902
102,177,0.48912,0,0,1,11590000,4,7.5,90,8000000,4,beach|budget|city|family|food,0,0.50863
102,82,0.38626,0,1,0,6740000,2,8.9,16,8000000,4,beach|budget|city|family|food,0,0.49523
102,126,0.69357,0,0,0,9260000,3,8.4,85,8000000,4,beach|budget|city|family|food,0,0.6221
102,80,0.39477,0,1,0,4630000,2,9.6,104,8000000,4,beach|budget|city|family|food,0,0.5058
102,239,0.38822,0,1,0,5380000,3,7.5,103,8000000,4,beach|budget|city|family|food,0,0.51005
102,211,0.39663,0,1,1,4990000,4,9.4,22,8000000,4,beach|budget|city|family|food,1,0.56058
102,135,0.54863,1,0,0,8470000,5,8.5,106,8000000,4,beach|budget|city|family|food,1,0.75802
102,203,0.41523,0,1,0,4750000,2,8.4,43,8000000,4,beach|budget|city|family|food,0,0.5024
102,164,0.4225,0,1,0,2350000,3,9.4,29,8000000,4,beach|budget|city|family|food,0,0.54345
103,94,0.7582,0,0,1,5190000,2,8.3,80,4000000,2,city|culture|food|history|spiritual,1,0.65384
103,187,0.88307,0,0,0,4850000,4,9.4,44,4000000,2,city|culture|food|history|spiritual,0,0.67489
103,101,0.48112,0,0,0,9040000,5,7.7,53,4000000,2,city|culture|food|history|spiritual,0,0.33507
103,52,0.61545,0,0,0,7200000,4,7.7,116,4000000,2,city|culture|food|history|spiritual,0,0.45149
103,142,0.74317,0,0,0,6670000,4,9.5,72,4000000,2,city|culture|food|history|spiritual,0,0.54433
103,1,0.11522,0,0,0,14160000,4,9.0,35,4000000,2,city|culture|food|history|spiritual,0,0.22239
103,128,0.03445,0,0,0,13980000,3,9.1,49,4000000,2,city|culture|food|history|spiritual,0,0.21747
103,232,0.3088,0,0,0,10030000,3,8.8,50,4000000,2,city|culture|food|history|spiritual,0,0.3297
103,91,0.04494,0,0,0,5890000,5,9.6,48,4000000,2,city|culture|food|history|spiritual,0,0.25527
103,81,0.85916,0,0,0,4940000,4,9.0,17,4000000,2,city|culture|food|history|spiritual,1,0.65725
103,127,0.91914,0,0,0,5620000,4,7.9,52,4000000,2,city|culture|food|history|spiritual,1,0.64424
103,106,0.59183,0,1,0,3480000,3,7.6,42,4000000,2,city|culture|food|history|spiritual,0,0.59657
103,140,0.27375,1,1,0,3330000,5,9.2,94,4000000,2,city|culture|food|history|spiritual,0,0.60297
103,89,0.28648,0,0,0,4550000,4,8.5,70,4000000,2,city|culture|food|history|spiritual,0,0.42732
103,117,0.81441,0,0,0,4370000,3,8.4,32,4000000,2,city|culture|food|history|spiritual,1,0.68325
103,215,0.80819,0,1,0,3960000,4,7.5,73,4000000,2,city|culture|food|history|spiritual,1,0.65844
103,21,0.38904,0,0,0,7690000,5,7.8,21,4000000,2,city|culture|food|history|spiritual,0,0.3098
103,171,0.43621,0,0,0,5570000,5,9.6,87,4000000,2,city|culture|food|history|spiritual,0,0.43241
103,115,0.04886,0,0,0,6680000,4,8.7,31,4000000,2,city|culture|food|history|spiritual,0,0.24432
103,104,0.20728,1,0,0,8930000,4,7.4,95,4000000,2,city|culture|food|history|spiritual,0,0.42506
103,192,0.54145,0,0,1,4770000,2,9.4,30,4000000,2,city|culture|food|history|spiritual,1,0.59061
103,230,0.23605,1,0,0,6950000,5,7.5,10,4000000,2,city|culture|food|history|spiritual,0,0.45214
103,50,0.20383,0,0,1,5180000,2,9.5,104,4000000,2,city|culture|food|history|spiritual,0,0.43341
103,80,0.88088,0,0,1,4630000,2,9.6,104,4000000,2,city|culture|food|history|spiritual,1,0.74077
103,20,0.57271,0,0,1,6490000,2,8.3,67,4000000,2,city|culture|food|history|spiritual,1,0.52394
103,197,0.42586,0,0,0,6280000,3,9.2,55,4000000,2,city|culture|food|history|spiritual,0,0.45166
103,181,0.49559,0,0,0,5530000,5,8.0,103,4000000,2,city|culture|food|history|spiritual,0,0.44295
103,2,0.09821,0,0,0,5410000,5,9.1,111,4000000,2,city|culture|food|history|spiritual,0,0.29185
103,41,0.48037,0,0,0,6960000,4,9.1,101,4000000,2,city|culture|food|history|spiritual,0,0.41835
103,108,0.28002,0,0,0,5210000,5,7.8,114,4000000,2,city|culture|food|history|spiritual,0,0.36321
103,83,0.14192,0,0,0,13980000,3,9.5,52,4000000,2,city|culture|food|history|spiritual,0,0.26661
103,17,0.03716,0,0,0,11980000,4,8.3,109,4000000,2,city|culture|food|history|spiritual,0,0.18261
103,31,0.12442,0,0,1,9440000,2,9.1,25,4000000,2,city|culture|food|history|spiritual,0,0.28326
103,73,0.1528,1,0,0,7600000,3,8.4,56,4000000,2,city|culture|food|history|spiritual,0,0.45617
103,11,0.36962,0,0,0,8160000,4,8.8,13,4000000,2,city|culture|food|history|spiritual,0,0.32724
103,159,0.05028,0,0,1,11760000,2,9.2,85,4000000,2,city|culture|food|history|spiritual,0,0.25312
103,169,0.09026,0,0,0,5620000,5,8.8,5,4000000,2,city|culture|food|history|spiritual,0,0.27711
103,156,0.23579,0,0,1,7480000,2,9.0,38,4000000,2,city|culture|food|history|spiritual,0,0.34983
103,154,0.22093,0,0,0,5130000,5,7.8,26,4000000,2,city|culture|food|history|spiritual,0,0.34159
103,103,0.21146,1,0,0,5020000,3,9.3,30,4000000,2,city|culture|food|history|spiritual,1,0.59301
103,53,0.61569,0,0,0,6850000,4,8.6,65,4000000,2,city|culture|food|history|spiritual,0,0.47459
103,163,0.44265,0,0,0,6910000,3,7.6,92,4000000,2,city|culture|food|history|spiritual,0,0.41751
103,201,0.04597,0,0,0,8110000,5,8.7,69,4000000,2,city|culture|food|history|spiritual,0,0.16231
103,10,0.23061,1,1,0,3750000,4,9.7,57,4000000,2,city|culture|food|history|spiritual,0,0.61786
103,125,0.29353,0,0,0,8660000,3,8.0,70,4000000,2,city|culture|food|history|spiritual,0,0.31528
103,24,0.3944,0,0,0,5890000,5,8.1,9,4000000,2,city|culture|food|history|spiritual,0,0.38705
103,220,0.67733,0,0,0,4760000,4,8.4,99,4000000,2,city|culture|food|history|spiritual,0,0.58208
103,34,0.22868,1,0,0,4830000,5,7.8,107,4000000,2,city|culture|food|history|spiritual,1,0.53684
103,174,0.47754,0,0,0,5910000,5,9.4,38,4000000,2,city|culture|food|history|spiritual,0,0.43417
103,123,0.34055,0,0,0,7390000,4,8.7,91,4000000,2,city|culture|food|history|spiritual,0,0.33843
103,86,0.12586,0,0,0,10640000,3,9.1,83,4000000,2,city|culture|food|history|spiritual,0,0.25586
103,194,0.0984,0,0,0,8690000,3,9.4,66,4000000,2,city|culture|food|history|spiritual,0,0.24733
103,112,0.04618,0,0,0,5970000,3,8.8,119,4000000,2,city|culture|food|history|spiritual,0,0.3006
103,152,0.46411,0,0,0,10060000,3,8.7,54,4000000,2,city|culture|food|history|spiritual,0,0.39393
103,88,0.16962,0,0,0,6870000,4,9.3,31,4000000,2,city|culture|food|history|spiritual,0,0.29344
103,61,0.22448,0,1,1,3850000,2,7.4,61,4000000,2,city|culture|food|history|spiritual,0,0.46828
103,111,0.25138,0,1,1,3320000,2,7.8,110,4000000,2,city|culture|food|history|spiritual,1,0.48358
103,58,0.58599,0,0,0,5490000,4,7.7,45,4000000,2,city|culture|food|history|spiritual,0,0.50752
103,29,0.03675,0,0,0,11690000,3,7.6,35,4000000,2,city|culture|food|history|spiritual,0,0.20344
103,44,0.29918,0,0,0,5620000,4,7.4,19,4000000,2,city|culture|food|history|spiritual,0,0.37886
103,218,0.0534,0,0,0,11480000,4,8.8,31,4000000,2,city|culture|food|history|spiritual,0,0.19443
103,141,0.81199,0,0,1,4800000,2,8.6,28,4000000,2,city|culture|food|history|spiritual,1,0.69504
103,239,0.93881,0,0,0,5380000,3,7.5,103,4000000,2,city|culture|food|history|spiritual,0,0.6861
103,221,0.29231,1,1,0,3220000,5,8.2,86,4000000,2,city|culture|food|history|spiritual,0,0.60077
103,122,0.61884,0,0,0,5960000,3,9.4,46,4000000,2,city|culture|food|history|spiritual,1,0.54751
103,71,0.56654,0,0,0,8030000,3,9.5,81,4000000,2,city|culture|food|history|spiritual,0,0.44495
103,228,0.25258,1,0,0,7690000,3,7.6,7,4000000,2,city|culture|food|history|spiritual,0,0.48648
103,40,0.29367,1,0,0,5340000,3,7.5,108,4000000,2,city|culture|food|history|spiritual,1,0.59674
103,203,0.92182,0,0,1,4750000,2,8.4,43,4000000,2,city|culture|food|history|spiritual,1,0.74116
103,224,0.38237,0,0,0,9610000,5,8.2,93,4000000,2,city|culture|food|history|spiritual,0,0.2986
104,78,0.09846,0,1,1,6430000,4,9.1,48,18000000,4,beach|cruise|luxury|relax|romantic,0,0.43235
104,148,0.50573,0,1,1,11060000,4,9.6,44,18000000,4,beach|cruise|luxury|relax|romantic,1,0.6084
104,67,0.04112,1,1,0,3730000,3,9.5,8,18000000,4,beach|cruise|luxury|relax|romantic,1,0.56427
104,226,0.69093,0,1,0,7020000,3,9.0,111,18000000,4,beach|cruise|luxury|relax|romantic,1,0.65219
104,132,0.21089,0,1,0,7100000,3,9.1,74,18000000,4,beach|cruise|luxury|relax|romantic,0,0.45157
104,191,0.22889,0,1,1,6590000,4,7.5,40,18000000,4,beach|cruise|luxury|relax|romantic,0,0.47113
104,72,0.37768,0,1,0,6980000,3,8.9,58,18000000,4,beach|cruise|luxury|relax|romantic,1,0.51962
104,196,0.70315,0,1,1,14200000,4,8.3,67,18000000,4,beach|cruise|luxury|relax|romantic,1,0.67832
104,75,0.67948,0,1,0,14320000,3,8.5,11,18000000,4,beach|cruise|luxury|relax|romantic,0,0.64238
104,126,0.26212,0,1,0,9260000,3,8.4,85,18000000,4,beach|cruise|luxury|relax|romantic,0,0.46609
104,102,0.2047,0,1,1,7740000,4,9.2,79,18000000,4,beach|cruise|luxury|relax|romantic,1,0.47797
104,96,0.37029,0,1,0,4840000,3,7.8,118,18000000,4,beach|cruise|luxury|relax|romantic,0,0.50552
104,219,0.78611,0,1,0,8840000,3,9.2,91,18000000,4,beach|cruise|luxury|relax|romantic,1,0.69417
104,197,0.35988,0,1,0,6280000,3,9.2,55,18000000,4,beach|cruise|luxury|relax|romantic,0,0.51515
104,239,0.0546,1,1,0,5380000,3,7.5,103,18000000,4,beach|cruise|luxury|relax|romantic,0,0.54993
104,17,0.6986,0,1,1,11980000,4,8.3,109,18000000,4,beach|cruise|luxury|relax|romantic,1,0.67641
104,113,0.62926,0,1,0,8040000,3,9.3,109,18000000,4,beach|cruise|luxury|relax|romantic,1,0.62929
104,104,0.04535,0,1,1,8930000,4,7.4,95,18000000,4,beach|cruise|luxury|relax|romantic,0,0.39304
104,155,0.39533,1,1,1,4600000,4,9.4,111,18000000,4,beach|cruise|luxury|relax|romantic,1,0.74004
104,153,0.33665,0,1,0,8920000,5,9.0,5,18000000,4,beach|cruise|luxury|relax|romantic,0,0.50339
104,97,0.44278,0,1,0,9930000,3,7.6,41,18000000,4,beach|cruise|luxury|relax|romantic,0,0.53397
104,154,0.29243,1,1,0,5130000,5,7.8,26,18000000,4,beach|cruise|luxury|relax|romantic,1,0.65282
104,240,0.08832,0,1,1,9370000,4,7.7,33,18000000,4,beach|cruise|luxury|relax|romantic,0,0.41409
104,122,0.21572,0,1,0,5960000,3,9.4,46,18000000,4,beach|cruise|luxury|relax|romantic,1,0.4566
104,82,0.23098,0,1,0,6740000,2,8.9,16,18000000,4,beach|cruise|luxury|relax|romantic,0,0.43001
104,69,0.2499,0,1,0,5280000,2,8.1,71,18000000,4,beach|cruise|luxury|relax|romantic,0,0.42996
104,214,0.24504,0,1,1,4300000,4,7.8,103,18000000,4,beach|cruise|luxury|relax|romantic,0,0.48092
104,173,0.15512,0,1,0,7150000,3,9.4,6,18000000,4,beach|cruise|luxury|relax|romantic,0,0.43115
104,181,0.32859,0,1,0,5530000,5,8.0,103,18000000,4,beach|cruise|luxury|relax|romantic,0,0.49001
104,87,0.31714,0,1,1,6390000,4,8.7,39,18000000,4,beach|cruise|luxury|relax|romantic,0,0.5202
104,95,0.63427,0,1,1,12960000,4,7.5,31,18000000,4,beach|cruise|luxury|relax|romantic,1,0.6414
104,206,0.2611,0,1,0,4060000,3,9.0,5,18000000,4,beach|cruise|luxury|relax|romantic,1,0.47166
104,25,0.36857,0,1,1,5890000,4,9.1,67,18000000,4,beach|cruise|luxury|relax|romantic,1,0.5458
104,116,0.1975,0,1,1,3980000,4,7.9,72,18000000,4,beach|cruise|luxury|relax|romantic,0,0.46195
104,21,0.2324,1,1,0,7690000,5,7.8,21,18000000,4,beach|cruise|luxury|relax|romantic,0,0.62761
104,142,0.17961,0,1,1,6670000,4,9.5,72,18000000,4,beach|cruise|luxury|relax|romantic,0,0.47044
104,220,0.2185,0,1,1,4760000,4,8.4,99,18000000,4,beach|cruise|luxury|relax|romantic,1,0.47577
104,60,0.0329,0,1,1,2850000,4,8.8,84,18000000,4,beach|cruise|luxury|relax|romantic,0,0.40182
104,157,0.34786,0,1,0,11560000,5,9.6,14,18000000,4,beach|cruise|luxury|relax|romantic,0,0.5141
104,123,0.29968,1,1,1,7390000,4,8.7,91,18000000,4,beach|cruise|luxury|relax|romantic,1,0.69287
104,218,0.58988,0,1,1,11480000,4,8.8,31,18000000,4,beach|cruise|luxury|relax|romantic,0,0.63575
104,127,0.09401,1,1,1,5620000,4,7.9,52,18000000,4,beach|cruise|luxury|relax|romantic,1,0.59848
104,193,0.71833,0,1,0,9300000,3,8.2,66,18000000,4,beach|cruise|luxury|relax|romantic,1,0.6557
104,207,0.23438,1,1,1,3610000,4,8.7,64,18000000,4,beach|cruise|luxury|relax|romantic,1,0.66544
104,70,0.16839,0,1,1,7280000,4,8.7,47,18000000,4,beach|cruise|luxury|relax|romantic,0,0.45772
104,33,0.28464,0,1,0,6090000,3,8.9,45,18000000,4,beach|cruise|luxury|relax|romantic,0,0.48055
104,162,0.36265,0,1,0,8680000,5,8.6,43,18000000,4,beach|cruise|luxury|relax|romantic,1,0.51031
104,84,0.1102,0,1,0,4910000,2,9.6,25,18000000,4,beach|cruise|luxury|relax|romantic,0,0.38628
104,228,0.13733,0,1,0,7690000,3,7.6,7,18000000,4,beach|cruise|luxury|relax|romantic,0,0.40568
104,133,0.06442,1,1,0,5680000,3,9.6,72,18000000,4,beach|cruise|luxury|relax|romantic,0,0.57506
104,134,0.35467,0,1,1,3330000,4,7.8,89,18000000,4,beach|cruise|luxury|relax|romantic,1,0.52696
104,39,0.42047,0,1,0,7320000,3,8.0,80,18000000,4,beach|cruise|luxury|relax|romantic,1,0.5286
104,89,0.0676,0,1,1,4550000,4,8.5,70,18000000,4,beach|cruise|luxury|relax|romantic,0,0.41339
104,101,0.27036,0,1,0,9040000,5,7.7,53,18000000,4,beach|cruise|luxury|relax|romantic,1,0.46255
104,151,0.37082,0,1,0,7800000,3,7.8,89,18000000,4,beach|cruise|luxury|relax|romantic,0,0.50575
104,71,0.09733,0,1,0,8030000,3,9.5,81,18000000,4,beach|cruise|luxury|relax|romantic,0,0.40788
104,213,0.24723,0,1,1,5480000,4,9.1,25,18000000,4,beach|cruise|luxury|relax|romantic,1,0.49484
104,231,0.0502,0,1,1,3590000,4,9.4,36,18000000,4,beach|cruise|luxury|relax|romantic,0,0.41508
104,230,0.35183,0,1,0,6950000,5,7.5,10,18000000,4,beach|cruise|luxury|relax|romantic,0,0.49477
104,234,0.48167,0,1,1,3470000,4,7.4,6,18000000,4,beach|cruise|luxury|relax|romantic,0,0.5763
104,24,0.34268,0,1,0,5890000,5,8.1,9,18000000,4,beach|cruise|luxury|relax|romantic,1,0.49692
104,13,0.70394,0,1,0,10390000,3,8.6,44,18000000,4,beach|cruise|luxury|relax|romantic,1,0.65365
104,10,0.39069,0,1,1,3750000,4,9.7,57,18000000,4,beach|cruise|luxury|relax|romantic,0,0.56109
104,199,0.27127,0,1,1,7500000,4,8.6,40,18000000,4,beach|cruise|luxury|relax|romantic,0,0.49993
104,53,0.33671,0,1,1,6850000,4,8.6,65,18000000,4,beach|cruise|luxury|relax|romantic,0,0.52742
104,64,0.50733,0,1,0,3540000,3,9.1,12,18000000,4,beach|cruise|luxury|relax|romantic,0,0.57608
104,61,0.16731,0,1,0,3850000,2,7.4,61,18000000,4,beach|cruise|luxury|relax|romantic,0,0.38827
104,28,0.39432,0,1,1,12790000,4,8.6,66,18000000,4,beach|cruise|luxury|relax|romantic,0,0.55161
104,57,0.15058,0,1,0,5360000,3,8.5,66,18000000,4,beach|cruise|luxury|relax|romantic,0,0.42024
104,8,0.71302,0,1,0,8190000,3,9.6,107,18000000,4,beach|cruise|luxury|relax|romantic,0,0.66747
105,124,0.17583,1,1,0,7340000,5,8.1,59,18000000,3,city|culture|food|history|spiritual,1,0.57885
105,12,0.2178,1,1,0,5140000,4,9.6,114,18000000,3,city|culture|food|history|spiritual,0,0.63948
105,47,0.4778,0,1,1,6300000,3,8.3,85,18000000,3,city|culture|food|history|spiritual,0,0.58368
105,152,0.50239,0,1,1,10060000,3,8.7,54,18000000,3,city|culture|food|history|spiritual,1,0.59801
105,173,0.19442,0,1,1,7150000,3,9.4,6,18000000,3,city|culture|food|history|spiritual,0,0.47565
105,144,0.27615,0,1,0,7040000,2,9.6,16,18000000,3,city|culture|food|history|spiritual,0,0.48398
105,13,0.0,0,1,1,10390000,3,8.6,44,18000000,3,city|culture|food|history|spiritual,0,0.386
105,1,0.10134,0,1,0,14160000,4,9.0,35,18000000,3,city|culture|food|history|spiritual,0,0.40456
105,219,0.0671,0,1,1,8840000,3,9.2,91,18000000,3,city|culture|food|history|spiritual,0,0.42018
105,54,0.36692,0,1,0,8910000,5,7.6,95,18000000,3,city|culture|food|history|spiritual,0,0.47411
105,225,0.32877,1,1,0,5050000,5,8.1,21,18000000,3,city|culture|food|history|spiritual,1,0.64309
105,209,0.43374,0,1,0,8360000,4,9.1,41,18000000,3,city|culture|food|history|spiritual,0,0.54517
105,169,0.07761,0,1,0,5620000,5,8.8,5,18000000,3,city|culture|food|history|spiritual,0,0.3646
105,196,0.0,0,1,0,14200000,4,8.3,67,18000000,3,city|culture|food|history|spiritual,0,0.355
105,129,0.1414,1,1,0,4650000,5,9.7,7,18000000,3,city|culture|food|history|spiritual,0,0.58039
105,83,0.11114,0,1,1,13980000,3,9.5,52,18000000,3,city|culture|food|history|spiritual,0,0.44168
105,189,0.56139,0,1,0,2850000,4,7.7,89,18000000,3,city|culture|food|history|spiritual,0,0.58478
105,56,0.43779,0,1,1,12680000,3,9.5,77,18000000,3,city|culture|food|history|spiritual,0,0.57887
105,70,0.66315,0,1,0,7280000,4,8.7,47,18000000,3,city|culture|food|history|spiritual,1,0.63752
105,190,0.25419,0,1,0,9710000,4,9.4,24,18000000,3,city|culture|food|history|spiritual,1,0.47276
105,166,0.2044,0,1,0,6610000,4,7.9,101,18000000,3,city|culture|food|history|spiritual,0,0.43685
105,217,0.20758,0,1,0,6180000,5,8.0,78,18000000,3,city|culture|food|history|spiritual,1,0.41118
105,99,0.2349,0,1,0,7510000,5,8.5,34,18000000,3,city|culture|food|history|spiritual,0,0.42766
105,79,0.54742,0,1,1,5640000,3,9.6,35,18000000,3,city|culture|food|history|spiritual,1,0.62592
105,74,0.26322,0,1,0,3870000,5,7.7,59,18000000,3,city|culture|food|history|spiritual,0,0.43155
105,33,0.53173,1,1,1,6090000,3,8.9,45,18000000,3,city|culture|food|history|spiritual,1,0.79233
105,10,0.19336,1,1,0,3750000,4,9.7,57,18000000,3,city|culture|food|history|spiritual,1,0.63021
105,57,0.84079,0,1,1,5360000,3,8.5,66,18000000,3,city|culture|food|history|spiritual,1,0.73813
105,127,0.93079,1,1,0,5620000,4,7.9,52,18000000,3,city|culture|food|history|spiritual,1,0.92193
105,97,0.46826,0,1,1,9930000,3,7.6,41,18000000,3,city|culture|food|history|spiritual,1,0.57267
105,125,0.20487,0,1,1,8660000,3,8.0,70,18000000,3,city|culture|food|history|spiritual,0,0.46605
105,2,0.06923,0,1,0,5410000,5,9.1,111,18000000,3,city|culture|food|history|spiritual,0,0.36407
105,36,0.29827,1,1,0,4630000,4,9.0,57,18000000,3,city|culture|food|history|spiritual,0,0.66727
105,46,0.56174,1,1,1,8140000,3,9.5,53,18000000,3,city|culture|food|history|spiritual,1,0.81093
105,175,0.28051,0,1,0,5040000,4,8.4,87,18000000,3,city|culture|food|history|spiritual,0,0.47381
105,107,0.06021,0,1,1,6120000,3,9.4,13,18000000,3,city|culture|food|history|spiritual,0,0.41929
105,183,0.39043,0,1,0,6720000,5,8.9,109,18000000,3,city|culture|food|history|spiritual,0,0.49698
105,223,0.56236,1,1,0,6120000,4,7.6,85,18000000,3,city|culture|food|history|spiritual,1,0.76419
105,69,0.60386,1,1,0,5280000,2,8.1,71,18000000,3,city|culture|food|history|spiritual,1,0.78662
105,27,0.25657,0,1,0,6140000,2,8.9,98,18000000,3,city|culture|food|history|spiritual,0,0.46876
105,199,0.61117,1,1,0,7500000,4,8.6,40,18000000,3,city|culture|food|history|spiritual,1,0.79469
105,215,0.76676,0,1,0,3960000,4,7.5,73,18000000,3,city|culture|food|history|spiritual,1,0.66904
105,210,0.24261,1,1,1,7500000,3,7.5,13,18000000,3,city|culture|food|history|spiritual,1,0.65689
105,16,0.61656,0,1,1,6240000,3,9.3,113,18000000,3,city|culture|food|history|spiritual,1,0.65195
105,233,0.22634,0,1,1,6800000,3,8.3,19,18000000,3,city|culture|food|history|spiritual,0,0.47806
105,43,0.51293,1,1,1,8280000,3,8.4,120,18000000,3,city|culture|food|history|spiritual,1,0.77943
105,141,0.76525,0,1,0,4800000,2,8.6,28,18000000,3,city|culture|food|history|spiritual,0,0.6794
105,103,0.17729,1,1,1,5020000,3,9.3,30,18000000,3,city|culture|food|history|spiritual,1,0.64746
105,39,0.38602,0,1,1,7320000,3,8.0,80,18000000,3,city|culture|food|history|spiritual,0,0.54213
105,30,0.25538,0,1,1,3620000,3,8.3,117,18000000,3,city|culture|food|history|spiritual,0,0.49026
105,206,0.63498,1,1,1,4060000,3,9.0,5,18000000,3,city|culture|food|history|spiritual,1,0.83669
105,165,0.44709,0,1,0,10700000,4,7.6,38,18000000,3,city|culture|food|history|spiritual,0,0.53578
105,87,0.4285,0,1,0,6390000,4,8.7,39,18000000,3,city|culture|food|history|spiritual,0,0.53897
105,75,0.08009,0,1,1,14320000,3,8.5,11,18000000,3,city|culture|food|history|spiritual,0,0.41864
105,153,0.33194,0,1,0,8920000,5,9.0,5,18000000,3,city|culture|food|history|spiritual,1,0.47341
105,222,0.41082,0,1,0,10940000,4,9.6,70,18000000,3,city|culture|food|history|spiritual,0,0.54055
105,62,0.07164,0,1,0,15980000,4,7.5,22,18000000,3,city|culture|food|history|spiritual,0,0.37709
105,42,0.89502,0,1,0,5460000,2,8.4,104,18000000,3,city|culture|food|history|spiritual,1,0.73191
105,76,0.34501,1,1,0,4280000,5,8.3,39,18000000,3,city|culture|food|history|spiritual,0,0.65191
105,61,0.18838,0,1,0,3850000,2,7.4,61,18000000,3,city|culture|food|history|spiritual,1,0.42512
105,126,0.45084,0,1,1,9260000,3,8.4,85,18000000,3,city|culture|food|history|spiritual,0,0.57335
105,177,0.15014,0,1,0,11590000,4,7.5,90,18000000,3,city|culture|food|history|spiritual,0,0.41006
105,224,0.44293,0,1,0,9610000,5,8.2,93,18000000,3,city|culture|food|history|spiritual,1,0.51203
105,80,0.87304,0,1,0,4630000,2,9.6,104,18000000,3,city|culture|food|history|spiritual,1,0.73468
105,182,0.52948,0,1,0,5640000,2,9.5,25,18000000,3,city|culture|food|history|spiritual,1,0.58938
105,229,0.0,0,1,0,10990000,4,8.5,60,18000000,3,city|culture|food|history|spiritual,0,0.357
105,84,0.68005,0,1,0,4910000,2,9.6,25,18000000,3,city|culture|food|history|spiritual,1,0.65362
105,23,0.23561,0,1,0,7230000,4,8.5,118,18000000,3,city|culture|food|history|spiritual,0,0.45596
105,3,0.0,0,1,0,8200000,4,7.5,120,18000000,3,city|culture|food|history|spiritual,0,0.347
105,58,0.60238,0,1,0,5490000,4,7.7,45,18000000,3,city|culture|food|history|spiritual,1,0.602
106,154,0.27465,0,1,1,5130000,5,7.8,26,10000000,5,city|culture|food|history|spiritual,1,0.49335
106,56,0.49298,0,0,0,12680000,3,9.5,77,10000000,5,city|culture|food|history|spiritual,0,0.50317
106,130,0.25676,0,1,0,6320000,4,8.0,10,10000000,5,city|culture|food|history|spiritual,0,0.45984
106,142,0.78184,0,1,0,6670000,4,9.5,72,10000000,5,city|culture|food|history|spiritual,1,0.69537
106,123,0.35839,0,1,0,7390000,4,8.7,91,10000000,5,city|culture|food|history|spiritual,0,0.50952
106,204,0.14143,1,0,1,12320000,5,8.3,93,10000000,5,city|culture|food|history|spiritual,0,0.58528
106,156,0.22617,0,1,0,7480000,2,9.0,38,10000000,5,city|culture|food|history|spiritual,0,0.40099
106,27,0.33315,0,1,0,6140000,2,8.9,98,10000000,5,city|culture|food|history|spiritual,0,0.44492
106,63,0.11474,1,1,0,5390000,4,7.4,85,10000000,5,city|culture|food|history|spiritual,0,0.57419
106,194,0.19751,1,1,0,8690000,3,9.4,66,10000000,5,city|culture|food|history|spiritual,1,0.60095
106,207,0.44057,0,1,0,3610000,4,8.7,64,10000000,5,city|culture|food|history|spiritual,1,0.54404
106,47,0.49421,0,1,0,6300000,3,8.3,85,10000000,5,city|culture|food|history|spiritual,0,0.53457
106,66,0.38165,0,1,1,7950000,5,8.3,83,10000000,5,city|culture|food|history|spiritual,1,0.54329
106,77,0.16338,0,1,0,7160000,3,8.3,95,10000000,5,city|culture|food|history|spiritual,0,0.39562
106,224,0.50295,0,1,1,9610000,5,8.2,93,10000000,5,city|culture|food|history|spiritual,0,0.59324
106,229,0.1183,0,0,0,10990000,4,8.5,60,10000000,5,city|culture|food|history|spiritual,0,0.39085
106,132,0.60718,0,1,0,7100000,3,9.1,74,10000000,5,city|culture|food|history|spiritual,0,0.59001
106,230,0.20592,1,1,1,6950000,5,7.5,10,10000000,5,city|culture|food|history|spiritual,0,0.64149
106,75,0.19186,1,0,0,14320000,3,8.5,11,10000000,5,city|culture|food|history|spiritual,1,0.52046
106,41,0.49832,1,1,0,6960000,4,9.1,101,10000000,5,city|culture|food|history|spiritual,1,0.75229
106,212,0.32737,1,1,0,7390000,3,8.7,47,10000000,5,city|culture|food|history|spiritual,1,0.64849
106,112,0.12378,0,1,0,5970000,3,8.8,119,10000000,5,city|culture|food|history|spiritual,0,0.38399
106,146,0.42565,0,1,0,9730000,3,9.7,47,10000000,5,city|culture|food|history|spiritual,0,0.51977
106,12,0.20036,1,1,0,5140000,4,9.6,114,10000000,5,city|culture|food|history|spiritual,0,0.63215
106,19,0.48249,1,1,0,5280000,3,9.2,81,10000000,5,city|culture|food|history|spiritual,1,0.71865
106,158,0.10276,1,0,0,13970000,3,8.9,45,10000000,5,city|culture|food|history|spiritual,0,0.49264
106,100,0.78549,0,1,0,6530000,3,9.3,83,10000000,5,city|culture|food|history|spiritual,1,0.6669
106,234,0.17227,1,1,0,3470000,4,7.4,6,10000000,5,city|culture|food|history|spiritual,0,0.59835
106,165,0.47321,0,0,0,10700000,4,7.6,38,10000000,5,city|culture|food|history|spiritual,0,0.53555
106,174,0.47942,1,1,1,5910000,5,9.4,38,10000000,5,city|culture|food|history|spiritual,1,0.77536
106,22,0.26714,1,1,0,8170000,3,8.5,27,10000000,5,city|culture|food|history|spiritual,1,0.6212
106,147,0.55073,1,1,0,8820000,3,8.4,18,10000000,5,city|culture|food|history|spiritual,1,0.73931
106,157,0.51627,0,0,1,11560000,5,9.6,14,10000000,5,city|culture|food|history|spiritual,1,0.58787
106,74,0.41131,0,1,1,3870000,5,7.7,59,10000000,5,city|culture|food|history|spiritual,1,0.54975
106,65,0.30253,0,1,0,5980000,4,8.1,6,10000000,5,city|culture|food|history|spiritual,0,0.48006
106,126,0.53942,1,1,0,9260000,3,8.4,85,10000000,5,city|culture|food|history|spiritual,1,0.73456
106,76,0.31795,1,1,1,4280000,5,8.3,39,10000000,5,city|culture|food|history|spiritual,1,0.69654
106,7,0.45828,0,1,1,7910000,5,9.3,13,10000000,5,city|culture|food|history|spiritual,0,0.58548
106,57,0.88341,0,1,0,5360000,3,8.5,66,10000000,5,city|culture|food|history|spiritual,1,0.70003
106,238,0.13949,1,1,1,6620000,5,8.4,111,10000000,5,city|culture|food|history|spiritual,0,0.62258
106,89,0.2779,0,1,0,4550000,4,8.5,70,10000000,5,city|culture|food|history|spiritual,0,0.47372
106,44,0.40342,0,1,0,5620000,4,7.4,19,10000000,5,city|culture|food|history|spiritual,0,0.51543
106,122,0.64162,1,1,0,5960000,3,9.4,46,10000000,5,city|culture|food|history|spiritual,1,0.78748
106,78,0.83053,0,1,0,6430000,4,9.1,48,10000000,5,city|culture|food|history|spiritual,1,0.71182
106,129,0.19224,0,1,1,4650000,5,9.7,7,10000000,5,city|culture|food|history|spiritual,0,0.47774
106,21,0.42164,0,1,1,7690000,5,7.8,21,10000000,5,city|culture|food|history|spiritual,1,0.55509
106,2,0.15946,1,1,1,5410000,5,9.1,111,10000000,5,city|culture|food|history|spiritual,1,0.63797
106,168,0.16841,1,1,0,6140000,3,8.9,101,10000000,5,city|culture|food|history|spiritual,1,0.58373
106,105,0.20583,1,0,0,12640000,4,8.4,30,10000000,5,city|culture|food|history|spiritual,1,0.58021
106,109,0.11369,0,1,0,5450000,3,7.6,70,10000000,5,city|culture|food|history|spiritual,0,0.36775
106,18,0.91956,0,1,0,6100000,2,7.8,84,10000000,5,city|culture|food|history|spiritual,1,0.68021
106,163,0.51465,0,1,0,6910000,3,7.6,92,10000000,5,city|culture|food|history|spiritual,1,0.53615
106,50,0.20548,0,1,0,5180000,2,9.5,104,10000000,5,city|culture|food|history|spiritual,0,0.3973
106,9,0.28568,0,1,0,9390000,4,8.0,60,10000000,5,city|culture|food|history|spiritual,1,0.47199
106,172,0.1521,1,1,1,7580000,5,7.6,79,10000000,5,city|culture|food|history|spiritual,1,0.61988
106,237,0.82071,0,1,0,4570000,3,9.1,117,10000000,5,city|culture|food|history|spiritual,0,0.6797
106,215,0.80766,0,1,0,3960000,4,7.5,73,10000000,5,city|culture|food|history|spiritual,1,0.68622
106,28,0.32208,0,0,0,12790000,4,8.6,66,10000000,5,city|culture|food|history|spiritual,0,0.44863
106,71,0.58843,0,1,0,8030000,3,9.5,81,10000000,5,city|culture|food|history|spiritual,0,0.58614
106,60,0.75458,0,1,0,2850000,4,8.8,84,10000000,5,city|culture|food|history|spiritual,1,0.67692
106,81,0.86276,0,1,0,4940000,4,9.0,17,10000000,5,city|culture|food|history|spiritual,1,0.72436
106,96,0.19923,1,1,0,4840000,3,7.8,118,10000000,5,city|culture|food|history|spiritual,0,0.58568
106,95,0.20977,1,0,0,12960000,4,7.5,31,10000000,5,city|culture|food|history|spiritual,0,0.56774
106,239,0.93252,0,1,0,5380000,3,7.5,103,10000000,5,city|culture|food|history|spiritual,0,0.71066
106,153,0.42273,1,1,1,8920000,5,9.0,5,10000000,5,city|culture|food|history|spiritual,1,0.74755
106,222,0.44931,0,0,0,10940000,4,9.6,70,10000000,5,city|culture|food|history|spiritual,0,0.54167
106,38,0.43483,1,1,0,3520000,3,8.5,21,10000000,5,city|culture|food|history|spiritual,0,0.69163
106,4,0.10966,1,1,1,6540000,5,8.5,51,10000000,5,city|culture|food|history|spiritual,0,0.61106
106,113,0.1445,0,1,0,8040000,3,9.3,109,10000000,5,city|culture|food|history|spiritual,0,0.39769
106,118,0.34115,1,1,1,7280000,5,8.4,70,10000000,5,city|culture|food|history|spiritual,1,0.70728
107,3,0.39214,0,0,0,8200000,4,7.5,120,8000000,5,beach|food|photography|relax|romantic,0,0.5077
107,104,0.25918,0,0,0,8930000,4,7.4,95,8000000,5,beach|food|photography|relax|romantic,0,0.43626
107,59,0.19783,0,1,0,6780000,4,8.2,72,8000000,5,beach|food|photography|relax|romantic,0,0.43709
107,192,0.22739,0,1,0,4770000,2,9.4,30,8000000,5,beach|food|photography|relax|romantic,0,0.40551
107,172,0.45816,0,1,1,7580000,5,7.6,79,8000000,5,beach|food|photography|relax|romantic,0,0.56843
107,194,0.46713,0,0,0,8690000,3,9.4,66,8000000,5,beach|food|photography|relax|romantic,0,0.52039
107,233,0.37685,1,1,0,6800000,3,8.3,19,8000000,5,beach|food|photography|relax|romantic,0,0.66528
107,121,0.5967,0,1,0,5510000,3,7.8,82,8000000,5,beach|food|photography|relax|romantic,1,0.57261
107,115,0.31531,0,1,0,6680000,4,8.7,31,8000000,5,beach|food|photography|relax|romantic,0,0.49143
107,75,0.62687,0,0,0,14320000,3,8.5,11,8000000,5,beach|food|photography|relax|romantic,0,0.46588
107,91,0.59784,0,1,1,5890000,5,9.6,48,8000000,5,beach|food|photography|relax|romantic,1,0.64709
107,71,0.19859,0,0,0,8030000,3,9.5,81,8000000,5,beach|food|photography|relax|romantic,0,0.42181
107,138,0.30703,0,0,0,11540000,3,8.0,95,8000000,5,beach|food|photography|relax|romantic,0,0.38215
107,231,0.25713,1,1,0,3590000,4,9.4,36,8000000,5,beach|food|photography|relax|romantic,1,0.65399
107,37,0.14997,0,1,0,7470000,4,9.4,37,8000000,5,beach|food|photography|relax|romantic,0,0.42899
107,224,0.33241,0,0,1,9610000,5,8.2,93,8000000,5,beach|food|photography|relax|romantic,0,0.48941
107,200,0.48178,0,1,0,7780000,4,8.8,20,8000000,5,beach|food|photography|relax|romantic,1,0.56235
107,27,0.25571,1,1,0,6140000,2,8.9,98,8000000,5,beach|food|photography|relax|romantic,1,0.5924
107,113,0.39777,0,0,0,8040000,3,9.3,109,8000000,5,beach|food|photography|relax|romantic,0,0.50326
107,64,0.79394,0,1,0,3540000,3,9.1,12,8000000,5,beach|food|photography|relax|romantic,1,0.66845
107,17,0.51678,0,0,0,11980000,4,8.3,109,8000000,5,beach|food|photography|relax|romantic,0,0.49245
107,232,0.29106,1,0,0,10030000,3,8.8,50,8000000,5,beach|food|photography|relax|romantic,1,0.59364
107,150,0.29675,0,0,0,9710000,2,8.3,87,8000000,5,beach|food|photography|relax|romantic,0,0.38944
107,61,0.2266,1,1,0,3850000,2,7.4,61,8000000,5,beach|food|photography|relax|romantic,0,0.56517
107,217,0.41519,1,1,1,6180000,5,8.0,78,8000000,5,beach|food|photography|relax|romantic,0,0.73438
107,221,0.77794,0,1,1,3220000,5,8.2,86,8000000,5,beach|food|photography|relax|romantic,1,0.70873
107,163,0.41166,0,1,0,6910000,3,7.6,92,8000000,5,beach|food|photography|relax|romantic,0,0.4929
107,225,0.77401,0,1,1,5050000,5,8.1,21,8000000,5,beach|food|photography|relax|romantic,1,0.70608
107,100,0.23573,0,1,0,6530000,3,9.3,83,8000000,5,beach|food|photography|relax|romantic,0,0.43601
107,227,0.32959,0,0,0,8860000,2,9.0,39,8000000,5,beach|food|photography|relax|romantic,0,0.42723
107,66,0.3786,1,1,1,7950000,5,8.3,83,8000000,5,beach|food|photography|relax|romantic,1,0.72201
107,34,0.32368,0,1,1,4830000,5,7.8,107,8000000,5,beach|food|photography|relax|romantic,0,0.51395
107,40,0.76938,0,1,0,5340000,3,7.5,108,8000000,5,beach|food|photography|relax|romantic,0,0.64214
107,218,0.33727,0,0,0,11480000,4,8.8,31,8000000,5,beach|food|photography|relax|romantic,0,0.43206
107,162,0.4907,0,0,1,8680000,5,8.6,43,8000000,5,beach|food|photography|relax|romantic,0,0.57849
107,53,0.71208,0,1,0,6850000,4,8.6,65,8000000,5,beach|food|photography|relax|romantic,1,0.65707
107,90,0.28259,0,1,0,2330000,2,9.0,69,8000000,5,beach|food|photography|relax|romantic,0,0.42469
107,109,0.32878,0,1,0,5450000,3,7.6,70,8000000,5,beach|food|photography|relax|romantic,1,0.45809
107,234,0.84727,0,1,0,3470000,4,7.4,6,8000000,5,beach|food|photography|relax|romantic,1,0.70186
107,140,0.72033,0,1,1,3330000,5,9.2,94,8000000,5,beach|food|photography|relax|romantic,1,0.69454
107,23,0.36406,1,1,0,7230000,4,8.5,118,8000000,5,beach|food|photography|relax|romantic,1,0.6899
107,182,0.18214,0,1,0,5640000,2,9.5,25,8000000,5,beach|food|photography|relax|romantic,0,0.3875
107,52,0.57415,0,1,0,7200000,4,7.7,116,8000000,5,beach|food|photography|relax|romantic,1,0.59014
107,197,0.43282,0,1,0,6280000,3,9.2,55,8000000,5,beach|food|photography|relax|romantic,0,0.51778
107,223,0.63756,0,1,0,6120000,4,7.6,85,8000000,5,beach|food|photography|relax|romantic,1,0.61577
107,76,0.76,0,1,1,4280000,5,8.3,39,8000000,5,beach|food|photography|relax|romantic,1,0.7022
107,51,0.46619,0,0,1,11500000,5,7.8,99,8000000,5,beach|food|photography|relax|romantic,0,0.5038
107,188,0.2499,0,1,0,2280000,2,7.5,73,8000000,5,beach|food|photography|relax|romantic,0,0.39596
107,4,0.52842,0,1,1,6540000,5,8.5,51,8000000,5,beach|food|photography|relax|romantic,1,0.60694
107,118,0.75052,0,1,1,7280000,5,8.4,70,8000000,5,beach|food|photography|relax|romantic,1,0.69922
107,220,0.53426,0,1,0,4760000,4,8.4,99,8000000,5,beach|food|photography|relax|romantic,0,0.58039
107,55,0.23248,1,1,0,6780000,4,8.3,68,8000000,5,beach|food|photography|relax|romantic,0,0.63264
107,189,0.26268,0,1,0,2850000,4,7.7,89,8000000,5,beach|food|photography|relax|romantic,0,0.45933
107,88,0.26178,1,1,0,6870000,4,9.3,31,8000000,5,beach|food|photography|relax|romantic,0,0.65495
107,47,0.35291,0,1,0,6300000,3,8.3,85,8000000,5,beach|food|photography|relax|romantic,0,0.47522
107,142,0.20231,0,1,0,6670000,4,9.5,72,8000000,5,beach|food|photography|relax|romantic,0,0.45197
107,135,0.28802,1,0,1,8470000,5,8.5,106,8000000,5,beach|food|photography|relax|romantic,1,0.67657
107,99,0.34108,1,1,1,7510000,5,8.5,34,8000000,5,beach|food|photography|relax|romantic,1,0.70825
107,112,0.41894,0,1,0,5970000,3,8.8,119,8000000,5,beach|food|photography|relax|romantic,0,0.50795
107,146,0.30511,0,0,0,9730000,3,9.7,47,8000000,5,beach|food|photography|relax|romantic,0,0.43455
107,74,0.34475,1,1,1,3870000,5,7.7,59,8000000,5,beach|food|photography|relax|romantic,1,0.7018
107,170,0.56298,0,0,0,14230000,3,8.1,81,8000000,5,beach|food|photography|relax|romantic,0,0.43685
107,238,0.51518,0,1,1,6620000,5,8.4,111,8000000,5,beach|food|photography|relax|romantic,0,0.60037
107,106,0.19971,0,1,0,3480000,3,7.6,42,8000000,5,beach|food|photography|relax|romantic,0,0.40388
107,153,0.6011,0,0,1,8920000,5,9.0,5,8000000,5,beach|food|photography|relax|romantic,0,0.62406
107,178,0.46884,1,1,0,4150000,3,9.3,40,8000000,5,beach|food|photography|relax|romantic,1,0.71391
107,125,0.38744,1,0,0,8660000,3,8.0,70,8000000,5,beach|food|photography|relax|romantic,1,0.65353
107,180,0.79751,0,1,0,5160000,4,9.3,30,8000000,5,beach|food|photography|relax|romantic,1,0.69996
107,237,0.18368,0,1,0,4570000,3,9.1,117,8000000,5,beach|food|photography|relax|romantic,0,0.41215
107,161,0.71981,0,1,0,6500000,4,7.5,57,8000000,5,beach|food|photography|relax|romantic,0,0.64932
108,61,0.0,0,1,0,3850000,2,7.4,61,6000000,3,beach|budget|city|family|food,0,0.346
108,169,0.36903,1,1,0,5620000,5,8.8,5,6000000,3,beach|budget|city|family|food,0,0.66699
108,230,0.19576,0,0,0,6950000,5,7.5,10,6000000,3,beach|budget|city|family|food,0,0.37588
108,41,0.69059,0,0,0,6960000,4,9.1,101,6000000,3,beach|budget|city|family|food,1,0.62745
108,170,0.36321,1,0,1,14230000,3,8.1,81,6000000,3,beach|budget|city|family|food,1,0.55355
108,156,0.0608,0,0,0,7480000,2,9.0,38,6000000,3,beach|budget|city|family|food,0,0.34807
108,77,0.06875,0,0,1,7160000,3,8.3,95,6000000,3,beach|budget|city|family|food,0,0.38094
108,157,0.21309,0,0,0,11560000,5,9.6,14,6000000,3,beach|budget|city|family|food,0,0.28123
108,79,0.12834,0,1,1,5640000,3,9.6,35,6000000,3,beach|budget|city|family|food,0,0.4499
108,28,0.12063,0,0,0,12790000,4,8.6,66,6000000,3,beach|budget|city|family|food,0,0.24867
108,25,0.19375,0,1,0,5890000,4,9.1,67,6000000,3,beach|budget|city|family|food,0,0.44437
108,37,0.37549,0,0,0,7470000,4,9.4,37,6000000,3,beach|budget|city|family|food,0,0.48451
108,53,0.30811,0,0,0,6850000,4,8.6,65,6000000,3,beach|budget|city|family|food,0,0.46474
108,128,0.33052,1,0,1,13980000,3,9.1,49,6000000,3,beach|budget|city|family|food,0,0.54982
108,224,0.19177,0,0,0,9610000,5,8.2,93,6000000,3,beach|budget|city|family|food,0,0.31028
108,104,0.19435,0,0,0,8930000,4,7.4,95,6000000,3,beach|budget|city|family|food,0,0.34949
108,137,0.14228,0,0,0,6170000,4,8.6,51,6000000,3,beach|budget|city|family|food,0,0.41323
108,69,0.24528,0,1,0,5280000,2,8.1,71,6000000,3,beach|budget|city|family|food,0,0.45602
108,163,0.27335,0,0,1,6910000,3,7.6,92,6000000,3,beach|budget|city|family|food,0,0.46654
108,186,0.46543,0,0,1,6850000,3,9.0,61,6000000,3,beach|budget|city|family|food,1,0.56281
108,164,0.43451,1,1,1,2350000,3,9.4,29,6000000,3,beach|budget|city|family|food,1,0.75649
108,90,0.40007,1,1,0,2330000,2,9.0,69,6000000,3,beach|budget|city|family|food,0,0.71003
108,228,0.11576,0,0,1,7690000,3,7.6,7,6000000,3,beach|budget|city|family|food,0,0.37955
108,213,0.14644,0,1,0,5480000,4,9.1,25,6000000,3,beach|budget|city|family|food,0,0.4245
108,204,0.3423,1,0,0,12320000,5,8.3,93,6000000,3,beach|budget|city|family|food,0,0.49077
108,26,0.2112,0,1,0,4310000,4,9.7,29,6000000,3,beach|budget|city|family|food,0,0.4577
108,165,0.27562,0,0,0,10700000,4,7.6,38,6000000,3,beach|budget|city|family|food,0,0.33843
108,105,0.33725,1,0,0,12640000,4,8.4,30,6000000,3,beach|budget|city|family|food,0,0.51764
108,173,0.0,0,0,1,7150000,3,9.4,6,6000000,3,beach|budget|city|family|food,0,0.36333
108,75,0.4326,1,0,1,14320000,3,8.5,11,6000000,3,beach|budget|city|family|food,1,0.58669
108,215,0.42987,0,1,0,3960000,4,7.5,73,6000000,3,beach|budget|city|family|food,0,0.52755
108,16,0.3891,1,0,1,6240000,3,9.3,113,6000000,3,beach|budget|city|family|food,1,0.73002
108,233,0.55735,1,0,1,6800000,3,8.3,19,6000000,3,beach|budget|city|family|food,1,0.77575
108,2,0.34198,1,1,0,5410000,5,9.1,111,6000000,3,beach|budget|city|family|food,1,0.65863
108,199,0.19931,0,0,0,7500000,4,8.6,40,6000000,3,beach|budget|city|family|food,0,0.40171
108,234,0.20353,0,1,0,3470000,4,7.4,6,6000000,3,beach|budget|city|family|food,0,0.43148
108,42,0.45058,0,1,0,5460000,2,8.4,104,6000000,3,beach|budget|city|family|food,1,0.54524
108,85,0.29714,0,0,1,11800000,3,9.0,111,6000000,3,beach|budget|city|family|food,0,0.36013
108,83,0.41022,1,0,1,13980000,3,9.5,52,6000000,3,beach|budget|city|family|food,0,0.58729
108,176,0.38166,1,0,0,7390000,5,9.1,92,6000000,3,beach|budget|city|family|food,1,0.63823
108,236,0.43211,1,0,0,14120000,4,8.3,70,6000000,3,beach|budget|city|family|food,0,0.55649
108,20,0.27212,0,0,0,6490000,2,8.3,67,6000000,3,beach|budget|city|family|food,0,0.45622
108,132,0.43516,1,0,1,7100000,3,9.1,74,6000000,3,beach|budget|city|family|food,1,0.72443
108,102,0.13121,0,0,0,7740000,4,9.2,79,6000000,3,beach|budget|city|family|food,0,0.37271
108,31,0.47044,0,0,0,9440000,2,9.1,25,6000000,3,beach|budget|city|family|food,0,0.46885
108,80,0.40099,0,1,0,4630000,2,9.6,104,6000000,3,beach|budget|city|family|food,1,0.53642
108,103,0.13347,0,1,1,5020000,3,9.3,30,6000000,3,beach|budget|city|family|food,1,0.44906
108,193,0.42467,1,0,1,9300000,3,8.2,66,6000000,3,beach|budget|city|family|food,1,0.65236
108,181,0.70626,0,1,0,5530000,5,8.0,103,6000000,3,beach|budget|city|family|food,0,0.62063
108,94,0.3562,0,1,0,5190000,2,8.3,80,6000000,3,beach|budget|city|family|food,1,0.50461
108,148,0.21785,0,0,0,11060000,4,9.6,44,6000000,3,beach|budget|city|family|food,0,0.32456
108,56,0.2215,0,0,1,12680000,3,9.5,77,6000000,3,beach|budget|city|family|food,0,0.32803
108,112,0.43629,0,1,1,5970000,3,8.8,119,6000000,3,beach|budget|city|family|food,0,0.57124
108,7,0.20832,0,0,0,7910000,5,9.3,13,6000000,3,beach|budget|city|family|food,0,0.37356
108,109,0.37802,0,1,1,5450000,3,7.6,70,6000000,3,beach|budget|city|family|food,0,0.53477
108,190,0.50964,1,0,0,9710000,4,9.4,24,6000000,3,beach|budget|city|family|food,1,0.66112
108,126,0.64805,0,0,1,9260000,3,8.4,85,6000000,3,beach|budget|city|family|food,0,0.56925
108,27,0.09097,0,0,0,6140000,2,8.9,98,6000000,3,beach|budget|city|family|food,0,0.39548
108,240,0.07933,0,0,0,9370000,4,7.7,33,6000000,3,beach|budget|city|family|food,0,0.29245
108,185,0.21149,0,1,0,4000000,4,8.9,82,6000000,3,beach|budget|city|family|food,0,0.44982
108,149,0.51169,1,0,0,6170000,5,7.9,53,6000000,3,beach|budget|city|family|food,1,0.71338
108,38,0.65848,0,1,1,3520000,3,8.5,21,6000000,3,beach|budget|city|family|food,1,0.66156
108,66,0.69523,1,0,0,7950000,5,8.3,83,6000000,3,beach|budget|city|family|food,1,0.747
108,106,0.48543,1,1,1,3480000,3,7.6,42,6000000,3,beach|budget|city|family|food,1,0.75988
108,180,0.19359,0,1,0,5160000,4,9.3,30,6000000,3,beach|budget|city|family|food,0,0.44631
108,226,0.42158,0,0,1,7020000,3,9.0,111,6000000,3,beach|budget|city|family|food,1,0.53986
108,58,0.54008,1,1,0,5490000,4,7.7,45,6000000,3,beach|budget|city|family|food,1,0.75583
108,125,0.53522,1,0,1,8660000,3,8.0,70,6000000,3,beach|budget|city|family|food,1,0.71386
108,182,0.40113,1,1,0,5640000,2,9.5,25,6000000,3,beach|budget|city|family|food,1,0.71548
108,13,0.35434,0,0,1,10390000,3,8.6,44,6000000,3,beach|budget|city|family|food,0,0.41776
109,136,0.57742,1,1,1,6220000,3,8.1,117,8000000,3,beach|food|photography|relax|romantic,1,0.80352
109,105,0.56489,0,0,0,12640000,4,8.4,30,8000000,3,beach|food|photography|relax|romantic,0,0.50045
109,175,0.38203,0,1,0,5040000,4,8.4,87,8000000,3,beach|food|photography|relax|romantic,0,0.51645
109,198,0.65266,0,1,1,5820000,3,8.6,8,8000000,3,beach|food|photography|relax|romantic,1,0.66012
109,107,0.60443,0,1,1,6120000,3,9.4,13,8000000,3,beach|food|photography|relax|romantic,0,0.64786
109,43,0.68449,1,0,1,8280000,3,8.4,120,8000000,3,beach|food|photography|relax|romantic,1,0.84588
109,92,0.20982,0,1,1,5150000,3,8.1,31,8000000,3,beach|food|photography|relax|romantic,0,0.46912
109,84,0.21754,0,1,0,4910000,2,9.6,25,8000000,3,beach|food|photography|relax|romantic,0,0.45937
109,80,0.26827,0,1,0,4630000,2,9.6,104,8000000,3,beach|food|photography|relax|romantic,0,0.48067
109,42,0.28392,0,1,0,5460000,2,8.4,104,8000000,3,beach|food|photography|relax|romantic,0,0.47525
109,97,0.57118,0,0,1,9930000,3,7.6,41,8000000,3,beach|food|photography|relax|romantic,1,0.5773
109,58,0.1791,0,1,0,5490000,4,7.7,45,8000000,3,beach|food|photography|relax|romantic,0,0.42422
109,83,0.59233,0,0,1,13980000,3,9.5,52,8000000,3,beach|food|photography|relax|romantic,0,0.52418
109,62,0.57775,0,0,0,15980000,4,7.5,22,8000000,3,beach|food|photography|relax|romantic,0,0.43006
109,196,0.56938,0,0,0,14200000,4,8.3,67,8000000,3,beach|food|photography|relax|romantic,1,0.47014
109,120,0.52386,0,1,1,7330000,3,9.1,82,8000000,3,beach|food|photography|relax|romantic,1,0.61102
109,130,0.25343,0,1,0,6320000,4,8.0,10,8000000,3,beach|food|photography|relax|romantic,0,0.45844
109,179,0.59255,0,1,1,5280000,3,9.5,68,8000000,3,beach|food|photography|relax|romantic,1,0.64387
109,31,0.47466,1,0,0,9440000,2,9.1,25,8000000,3,beach|food|photography|relax|romantic,1,0.71356
109,143,0.66566,1,1,0,7280000,4,7.6,88,8000000,3,beach|food|photography|relax|romantic,1,0.80758
109,228,0.29339,0,1,1,7690000,3,7.6,7,8000000,3,beach|food|photography|relax|romantic,0,0.49922
109,236,0.56741,0,0,0,14120000,4,8.3,70,8000000,3,beach|food|photography|relax|romantic,0,0.47091
109,240,0.19869,0,0,0,9370000,4,7.7,33,8000000,3,beach|food|photography|relax|romantic,0,0.40505
109,22,0.71825,0,0,1,8170000,3,8.5,27,8000000,3,beach|food|photography|relax|romantic,1,0.68327
109,19,0.52447,0,1,1,5280000,3,9.2,81,8000000,3,beach|food|photography|relax|romantic,1,0.61228
109,79,0.46592,0,1,1,5640000,3,9.6,35,8000000,3,beach|food|photography|relax|romantic,0,0.59169
109,1,0.53558,0,0,0,14160000,4,9.0,35,8000000,3,beach|food|photography|relax|romantic,0,0.46374
109,200,0.55014,0,1,0,7780000,4,8.8,20,8000000,3,beach|food|photography|relax|romantic,1,0.59106
109,48,0.6017,1,1,0,4820000,4,9.2,103,8000000,3,beach|food|photography|relax|romantic,1,0.79671
109,229,0.4256,1,0,0,10990000,4,8.5,60,8000000,3,beach|food|photography|relax|romantic,1,0.65595
109,159,0.48667,1,0,0,11760000,2,9.2,85,8000000,3,beach|food|photography|relax|romantic,1,0.6732
109,125,0.41947,0,0,1,8660000,3,8.0,70,8000000,3,beach|food|photography|relax|romantic,0,0.54298
109,132,0.25702,0,1,1,7100000,3,9.1,74,8000000,3,beach|food|photography|relax|romantic,1,0.49895
109,223,0.64853,1,1,0,6120000,4,7.6,85,8000000,3,beach|food|photography|relax|romantic,1,0.80038
109,183,0.46051,0,1,0,6720000,5,8.9,109,8000000,3,beach|food|photography|relax|romantic,0,0.52642
109,87,0.59377,0,1,0,6390000,4,8.7,39,8000000,3,beach|food|photography|relax|romantic,1,0.60838
109,21,0.32011,0,1,0,7690000,5,7.8,21,8000000,3,beach|food|photography|relax|romantic,0,0.45645
109,147,0.58738,0,0,1,8820000,3,8.4,18,8000000,3,beach|food|photography|relax|romantic,1,0.6143
109,114,0.50356,0,0,1,10820000,3,9.0,71,8000000,3,beach|food|photography|relax|romantic,0,0.54509
109,215,0.20975,0,1,0,3960000,4,7.5,73,8000000,3,beach|food|photography|relax|romantic,0,0.4351
109,165,0.56171,0,0,0,10700000,4,7.6,38,8000000,3,beach|food|photography|relax|romantic,1,0.52992
109,188,0.27291,0,1,0,2280000,2,7.5,73,8000000,3,beach|food|photography|relax|romantic,0,0.46162
109,146,0.28712,0,0,1,9730000,3,9.7,47,8000000,3,beach|food|photography|relax|romantic,0,0.48299
109,203,0.31521,1,1,0,4750000,2,8.4,43,8000000,3,beach|food|photography|relax|romantic,0,0.66839
109,138,0.45885,0,0,1,11540000,3,8.0,95,8000000,3,beach|food|photography|relax|romantic,0,0.50192
109,222,0.47246,0,0,0,10940000,4,9.6,70,8000000,3,beach|food|photography|relax|romantic,1,0.50763
109,157,0.50884,0,0,0,11560000,5,9.6,14,8000000,3,beach|food|photography|relax|romantic,0,0.48251
109,65,0.22101,0,1,0,5980000,4,8.1,6,8000000,3,beach|food|photography|relax|romantic,0,0.44582
109,16,0.24564,0,1,1,6240000,3,9.3,113,8000000,3,beach|food|photography|relax|romantic,0,0.49617
109,28,0.46262,0,0,0,12790000,4,8.6,66,8000000,3,beach|food|photography|relax|romantic,0,0.4565
109,8,0.44274,1,0,1,8190000,3,9.6,107,8000000,3,beach|food|photography|relax|romantic,1,0.75815
109,158,0.51287,0,0,1,13970000,3,8.9,45,8000000,3,beach|food|photography|relax|romantic,0,0.48501
109,9,0.69383,1,0,0,9390000,4,8.0,60,8000000,3,beach|food|photography|relax|romantic,1,0.79561
109,211,0.44331,1,1,0,4990000,4,9.4,22,8000000,3,beach|food|photography|relax|romantic,1,0.73219
109,216,0.39949,0,1,0,5630000,4,9.4,104,8000000,3,beach|food|photography|relax|romantic,1,0.53379
109,103,0.68034,0,1,1,5020000,3,9.3,30,8000000,3,beach|food|photography|relax|romantic,1,0.67874
109,78,0.2735,0,1,0,6430000,4,9.1,48,8000000,3,beach|food|photography|relax|romantic,0,0.47787
109,153,0.63751,0,0,0,8920000,5,9.0,5,8000000,3,beach|food|photography|relax|romantic,0,0.58335
109,213,0.53063,1,1,0,5480000,4,9.1,25,8000000,3,beach|food|photography|relax|romantic,1,0.76587
109,144,0.26456,0,1,0,7040000,2,9.6,16,8000000,3,beach|food|photography|relax|romantic,1,0.47912
109,47,0.49961,0,1,1,6300000,3,8.3,85,8000000,3,beach|food|photography|relax|romantic,0,0.59284
109,6,0.64372,0,1,0,4460000,5,8.8,16,8000000,3,beach|food|photography|relax|romantic,0,0.60236
109,85,0.51593,0,0,1,11800000,3,9.0,111,8000000,3,beach|food|photography|relax|romantic,1,0.53069
109,117,0.23049,0,1,1,4370000,3,8.4,32,8000000,3,beach|food|photography|relax|romantic,0,0.4808
109,239,0.33302,1,1,1,5380000,3,7.5,103,8000000,3,beach|food|photography|relax|romantic,1,0.69487
109,171,0.48942,0,1,0,5570000,5,9.6,87,8000000,3,beach|food|photography|relax|romantic,0,0.54556
109,170,0.63629,0,0,1,14230000,3,8.1,81,8000000,3,beach|food|photography|relax|romantic,0,0.52364
109,25,0.68852,0,1,0,5890000,4,9.1,67,8000000,3,beach|food|photography|relax|romantic,1,0.65218
109,167,0.49853,1,0,1,9750000,3,8.5,4,8000000,3,beach|food|photography|relax|romantic,1,0.73938
109,131,0.24237,0,1,0,3020000,2,8.6,118,8000000,3,beach|food|photography|relax|romantic,1,0.4598
110,64,0.49061,0,1,0,3540000,3,9.1,12,14000000,4,beach|cruise|luxury|relax|romantic,1,0.56906
110,239,0.0,1,1,0,5380000,3,7.5,103,14000000,4,beach|cruise|luxury|relax|romantic,1,0.527
110,188,0.0,0,1,0,2280000,2,7.5,73,14000000,4,beach|cruise|luxury|relax|romantic,0,0.319
110,80,0.0,0,1,0,4630000,2,9.6,104,14000000,4,beach|cruise|luxury|relax|romantic,0,0.34
110,100,0.07301,0,1,0,6530000,3,9.3,83,14000000,4,beach|cruise|luxury|relax|romantic,0,0.39566
110,216,0.21761,0,1,1,5630000,4,9.4,104,14000000,4,beach|cruise|luxury|relax|romantic,0,0.4854
110,7,0.58627,1,1,0,7910000,5,9.3,13,14000000,4,beach|cruise|luxury|relax|romantic,1,0.79124
110,1,0.61738,0,0,1,14160000,4,9.0,35,14000000,4,beach|cruise|luxury|relax|romantic,1,0.64747
110,77,0.11144,0,1,0,7160000,3,8.3,95,14000000,4,beach|cruise|luxury|relax|romantic,0,0.4018
110,28,0.42525,1,1,1,12790000,4,8.6,66,14000000,4,beach|cruise|luxury|relax|romantic,1,0.7446
110,174,0.24715,0,1,0,5910000,5,9.4,38,14000000,4,beach|cruise|luxury|relax|romantic,0,0.4698
110,128,0.67371,0,1,0,13980000,3,9.1,49,14000000,4,beach|cruise|luxury|relax|romantic,1,0.64596
110,124,0.02277,0,1,0,7340000,5,8.1,59,14000000,4,beach|cruise|luxury|relax|romantic,0,0.36256
110,195,0.39927,0,1,0,5880000,5,8.4,105,14000000,4,beach|cruise|luxury|relax|romantic,0,0.52369
110,157,0.35345,1,1,0,11560000,5,9.6,14,14000000,4,beach|cruise|luxury|relax|romantic,1,0.69645
110,93,0.03661,0,1,0,7290000,2,9.4,63,14000000,4,beach|cruise|luxury|relax|romantic,0,0.35338
110,144,0.06915,0,1,0,7040000,2,9.6,16,14000000,4,beach|cruise|luxury|relax|romantic,0,0.36904
110,82,0.15658,0,1,0,6740000,2,8.9,16,14000000,4,beach|cruise|luxury|relax|romantic,0,0.39877
110,214,0.13239,0,1,1,4300000,4,7.8,103,14000000,4,beach|cruise|luxury|relax|romantic,0,0.4336
110,196,0.71201,0,0,1,14200000,4,8.3,67,14000000,4,beach|cruise|luxury|relax|romantic,1,0.67976
110,96,0.35791,0,1,0,4840000,3,7.8,118,14000000,4,beach|cruise|luxury|relax|romantic,0,0.50032
110,36,0.37923,0,1,1,4630000,4,9.0,57,14000000,4,beach|cruise|luxury|relax|romantic,0,0.54928
110,9,0.6339,1,1,1,9390000,4,8.0,60,14000000,4,beach|cruise|luxury|relax|romantic,1,0.82624
110,225,0.32366,0,1,0,5050000,5,8.1,21,14000000,4,beach|cruise|luxury|relax|romantic,0,0.48894
110,131,0.03012,0,1,0,3020000,2,8.6,118,14000000,4,beach|cruise|luxury|relax|romantic,0,0.34265
110,27,0.0,0,1,0,6140000,2,8.9,98,14000000,4,beach|cruise|luxury|relax|romantic,0,0.333
110,26,0.54098,0,1,1,4310000,4,9.7,29,14000000,4,beach|cruise|luxury|relax|romantic,0,0.62421
110,18,0.0,1,1,0,6100000,2,7.8,84,14000000,4,beach|cruise|luxury|relax|romantic,1,0.502
110,21,0.18342,0,1,0,7690000,5,7.8,21,14000000,4,beach|cruise|luxury|relax|romantic,0,0.42704
110,35,0.12722,0,1,0,4230000,3,7.8,93,14000000,4,beach|cruise|luxury|relax|romantic,0,0.40343
110,184,0.56281,1,1,0,5580000,3,7.6,35,14000000,4,beach|cruise|luxury|relax|romantic,1,0.76438
110,180,0.33832,0,1,1,5160000,4,9.3,30,14000000,4,beach|cruise|luxury|relax|romantic,1,0.53509
110,212,0.4125,0,1,0,7390000,3,8.7,47,14000000,4,beach|cruise|luxury|relax|romantic,0,0.53225
110,187,0.21679,1,1,1,4850000,4,9.4,44,14000000,4,beach|cruise|luxury|relax|romantic,1,0.66505
110,65,0.0,0,1,1,5980000,4,8.1,6,14000000,4,beach|cruise|luxury|relax|romantic,0,0.381
110,116,0.12536,0,1,1,3980000,4,7.9,72,14000000,4,beach|cruise|luxury|relax|romantic,0,0.43165
110,161,0.28869,0,1,1,6500000,4,7.5,57,14000000,4,beach|cruise|luxury|relax|romantic,0,0.49625
110,177,0.59511,1,1,1,11590000,4,7.5,90,14000000,4,beach|cruise|luxury|relax|romantic,1,0.80495
110,40,0.44281,0,1,0,5340000,3,7.5,108,14000000,4,beach|cruise|luxury|relax|romantic,1,0.53298
110,125,0.27529,0,1,0,8660000,3,8.0,70,14000000,4,beach|cruise|luxury|relax|romantic,0,0.46762
110,156,0.0,0,1,0,7480000,2,9.0,38,14000000,4,beach|cruise|luxury|relax|romantic,0,0.334
110,155,0.35534,0,1,1,4600000,4,9.4,111,14000000,4,beach|cruise|luxury|relax|romantic,0,0.54324
110,208,0.04751,1,1,0,3970000,3,8.8,28,14000000,4,beach|cruise|luxury|relax|romantic,0,0.55995
110,153,0.25504,0,1,0,8920000,5,9.0,5,14000000,4,beach|cruise|luxury|relax|romantic,0,0.46912
110,42,0.0,0,1,0,5460000,2,8.4,104,14000000,4,beach|cruise|luxury|relax|romantic,0,0.328
110,140,0.43741,0,1,0,3330000,5,9.2,94,14000000,4,beach|cruise|luxury|relax|romantic,1,0.54771
110,24,0.20719,0,1,0,5890000,5,8.1,9,14000000,4,beach|cruise|luxury|relax|romantic,0,0.44002
110,134,0.34669,0,1,1,3330000,4,7.8,89,14000000,4,beach|cruise|luxury|relax|romantic,0,0.52361
110,126,0.14917,0,1,0,9260000,3,8.4,85,14000000,4,beach|cruise|luxury|relax|romantic,0,0.41865
110,234,0.46102,0,1,1,3470000,4,7.4,6,14000000,4,beach|cruise|luxury|relax|romantic,1,0.56763
110,101,0.14732,0,1,0,9040000,5,7.7,53,14000000,4,beach|cruise|luxury|relax|romantic,0,0.41087
110,55,0.0,0,1,1,6780000,4,8.3,68,14000000,4,beach|cruise|luxury|relax|romantic,0,0.383
110,227,0.51312,1,1,0,8860000,2,9.0,39,14000000,4,beach|cruise|luxury|relax|romantic,1,0.72951
110,167,0.64082,1,1,0,9750000,3,8.5,4,14000000,4,beach|cruise|luxury|relax|romantic,1,0.80615
110,95,0.62664,0,1,1,12960000,4,7.5,31,14000000,4,beach|cruise|luxury|relax|romantic,0,0.63819
110,231,0.0,0,1,1,3590000,4,9.4,36,14000000,4,beach|cruise|luxury|relax|romantic,0,0.394
110,145,0.66371,0,1,0,5440000,5,7.9,10,14000000,4,beach|cruise|luxury|relax|romantic,1,0.62976
110,88,0.0,0,1,1,6870000,4,9.3,31,14000000,4,beach|cruise|luxury|relax|romantic,0,0.393
110,62,0.68987,0,0,1,15980000,4,7.5,22,14000000,4,beach|cruise|luxury|relax|romantic,1,0.64212
110,233,0.30172,0,1,0,6800000,3,8.3,19,14000000,4,beach|cruise|luxury|relax|romantic,0,0.48172
110,222,0.3667,1,1,1,10940000,4,9.6,70,14000000,4,beach|cruise|luxury|relax|romantic,1,0.73001
110,240,0.02245,0,1,1,9370000,4,7.7,33,14000000,4,beach|cruise|luxury|relax|romantic,0,0.38643
110,102,0.1573,0,1,1,7740000,4,9.2,79,14000000,4,beach|cruise|luxury|relax|romantic,0,0.45807
110,106,0.04816,1,1,0,3480000,3,7.6,42,14000000,4,beach|cruise|luxury|relax|romantic,0,0.54823
110,46,0.13205,0,1,0,8140000,3,9.5,53,14000000,4,beach|cruise|luxury|relax|romantic,0,0.42246
110,183,0.38029,1,1,0,6720000,5,8.9,109,14000000,4,beach|cruise|luxury|relax|romantic,1,0.70072
110,219,0.74036,1,1,0,8840000,3,9.2,91,14000000,4,beach|cruise|luxury|relax|romantic,1,0.85495
110,32,0.72942,0,1,0,6600000,3,7.6,4,14000000,4,beach|cruise|luxury|relax|romantic,0,0.65435
110,74,0.22703,0,1,0,3870000,5,7.7,59,14000000,4,beach|cruise|luxury|relax|romantic,0,0.44435
110,154,0.2306,0,1,0,5130000,5,7.8,26,14000000,4,beach|cruise|luxury|relax|romantic,1,0.44685
111,105,0.77955,0,0,0,12640000,4,8.4,30,4000000,2,beach|cruise|luxury|relax|romantic,1,0.49541
111,170,0.71083,0,0,0,14230000,3,8.1,81,4000000,2,beach|cruise|luxury|relax|romantic,0,0.49155
111,46,0.2358,0,0,0,8140000,3,9.5,53,4000000,2,beach|cruise|luxury|relax|romantic,0,0.30604
111,74,0.30908,0,1,0,3870000,5,7.7,59,4000000,2,beach|cruise|luxury|relax|romantic,0,0.42281
111,222,0.34668,0,0,0,10940000,4,9.6,70,4000000,2,beach|cruise|luxury|relax|romantic,0,0.32561
111,80,0.04232,0,0,1,4630000,2,9.6,104,4000000,2,beach|cruise|luxury|relax|romantic,0,0.38857
111,206,0.28079,0,0,0,4060000,3,9.0,5,4000000,2,beach|cruise|luxury|relax|romantic,0,0.47753
111,186,0.04503,0,0,0,6850000,3,9.0,61,4000000,2,beach|cruise|luxury|relax|romantic,0,0.26691
111,201,0.73403,0,0,0,8110000,5,8.7,69,4000000,2,beach|cruise|luxury|relax|romantic,0,0.45129
111,171,0.31442,1,0,0,5570000,5,9.6,87,4000000,2,beach|cruise|luxury|relax|romantic,0,0.56126
111,2,0.73974,0,0,0,5410000,5,9.1,111,4000000,2,beach|cruise|luxury|relax|romantic,0,0.56129
111,228,0.08858,1,0,0,7690000,3,7.6,7,4000000,2,beach|cruise|luxury|relax|romantic,0,0.41761
111,110,0.25371,0,0,0,7520000,4,9.4,73,4000000,2,beach|cruise|luxury|relax|romantic,0,0.30376
111,193,0.78648,0,0,0,9300000,3,8.2,66,4000000,2,beach|cruise|luxury|relax|romantic,0,0.52432
111,240,0.0,1,0,0,9370000,4,7.7,33,4000000,2,beach|cruise|luxury|relax|romantic,0,0.341
111,33,0.32367,0,0,0,6090000,3,8.9,45,4000000,2,beach|cruise|luxury|relax|romantic,0,0.41334
111,165,0.37043,0,0,0,10700000,4,7.6,38,4000000,2,beach|cruise|luxury|relax|romantic,0,0.31558
111,101,0.26666,1,0,0,9040000,5,7.7,53,4000000,2,beach|cruise|luxury|relax|romantic,0,0.425
111,147,0.34814,1,0,0,8820000,3,8.4,18,4000000,2,beach|cruise|luxury|relax|romantic,0,0.52222
111,75,0.78071,0,0,0,14320000,3,8.5,11,4000000,2,beach|cruise|luxury|relax|romantic,0,0.5249
111,14,0.28846,1,0,0,4940000,5,8.9,82,4000000,2,beach|cruise|luxury|relax|romantic,1,0.56855
111,137,0.21718,0,0,0,6170000,4,8.6,51,4000000,2,beach|cruise|luxury|relax|romantic,0,0.33442
111,70,0.11757,0,0,0,7280000,4,8.7,47,4000000,2,beach|cruise|luxury|relax|romantic,0,0.24918
111,78,0.11332,0,0,0,6430000,4,9.1,48,4000000,2,beach|cruise|luxury|relax|romantic,0,0.2854
111,214,0.24922,1,0,0,4300000,4,7.8,103,4000000,2,beach|cruise|luxury|relax|romantic,1,0.59467
111,202,0.0387,0,1,1,3200000,2,9.2,60,4000000,2,beach|cruise|luxury|relax|romantic,0,0.40825
111,173,0.10938,1,0,0,7150000,3,9.4,6,4000000,2,beach|cruise|luxury|relax|romantic,1,0.46594
111,131,0.04767,0,1,1,3020000,2,8.6,118,4000000,2,beach|cruise|luxury|relax|romantic,0,0.40602
111,213,0.29352,0,0,0,5480000,4,9.1,25,4000000,2,beach|cruise|luxury|relax|romantic,0,0.39908
111,144,0.09408,1,0,1,7040000,2,9.6,16,4000000,2,beach|cruise|luxury|relax|romantic,0,0.49391
111,109,0.55185,0,0,0,5450000,3,7.6,70,4000000,2,beach|cruise|luxury|relax|romantic,0,0.52178
111,3,0.58174,0,0,0,8200000,4,7.5,120,4000000,2,beach|cruise|luxury|relax|romantic,0,0.40333
111,123,0.34657,0,0,0,7390000,4,8.7,91,4000000,2,beach|cruise|luxury|relax|romantic,0,0.34096
111,148,0.46353,0,0,0,11060000,4,9.6,44,4000000,2,beach|cruise|luxury|relax|romantic,0,0.37468
111,21,0.25964,0,0,0,7690000,5,7.8,21,4000000,2,beach|cruise|luxury|relax|romantic,0,0.25545
111,195,0.43009,1,0,0,5880000,5,8.4,105,4000000,2,beach|cruise|luxury|relax|romantic,0,0.58544
111,151,0.40702,1,0,0,7800000,3,7.8,89,4000000,2,beach|cruise|luxury|relax|romantic,0,0.54895
111,155,0.38967,0,0,0,4600000,4,9.4,111,4000000,2,beach|cruise|luxury|relax|romantic,0,0.47766
111,145,0.72129,0,0,0,5440000,5,7.9,10,4000000,2,beach|cruise|luxury|relax|romantic,0,0.54034
111,40,0.47249,1,0,0,5340000,3,7.5,108,4000000,2,beach|cruise|luxury|relax|romantic,1,0.67184
111,159,0.53294,0,0,1,11760000,2,9.2,85,4000000,2,beach|cruise|luxury|relax|romantic,0,0.45584
111,95,0.73656,0,0,0,12960000,4,7.5,31,4000000,2,beach|cruise|luxury|relax|romantic,0,0.46836
111,18,0.03956,0,0,1,6100000,2,7.8,84,4000000,2,beach|cruise|luxury|relax|romantic,0,0.31062
111,209,0.36709,0,0,0,8360000,4,9.1,41,4000000,2,beach|cruise|luxury|relax|romantic,0,0.32918
111,66,0.36812,0,0,0,7950000,5,8.3,83,4000000,2,beach|cruise|luxury|relax|romantic,0,0.29561
111,219,0.67269,0,0,0,8840000,3,9.2,91,4000000,2,beach|cruise|luxury|relax|romantic,0,0.48653
111,92,0.0515,0,0,0,5150000,3,8.1,31,4000000,2,beach|cruise|luxury|relax|romantic,0,0.32863
111,69,0.30029,0,0,1,5280000,2,8.1,71,4000000,2,beach|cruise|luxury|relax|romantic,0,0.45592
111,238,0.73412,0,0,0,6620000,5,8.4,111,4000000,2,beach|cruise|luxury|relax|romantic,0,0.50353
111,88,0.01487,1,0,0,6870000,4,9.3,31,4000000,2,beach|cruise|luxury|relax|romantic,0,0.40844
111,177,0.62387,0,0,0,11590000,4,7.5,90,4000000,2,beach|cruise|luxury|relax|romantic,0,0.42102
111,132,0.17911,0,0,0,7100000,3,9.1,74,4000000,2,beach|cruise|luxury|relax|romantic,0,0.31423
111,43,0.36363,0,0,0,8280000,3,8.4,120,4000000,2,beach|cruise|luxury|relax|romantic,0,0.34872
111,4,0.67298,0,0,0,6540000,5,8.5,51,4000000,2,beach|cruise|luxury|relax|romantic,0,0.48205
111,1,0.73979,0,0,0,14160000,4,9.0,35,4000000,2,beach|cruise|luxury|relax|romantic,0,0.48471
111,125,0.31447,0,0,0,8660000,3,8.0,70,4000000,2,beach|cruise|luxury|relax|romantic,0,0.32408
111,226,0.59476,0,0,0,7020000,3,9.0,111,4000000,2,beach|cruise|luxury|relax|romantic,0,0.491
111,190,0.27746,0,0,0,9710000,4,9.4,24,4000000,2,beach|cruise|luxury|relax|romantic,0,0.29453
111,103,0.42342,1,0,0,5020000,3,9.3,30,4000000,2,beach|cruise|luxury|relax|romantic,1,0.68204
111,63,0.6996,0,0,0,5390000,4,7.4,85,4000000,2,beach|cruise|luxury|relax|romantic,0,0.55623
111,94,0.08543,0,0,1,5190000,2,8.3,80,4000000,2,beach|cruise|luxury|relax|romantic,0,0.37128
111,235,0.36394,0,0,0,8550000,3,9.7,29,4000000,2,beach|cruise|luxury|relax|romantic,0,0.36186
111,27,0.0,1,0,1,6140000,2,8.9,98,4000000,2,beach|cruise|luxury|relax|romantic,1,0.4834
111,90,0.20943,0,1,1,2330000,2,9.0,69,4000000,2,beach|cruise|luxury|relax|romantic,0,0.47796
111,179,0.74465,0,0,0,5280000,3,9.5,68,4000000,2,beach|cruise|luxury|relax|romantic,1,0.62855
111,185,0.33895,1,1,0,4000000,4,8.9,82,4000000,2,beach|cruise|luxury|relax|romantic,0,0.65536
111,191,0.28851,0,0,0,6590000,4,7.5,40,4000000,2,beach|cruise|luxury|relax|romantic,0,0.33657
111,128,0.73743,0,0,0,13980000,3,9.1,49,4000000,2,beach|cruise|luxury|relax|romantic,0,0.51272
111,129,0.08067,1,0,0,4650000,5,9.7,7,4000000,2,beach|cruise|luxury|relax|romantic,1,0.50088
111,81,0.04593,0,0,0,4940000,4,9.0,17,4000000,2,beach|cruise|luxury|relax|romantic,0,0.31569
112,167,0.13946,0,1,0,9750000,3,8.5,4,10000000,2,city|food|nightlife|photography|shopping,0,0.41557
112,152,0.05485,0,0,0,10060000,3,8.7,54,10000000,2,city|food|nightlife|photography|shopping,0,0.38108
112,238,0.08098,0,1,0,6620000,5,8.4,111,10000000,2,city|food|nightlife|photography|shopping,0,0.33401
112,226,0.29229,0,1,0,7020000,3,9.0,111,10000000,2,city|food|nightlife|photography|shopping,0,0.48476
112,160,0.3503,1,1,0,3970000,4,9.2,69,10000000,2,city|food|nightlife|photography|shopping,1,0.66313
112,99,0.32822,0,1,0,7510000,5,8.5,34,10000000,2,city|food|nightlife|photography|shopping,1,0.43885
112,119,0.49477,0,1,0,6250000,4,7.4,42,10000000,2,city|food|nightlife|photography|shopping,1,0.5258
112,6,0.38545,1,1,0,4460000,5,8.8,16,10000000,2,city|food|nightlife|photography|shopping,1,0.64589
112,207,0.35955,0,1,0,3610000,4,8.7,64,10000000,2,city|food|nightlife|photography|shopping,0,0.48201
112,213,0.45867,0,1,0,5480000,4,9.1,25,10000000,2,city|food|nightlife|photography|shopping,0,0.52764
112,176,0.14723,0,1,0,7390000,5,9.1,92,10000000,2,city|food|nightlife|photography|shopping,0,0.36883
112,126,0.45169,1,1,0,9260000,3,8.4,85,10000000,2,city|food|nightlife|photography|shopping,1,0.72571
112,197,0.55096,1,1,0,6280000,3,9.2,55,10000000,2,city|food|nightlife|photography|shopping,1,0.7754
112,219,0.13275,0,1,0,8840000,3,9.2,91,10000000,2,city|food|nightlife|photography|shopping,0,0.41976
112,38,0.59483,1,1,0,3520000,3,8.5,21,10000000,2,city|food|nightlife|photography|shopping,1,0.78683
112,116,0.36025,0,1,0,3980000,4,7.9,72,10000000,2,city|food|nightlife|photography|shopping,0,0.47431
112,214,0.49183,1,1,0,4300000,4,7.8,103,10000000,2,city|food|nightlife|photography|shopping,1,0.70857
112,141,0.68345,0,1,1,4800000,2,8.6,28,10000000,2,city|food|nightlife|photography|shopping,1,0.67305
112,131,0.70735,0,1,1,3020000,2,8.6,118,10000000,2,city|food|nightlife|photography|shopping,0,0.68309
112,113,0.29699,0,1,0,8040000,3,9.3,109,10000000,2,city|food|nightlife|photography|shopping,0,0.48974
112,187,0.4354,0,1,0,4850000,4,9.4,44,10000000,2,city|food|nightlife|photography|shopping,0,0.52087
112,146,0.21324,1,1,0,9730000,3,9.7,47,10000000,2,city|food|nightlife|photography|shopping,1,0.63856
112,43,0.47754,0,1,0,8280000,3,8.4,120,10000000,2,city|food|nightlife|photography|shopping,0,0.55657
112,203,0.3637,0,1,1,4750000,2,8.4,43,10000000,2,city|food|nightlife|photography|shopping,0,0.53676
112,54,0.55078,1,1,0,8910000,5,7.6,95,10000000,2,city|food|nightlife|photography|shopping,0,0.70333
112,192,0.76908,0,1,1,4770000,2,9.4,30,10000000,2,city|food|nightlife|photography|shopping,1,0.71701
112,27,0.17089,1,1,1,6140000,2,8.9,98,10000000,2,city|food|nightlife|photography|shopping,0,0.64077
112,41,0.44254,1,1,0,6960000,4,9.1,101,10000000,2,city|food|nightlife|photography|shopping,1,0.70087
112,56,0.04954,0,0,0,12680000,3,9.5,77,10000000,2,city|food|nightlife|photography|shopping,0,0.34493
112,138,0.0,0,0,0,11540000,3,8.0,95,10000000,2,city|food|nightlife|photography|shopping,0,0.32736
112,96,0.40473,1,1,0,4840000,3,7.8,118,10000000,2,city|food|nightlife|photography|shopping,1,0.69999
112,196,0.05386,0,0,0,14200000,4,8.3,67,10000000,2,city|food|nightlife|photography|shopping,0,0.28242
112,101,0.46197,1,1,0,9040000,5,7.7,53,10000000,2,city|food|nightlife|photography|shopping,1,0.66703
112,110,0.36804,0,1,0,7520000,4,9.4,73,10000000,2,city|food|nightlife|photography|shopping,1,0.49258
112,92,0.82016,0,1,0,5150000,3,8.1,31,10000000,2,city|food|nightlife|photography|shopping,1,0.69747
112,64,0.31852,1,1,0,3540000,3,9.1,12,10000000,2,city|food|nightlife|photography|shopping,1,0.67678
112,60,0.54389,0,1,0,2850000,4,8.8,84,10000000,2,city|food|nightlife|photography|shopping,0,0.56043
112,151,0.32712,1,1,0,7800000,3,7.8,89,10000000,2,city|food|nightlife|photography|shopping,1,0.66739
112,104,0.13992,1,1,0,8930000,4,7.4,95,10000000,2,city|food|nightlife|photography|shopping,0,0.55677
112,121,0.39469,0,1,0,5510000,3,7.8,82,10000000,2,city|food|nightlife|photography|shopping,1,0.51577
112,81,0.56261,0,1,0,4940000,4,9.0,17,10000000,2,city|food|nightlife|photography|shopping,1,0.57029
112,55,0.15043,1,1,0,6780000,4,8.3,68,10000000,2,city|food|nightlife|photography|shopping,1,0.57018
112,67,0.50581,0,1,0,3730000,3,9.5,8,10000000,2,city|food|nightlife|photography|shopping,0,0.57944
112,107,0.05616,0,1,0,6120000,3,9.4,13,10000000,2,city|food|nightlife|photography|shopping,0,0.38959
112,105,0.06083,0,0,0,12640000,4,8.4,30,10000000,2,city|food|nightlife|photography|shopping,0,0.31131
112,70,0.80585,0,1,0,7280000,4,8.7,47,10000000,2,city|food|nightlife|photography|shopping,1,0.66946
112,53,0.39748,0,1,0,6850000,4,8.6,65,10000000,2,city|food|nightlife|photography|shopping,0,0.49694
112,240,0.29446,1,1,0,9370000,4,7.7,33,10000000,2,city|food|nightlife|photography|shopping,1,0.62467
112,225,0.41191,1,1,0,5050000,5,8.1,21,10000000,2,city|food|nightlife|photography|shopping,0,0.65
112,34,0.23399,1,1,0,4830000,5,7.8,107,10000000,2,city|food|nightlife|photography|shopping,0,0.57228
112,132,0.77281,0,1,0,7100000,3,9.1,74,10000000,2,city|food|nightlife|photography|shopping,1,0.68758
112,158,0.04314,0,0,0,13970000,3,8.9,45,10000000,2,city|food|nightlife|photography|shopping,0,0.3156
112,28,0.10929,0,0,0,12790000,4,8.6,66,10000000,2,city|food|nightlife|photography|shopping,0,0.33126
112,189,0.86242,0,1,0,2850000,4,7.7,89,10000000,2,city|food|nightlife|photography|shopping,1,0.68321
112,35,0.38054,0,1,0,4230000,3,7.8,93,10000000,2,city|food|nightlife|photography|shopping,0,0.50983
112,193,0.11251,0,1,0,9300000,3,8.2,66,10000000,2,city|food|nightlife|photography|shopping,0,0.40125
112,84,0.80549,0,1,1,4910000,2,9.6,25,10000000,2,city|food|nightlife|photography|shopping,1,0.73431
112,69,0.40207,0,1,1,5280000,2,8.1,71,10000000,2,city|food|nightlife|photography|shopping,0,0.54987
112,79,0.0,0,1,0,5640000,3,9.6,35,10000000,2,city|food|nightlife|photography|shopping,0,0.368
112,230,0.36915,1,1,0,6950000,5,7.5,10,10000000,2,city|food|nightlife|photography|shopping,1,0.62604
112,37,0.32309,0,1,0,7470000,4,9.4,37,10000000,2,city|food|nightlife|photography|shopping,1,0.4737
112,161,0.33171,1,1,0,6500000,4,7.5,57,10000000,2,city|food|nightlife|photography|shopping,0,0.63832
112,237,0.59681,0,1,0,4570000,3,9.1,117,10000000,2,city|food|nightlife|photography|shopping,1,0.61366
112,145,0.14201,0,1,0,5440000,5,7.9,10,10000000,2,city|food|nightlife|photography|shopping,0,0.35464
112,221,0.35907,1,1,0,3220000,5,8.2,86,10000000,2,city|food|nightlife|photography|shopping,1,0.62881
112,97,0.04065,0,1,0,9930000,3,7.6,41,10000000,2,city|food|nightlife|photography|shopping,0,0.36507
112,83,0.22918,0,0,0,13980000,3,9.5,52,10000000,2,city|food|nightlife|photography|shopping,0,0.39957
112,149,0.33707,0,1,0,6170000,5,7.9,53,10000000,2,city|food|nightlife|photography|shopping,1,0.43657
112,42,0.58752,0,1,1,5460000,2,8.4,104,10000000,2,city|food|nightlife|photography|shopping,1,0.63076
112,181,0.55476,1,1,0,5530000,5,8.0,103,10000000,2,city|food|nightlife|photography|shopping,0,0.709
113,230,0.16825,0,1,0,6950000,5,7.5,10,18000000,2,city|culture|food|history|spiritual,0,0.36166
113,226,0.07753,0,1,0,7020000,3,9.0,111,18000000,2,city|culture|food|history|spiritual,0,0.39456
113,236,0.1025,0,1,0,14120000,4,8.3,70,18000000,2,city|culture|food|history|spiritual,0,0.37005
113,47,0.42744,0,1,0,6300000,3,8.3,85,18000000,2,city|culture|food|history|spiritual,0,0.53452
113,10,0.19007,0,1,0,3750000,4,9.7,57,18000000,2,city|culture|food|history|spiritual,0,0.42083
113,118,0.31352,0,1,0,7280000,5,8.4,70,18000000,2,city|culture|food|history|spiritual,0,0.43168
113,110,0.7069,1,1,0,7520000,4,9.4,73,18000000,2,city|culture|food|history|spiritual,1,0.8149
113,195,0.15454,0,1,0,5880000,5,8.4,105,18000000,2,city|culture|food|history|spiritual,0,0.36491
113,219,0.08459,0,1,0,8840000,3,9.2,91,18000000,2,city|culture|food|history|spiritual,0,0.39953
113,82,0.5412,1,1,1,6740000,2,8.9,16,18000000,2,city|culture|food|history|spiritual,1,0.7963
113,217,0.21591,0,1,0,6180000,5,8.0,78,18000000,2,city|culture|food|history|spiritual,0,0.38668
113,218,0.05225,0,1,0,11480000,4,8.8,31,18000000,2,city|culture|food|history|spiritual,0,0.35395
113,119,0.90571,0,1,0,6250000,4,7.4,42,18000000,2,city|culture|food|history|spiritual,0,0.6984
113,3,0.03336,0,1,0,8200000,4,7.5,120,18000000,2,city|culture|food|history|spiritual,0,0.33301
113,213,0.59574,1,1,0,5480000,4,9.1,25,18000000,2,city|culture|food|history|spiritual,1,0.76521
113,212,0.27647,0,1,0,7390000,3,8.7,47,18000000,2,city|culture|food|history|spiritual,0,0.47512
113,174,0.36495,0,1,0,5910000,5,9.4,38,18000000,2,city|culture|food|history|spiritual,0,0.46328
113,88,0.19095,1,1,0,6870000,4,9.3,31,18000000,2,city|culture|food|history|spiritual,1,0.5972
113,135,0.28024,0,1,0,8470000,5,8.5,106,18000000,2,city|culture|food|history|spiritual,0,0.4187
113,126,0.46406,0,1,0,9260000,3,8.4,85,18000000,2,city|culture|food|history|spiritual,0,0.5509
113,120,0.32169,0,1,0,7330000,3,9.1,82,18000000,2,city|culture|food|history|spiritual,0,0.49811
113,164,0.55924,1,1,0,2350000,3,9.4,29,18000000,2,city|culture|food|history|spiritual,1,0.78088
113,63,0.04155,0,1,0,5390000,4,7.4,85,18000000,2,city|culture|food|history|spiritual,0,0.33545
113,6,0.17303,0,1,0,4460000,5,8.8,16,18000000,2,city|culture|food|history|spiritual,0,0.37667
113,209,0.44575,0,1,0,8360000,4,9.1,41,18000000,2,city|culture|food|history|spiritual,1,0.52221
113,25,0.1686,0,1,0,5890000,4,9.1,67,18000000,2,city|culture|food|history|spiritual,0,0.40581
113,62,0.13575,0,1,0,15980000,4,7.5,22,18000000,2,city|culture|food|history|spiritual,0,0.37602
113,153,0.31774,0,1,0,8920000,5,9.0,5,18000000,2,city|culture|food|history|spiritual,0,0.43945
113,104,0.27883,0,1,0,8930000,4,7.4,95,18000000,2,city|culture|food|history|spiritual,0,0.43511
113,235,0.6286,1,1,0,8550000,3,9.7,29,18000000,2,city|culture|food|history|spiritual,1,0.81301
113,154,0.1691,0,1,0,5130000,5,7.8,26,18000000,2,city|culture|food|history|spiritual,0,0.36502
113,114,0.40753,0,1,0,10820000,3,9.0,71,18000000,2,city|culture|food|history|spiritual,0,0.53316
113,229,0.09426,0,1,0,10990000,4,8.5,60,18000000,2,city|culture|food|history|spiritual,0,0.36859
113,92,0.5376,1,1,0,5150000,3,8.1,31,18000000,2,city|culture|food|history|spiritual,1,0.75879
113,208,0.62265,1,1,0,3970000,3,8.8,28,18000000,2,city|culture|food|history|spiritual,1,0.80151
113,167,0.04824,0,1,0,9750000,3,8.5,4,18000000,2,city|culture|food|history|spiritual,0,0.37726
113,17,0.03636,0,1,0,11980000,4,8.3,109,18000000,2,city|culture|food|history|spiritual,0,0.34227
113,14,0.39533,0,1,0,4940000,5,8.9,82,18000000,2,city|culture|food|history|spiritual,1,0.47104
113,224,0.44082,0,1,0,9610000,5,8.2,93,18000000,2,city|culture|food|history|spiritual,0,0.48314
113,200,0.33211,0,1,0,7780000,4,8.8,20,18000000,2,city|culture|food|history|spiritual,1,0.47149
113,44,0.34271,0,1,0,5620000,4,7.4,19,18000000,2,city|culture|food|history|spiritual,1,0.46194
113,178,0.22753,0,1,0,4150000,3,9.3,40,18000000,2,city|culture|food|history|spiritual,0,0.46056
113,181,0.37917,0,1,0,5530000,5,8.0,103,18000000,2,city|culture|food|history|spiritual,0,0.45525
113,197,0.32936,0,1,0,6280000,3,9.2,55,18000000,2,city|culture|food|history|spiritual,0,0.50233
113,207,0.35325,0,1,0,3610000,4,8.7,64,18000000,2,city|culture|food|history|spiritual,0,0.47936
113,45,0.20915,0,1,0,8730000,3,8.1,21,18000000,2,city|culture|food|history|spiritual,0,0.44084
113,142,0.72857,0,1,0,6670000,4,9.5,72,18000000,2,city|culture|food|history|spiritual,0,0.645
113,221,0.22107,0,1,0,3220000,5,8.2,86,18000000,2,city|culture|food|history|spiritual,0,0.39085
113,177,0.17597,0,1,0,11590000,4,7.5,90,18000000,2,city|culture|food|history|spiritual,0,0.39291
113,168,0.1381,0,1,0,6140000,3,8.9,101,18000000,2,city|culture|food|history|spiritual,0,0.419
113,211,0.04136,0,1,0,4990000,4,9.4,22,18000000,2,city|culture|food|history|spiritual,0,0.35537
113,84,0.61768,1,1,1,4910000,2,9.6,25,18000000,2,city|culture|food|history|spiritual,1,0.83543
113,70,0.60202,1,1,0,7280000,4,8.7,47,18000000,2,city|culture|food|history|spiritual,1,0.76385
113,29,0.03596,0,1,0,11690000,3,7.6,35,18000000,2,city|culture|food|history|spiritual,0,0.3631
113,203,0.87477,0,1,1,4750000,2,8.4,43,18000000,2,city|culture|food|history|spiritual,1,0.7514
113,190,0.30698,0,1,0,9710000,4,9.4,24,18000000,2,city|culture|food|history|spiritual,1,0.46693
113,41,0.39918,0,1,0,6960000,4,9.1,101,18000000,2,city|culture|food|history|spiritual,0,0.50265
113,205,0.93175,0,1,1,5780000,2,7.9,69,18000000,2,city|culture|food|history|spiritual,1,0.77034
113,139,0.22472,0,1,0,5100000,3,8.8,86,18000000,2,city|culture|food|history|spiritual,0,0.45438
113,64,0.12235,0,1,0,3540000,3,9.1,12,18000000,2,city|culture|food|history|spiritual,0,0.41439
113,52,0.6357,1,1,0,7200000,4,7.7,116,18000000,2,city|culture|food|history|spiritual,1,0.768
113,216,0.32912,0,1,0,5630000,4,9.4,104,18000000,2,city|culture|food|history|spiritual,0,0.47623
113,160,0.13769,0,1,0,3970000,4,9.2,69,18000000,2,city|culture|food|history|spiritual,0,0.39383
113,40,0.21309,0,1,0,5340000,3,7.5,108,18000000,2,city|culture|food|history|spiritual,0,0.4365
113,95,0.12399,0,1,0,12960000,4,7.5,31,18000000,2,city|culture|food|history|spiritual,0,0.37108
113,91,0.04397,0,1,0,5890000,5,9.6,48,18000000,2,city|culture|food|history|spiritual,0,0.33047
113,132,0.58751,1,1,0,7100000,3,9.1,74,18000000,2,city|culture|food|history|spiritual,1,0.78975
113,27,0.35238,1,1,1,6140000,2,8.9,98,18000000,2,city|culture|food|history|spiritual,1,0.717
113,125,0.22227,0,1,0,8660000,3,8.0,70,18000000,2,city|culture|food|history|spiritual,1,0.44535
113,183,0.37602,0,1,0,6720000,5,8.9,109,18000000,2,city|culture|food|history|spiritual,0,0.46293
114,75,0.64518,0,0,0,14320000,3,8.5,11,8000000,5,beach|food|photography|relax|romantic,0,0.47358
114,30,0.24905,0,1,0,3620000,3,8.3,117,8000000,5,beach|food|photography|relax|romantic,0,0.4316
114,234,0.76347,1,1,0,3470000,4,7.4,6,8000000,5,beach|food|photography|relax|romantic,1,0.84666
114,236,0.60839,0,0,0,14120000,4,8.3,70,8000000,5,beach|food|photography|relax|romantic,0,0.48812
114,81,0.27086,0,1,0,4940000,4,9.0,17,8000000,5,beach|food|photography|relax|romantic,0,0.47576
114,235,0.65959,0,0,0,8550000,3,9.7,29,8000000,5,beach|food|photography|relax|romantic,1,0.60703
114,198,0.61604,1,1,0,5820000,3,8.6,8,8000000,5,beach|food|photography|relax|romantic,1,0.76874
114,188,0.26461,0,1,0,2280000,2,7.5,73,8000000,5,beach|food|photography|relax|romantic,0,0.40214
114,201,0.51685,0,0,1,8110000,5,8.7,69,8000000,5,beach|food|photography|relax|romantic,0,0.60188
114,151,0.65916,1,1,0,7800000,3,7.8,89,8000000,5,beach|food|photography|relax|romantic,1,0.77885
114,181,0.56546,0,1,1,5530000,5,8.0,103,8000000,5,beach|food|photography|relax|romantic,0,0.61749
114,91,0.60658,0,1,1,5890000,5,9.6,48,8000000,5,beach|food|photography|relax|romantic,1,0.65076
114,130,0.20625,1,1,0,6320000,4,8.0,10,8000000,5,beach|food|photography|relax|romantic,0,0.61863
114,37,0.29044,0,1,0,7470000,4,9.4,37,8000000,5,beach|food|photography|relax|romantic,0,0.48799
114,77,0.28517,0,1,0,7160000,3,8.3,95,8000000,5,beach|food|photography|relax|romantic,0,0.44677
114,193,0.57445,0,0,0,9300000,3,8.2,66,8000000,5,beach|food|photography|relax|romantic,0,0.54127
114,6,0.6056,1,1,1,4460000,5,8.8,16,8000000,5,beach|food|photography|relax|romantic,1,0.82235
114,109,0.32625,0,1,0,5450000,3,7.6,70,8000000,5,beach|food|photography|relax|romantic,1,0.45702
114,28,0.50724,1,0,0,12790000,4,8.6,66,8000000,5,beach|food|photography|relax|romantic,0,0.65524
114,169,0.57663,0,1,1,5620000,5,8.8,5,8000000,5,beach|food|photography|relax|romantic,0,0.63019
114,129,0.16209,1,1,1,4650000,5,9.7,7,8000000,5,beach|food|photography|relax|romantic,0,0.64508
114,230,0.68672,1,1,1,6950000,5,7.5,10,8000000,5,beach|food|photography|relax|romantic,1,0.84342
114,215,0.23342,0,1,0,3960000,4,7.5,73,8000000,5,beach|food|photography|relax|romantic,0,0.44504
114,192,0.23788,0,1,0,4770000,2,9.4,30,8000000,5,beach|food|photography|relax|romantic,0,0.40991
114,57,0.41338,0,1,0,5360000,3,8.5,66,8000000,5,beach|food|photography|relax|romantic,0,0.50262
114,131,0.26576,0,1,0,3020000,2,8.6,118,8000000,5,beach|food|photography|relax|romantic,0,0.41362
114,25,0.64918,1,1,0,5890000,4,9.1,67,8000000,5,beach|food|photography|relax|romantic,1,0.81566
114,205,0.28803,0,1,0,5780000,2,7.9,69,8000000,5,beach|food|photography|relax|romantic,0,0.41597
114,127,0.36114,0,1,0,5620000,4,7.9,52,8000000,5,beach|food|photography|relax|romantic,0,0.50268
114,163,0.58881,1,1,0,6910000,3,7.6,92,8000000,5,beach|food|photography|relax|romantic,1,0.7473
114,233,0.44524,0,1,0,6800000,3,8.3,19,8000000,5,beach|food|photography|relax|romantic,1,0.514
114,124,0.20588,1,1,1,7340000,5,8.1,59,8000000,5,beach|food|photography|relax|romantic,0,0.64747
114,106,0.16599,0,1,0,3480000,3,7.6,42,8000000,5,beach|food|photography|relax|romantic,0,0.38972
114,12,0.6915,1,1,0,5140000,4,9.6,114,8000000,5,beach|food|photography|relax|romantic,1,0.83843
114,214,0.50932,0,1,0,4300000,4,7.8,103,8000000,5,beach|food|photography|relax|romantic,0,0.56392
114,53,0.68396,0,1,0,6850000,4,8.6,65,8000000,5,beach|food|photography|relax|romantic,1,0.64526
114,227,0.32495,0,0,0,8860000,2,9.0,39,8000000,5,beach|food|photography|relax|romantic,0,0.42528
114,4,0.54043,0,1,1,6540000,5,8.5,51,8000000,5,beach|food|photography|relax|romantic,1,0.61198
114,206,0.55028,0,1,0,4060000,3,9.0,5,8000000,5,beach|food|photography|relax|romantic,1,0.56512
114,92,0.16829,0,1,0,5150000,3,8.1,31,8000000,5,beach|food|photography|relax|romantic,0,0.39568
114,61,0.20014,0,1,0,3850000,2,7.4,61,8000000,5,beach|food|photography|relax|romantic,0,0.37406
114,56,0.55647,1,0,0,12680000,3,9.5,77,8000000,5,beach|food|photography|relax|romantic,1,0.65912
114,117,0.24159,0,1,0,4370000,3,8.4,32,8000000,5,beach|food|photography|relax|romantic,0,0.42947
114,167,0.40443,0,0,0,9750000,3,8.5,4,8000000,5,beach|food|photography|relax|romantic,0,0.46386
114,7,0.53037,1,1,1,7910000,5,9.3,13,8000000,5,beach|food|photography|relax|romantic,1,0.79576
114,133,0.37055,0,1,0,5680000,3,9.6,72,8000000,5,beach|food|photography|relax|romantic,0,0.49563
114,187,0.40885,0,1,0,4850000,4,9.4,44,8000000,5,beach|food|photography|relax|romantic,0,0.53772
114,93,0.22284,0,1,0,7290000,2,9.4,63,8000000,5,beach|food|photography|relax|romantic,0,0.40359
114,3,0.40986,0,0,0,8200000,4,7.5,120,8000000,5,beach|food|photography|relax|romantic,0,0.51514
114,238,0.56252,0,1,1,6620000,5,8.4,111,8000000,5,beach|food|photography|relax|romantic,0,0.62026
114,44,0.53936,1,1,0,5620000,4,7.4,19,8000000,5,beach|food|photography|relax|romantic,1,0.75253
114,102,0.27614,0,1,0,7740000,4,9.2,79,8000000,5,beach|food|photography|relax|romantic,1,0.47998
114,26,0.72684,1,1,0,4310000,4,9.7,29,8000000,5,beach|food|photography|relax|romantic,1,0.85427
114,153,0.6053,0,0,1,8920000,5,9.0,5,8000000,5,beach|food|photography|relax|romantic,1,0.62583
114,111,0.24236,0,1,0,3320000,2,7.8,110,8000000,5,beach|food|photography|relax|romantic,0,0.39579
114,128,0.51166,0,0,0,13980000,3,9.1,49,8000000,5,beach|food|photography|relax|romantic,0,0.4303
114,166,0.25222,0,1,0,6610000,4,7.9,101,8000000,5,beach|food|photography|relax|romantic,0,0.45693
114,178,0.50193,0,1,0,4150000,3,9.3,40,8000000,5,beach|food|photography|relax|romantic,1,0.54781
114,49,0.5515,0,1,0,5810000,3,8.0,112,8000000,5,beach|food|photography|relax|romantic,1,0.55563
114,156,0.18856,0,1,0,7480000,2,9.0,38,8000000,5,beach|food|photography|relax|romantic,0,0.3852
114,177,0.38006,0,0,0,11590000,4,7.5,90,8000000,5,beach|food|photography|relax|romantic,0,0.43482
114,48,0.56431,0,1,0,4820000,4,9.2,103,8000000,5,beach|food|photography|relax|romantic,0,0.60101
114,17,0.58485,0,0,0,11980000,4,8.3,109,8000000,5,beach|food|photography|relax|romantic,1,0.52104
114,112,0.41969,0,1,0,5970000,3,8.8,119,8000000,5,beach|food|photography|relax|romantic,1,0.50827
114,161,0.59111,1,1,0,6500000,4,7.5,57,8000000,5,beach|food|photography|relax|romantic,1,0.77527
114,196,0.60104,0,0,0,14200000,4,8.3,67,8000000,5,beach|food|photography|relax|romantic,0,0.48344
114,72,0.67687,1,1,0,6980000,3,8.9,58,8000000,5,beach|food|photography|relax|romantic,1,0.79729
114,10,0.67032,1,1,0,3750000,4,9.7,57,8000000,5,beach|food|photography|relax|romantic,1,0.83053
114,219,0.52699,0,0,0,8840000,3,9.2,91,8000000,5,beach|food|photography|relax|romantic,0,0.54054
114,68,0.52536,0,1,0,6910000,3,9.3,96,8000000,5,beach|food|photography|relax|romantic,1,0.55765
115,224,0.29158,1,0,0,9610000,5,8.2,93,6000000,3,beach|budget|city|family|food,0,0.5322
115,68,0.52103,1,0,1,6910000,3,9.3,96,6000000,3,beach|budget|city|family|food,1,0.76757
115,165,0.38903,1,0,0,10700000,4,7.6,38,6000000,3,beach|budget|city|family|food,0,0.56606
115,77,0.16238,0,0,1,7160000,3,8.3,95,6000000,3,beach|budget|city|family|food,0,0.42027
115,136,0.28986,1,0,1,6220000,3,8.1,117,6000000,3,beach|budget|city|family|food,1,0.67688
115,103,0.23965,0,1,1,5020000,3,9.3,30,6000000,3,beach|budget|city|family|food,0,0.49365
115,117,0.61675,0,1,1,4370000,3,8.4,32,6000000,3,beach|budget|city|family|food,1,0.64303
115,110,0.32123,1,0,0,7520000,4,9.4,73,6000000,3,beach|budget|city|family|food,1,0.64038
115,30,0.07667,0,1,1,3620000,3,8.3,117,6000000,3,beach|budget|city|family|food,0,0.4152
115,187,0.52397,0,1,0,4850000,4,9.4,44,6000000,3,beach|budget|city|family|food,0,0.58607
115,19,0.76814,0,1,1,5280000,3,9.2,81,6000000,3,beach|budget|city|family|food,1,0.71462
115,238,0.42085,0,0,0,6620000,5,8.4,111,6000000,3,beach|budget|city|family|food,0,0.48822
115,21,0.44383,1,0,0,7690000,5,7.8,21,6000000,3,beach|budget|city|family|food,1,0.64334
115,81,0.43917,0,1,0,4940000,4,9.0,17,6000000,3,beach|budget|city|family|food,1,0.54645
115,154,0.56504,1,1,0,5130000,5,7.8,26,6000000,3,beach|budget|city|family|food,1,0.73932
115,157,0.33129,1,0,0,11560000,5,9.6,14,6000000,3,beach|budget|city|family|food,0,0.51088
115,227,0.57379,0,0,0,8860000,2,9.0,39,6000000,3,beach|budget|city|family|food,0,0.52672
115,240,0.13633,0,0,0,9370000,4,7.7,33,6000000,3,beach|budget|city|family|food,0,0.31639
115,114,0.27519,1,0,1,10820000,3,9.0,71,6000000,3,beach|budget|city|family|food,0,0.55705
115,28,0.23659,1,0,0,12790000,4,8.6,66,6000000,3,beach|budget|city|family|food,0,0.47737
115,162,0.69333,0,0,0,8680000,5,8.6,43,6000000,3,beach|budget|city|family|food,1,0.54973
115,39,0.31492,1,0,1,7320000,3,8.0,80,6000000,3,beach|budget|city|family|food,0,0.65707
115,89,0.21904,0,1,0,4550000,4,8.5,70,6000000,3,beach|budget|city|family|food,0,0.449
115,1,0.54194,0,0,0,14160000,4,9.0,35,6000000,3,beach|budget|city|family|food,0,0.42961
115,226,0.4994,0,0,1,7020000,3,9.0,111,6000000,3,beach|budget|city|family|food,1,0.57255
115,139,0.37004,0,1,1,5100000,3,8.8,86,6000000,3,beach|budget|city|family|food,0,0.54342
115,214,0.75351,0,1,0,4300000,4,7.8,103,6000000,3,beach|budget|city|family|food,0,0.66648
115,213,0.24958,1,1,0,5480000,4,9.1,25,6000000,3,beach|budget|city|family|food,0,0.64783
115,51,0.35404,1,0,0,11500000,5,7.8,99,6000000,3,beach|budget|city|family|food,1,0.50403
115,63,0.42346,0,1,0,5390000,4,7.4,85,6000000,3,beach|budget|city|family|food,0,0.52385
115,56,0.34143,1,0,1,12680000,3,9.5,77,6000000,3,beach|budget|city|family|food,1,0.5584
115,61,0.06482,0,1,0,3850000,2,7.4,61,6000000,3,beach|budget|city|family|food,0,0.37323
115,229,0.45823,0,0,0,10990000,4,8.5,60,6000000,3,beach|budget|city|family|food,0,0.41639
115,225,0.32155,0,1,0,5050000,5,8.1,21,6000000,3,beach|budget|city|family|food,1,0.46005
115,36,0.32914,0,1,0,4630000,4,9.0,57,6000000,3,beach|budget|city|family|food,0,0.50024
115,11,0.58704,1,0,0,8160000,4,8.8,13,6000000,3,beach|budget|city|family|food,1,0.72896
115,185,0.28749,0,1,0,4000000,4,8.9,82,6000000,3,beach|budget|city|family|food,0,0.48175
115,79,0.2415,1,1,1,5640000,3,9.6,35,6000000,3,beach|budget|city|family|food,0,0.67743
115,93,0.06349,0,0,0,7290000,2,9.4,63,6000000,3,beach|budget|city|family|food,0,0.35827
115,100,0.41709,0,0,1,6530000,3,9.3,83,6000000,3,beach|budget|city|family|food,0,0.55404
115,98,0.30949,0,1,0,3780000,5,8.1,109,6000000,3,beach|budget|city|family|food,0,0.45499
115,23,0.15403,0,0,0,7230000,4,8.5,118,6000000,3,beach|budget|city|family|food,0,0.38889
115,221,0.29595,0,1,0,3220000,5,8.2,86,6000000,3,beach|budget|city|family|food,0,0.4503
115,76,0.34522,0,1,0,4280000,5,8.3,39,6000000,3,beach|budget|city|family|food,0,0.47199
115,124,0.07005,0,0,0,7340000,5,8.1,59,6000000,3,beach|budget|city|family|food,0,0.31869
115,189,0.47326,1,1,0,2850000,4,7.7,89,6000000,3,beach|budget|city|family|food,1,0.72777
115,171,0.80677,0,1,0,5570000,5,9.6,87,6000000,3,beach|budget|city|family|food,1,0.67884
115,27,0.2052,0,0,0,6140000,2,8.9,98,6000000,3,beach|budget|city|family|food,0,0.44345
115,156,0.12126,0,0,0,7480000,2,9.0,38,6000000,3,beach|budget|city|family|food,0,0.37346
115,219,0.46398,0,0,1,8840000,3,9.2,91,6000000,3,beach|budget|city|family|food,0,0.51114
115,14,0.72613,0,1,0,4940000,5,8.9,82,6000000,3,beach|budget|city|family|food,1,0.63798
115,195,0.3192,0,1,0,5880000,5,8.4,105,6000000,3,beach|budget|city|family|food,0,0.46206
115,33,0.31405,1,0,1,6090000,3,8.9,45,6000000,3,beach|budget|city|family|food,1,0.6985
115,199,0.3256,1,0,0,7500000,4,8.6,40,6000000,3,beach|budget|city|family|food,1,0.63475
115,46,0.29351,1,0,1,8140000,3,9.5,53,6000000,3,beach|budget|city|family|food,0,0.64121
115,180,0.29572,0,1,0,5160000,4,9.3,30,6000000,3,beach|budget|city|family|food,1,0.4892
115,26,0.32513,0,1,0,4310000,4,9.7,29,6000000,3,beach|budget|city|family|food,0,0.50555
115,86,0.56854,0,0,1,10640000,3,9.1,83,6000000,3,beach|budget|city|family|food,1,0.50605
115,41,0.72854,0,0,0,6960000,4,9.1,101,6000000,3,beach|budget|city|family|food,1,0.64339
115,20,0.38453,1,0,0,6490000,2,8.3,67,6000000,3,beach|budget|city|family|food,1,0.68344
115,95,0.49029,0,0,0,12960000,4,7.5,31,6000000,3,beach|budget|city|family|food,0,0.39292
115,170,0.49481,0,0,1,14230000,3,8.1,81,6000000,3,beach|budget|city|family|food,0,0.42882
115,53,0.39232,1,0,0,6850000,4,8.6,65,6000000,3,beach|budget|city|family|food,1,0.68011
115,52,0.37715,1,0,0,7200000,4,7.7,116,6000000,3,beach|budget|city|family|food,0,0.6554
115,87,0.71812,0,0,0,6390000,4,8.7,39,6000000,3,beach|budget|city|family|food,1,0.65021
115,55,0.11221,0,0,0,6780000,4,8.3,68,6000000,3,beach|budget|city|family|food,0,0.38133
115,17,0.44337,0,0,0,11980000,4,8.3,109,6000000,3,beach|budget|city|family|food,0,0.38175
115,99,0.50777,1,0,0,7510000,5,8.5,34,6000000,3,beach|budget|city|family|food,1,0.682
115,62,0.4157,0,0,0,15980000,4,7.5,22,6000000,3,beach|budget|city|family|food,0,0.36159
115,25,0.30631,0,1,0,5890000,4,9.1,67,6000000,3,beach|budget|city|family|food,0,0.49165
116,131,0.79013,1,1,0,3020000,2,8.6,118,4000000,4,city|culture|food|history|spiritual,1,0.84185
116,176,0.0,0,0,0,7390000,5,9.1,92,4000000,4,city|culture|food|history|spiritual,0,0.2274
116,101,0.40555,0,0,0,9040000,5,7.7,53,4000000,4,city|culture|food|history|spiritual,0,0.35933
116,18,0.95869,0,0,0,6100000,2,7.8,84,4000000,4,city|culture|food|history|spiritual,1,0.64065
116,3,0.0,0,0,1,8200000,4,7.5,120,4000000,4,city|culture|food|history|spiritual,0,0.215
116,124,0.19001,0,0,0,7340000,5,8.1,59,4000000,4,city|culture|food|history|spiritual,0,0.2992
116,152,0.50273,0,0,0,10060000,3,8.7,54,4000000,4,city|culture|food|history|spiritual,0,0.41014
116,103,0.19545,0,0,0,5020000,3,9.3,30,4000000,4,city|culture|food|history|spiritual,0,0.40629
116,25,0.15279,0,0,1,5890000,4,9.1,67,4000000,4,city|culture|food|history|spiritual,0,0.37957
116,12,0.21355,0,0,1,5140000,4,9.6,114,4000000,4,city|culture|food|history|spiritual,0,0.44009
116,102,0.20322,0,0,1,7740000,4,9.2,79,4000000,4,city|culture|food|history|spiritual,0,0.32775
116,47,0.45626,0,0,0,6300000,3,8.3,85,4000000,4,city|culture|food|history|spiritual,1,0.45463
116,237,0.79297,1,0,0,4570000,3,9.1,117,4000000,4,city|culture|food|history|spiritual,1,0.85325
116,39,0.37064,0,0,0,7320000,3,8.0,80,4000000,4,city|culture|food|history|spiritual,0,0.37487
116,207,0.33439,0,1,1,3610000,4,8.7,64,4000000,4,city|culture|food|history|spiritual,1,0.52744
116,208,0.67823,1,1,0,3970000,3,8.8,28,4000000,4,city|culture|food|history|spiritual,1,0.82486
116,123,0.26959,0,0,1,7390000,4,8.7,91,4000000,4,city|culture|food|history|spiritual,0,0.36463
116,175,0.32154,0,0,1,5040000,4,8.4,87,4000000,4,city|culture|food|history|spiritual,0,0.47745
116,110,0.69329,0,0,1,7520000,4,9.4,73,4000000,4,city|culture|food|history|spiritual,0,0.54438
116,182,0.51849,1,0,0,5640000,2,9.5,25,4000000,4,city|culture|food|history|spiritual,1,0.67117
116,217,0.23026,0,0,0,6180000,5,8.0,78,4000000,4,city|culture|food|history|spiritual,0,0.36151
116,195,0.18174,0,0,0,5880000,5,8.4,105,4000000,4,city|culture|food|history|spiritual,0,0.35713
116,141,0.77344,1,0,0,4800000,2,8.6,28,4000000,4,city|culture|food|history|spiritual,1,0.80284
116,30,0.26406,0,1,0,3620000,3,8.3,117,4000000,4,city|culture|food|history|spiritual,0,0.46591
116,45,0.16848,0,0,0,8730000,3,8.1,21,4000000,4,city|culture|food|history|spiritual,0,0.26376
116,107,0.05902,0,0,0,6120000,3,9.4,13,4000000,4,city|culture|food|history|spiritual,0,0.30599
116,75,0.08884,0,0,0,14320000,3,8.5,11,4000000,4,city|culture|food|history|spiritual,0,0.23431
116,167,0.02202,0,0,0,9750000,3,8.5,4,4000000,4,city|culture|food|history|spiritual,0,0.20625
116,106,0.55095,1,1,0,3480000,3,7.6,42,4000000,4,city|culture|food|history|spiritual,1,0.7594
116,89,0.24681,0,0,1,4550000,4,8.5,70,4000000,4,city|culture|food|history|spiritual,0,0.46666
116,162,0.32138,0,0,0,8680000,5,8.6,43,4000000,4,city|culture|food|history|spiritual,0,0.33298
116,69,0.63227,0,0,0,5280000,2,8.1,71,4000000,4,city|culture|food|history|spiritual,1,0.53935
116,58,0.56694,1,0,1,5490000,4,7.7,45,4000000,4,city|culture|food|history|spiritual,1,0.73552
116,165,0.44453,0,0,1,10700000,4,7.6,38,4000000,4,city|culture|food|history|spiritual,0,0.4027
116,213,0.54262,0,0,1,5480000,4,9.1,25,4000000,4,city|culture|food|history|spiritual,1,0.5597
116,46,0.60721,0,0,0,8140000,3,9.5,53,4000000,4,city|culture|food|history|spiritual,0,0.46203
116,230,0.21947,0,0,0,6950000,5,7.5,10,4000000,4,city|culture|food|history|spiritual,0,0.32118
116,7,0.40082,0,0,0,7910000,5,9.3,13,4000000,4,city|culture|food|history|spiritual,0,0.37694
116,163,0.49699,0,0,0,6910000,3,7.6,92,4000000,4,city|culture|food|history|spiritual,0,0.44034
116,187,0.90146,0,0,1,4850000,4,9.4,44,4000000,4,city|culture|food|history|spiritual,1,0.73861
116,33,0.54966,0,0,0,6090000,3,8.9,45,4000000,4,city|culture|food|history|spiritual,0,0.50826
116,26,0.21082,0,0,1,4310000,4,9.7,29,4000000,4,city|culture|food|history|spiritual,0,0.47315
116,148,0.37545,0,0,1,11060000,4,9.6,44,4000000,4,city|culture|food|history|spiritual,0,0.39369
116,77,0.14697,0,0,0,7160000,3,8.3,95,4000000,4,city|culture|food|history|spiritual,0,0.29033
116,38,0.34482,0,1,0,3520000,3,8.5,21,4000000,4,city|culture|food|history|spiritual,1,0.50182
116,61,0.20357,0,1,0,3850000,2,7.4,61,4000000,4,city|culture|food|history|spiritual,0,0.4035
116,64,0.1596,0,1,0,3540000,3,9.1,12,4000000,4,city|culture|food|history|spiritual,0,0.43003
116,97,0.45654,0,0,0,9930000,3,7.6,41,4000000,4,city|culture|food|history|spiritual,0,0.37975
116,194,0.05989,0,0,0,8690000,3,9.4,66,4000000,4,city|culture|food|history|spiritual,0,0.23115
116,14,0.40957,0,0,0,4940000,5,8.9,82,4000000,4,city|culture|food|history|spiritual,0,0.49542
116,78,0.79472,1,0,1,6430000,4,9.1,48,4000000,4,city|culture|food|history|spiritual,1,0.80758
116,147,0.44864,0,0,0,8820000,3,8.4,18,4000000,4,city|culture|food|history|spiritual,0,0.38443
116,212,0.35045,0,0,0,7390000,3,8.7,47,4000000,4,city|culture|food|history|spiritual,0,0.37059
116,24,0.32678,0,0,0,5890000,5,8.1,9,4000000,4,city|culture|food|history|spiritual,0,0.41465
116,52,0.57916,0,0,1,7200000,4,7.7,116,4000000,4,city|culture|food|history|spiritual,0,0.49225
116,27,0.2649,0,0,0,6140000,2,8.9,98,4000000,4,city|culture|food|history|spiritual,0,0.35866
116,188,0.77768,1,1,0,2280000,2,7.5,73,4000000,4,city|culture|food|history|spiritual,1,0.82563
116,48,0.65656,0,0,1,4820000,4,9.2,103,4000000,4,city|culture|food|history|spiritual,1,0.63496
116,170,0.08917,0,0,0,14230000,3,8.1,81,4000000,4,city|culture|food|history|spiritual,0,0.23045
116,233,0.25106,0,0,0,6800000,3,8.3,19,4000000,4,city|culture|food|history|spiritual,0,0.34844
116,44,0.3583,0,0,1,5620000,4,7.4,19,4000000,4,city|culture|food|history|spiritual,0,0.45969
116,19,0.39379,0,0,0,5280000,3,9.2,81,4000000,4,city|culture|food|history|spiritual,1,0.47819
116,109,0.0,0,0,0,5450000,3,7.6,70,4000000,4,city|culture|food|history|spiritual,0,0.29
116,66,0.30715,0,0,0,7950000,5,8.3,83,4000000,4,city|culture|food|history|spiritual,0,0.326
116,140,0.26931,0,1,0,3330000,5,9.2,94,4000000,4,city|culture|food|history|spiritual,0,0.47711
116,189,0.55535,1,1,1,2850000,4,7.7,89,4000000,4,city|culture|food|history|spiritual,1,0.79025
116,202,0.96948,0,1,0,3200000,2,9.2,60,4000000,4,city|culture|food|history|spiritual,1,0.74318
116,121,0.61749,0,0,0,5510000,3,7.8,82,4000000,4,city|culture|food|history|spiritual,0,0.54895
116,59,0.92881,0,0,1,6780000,4,8.2,72,4000000,4,city|culture|food|history|spiritual,1,0.6609
116,76,0.36975,0,0,0,4280000,5,8.3,39,4000000,4,city|culture|food|history|spiritual,0,0.4991
117,22,0.3305,0,0,0,8170000,3,8.5,27,6000000,5,beach|cruise|luxury|relax|romantic,0,0.40994
117,156,0.06028,0,0,0,7480000,2,9.0,38,6000000,5,beach|cruise|luxury|relax|romantic,0,0.29185
117,162,0.37059,0,0,1,8680000,5,8.6,43,6000000,5,beach|cruise|luxury|relax|romantic,0,0.47018
117,117,0.17162,0,1,0,4370000,3,8.4,32,6000000,5,beach|cruise|luxury|relax|romantic,0,0.40008
117,97,0.47593,1,0,0,9930000,3,7.6,41,6000000,5,beach|cruise|luxury|relax|romantic,1,0.59509
117,19,0.34629,0,1,0,5280000,3,9.2,81,6000000,5,beach|cruise|luxury|relax|romantic,0,0.48144
117,48,0.17496,0,1,0,4820000,4,9.2,103,6000000,5,beach|cruise|luxury|relax|romantic,0,0.43748
117,195,0.4478,0,1,1,5880000,5,8.4,105,6000000,5,beach|cruise|luxury|relax|romantic,0,0.57208
117,85,0.53617,1,0,0,11800000,3,9.0,111,6000000,5,beach|cruise|luxury|relax|romantic,0,0.58453
117,233,0.34383,0,0,0,6800000,3,8.3,19,6000000,5,beach|cruise|luxury|relax|romantic,0,0.45008
117,69,0.16951,0,1,0,5280000,2,8.1,71,6000000,5,beach|cruise|luxury|relax|romantic,0,0.36819
117,148,0.53763,1,0,0,11060000,4,9.6,44,6000000,5,beach|cruise|luxury|relax|romantic,1,0.63887
117,170,0.67624,1,0,0,14230000,3,8.1,81,6000000,5,beach|cruise|luxury|relax|romantic,1,0.62902
117,193,0.74609,1,0,0,9300000,3,8.2,66,6000000,5,beach|cruise|luxury|relax|romantic,1,0.73136
117,237,0.1494,0,1,0,4570000,3,9.1,117,6000000,5,beach|cruise|luxury|relax|romantic,0,0.39775
117,49,0.71373,1,1,0,5810000,3,8.0,112,6000000,5,beach|cruise|luxury|relax|romantic,1,0.80377
117,76,0.38058,0,1,1,4280000,5,8.3,39,6000000,5,beach|cruise|luxury|relax|romantic,0,0.54284
117,212,0.46579,0,0,0,7390000,3,8.7,47,6000000,5,beach|cruise|luxury|relax|romantic,0,0.48957
117,218,0.58016,1,0,0,11480000,4,8.8,31,6000000,5,beach|cruise|luxury|relax|romantic,1,0.63753
117,201,0.65372,1,0,1,8110000,5,8.7,69,6000000,5,beach|cruise|luxury|relax|romantic,1,0.7853
117,94,0.06782,0,1,0,5190000,2,8.3,80,6000000,5,beach|cruise|luxury|relax|romantic,0,0.32748
117,140,0.46452,0,1,1,3330000,5,9.2,94,6000000,5,beach|cruise|luxury|relax|romantic,1,0.5871
117,234,0.5032,0,1,0,3470000,4,7.4,6,6000000,5,beach|cruise|luxury|relax|romantic,1,0.55734
117,153,0.40888,0,0,1,8920000,5,9.0,5,6000000,5,beach|cruise|luxury|relax|romantic,0,0.48386
117,16,0.10307,0,0,0,6240000,3,9.3,113,6000000,5,beach|cruise|luxury|relax|romantic,0,0.37389
117,23,0.0534,0,0,0,7230000,4,8.5,118,6000000,5,beach|cruise|luxury|relax|romantic,0,0.34663
117,226,0.68605,1,0,0,7020000,3,9.0,111,6000000,5,beach|cruise|luxury|relax|romantic,1,0.77494
117,38,0.35813,0,1,0,3520000,3,8.5,21,6000000,5,beach|cruise|luxury|relax|romantic,0,0.47941
117,204,0.68695,1,0,1,12320000,5,8.3,93,6000000,5,beach|cruise|luxury|relax|romantic,1,0.69152
117,20,0.2409,0,0,0,6490000,2,8.3,67,6000000,5,beach|cruise|luxury|relax|romantic,0,0.38711
117,72,0.39791,0,0,0,6980000,3,8.9,58,6000000,5,beach|cruise|luxury|relax|romantic,0,0.47399
117,139,0.32076,0,1,0,5100000,3,8.8,86,6000000,5,beach|cruise|luxury|relax|romantic,0,0.46672
117,118,0.34473,0,0,1,7280000,5,8.4,70,6000000,5,beach|cruise|luxury|relax|romantic,0,0.49465
117,2,0.72199,1,1,1,5410000,5,9.1,111,6000000,5,beach|cruise|luxury|relax|romantic,1,0.87424
117,33,0.22014,0,0,0,6090000,3,8.9,45,6000000,5,beach|cruise|luxury|relax|romantic,0,0.42306
117,217,0.33938,0,0,1,6180000,5,8.0,78,6000000,5,beach|cruise|luxury|relax|romantic,1,0.51774
117,98,0.39406,0,1,1,3780000,5,8.1,109,6000000,5,beach|cruise|luxury|relax|romantic,0,0.5465
117,183,0.41155,1,0,1,6720000,5,8.9,109,6000000,5,beach|cruise|luxury|relax|romantic,1,0.72265
117,63,0.70448,1,1,0,5390000,4,7.4,85,6000000,5,beach|cruise|luxury|relax|romantic,1,0.82188
117,135,0.30655,0,0,1,8470000,5,8.5,106,6000000,5,beach|cruise|luxury|relax|romantic,0,0.44788
117,138,0.37234,1,0,0,11540000,3,8.0,95,6000000,5,beach|cruise|luxury|relax|romantic,0,0.51265
117,184,0.63208,1,1,0,5580000,3,7.6,35,6000000,5,beach|cruise|luxury|relax|romantic,1,0.76547
117,169,0.73288,1,1,1,5620000,5,8.8,5,6000000,5,beach|cruise|luxury|relax|romantic,1,0.87581
117,60,0.03931,0,1,0,2850000,4,8.8,84,6000000,5,beach|cruise|luxury|relax|romantic,0,0.37651
117,213,0.17648,0,1,0,5480000,4,9.1,25,6000000,5,beach|cruise|luxury|relax|romantic,0,0.43712
117,232,0.26327,0,0,0,10030000,3,8.8,50,6000000,5,beach|cruise|luxury|relax|romantic,0,0.33511
117,171,0.33541,0,1,1,5570000,5,9.6,87,6000000,5,beach|cruise|luxury|relax|romantic,1,0.53687
117,168,0.74369,1,0,0,6140000,3,8.9,101,6000000,5,beach|cruise|luxury|relax|romantic,1,0.82161
117,240,0.07618,1,0,0,9370000,4,7.7,33,6000000,5,beach|cruise|luxury|relax|romantic,1,0.47113
117,180,0.36332,0,1,0,5160000,4,9.3,30,6000000,5,beach|cruise|luxury|relax|romantic,1,0.51759
117,125,0.33656,0,0,0,8660000,3,8.0,70,6000000,5,beach|cruise|luxury|relax|romantic,0,0.39442
117,151,0.37924,0,0,0,7800000,3,7.8,89,6000000,5,beach|cruise|luxury|relax|romantic,0,0.43328
117,84,0.05531,0,1,0,4910000,2,9.6,25,6000000,5,beach|cruise|luxury|relax|romantic,0,0.33523
117,178,0.36906,0,1,0,4150000,3,9.3,40,6000000,5,beach|cruise|luxury|relax|romantic,0,0.49201
117,82,0.18419,0,0,0,6740000,2,8.9,16,6000000,5,beach|cruise|luxury|relax|romantic,0,0.36262
117,103,0.42946,0,1,0,5020000,3,9.3,30,6000000,5,beach|cruise|luxury|relax|romantic,0,0.51737
117,73,0.36934,0,0,0,7600000,3,8.4,56,6000000,5,beach|cruise|luxury|relax|romantic,0,0.44045
117,92,0.0635,0,1,0,5150000,3,8.1,31,6000000,5,beach|cruise|luxury|relax|romantic,0,0.35167
117,209,0.4525,1,0,0,8360000,4,9.1,41,6000000,5,beach|cruise|luxury|relax|romantic,1,0.67012
117,127,0.04974,0,1,0,5620000,4,7.9,52,6000000,5,beach|cruise|luxury|relax|romantic,0,0.37189
117,101,0.30338,0,0,1,9040000,5,7.7,53,6000000,5,beach|cruise|luxury|relax|romantic,0,0.42335
117,206,0.18562,0,1,0,4060000,3,9.0,5,6000000,5,beach|cruise|luxury|relax|romantic,0,0.41196
117,1,0.6685,1,0,0,14160000,4,9.0,35,6000000,5,beach|cruise|luxury|relax|romantic,1,0.66277
117,165,0.43844,1,0,0,10700000,4,7.6,38,6000000,5,beach|cruise|luxury|relax|romantic,0,0.58681
117,145,0.71477,1,1,1,5440000,5,7.9,10,6000000,5,beach|cruise|luxury|relax|romantic,1,0.8592
117,223,0.20291,0,0,0,6120000,4,7.6,85,6000000,5,beach|cruise|luxury|relax|romantic,0,0.43002
117,44,0.43157,1,1,0,5620000,4,7.4,19,6000000,5,beach|cruise|luxury|relax|romantic,1,0.70726
117,123,0.30865,0,0,0,7390000,4,8.7,91,6000000,5,beach|cruise|luxury|relax|romantic,0,0.45157
117,132,0.16997,0,0,0,7100000,3,9.1,74,6000000,5,beach|cruise|luxury|relax|romantic,0,0.37705
117,89,0.08795,0,1,0,4550000,4,8.5,70,6000000,5,beach|cruise|luxury|relax|romantic,0,0.39394
118,203,0.46824,0,1,0,4750000,2,8.4,43,10000000,3,beach|budget|city|family|food,1,0.55266
118,42,0.49795,1,1,0,5460000,2,8.4,104,10000000,3,beach|budget|city|family|food,1,0.74514
118,81,0.48761,1,1,0,4940000,4,9.0,17,10000000,3,beach|budget|city|family|food,1,0.74679
118,187,0.51217,0,1,0,4850000,4,9.4,44,10000000,3,beach|budget|city|family|food,0,0.58111
118,28,0.1911,0,0,0,12790000,4,8.6,66,10000000,3,beach|budget|city|family|food,0,0.39362
118,31,0.48024,0,1,0,9440000,2,9.1,25,10000000,3,beach|budget|city|family|food,1,0.5647
118,143,0.32264,0,1,0,7280000,4,7.6,88,10000000,3,beach|budget|city|family|food,0,0.48351
118,57,0.56126,1,1,1,5360000,3,8.5,66,10000000,3,beach|budget|city|family|food,1,0.80073
118,235,0.41778,0,1,1,8550000,3,9.7,29,10000000,3,beach|budget|city|family|food,0,0.57247
118,200,0.63231,0,1,0,7780000,4,8.8,20,10000000,3,beach|budget|city|family|food,0,0.62557
118,219,0.39074,0,1,1,8840000,3,9.2,91,10000000,3,beach|budget|city|family|food,1,0.55611
118,35,0.33465,0,1,1,4230000,3,7.8,93,10000000,3,beach|budget|city|family|food,1,0.51855
118,29,0.36901,0,0,1,11690000,3,7.6,35,10000000,3,beach|budget|city|family|food,0,0.50394
118,209,0.2383,0,1,0,8360000,4,9.1,41,10000000,3,beach|budget|city|family|food,0,0.46308
118,119,0.49447,0,1,0,6250000,4,7.4,42,10000000,3,beach|budget|city|family|food,0,0.55368
118,205,0.51556,0,1,0,5780000,2,7.9,69,10000000,3,beach|budget|city|family|food,0,0.56753
118,232,0.64652,0,0,1,10030000,3,8.8,50,10000000,3,beach|budget|city|family|food,1,0.65906
118,212,0.41791,0,1,1,7390000,3,8.7,47,10000000,3,beach|budget|city|family|food,1,0.56252
118,70,0.43626,1,1,0,7280000,4,8.7,47,10000000,3,beach|budget|city|family|food,1,0.72223
118,99,0.61566,0,1,0,7510000,5,8.5,34,10000000,3,beach|budget|city|family|food,0,0.58758
118,158,0.41421,0,0,1,13970000,3,8.9,45,10000000,3,beach|budget|city|family|food,1,0.49945
118,140,0.22622,0,1,0,3330000,5,9.2,94,10000000,3,beach|budget|city|family|food,0,0.43101
118,137,0.21322,0,1,0,6170000,4,8.6,51,10000000,3,beach|budget|city|family|food,0,0.44755
118,160,0.31562,0,1,0,3970000,4,9.2,69,10000000,3,beach|budget|city|family|food,0,0.49656
118,223,0.39255,0,1,0,6120000,4,7.6,85,10000000,3,beach|budget|city|family|food,1,0.51287
118,96,0.27549,0,1,1,4840000,3,7.8,118,10000000,3,beach|budget|city|family|food,0,0.49371
118,14,0.7629,0,1,0,4940000,5,8.9,82,10000000,3,beach|budget|city|family|food,1,0.65342
118,104,0.20493,0,1,0,8930000,4,7.4,95,10000000,3,beach|budget|city|family|food,0,0.43207
118,66,0.74932,0,1,0,7950000,5,8.3,83,10000000,3,beach|budget|city|family|food,1,0.64172
118,65,0.06002,0,1,0,5980000,4,8.1,6,10000000,3,beach|budget|city|family|food,0,0.37821
118,189,0.41435,1,1,0,2850000,4,7.7,89,10000000,3,beach|budget|city|family|food,1,0.70303
118,80,0.44688,1,1,0,4630000,2,9.6,104,10000000,3,beach|budget|city|family|food,1,0.73569
118,19,0.81438,0,1,1,5280000,3,9.2,81,10000000,3,beach|budget|city|family|food,1,0.73404
118,188,0.44953,1,1,0,2280000,2,7.5,73,10000000,3,beach|budget|city|family|food,1,0.7158
118,7,0.23922,0,1,0,7910000,5,9.3,13,10000000,3,beach|budget|city|family|food,0,0.43747
118,133,0.44856,0,1,1,5680000,3,9.6,72,10000000,3,beach|budget|city|family|food,1,0.5844
118,3,0.35654,0,1,0,8200000,4,7.5,120,10000000,3,beach|budget|city|family|food,0,0.49675
118,195,0.32067,0,1,0,5880000,5,8.4,105,10000000,3,beach|budget|city|family|food,0,0.46268
118,166,0.04909,0,1,0,6610000,4,7.9,101,10000000,3,beach|budget|city|family|food,0,0.37162
118,68,0.62744,0,1,1,6910000,3,9.3,96,10000000,3,beach|budget|city|family|food,0,0.65653
118,74,0.65542,0,1,0,3870000,5,7.7,59,10000000,3,beach|budget|city|family|food,0,0.59628
118,129,0.10484,0,1,0,4650000,5,9.7,7,10000000,3,beach|budget|city|family|food,0,0.38503
118,86,0.45741,0,0,1,10640000,3,9.1,83,10000000,3,beach|budget|city|family|food,1,0.57287
118,91,0.40283,0,1,0,5890000,5,9.6,48,10000000,3,beach|budget|city|family|food,1,0.50919
118,48,0.39216,0,1,0,4820000,4,9.2,103,10000000,3,beach|budget|city|family|food,0,0.52871
118,167,0.43391,0,1,1,9750000,3,8.5,4,10000000,3,beach|budget|city|family|food,0,0.56724
118,79,0.20984,0,1,1,5640000,3,9.6,35,10000000,3,beach|budget|city|family|food,0,0.48413
118,116,0.37353,0,1,0,3980000,4,7.9,72,10000000,3,beach|budget|city|family|food,0,0.50788
118,225,0.28874,0,1,0,5050000,5,8.1,21,10000000,3,beach|budget|city|family|food,0,0.44627
118,1,0.46921,0,0,0,14160000,4,9.0,35,10000000,3,beach|budget|city|family|food,0,0.49251
118,170,0.39167,0,0,1,14230000,3,8.1,81,10000000,3,beach|budget|city|family|food,0,0.47782
118,141,0.46826,1,1,0,4800000,2,8.6,28,10000000,3,beach|budget|city|family|food,1,0.73467
118,148,0.27491,0,0,0,11060000,4,9.6,44,10000000,3,beach|budget|city|family|food,0,0.4665
118,71,0.38607,1,1,1,8030000,3,9.5,81,10000000,3,beach|budget|city|family|food,1,0.73715
118,126,0.72783,0,1,1,9260000,3,8.4,85,10000000,3,beach|budget|city|family|food,1,0.68969
118,171,0.80883,0,1,0,5570000,5,9.6,87,10000000,3,beach|budget|city|family|food,1,0.67971
118,62,0.4071,0,0,0,15980000,4,7.5,22,10000000,3,beach|budget|city|family|food,0,0.4223
118,44,0.27412,0,1,0,5620000,4,7.4,19,10000000,3,beach|budget|city|family|food,1,0.46113
118,222,0.22743,0,0,0,10940000,4,9.6,70,10000000,3,beach|budget|city|family|food,0,0.44848
118,132,0.45847,1,1,1,7100000,3,9.1,74,10000000,3,beach|budget|city|family|food,1,0.76356
118,97,0.25255,0,1,1,9930000,3,7.6,41,10000000,3,beach|budget|city|family|food,0,0.48207
118,182,0.40671,1,1,0,5640000,2,9.5,25,10000000,3,beach|budget|city|family|food,1,0.71782
118,220,0.24056,0,1,0,4760000,4,8.4,99,10000000,3,beach|budget|city|family|food,1,0.45703
118,144,0.11307,0,1,0,7040000,2,9.6,16,10000000,3,beach|budget|city|family|food,0,0.41549
118,59,0.45191,0,1,0,6780000,4,8.2,72,10000000,3,beach|budget|city|family|food,0,0.5438
118,23,0.15469,0,1,0,7230000,4,8.5,118,10000000,3,beach|budget|city|family|food,0,0.42197
118,179,0.38206,0,1,1,5280000,3,9.5,68,10000000,3,beach|budget|city|family|food,0,0.55547
118,73,0.19982,0,1,1,7600000,3,8.4,56,10000000,3,beach|budget|city|family|food,1,0.46793
118,224,0.26654,0,1,0,9610000,5,8.2,93,10000000,3,beach|budget|city|family|food,0,0.43795
118,26,0.29567,0,1,0,4310000,4,9.7,29,10000000,3,beach|budget|city|family|food,0,0.49318
119,216,0.14459,0,1,0,5630000,4,9.4,104,18000000,2,beach|cruise|luxury|relax|romantic,0,0.39873
119,213,0.29191,0,1,0,5480000,4,9.1,25,18000000,2,beach|cruise|luxury|relax|romantic,0,0.4576
119,46,0.22951,0,1,0,8140000,3,9.5,53,18000000,2,beach|cruise|luxury|relax|romantic,0,0.4634
119,211,0.50174,1,1,0,4990000,4,9.4,22,18000000,2,beach|cruise|luxury|relax|romantic,1,0.72873
119,194,0.69114,0,1,0,8690000,3,9.4,66,18000000,2,beach|cruise|luxury|relax|romantic,0,0.65628
119,158,0.77294,0,1,0,13970000,3,8.9,45,18000000,2,beach|cruise|luxury|relax|romantic,1,0.68563
119,56,0.41486,0,1,0,12680000,3,9.5,77,18000000,2,beach|cruise|luxury|relax|romantic,0,0.54124
119,35,0.23147,0,1,0,4230000,3,7.8,93,18000000,2,beach|cruise|luxury|relax|romantic,0,0.44722
119,201,0.68832,0,1,0,8110000,5,8.7,69,18000000,2,beach|cruise|luxury|relax|romantic,1,0.5921
119,123,0.20741,0,1,0,7390000,4,8.7,91,18000000,2,beach|cruise|luxury|relax|romantic,0,0.41811
119,152,0.40483,0,1,0,10060000,3,8.7,54,18000000,2,beach|cruise|luxury|relax|romantic,0,0.52903
119,231,0.04456,0,1,0,3590000,4,9.4,36,18000000,2,beach|cruise|luxury|relax|romantic,0,0.35671
119,124,0.02795,0,1,0,7340000,5,8.1,59,18000000,2,beach|cruise|luxury|relax|romantic,0,0.30874
119,14,0.14158,0,1,0,4940000,5,8.9,82,18000000,2,beach|cruise|luxury|relax|romantic,0,0.36446
119,159,0.51853,1,1,1,11760000,2,9.2,85,18000000,2,beach|cruise|luxury|relax|romantic,1,0.78978
119,125,0.20923,0,1,0,8660000,3,8.0,70,18000000,2,beach|cruise|luxury|relax|romantic,0,0.43988
119,102,0.17774,0,1,0,7740000,4,9.2,79,18000000,2,beach|cruise|luxury|relax|romantic,0,0.41065
119,51,0.45497,0,1,0,11500000,5,7.8,99,18000000,2,beach|cruise|luxury|relax|romantic,0,0.48509
119,115,0.55871,1,1,0,6680000,4,8.7,31,18000000,2,beach|cruise|luxury|relax|romantic,1,0.74566
119,62,0.77446,0,1,0,15980000,4,7.5,22,18000000,2,beach|cruise|luxury|relax|romantic,0,0.64427
119,141,0.03035,1,1,1,4800000,2,8.6,28,18000000,2,beach|cruise|luxury|relax|romantic,1,0.57875
119,138,0.31832,0,1,0,11540000,3,8.0,95,18000000,2,beach|cruise|luxury|relax|romantic,0,0.4857
119,83,0.78242,0,1,0,13980000,3,9.5,52,18000000,2,beach|cruise|luxury|relax|romantic,0,0.69562
119,116,0.23021,0,1,0,3980000,4,7.9,72,18000000,2,beach|cruise|luxury|relax|romantic,0,0.41969
119,130,0.09027,0,1,0,6320000,4,8.0,10,18000000,2,beach|cruise|luxury|relax|romantic,0,0.36192
119,149,0.16234,0,1,0,6170000,5,7.9,53,18000000,2,beach|cruise|luxury|relax|romantic,0,0.36318
119,37,0.03211,0,1,0,7470000,4,9.4,37,18000000,2,beach|cruise|luxury|relax|romantic,0,0.35149
119,128,0.71077,0,1,0,13980000,3,9.1,49,18000000,2,beach|cruise|luxury|relax|romantic,1,0.66153
119,210,0.08438,0,1,0,7500000,3,7.5,13,18000000,2,beach|cruise|luxury|relax|romantic,0,0.38244
119,39,0.38382,0,1,0,7320000,3,8.0,80,18000000,2,beach|cruise|luxury|relax|romantic,0,0.51321
119,154,0.15685,0,1,0,5130000,5,7.8,26,18000000,2,beach|cruise|luxury|relax|romantic,0,0.35988
119,225,0.37379,0,1,0,5050000,5,8.1,21,18000000,2,beach|cruise|luxury|relax|romantic,0,0.45399
119,185,0.34443,0,1,0,4000000,4,8.9,82,18000000,2,beach|cruise|luxury|relax|romantic,0,0.47766
119,188,0.02498,1,1,1,2280000,2,7.5,73,18000000,2,beach|cruise|luxury|relax|romantic,1,0.56549
119,234,0.51994,0,1,0,3470000,4,7.4,6,18000000,2,beach|cruise|luxury|relax|romantic,0,0.53638
119,183,0.31647,0,1,0,6720000,5,8.9,109,18000000,2,beach|cruise|luxury|relax|romantic,0,0.43792
119,173,0.16894,0,1,0,7150000,3,9.4,6,18000000,2,beach|cruise|luxury|relax|romantic,0,0.43695
119,203,0.02379,0,1,1,4750000,2,8.4,43,18000000,2,beach|cruise|luxury|relax|romantic,0,0.39399
119,33,0.2791,0,1,0,6090000,3,8.9,45,18000000,2,beach|cruise|luxury|relax|romantic,0,0.47822
119,165,0.36468,0,1,0,10700000,4,7.6,38,18000000,2,beach|cruise|luxury|relax|romantic,0,0.47317
119,80,0.02437,1,1,1,4630000,2,9.6,104,18000000,2,beach|cruise|luxury|relax|romantic,1,0.58623
119,98,0.44869,0,1,0,3780000,5,8.1,109,18000000,2,beach|cruise|luxury|relax|romantic,0,0.48545
119,61,0.12177,0,1,1,3850000,2,7.4,61,18000000,2,beach|cruise|luxury|relax|romantic,0,0.42514
119,136,0.24584,0,1,0,6220000,3,8.1,117,18000000,2,beach|cruise|luxury|relax|romantic,0,0.45625
119,150,0.54343,1,1,1,9710000,2,8.3,87,18000000,2,beach|cruise|luxury|relax|romantic,1,0.79124
119,75,0.77919,0,1,0,14320000,3,8.5,11,18000000,2,beach|cruise|luxury|relax|romantic,1,0.68426
119,197,0.21883,0,1,0,6280000,3,9.2,55,18000000,2,beach|cruise|luxury|relax|romantic,0,0.45591
119,52,0.27899,0,1,0,7200000,4,7.7,116,18000000,2,beach|cruise|luxury|relax|romantic,0,0.43817
119,82,0.25427,0,1,1,6740000,2,8.9,16,18000000,2,beach|cruise|luxury|relax|romantic,0,0.49579
119,1,0.6951,0,1,0,14160000,4,9.0,35,18000000,2,beach|cruise|luxury|relax|romantic,1,0.62594
119,236,0.70967,0,1,0,14120000,4,8.3,70,18000000,2,beach|cruise|luxury|relax|romantic,1,0.62506
119,120,0.1833,0,1,0,7330000,3,9.1,82,18000000,2,beach|cruise|luxury|relax|romantic,0,0.43999
119,25,0.43508,0,1,0,5890000,4,9.1,67,18000000,2,beach|cruise|luxury|relax|romantic,1,0.51773
119,54,0.15331,0,1,0,8910000,5,7.6,95,18000000,2,beach|cruise|luxury|relax|romantic,0,0.35639
119,184,0.53954,1,1,0,5580000,3,7.6,35,18000000,2,beach|cruise|luxury|relax|romantic,1,0.75461
119,12,0.45807,0,1,0,5140000,4,9.6,114,18000000,2,beach|cruise|luxury|relax|romantic,1,0.53239
119,148,0.49012,0,1,0,11060000,4,9.6,44,18000000,2,beach|cruise|luxury|relax|romantic,1,0.54585
119,114,0.36009,0,1,0,10820000,3,9.0,71,18000000,2,beach|cruise|luxury|relax|romantic,0,0.51324
119,11,0.14416,0,1,0,8160000,4,8.8,13,18000000,2,beach|cruise|luxury|relax|romantic,0,0.39255
119,126,0.14692,0,1,0,9260000,3,8.4,85,18000000,2,beach|cruise|luxury|relax|romantic,0,0.4177
119,214,0.1276,0,1,0,4300000,4,7.8,103,18000000,2,beach|cruise|luxury|relax|romantic,0,0.37559
119,157,0.31183,0,1,0,11560000,5,9.6,14,18000000,2,beach|cruise|luxury|relax|romantic,0,0.44297
119,180,0.4174,0,1,0,5160000,4,9.3,30,18000000,2,beach|cruise|luxury|relax|romantic,0,0.51231
119,64,0.54802,0,1,0,3540000,3,9.1,12,18000000,2,beach|cruise|luxury|relax|romantic,1,0.59317
119,101,0.14605,0,1,0,9040000,5,7.7,53,18000000,2,beach|cruise|luxury|relax|romantic,0,0.35434
119,18,0.02276,0,1,1,6100000,2,7.8,84,18000000,2,beach|cruise|luxury|relax|romantic,0,0.38756
119,69,0.28262,0,1,1,5280000,2,8.1,71,18000000,2,beach|cruise|luxury|relax|romantic,1,0.4997
119,89,0.03558,0,1,0,4550000,4,8.5,70,18000000,2,beach|cruise|luxury|relax|romantic,0,0.34394
119,240,0.02757,0,1,0,9370000,4,7.7,33,18000000,2,beach|cruise|luxury|relax|romantic,0,0.33258
119,13,0.58096,1,1,0,10390000,3,8.6,44,18000000,2,beach|cruise|luxury|relax|romantic,1,0.782
120,114,0.40647,0,0,0,10820000,3,9.0,71,10000000,2,city|culture|food|history|spiritual,0,0.5196
120,217,0.19103,0,1,0,6180000,5,8.0,78,10000000,2,city|culture|food|history|spiritual,0,0.37623
120,165,0.43636,0,0,0,10700000,4,7.6,38,10000000,2,city|culture|food|history|spiritual,0,0.49207
120,61,0.24508,0,1,1,3850000,2,7.4,61,10000000,2,city|culture|food|history|spiritual,0,0.47694
120,93,0.17345,0,1,1,7290000,2,9.4,63,10000000,2,city|culture|food|history|spiritual,0,0.46685
120,172,0.1029,0,1,0,7580000,5,7.6,79,10000000,2,city|culture|food|history|spiritual,0,0.33522
120,195,0.23851,0,1,0,5880000,5,8.4,105,10000000,2,city|culture|food|history|spiritual,0,0.40017
120,77,0.14784,0,1,0,7160000,3,8.3,95,10000000,2,city|culture|food|history|spiritual,0,0.41709
120,42,0.82172,1,1,1,5460000,2,8.4,104,10000000,2,city|culture|food|history|spiritual,1,0.90912
120,70,0.57597,0,1,0,7280000,4,8.7,47,10000000,2,city|culture|food|history|spiritual,0,0.57291
120,53,0.60994,1,1,0,6850000,4,8.6,65,10000000,2,city|culture|food|history|spiritual,1,0.76617
120,190,0.24783,0,1,0,9710000,4,9.4,24,10000000,2,city|culture|food|history|spiritual,0,0.44209
120,184,0.243,0,1,0,5580000,3,7.6,35,10000000,2,city|culture|food|history|spiritual,0,0.45006
120,45,0.16947,0,1,0,8730000,3,8.1,21,10000000,2,city|culture|food|history|spiritual,0,0.42418
120,229,0.08405,0,0,0,10990000,4,8.5,60,10000000,2,city|culture|food|history|spiritual,0,0.34846
120,105,0.18087,0,0,0,12640000,4,8.4,30,10000000,2,city|culture|food|history|spiritual,0,0.36173
120,131,0.69125,1,1,1,3020000,2,8.6,118,10000000,2,city|culture|food|history|spiritual,1,0.85633
120,79,0.58468,0,1,0,5640000,3,9.6,35,10000000,2,city|culture|food|history|spiritual,0,0.61357
120,141,0.68038,1,1,1,4800000,2,8.6,28,10000000,2,city|culture|food|history|spiritual,1,0.85176
120,170,0.13481,0,0,0,14230000,3,8.1,81,10000000,2,city|culture|food|history|spiritual,0,0.34194
120,71,0.46034,0,1,0,8030000,3,9.5,81,10000000,2,city|culture|food|history|spiritual,0,0.56034
120,41,0.36906,0,1,0,6960000,4,9.1,101,10000000,2,city|culture|food|history|spiritual,0,0.49
120,145,0.15517,0,1,0,5440000,5,7.9,10,10000000,2,city|culture|food|history|spiritual,0,0.36017
120,5,0.15603,0,0,0,15690000,5,8.2,115,10000000,2,city|culture|food|history|spiritual,0,0.27249
120,123,0.25797,0,1,0,7390000,4,8.7,91,10000000,2,city|culture|food|history|spiritual,0,0.43935
120,29,0.07271,0,0,0,11690000,3,7.6,35,10000000,2,city|culture|food|history|spiritual,0,0.3515
120,133,0.89376,0,1,0,5680000,3,9.6,72,10000000,2,city|culture|food|history|spiritual,1,0.74338
120,51,0.38498,0,0,0,11500000,5,7.8,99,10000000,2,city|culture|food|history|spiritual,1,0.43169
120,109,0.06513,0,1,0,5450000,3,7.6,70,10000000,2,city|culture|food|history|spiritual,0,0.37536
120,171,0.31046,0,1,0,5570000,5,9.6,87,10000000,2,city|culture|food|history|spiritual,0,0.44239
120,7,0.44994,0,1,0,7910000,5,9.3,13,10000000,2,city|culture|food|history|spiritual,0,0.49798
120,225,0.35741,0,1,0,5050000,5,8.1,21,10000000,2,city|culture|food|history|spiritual,0,0.44711
120,44,0.39038,0,1,0,5620000,4,7.4,19,10000000,2,city|culture|food|history|spiritual,0,0.48196
120,46,0.59363,1,1,0,8140000,3,9.5,53,10000000,2,city|culture|food|history|spiritual,1,0.79632
120,100,0.63309,1,1,0,6530000,3,9.3,83,10000000,2,city|culture|food|history|spiritual,1,0.8109
120,158,0.0965,0,0,0,13970000,3,8.9,45,10000000,2,city|culture|food|history|spiritual,0,0.33801
120,168,0.17316,0,1,0,6140000,3,8.9,101,10000000,2,city|culture|food|history|spiritual,0,0.43373
120,180,0.33227,0,1,0,5160000,4,9.3,30,10000000,2,city|culture|food|history|spiritual,0,0.47655
120,135,0.26759,0,1,0,8470000,5,8.5,106,10000000,2,city|culture|food|history|spiritual,0,0.41339
120,216,0.36738,0,1,0,5630000,4,9.4,104,10000000,2,city|culture|food|history|spiritual,1,0.4923
120,122,0.58987,1,1,0,5960000,3,9.4,46,10000000,2,city|culture|food|history|spiritual,1,0.79374
120,185,0.26818,0,1,0,4000000,4,8.9,82,10000000,2,city|culture|food|history|spiritual,0,0.44563
120,89,0.23743,0,1,0,4550000,4,8.5,70,10000000,2,city|culture|food|history|spiritual,0,0.42872
120,224,0.48936,0,1,0,9610000,5,8.2,93,10000000,2,city|culture|food|history|spiritual,1,0.50353
120,162,0.27118,0,1,0,8680000,5,8.6,43,10000000,2,city|culture|food|history|spiritual,0,0.41589
120,208,0.59897,0,1,0,3970000,3,8.8,28,10000000,2,city|culture|food|history|spiritual,1,0.61157
120,128,0.07386,0,0,0,13980000,3,9.1,49,10000000,2,city|culture|food|history|spiritual,0,0.33034
120,159,0.05455,0,0,1,11760000,2,9.2,85,10000000,2,city|culture|food|history|spiritual,0,0.38675
120,85,0.37152,0,0,0,11800000,3,9.0,111,10000000,2,city|culture|food|history|spiritual,0,0.48924
120,187,0.86851,0,1,0,4850000,4,9.4,44,10000000,2,city|culture|food|history|spiritual,1,0.70277
120,97,0.46707,0,1,0,9930000,3,7.6,41,10000000,2,city|culture|food|history|spiritual,0,0.54417
120,72,0.32317,0,1,0,6980000,3,8.9,58,10000000,2,city|culture|food|history|spiritual,1,0.49673
120,207,0.29765,0,1,0,3610000,4,8.7,64,10000000,2,city|culture|food|history|spiritual,0,0.45601
120,140,0.33693,0,1,0,3330000,5,9.2,94,10000000,2,city|culture|food|history|spiritual,1,0.44951
120,232,0.21155,0,0,0,10030000,3,8.8,50,10000000,2,city|culture|food|history|spiritual,0,0.44837
120,231,0.21772,0,1,0,3590000,4,9.4,36,10000000,2,city|culture|food|history|spiritual,0,0.42944
120,194,0.10463,0,1,0,8690000,3,9.4,66,10000000,2,city|culture|food|history|spiritual,0,0.40994
120,110,0.71595,1,1,0,7520000,4,9.4,73,10000000,2,city|culture|food|history|spiritual,1,0.8187
120,124,0.19112,0,1,0,7340000,5,8.1,59,10000000,2,city|culture|food|history|spiritual,0,0.37727
120,116,0.57963,1,1,0,3980000,4,7.9,72,10000000,2,city|culture|food|history|spiritual,1,0.74645
120,112,0.10836,0,1,0,5970000,3,8.8,119,10000000,2,city|culture|food|history|spiritual,0,0.40551
120,213,0.57956,1,1,0,5480000,4,9.1,25,10000000,2,city|culture|food|history|spiritual,1,0.75842
120,174,0.38973,0,1,0,5910000,5,9.4,38,10000000,2,city|culture|food|history|spiritual,0,0.47369
120,137,0.63735,1,1,0,6170000,4,8.6,51,10000000,2,city|culture|food|history|spiritual,1,0.77769
120,198,0.22724,0,1,0,5820000,3,8.6,8,10000000,2,city|culture|food|history|spiritual,0,0.45344
120,197,0.29674,0,1,0,6280000,3,9.2,55,10000000,2,city|culture|food|history|spiritual,0,0.48863
120,15,0.91891,0,1,0,7150000,3,8.9,23,10000000,2,city|culture|food|history|spiritual,1,0.74694
120,164,0.49918,0,1,0,2350000,3,9.4,29,10000000,2,city|culture|food|history|spiritual,1,0.57565
120,50,0.20988,0,1,1,5180000,2,9.5,104,10000000,2,city|culture|food|history|spiritual,1,0.48315
120,192,0.44095,0,1,1,4770000,2,9.4,30,10000000,2,city|culture|food|history|spiritual,0,0.5792
